review_id,text,date,source,location,sentiment_label,cleaned_text,text_length,word_count
1,Love the product quality. Fast shipping and good packaging.,2024-05-25,WhatsApp,Muyenga,positive,love product quality fast shipping good packaging,49,7
2,"Fast shipping, good quality, and excellent customer support.",2023-10-12,WhatsApp,Nakawa,positive,fast shipping good quality excellent customer support,53,7
3,Very satisfied with my purchase. Great quality and fast delivery.,2023-09-11,Website,Nakawa,positive,satisfied purchase great quality fast delivery,46,6
4,Great business with excellent customer care. Very professional.,2023-05-03,Instagram,Nakawa,positive,great business excellent customer care professional,51,6
5,Top-notch quality. Exceeded my expectations completely. Located in Ntinda.,2023-01-17,Facebook,Muyenga,positive,top notch quality exceeded expectation completely located ntinda,64,8
6,Best shop in Kawempe. Quality products and great service.,2024-06-14,Twitter,Lubaga,positive,best shop kawempe quality product great service,47,7
7,Great business with excellent customer care. Very professional. Great service!,2024-08-03,Instagram,Ntinda,positive,great business excellent customer care professional great service,65,8
8,Best shopping experience! Quality products and great prices.,2023-05-10,Google,Makindye,positive,best shopping experience quality product great price,52,7
9,Love shopping here! Always get great deals and quality products.,2023-12-07,WhatsApp,Kawempe,positive,love shopping always get great deal quality product,51,8
10,Great business with excellent customer care. Very professional.,2024-10-28,Facebook,Bukoto,positive,great business excellent customer care professional,51,6
11,Amazing experience! The product arrived on time and in perfect condition. Located in Lubaga.,2023-10-04,Twitter,Lubaga,positive,amazing experience product arrived time perfect condition located lubaga,72,9
12,Delivery was delayed multiple times. Very frustrating experience. Located in Lubaga.,2023-09-03,Twitter,Muyenga,negative,delivery delayed multiple time frustrating experience located lubaga,68,8
13,Decent value. Product works as expected. Located in Nakawa.,2023-11-03,Twitter,Lubaga,neutral,decent value product work expected located nakawa,49,7
14,Amazing service! The team went above and beyond to help me.,2024-01-26,Instagram,Lubaga,positive,amazing service team went beyond help,37,6
15,Poor customer service. Staff was rude and unhelpful. Located in Muyenga.,2023-09-14,Instagram,Makindye,negative,poor customer service staff rude unhelpful located muyenga,58,8
16,Great service! Very fast delivery in Kampala. Highly recommend! Located in Makindye.,2023-06-11,Twitter,Bukoto,positive,great service fast delivery kampala highly recommend located makindye,69,9
17,Delivery was on time. Product is as expected. Located in Bukoto.,2023-05-13,Facebook,Lubaga,neutral,delivery time product expected located bukoto,45,6
18,"Fast delivery, good quality, fair prices. What more could you ask for? Great customer!",2024-06-24,Facebook,Kololo,positive,fast delivery good quality fair price could ask great customer,62,10
19,Outstanding quality and service. Will definitely shop here again.,2024-02-27,WhatsApp,Central,positive,outstanding quality service definitely shop,43,5
20,"Fast shipping, good quality, and excellent customer support. Located in Nakawa.",2024-09-09,Instagram,Bukoto,positive,fast shipping good quality excellent customer support located nakawa,68,9
21,Great business with excellent customer care. Very professional.,2023-03-26,Facebook,Lubaga,positive,great business excellent customer care professional,51,6
22,Great experience overall. Will be a returning customer.,2024-06-10,Twitter,Kawempe,positive,great experience overall returning customer,43,5
23,Outstanding quality and service. Will definitely shop here again.,2023-11-04,Website,Ntinda,positive,outstanding quality service definitely shop,43,5
24,Very satisfied with my purchase. Great quality and fast delivery.,2024-06-16,Instagram,Makindye,positive,satisfied purchase great quality fast delivery,46,6
25,"Fast shipping, good quality, and excellent customer support. Located in Kampala. Great purchase!",2023-05-06,Twitter,Nakawa,positive,fast shipping good quality excellent customer support located kampala great purchase,84,11
26,Top-notch quality. Exceeded my expectations completely.,2023-09-28,Instagram,Bukoto,positive,top notch quality exceeded expectation completely,49,6
27,Best customer service I've experienced. Products are top quality. Great restaurant!,2024-12-31,WhatsApp,Kampala,positive,best customer service experienced product top quality great restaurant,70,9
28,Standard service. No complaints but nothing exceptional either.,2024-07-09,Google,Makindye,neutral,standard service complaint nothing exceptional either,53,6
29,Standard business service. Acceptable but not exceptional.,2024-07-19,Twitter,Central,neutral,standard business service acceptable exceptional,48,5
30,Excellent communication and fast delivery. Highly satisfied! Located in Lubaga.,2023-04-06,Instagram,Kololo,positive,excellent communication fast delivery highly satisfied located lubaga,69,8
31,Great service! Very fast delivery in Kampala. Highly recommend!,2023-02-12,Twitter,Ntinda,positive,great service fast delivery kampala highly recommend,52,7
32,Overpriced compared to other shops in Nakawa area.,2023-12-31,Website,Makindye,negative,overpriced compared shop nakawa area,36,5
33,Product is functional. Does what it's supposed to do.,2023-04-24,Website,Kololo,neutral,product functional supposed,27,3
34,Okay service. Product meets basic requirements. Great quality!,2023-05-04,Website,Central,neutral,okay service product meet basic requirement great quality,57,8
35,Best prices in Nakawa area. Great value for money. Great shipping!,2024-12-13,Twitter,Central,positive,best price nakawa area great value money great shipping,55,9
36,Amazing quality products. Will definitely buy again from this shop. Located in Kawempe.,2024-09-16,WhatsApp,Lubaga,positive,amazing quality product definitely buy shop located kawempe,59,8
37,Amazing experience! The product arrived on time and in perfect condition. Located in Nakawa.,2023-03-11,Facebook,Makindye,positive,amazing experience product arrived time perfect condition located nakawa,72,9
38,Standard quality. Nothing to complain about or praise.,2024-05-22,Website,Central,neutral,standard quality nothing complain praise,40,5
39,Amazing experience! The product arrived on time and in perfect condition. Located in Makindye.,2023-09-28,WhatsApp,Kawempe,positive,amazing experience product arrived time perfect condition located makindye,74,9
40,Amazing service! The team went above and beyond to help me.,2024-09-16,Facebook,Bukoto,positive,amazing service team went beyond help,37,6
41,Okay service. Product meets basic requirements.,2024-10-06,Google,Makindye,neutral,okay service product meet basic requirement,43,6
42,Very satisfied with my purchase. Great quality and fast delivery. Great staff!,2023-02-23,WhatsApp,Ntinda,positive,satisfied purchase great quality fast delivery great staff,58,8
43,Outstanding quality and service. Will definitely shop here again. Located in Kawempe.,2024-10-13,WhatsApp,Muyenga,positive,outstanding quality service definitely shop located kawempe,59,7
44,Decent value. Product works as expected.,2023-04-04,Twitter,Nakawa,neutral,decent value product work expected,34,5
45,Standard delivery time. Product quality is average. Great experience!,2023-07-24,Instagram,Makindye,neutral,standard delivery time product quality average great experience,63,8
46,Okay service. Product meets basic requirements.,2023-12-08,Google,Nakawa,neutral,okay service product meet basic requirement,43,6
47,Product was different from what was advertised. Misleading description.,2023-10-29,Instagram,Ntinda,negative,product different advertised misleading description,51,5
48,Amazing quality products. Will definitely buy again from this shop.,2024-04-11,Website,Lubaga,positive,amazing quality product definitely buy shop,43,6
49,Great experience from start to finish. Will shop here again! Located in Kawempe.,2023-03-03,WhatsApp,Ntinda,positive,great experience start finish shop located kawempe,50,7
50,Standard delivery. Product works but quality is average. Great order!,2024-06-21,Twitter,Kawempe,neutral,standard delivery product work quality average great order,58,8
51,"Outstanding business! Professional, reliable, and customer-focused. Located in Bukoto.",2023-12-12,Facebook,Lubaga,positive,outstanding business professional reliable customer focused located bukoto,74,8
52,Best prices in Nakawa area. Great value for money. Located in Nakawa.,2024-11-15,Twitter,Central,positive,best price nakawa area great value money located nakawa,55,9
53,Okay product quality. Price matches the value received.,2024-07-03,WhatsApp,Lubaga,neutral,okay product quality price match value received,47,7
54,"Outstanding business! Professional, reliable, and customer-focused.",2023-12-01,Facebook,Bukoto,positive,outstanding business professional reliable customer focused,59,6
55,Standard delivery time. Product quality is average.,2024-10-24,Facebook,Bukoto,neutral,standard delivery time product quality average,46,6
56,Outstanding quality and service. Will definitely shop here again.,2024-05-23,Facebook,Nakawa,positive,outstanding quality service definitely shop,43,5
57,Love shopping here! Always get great deals and quality products.,2024-08-22,Google,Central,positive,love shopping always get great deal quality product,51,8
58,Very satisfied with my purchase. Great quality and fast delivery. Great purchase!,2023-07-19,Website,Ntinda,positive,satisfied purchase great quality fast delivery great purchase,61,8
59,Outstanding service! The staff was very helpful and friendly. Located in Muyenga.,2024-01-16,Instagram,Nakawa,positive,outstanding service staff helpful friendly located muyenga,58,7
60,Best customer service I've experienced. Products are top quality. Located in Kololo.,2023-10-10,Instagram,Kololo,positive,best customer service experienced product top quality located kololo,68,9
61,Love shopping here! Always get great deals and quality products.,2024-04-08,Google,Lubaga,positive,love shopping always get great deal quality product,51,8
62,Amazing service! The team went above and beyond to help me.,2023-01-29,Facebook,Bukoto,positive,amazing service team went beyond help,37,6
63,Great service! Very fast delivery in Kampala. Highly recommend! Great support!,2024-01-10,WhatsApp,Muyenga,positive,great service fast delivery kampala highly recommend great support,66,9
64,Great business with excellent customer care. Very professional.,2024-05-09,Website,Muyenga,positive,great business excellent customer care professional,51,6
65,Great business with excellent customer care. Very professional. Located in Ntinda.,2024-05-31,Instagram,Nakawa,positive,great business excellent customer care professional located ntinda,66,8
66,Great experience from start to finish. Will shop here again!,2024-10-10,Google,Kampala,positive,great experience start finish shop,34,5
67,Not satisfied at all. Product quality is below standard.,2024-11-28,Facebook,Ntinda,negative,satisfied product quality standard,34,4
68,Okay delivery time. Product is functional and usable.,2024-03-10,Google,Kampala,neutral,okay delivery time product functional usable,44,6
69,Worst shopping experience. Poor quality and terrible service.,2024-10-26,Instagram,Kololo,negative,worst shopping experience poor quality terrible service,55,7
70,Great business with excellent customer care. Very professional.,2024-09-01,Facebook,Ntinda,positive,great business excellent customer care professional,51,6
71,Delivery issues. Package arrived late and damaged.,2023-08-12,Facebook,Kololo,negative,delivery issue package arrived late damaged,43,6
72,Great experience overall. Will be a returning customer.,2023-06-07,Website,Makindye,positive,great experience overall returning customer,43,5
73,Average product quality. Meets basic expectations.,2023-04-05,WhatsApp,Muyenga,neutral,average product quality meet basic expectation,46,6
74,Excellent customer support. They responded quickly to my questions. Great staff!,2024-05-26,WhatsApp,Bukoto,positive,excellent customer support responded quickly question great staff,65,8
75,Fair prices and acceptable quality. Nothing outstanding. Great delivery!,2024-05-21,Twitter,Ntinda,neutral,fair price acceptable quality nothing outstanding great delivery,64,8
76,"Outstanding business! Professional, reliable, and customer-focused. Located in Makindye.",2023-09-07,Google,Kawempe,positive,outstanding business professional reliable customer focused located makindye,76,8
77,Top-notch quality. Exceeded my expectations completely.,2024-03-29,Instagram,Nakawa,positive,top notch quality exceeded expectation completely,49,6
78,Amazing service! The team went above and beyond to help me.,2023-10-01,WhatsApp,Lubaga,positive,amazing service team went beyond help,37,6
79,Overpriced products with low quality. Not good value for money.,2024-07-05,Website,Ntinda,negative,overpriced product low quality good value money,47,7
80,"Outstanding business! Professional, reliable, and customer-focused.",2023-04-08,Facebook,Kampala,positive,outstanding business professional reliable customer focused,59,6
81,Love shopping here! Always get great deals and quality products. Located in Ntinda. Great experience!,2024-05-23,Instagram,Lubaga,positive,love shopping always get great deal quality product located ntinda great experience,83,12
82,Great prices and even better service. Highly recommend this business! Located in Lubaga. Great shop!,2023-05-21,Facebook,Lubaga,positive,great price even better service highly recommend business located lubaga great shop,83,12
83,Decent quality products. Price is fair for what you receive.,2023-01-05,Facebook,Central,neutral,decent quality product price fair receive,41,6
84,Excellent business! Highly professional and reliable. Located in Ntinda.,2024-07-03,Google,Bukoto,positive,excellent business highly professional reliable located ntinda,62,7
85,Great value for money. Fast delivery and excellent packaging.,2023-11-01,Instagram,Ntinda,positive,great value money fast delivery excellent packaging,51,7
86,"Fast delivery, good quality, fair prices. What more could you ask for?",2024-02-24,Twitter,Kawempe,positive,fast delivery good quality fair price could ask,47,8
87,Great products at affordable prices. Very satisfied with my purchase. Located in Kampala.,2023-05-29,Twitter,Kampala,positive,great product affordable price satisfied purchase located kampala,65,8
88,Decent quality products. Price is fair for what you receive. Located in Makindye.,2023-06-01,Facebook,Muyenga,neutral,decent quality product price fair receive located makindye,58,8
89,Love the product quality. Fast shipping and good packaging.,2023-04-20,Facebook,Muyenga,positive,love product quality fast shipping good packaging,49,7
90,Okay service. Nothing special but gets the job done.,2023-06-20,Twitter,Kampala,neutral,okay service nothing special get job done,41,7
91,Top-notch quality. Exceeded my expectations completely.,2023-03-30,Instagram,Bukoto,positive,top notch quality exceeded expectation completely,49,6
92,Standard experience. Product does what it needs to do. Located in Kawempe.,2024-11-21,Instagram,Kawempe,neutral,standard experience product need located kawempe,48,6
93,Top quality products at reasonable prices. Highly recommended!,2023-12-01,Website,Makindye,positive,top quality product reasonable price highly recommended,55,7
94,Great prices and even better service. Highly recommend this business!,2024-06-07,Google,Central,positive,great price even better service highly recommend business,57,8
95,Excellent customer support. They responded quickly to my questions.,2024-02-27,Facebook,Lubaga,positive,excellent customer support responded quickly question,53,6
96,Very slow delivery and unresponsive customer support.,2024-07-23,Instagram,Kololo,negative,slow delivery unresponsive customer support,43,5
97,Outstanding quality and service. Will definitely shop here again.,2023-02-20,Google,Nakawa,positive,outstanding quality service definitely shop,43,5
98,Amazing service! The team went above and beyond to help me.,2024-11-14,Google,Lubaga,positive,amazing service team went beyond help,37,6
99,Product is fine. Meets expectations without exceeding them. Great experience!,2024-03-08,WhatsApp,Ntinda,neutral,product fine meet expectation without exceeding great experience,64,8
100,Worst shopping experience. Poor quality and terrible service.,2024-04-22,WhatsApp,Makindye,negative,worst shopping experience poor quality terrible service,55,7
101,Customer service needs major improvement. Very unprofessional.,2023-05-20,WhatsApp,Muyenga,negative,customer service need major improvement unprofessional,54,6
102,Disappointing experience. Would not recommend this shop. Great price!,2023-07-07,Website,Kawempe,negative,disappointing experience would recommend shop great price,57,7
103,Great value for money. Fast delivery and excellent packaging. Located in Ntinda.,2024-02-19,Twitter,Kampala,positive,great value money fast delivery excellent packaging located ntinda,66,9
104,Okay delivery time. Product is functional and usable.,2023-01-13,Twitter,Kampala,neutral,okay delivery time product functional usable,44,6
105,Product quality was disappointing. Not as described on the website. Located in Muyenga.,2024-04-20,Facebook,Kololo,negative,product quality disappointing described website located muyenga,63,7
106,Best customer service I've experienced. Products are top quality.,2023-11-22,Instagram,Makindye,positive,best customer service experienced product top quality,53,7
107,Excellent customer support. They responded quickly to my questions.,2024-01-07,Facebook,Makindye,positive,excellent customer support responded quickly question,53,6
108,Outstanding quality and service. Will definitely shop here again.,2024-09-18,WhatsApp,Kololo,positive,outstanding quality service definitely shop,43,5
109,Great products at affordable prices. Very satisfied with my purchase.,2023-10-09,Instagram,Bukoto,positive,great product affordable price satisfied purchase,49,6
110,Love the product quality. Fast shipping and good packaging.,2024-03-04,Instagram,Nakawa,positive,love product quality fast shipping good packaging,49,7
111,Best customer service I've experienced. Products are top quality.,2023-10-21,Instagram,Lubaga,positive,best customer service experienced product top quality,53,7
112,Customer service is terrible. No one responds to complaints. Great store!,2024-11-05,Facebook,Kawempe,negative,customer service terrible one responds complaint great store,60,8
113,Best shop in Kawempe. Quality products and great service. Located in Kampala.,2024-12-11,WhatsApp,Kawempe,positive,best shop kawempe quality product great service located kampala,63,9
114,Outstanding service! The staff was very helpful and friendly.,2023-01-30,Instagram,Nakawa,positive,outstanding service staff helpful friendly,42,5
115,Product works as expected. No major issues or complaints. Located in Lubaga.,2023-12-16,Twitter,Kampala,neutral,product work expected major issue complaint located lubaga,58,8
116,Excellent communication and fast delivery. Highly satisfied!,2024-11-01,Instagram,Ntinda,positive,excellent communication fast delivery highly satisfied,54,6
117,Excellent communication and fast delivery. Highly satisfied!,2024-12-11,Facebook,Central,positive,excellent communication fast delivery highly satisfied,54,6
118,Outstanding service! The staff was very helpful and friendly.,2023-07-03,Website,Central,positive,outstanding service staff helpful friendly,42,5
119,Excellent customer support. They responded quickly to my questions.,2024-03-28,Google,Nakawa,positive,excellent customer support responded quickly question,53,6
120,Customer service needs major improvement. Very unprofessional.,2023-03-13,Website,Kawempe,negative,customer service need major improvement unprofessional,54,6
121,Top-notch quality. Exceeded my expectations completely. Located in Makindye.,2024-10-24,Twitter,Ntinda,positive,top notch quality exceeded expectation completely located makindye,66,8
122,Product is fine. Meets expectations without exceeding them.,2024-01-29,Facebook,Kololo,neutral,product fine meet expectation without exceeding,47,6
123,Okay experience. Nothing to complain about but not impressed either.,2023-11-04,Instagram,Kawempe,neutral,okay experience nothing complain impressed either,49,6
124,Quick response time and excellent customer care. Highly recommended!,2023-04-18,Facebook,Nakawa,positive,quick response time excellent customer care highly recommended,62,8
125,"Outstanding business! Professional, reliable, and customer-focused. Great shop!",2024-05-15,WhatsApp,Muyenga,positive,outstanding business professional reliable customer focused great shop,70,8
126,Product is functional. Does what it's supposed to do.,2023-12-10,Google,Lubaga,neutral,product functional supposed,27,3
127,Delivery issues. Package arrived late and damaged.,2024-06-09,Google,Kawempe,negative,delivery issue package arrived late damaged,43,6
128,Excellent business! Highly professional and reliable.,2024-06-19,WhatsApp,Bukoto,positive,excellent business highly professional reliable,47,5
129,Product was damaged on arrival. Poor packaging quality.,2024-09-15,Google,Kawempe,negative,product damaged arrival poor packaging quality,46,6
130,Amazing quality products. Will definitely buy again from this shop. Great shop!,2023-04-15,Website,Nakawa,positive,amazing quality product definitely buy shop great shop,54,8
131,Great prices and even better service. Highly recommend this business!,2024-01-15,Website,Bukoto,positive,great price even better service highly recommend business,57,8
132,Poor packaging led to damaged goods. Very unprofessional.,2023-02-27,WhatsApp,Bukoto,negative,poor packaging led damaged good unprofessional,46,6
133,"Fast shipping, good quality, and excellent customer support. Located in Bukoto.",2023-10-21,Facebook,Kampala,positive,fast shipping good quality excellent customer support located bukoto,68,9
134,Product works fine. Decent quality for the price paid.,2023-01-03,Website,Kampala,neutral,product work fine decent quality price paid,43,7
135,Decent quality products. Price is fair for what you receive. Great restaurant!,2024-03-12,Facebook,Makindye,neutral,decent quality product price fair receive great restaurant,58,8
136,Poor value for money. Better options available elsewhere.,2024-12-21,Twitter,Makindye,negative,poor value money better option available elsewhere,50,7
137,Average product quality. Meets basic needs adequately. Located in Ntinda.,2024-03-22,Google,Nakawa,neutral,average product quality meet basic need adequately located ntinda,65,9
138,"Fast shipping, good quality, and excellent customer support.",2024-09-03,Google,Kawempe,positive,fast shipping good quality excellent customer support,53,7
139,Outstanding quality and service. Will definitely shop here again. Great service!,2023-04-12,Twitter,Central,positive,outstanding quality service definitely shop great service,57,7
140,Great experience overall. Will be a returning customer.,2024-03-09,Instagram,Lubaga,positive,great experience overall returning customer,43,5
141,Excellent communication and fast delivery. Highly satisfied!,2024-12-28,Instagram,Kololo,positive,excellent communication fast delivery highly satisfied,54,6
142,Great service! Very fast delivery in Kampala. Highly recommend! Located in Kawempe.,2023-01-31,Website,Central,positive,great service fast delivery kampala highly recommend located kawempe,68,9
143,Amazing experience! The product arrived on time and in perfect condition.,2023-03-29,Twitter,Nakawa,positive,amazing experience product arrived time perfect condition,57,7
144,Professional service and high-quality products. Very happy! Located in Central.,2023-10-09,Instagram,Muyenga,positive,professional service high quality product happy located central,63,8
145,Customer service was unresponsive. Had to wait days for a reply. Located in Kampala.,2023-08-06,Instagram,Bukoto,negative,customer service unresponsive wait day reply located kampala,60,8
146,Fair experience overall. Nothing exceptional but acceptable.,2023-02-23,Twitter,Kampala,neutral,fair experience overall nothing exceptional acceptable,54,6
147,Overpriced products with low quality. Not good value for money.,2024-12-06,Website,Bukoto,negative,overpriced product low quality good value money,47,7
148,Okay service. Nothing special but gets the job done.,2024-11-06,Website,Lubaga,neutral,okay service nothing special get job done,41,7
149,Excellent customer support. They responded quickly to my questions. Located in Central. Great packaging!,2023-10-02,Twitter,Kampala,positive,excellent customer support responded quickly question located central great packaging,85,10
150,Amazing experience! The product arrived on time and in perfect condition. Great product!,2023-02-18,WhatsApp,Kawempe,positive,amazing experience product arrived time perfect condition great product,71,9
151,Average quality. Price is reasonable for what you get.,2023-11-30,Facebook,Kampala,neutral,average quality price reasonable get,36,5
152,Poor packaging led to damaged goods. Very unprofessional.,2023-09-14,Facebook,Nakawa,negative,poor packaging led damaged good unprofessional,46,6
153,Great prices and even better service. Highly recommend this business! Located in Central.,2024-07-19,WhatsApp,Muyenga,positive,great price even better service highly recommend business located central,73,10
154,Excellent business! Highly professional and reliable. Located in Makindye. Great staff!,2024-08-07,WhatsApp,Kololo,positive,excellent business highly professional reliable located makindye great staff,76,9
155,Average quality. Price is reasonable for what you get. Great price!,2023-10-23,Instagram,Bukoto,neutral,average quality price reasonable get great price,48,7
156,Outstanding service! The staff was very helpful and friendly.,2024-08-15,WhatsApp,Makindye,positive,outstanding service staff helpful friendly,42,5
157,Best prices in Nakawa area. Great value for money. Located in Kololo.,2024-10-27,Google,Ntinda,positive,best price nakawa area great value money located kololo,55,9
158,Okay service. Nothing special but gets the job done. Located in Muyenga. Great experience!,2023-12-30,Facebook,Central,neutral,okay service nothing special get job done located muyenga great experience,74,11
159,Average product quality. Meets basic needs adequately. Great packaging!,2023-01-05,Website,Lubaga,neutral,average product quality meet basic need adequately great packaging,66,9
160,Fair value for money. Quality is acceptable but not premium.,2024-06-30,Twitter,Nakawa,neutral,fair value money quality acceptable premium,43,6
161,Amazing service! The team went above and beyond to help me.,2023-12-02,Facebook,Bukoto,positive,amazing service team went beyond help,37,6
162,"Fast delivery, good quality, fair prices. What more could you ask for?",2024-03-01,Twitter,Kampala,positive,fast delivery good quality fair price could ask,47,8
163,Great prices and even better service. Highly recommend this business!,2024-11-23,Instagram,Makindye,positive,great price even better service highly recommend business,57,8
164,Average quality products. Functional but not impressive.,2023-05-04,Twitter,Ntinda,neutral,average quality product functional impressive,45,5
165,Product works fine. Decent quality for the price paid.,2023-08-23,Google,Bukoto,neutral,product work fine decent quality price paid,43,7
166,Slow response time and poor communication from the business.,2024-10-24,Twitter,Kawempe,negative,slow response time poor communication business,46,6
167,Fair prices and acceptable quality. Nothing outstanding.,2023-05-10,WhatsApp,Makindye,neutral,fair price acceptable quality nothing outstanding,49,6
168,Excellent customer support. They responded quickly to my questions.,2023-02-11,Website,Makindye,positive,excellent customer support responded quickly question,53,6
169,Best customer service I've experienced. Products are top quality. Great product!,2024-09-11,Google,Central,positive,best customer service experienced product top quality great product,67,9
170,Top-notch quality. Exceeded my expectations completely. Located in Ntinda.,2024-02-29,Facebook,Central,positive,top notch quality exceeded expectation completely located ntinda,64,8
171,Product is fine. Meets expectations without exceeding them.,2023-04-29,Website,Central,neutral,product fine meet expectation without exceeding,47,6
172,Okay delivery time. Product is functional and usable. Located in Bukoto.,2023-04-11,Website,Kawempe,neutral,okay delivery time product functional usable located bukoto,59,8
173,Great experience from start to finish. Will shop here again! Located in Nakawa.,2024-05-16,Twitter,Central,positive,great experience start finish shop located nakawa,49,7
174,Outstanding quality and service. Will definitely shop here again. Great business!,2023-09-29,WhatsApp,Lubaga,positive,outstanding quality service definitely shop great business,58,7
175,Would not buy from here again. Poor experience overall.,2024-04-08,Google,Lubaga,negative,would buy poor experience overall,33,5
176,Fair experience overall. Nothing exceptional but acceptable.,2024-10-26,WhatsApp,Bukoto,neutral,fair experience overall nothing exceptional acceptable,54,6
177,Love shopping here! Always get great deals and quality products. Located in Central.,2023-08-21,WhatsApp,Nakawa,positive,love shopping always get great deal quality product located central,67,10
178,Excellent customer support. They responded quickly to my questions. Located in Makindye.,2023-05-17,WhatsApp,Central,positive,excellent customer support responded quickly question located makindye,70,8
179,Decent quality products. Price is fair for what you receive. Located in Lubaga.,2023-06-29,Twitter,Central,neutral,decent quality product price fair receive located lubaga,56,8
180,"Fast delivery, good quality, fair prices. What more could you ask for?",2023-01-27,Twitter,Central,positive,fast delivery good quality fair price could ask,47,8
181,Great experience overall. Will be a returning customer. Located in Lubaga.,2023-02-25,Website,Nakawa,positive,great experience overall returning customer located lubaga,58,7
182,Okay delivery time. Product is functional and usable. Located in Lubaga.,2024-07-08,Google,Lubaga,neutral,okay delivery time product functional usable located lubaga,59,8
183,Amazing quality products. Will definitely buy again from this shop. Great service!,2024-09-09,Google,Lubaga,positive,amazing quality product definitely buy shop great service,57,8
184,Excellent business! Highly professional and reliable.,2024-11-13,Twitter,Nakawa,positive,excellent business highly professional reliable,47,5
185,Delivery was delayed multiple times. Very frustrating experience.,2024-01-08,WhatsApp,Lubaga,negative,delivery delayed multiple time frustrating experience,53,6
186,Amazing experience! The product arrived on time and in perfect condition.,2023-06-16,Facebook,Nakawa,positive,amazing experience product arrived time perfect condition,57,7
187,Best prices in Nakawa area. Great value for money.,2023-10-03,Instagram,Kampala,positive,best price nakawa area great value money,40,7
188,Top quality products at reasonable prices. Highly recommended!,2023-07-13,Facebook,Muyenga,positive,top quality product reasonable price highly recommended,55,7
189,Amazing experience! The product arrived on time and in perfect condition. Located in Bukoto.,2024-09-05,Facebook,Bukoto,positive,amazing experience product arrived time perfect condition located bukoto,72,9
190,Best shop in Kawempe. Quality products and great service. Located in Bukoto.,2023-01-17,Google,Kawempe,positive,best shop kawempe quality product great service located bukoto,62,9
191,"Outstanding business! Professional, reliable, and customer-focused. Located in Central.",2024-12-17,Google,Kampala,positive,outstanding business professional reliable customer focused located central,75,8
192,Great experience from start to finish. Will shop here again! Great order!,2023-04-01,Instagram,Makindye,positive,great experience start finish shop great order,46,7
193,Top-notch quality. Exceeded my expectations completely.,2024-08-05,WhatsApp,Lubaga,positive,top notch quality exceeded expectation completely,49,6
194,Amazing quality products. Will definitely buy again from this shop. Great shop!,2023-09-18,Instagram,Muyenga,positive,amazing quality product definitely buy shop great shop,54,8
195,Top quality products at reasonable prices. Highly recommended! Great experience!,2023-07-04,Google,Kampala,positive,top quality product reasonable price highly recommended great experience,72,9
196,Amazing service! The team went above and beyond to help me. Great restaurant!,2023-09-06,Google,Bukoto,positive,amazing service team went beyond help great restaurant,54,8
197,Outstanding service! The staff was very helpful and friendly. Located in Kampala. Great shop!,2024-06-17,Twitter,Lubaga,positive,outstanding service staff helpful friendly located kampala great shop,69,9
198,Standard delivery. Product works but quality is average.,2024-07-28,Twitter,Kawempe,neutral,standard delivery product work quality average,46,6
199,Quick response time and excellent customer care. Highly recommended! Great business!,2023-03-14,Instagram,Kawempe,positive,quick response time excellent customer care highly recommended great business,77,10
200,Decent service. No major complaints but nothing impressive.,2024-08-24,WhatsApp,Muyenga,neutral,decent service major complaint nothing impressive,49,6
201,Very satisfied with my purchase. Great quality and fast delivery.,2023-10-19,Google,Bukoto,positive,satisfied purchase great quality fast delivery,46,6
202,Delivery was delayed multiple times. Very frustrating experience. Located in Makindye.,2023-08-04,Facebook,Kololo,negative,delivery delayed multiple time frustrating experience located makindye,70,8
203,Standard delivery time. Product quality is average.,2024-09-16,Twitter,Makindye,neutral,standard delivery time product quality average,46,6
204,Poor value for money. Better options available elsewhere. Great store!,2024-08-05,Instagram,Kampala,negative,poor value money better option available elsewhere great store,62,9
205,Average product quality. Meets basic expectations.,2023-02-09,Website,Central,neutral,average product quality meet basic expectation,46,6
206,Decent value. Product works as expected.,2023-05-30,Instagram,Kampala,neutral,decent value product work expected,34,5
207,Top-notch quality. Exceeded my expectations completely.,2024-09-16,Facebook,Central,positive,top notch quality exceeded expectation completely,49,6
208,Amazing service! The team went above and beyond to help me.,2024-08-01,Google,Muyenga,positive,amazing service team went beyond help,37,6
209,Great products at affordable prices. Very satisfied with my purchase.,2023-08-07,Facebook,Makindye,positive,great product affordable price satisfied purchase,49,6
210,Great service! Very fast delivery in Kampala. Highly recommend! Located in Kololo.,2024-08-03,Instagram,Makindye,positive,great service fast delivery kampala highly recommend located kololo,67,9
211,Poor packaging led to damaged goods. Very unprofessional. Located in Bukoto.,2024-11-27,Twitter,Bukoto,negative,poor packaging led damaged good unprofessional located bukoto,61,8
212,Excellent communication and fast delivery. Highly satisfied! Great delivery!,2024-12-25,Twitter,Kololo,positive,excellent communication fast delivery highly satisfied great delivery,69,8
213,Very disappointed with the quality. Not worth the money paid.,2023-01-22,Facebook,Ntinda,negative,disappointed quality worth money paid,37,5
214,"Fast delivery, good quality, fair prices. What more could you ask for? Located in Nakawa.",2024-12-12,Facebook,Kampala,positive,fast delivery good quality fair price could ask located nakawa,62,10
215,"Fast shipping, good quality, and excellent customer support.",2024-05-31,Google,Makindye,positive,fast shipping good quality excellent customer support,53,7
216,Okay service. Product meets basic requirements. Located in Ntinda. Great service!,2024-09-27,Facebook,Nakawa,neutral,okay service product meet basic requirement located ntinda great service,72,10
217,Great business with excellent customer care. Very professional.,2023-05-31,Google,Lubaga,positive,great business excellent customer care professional,51,6
218,Great products at affordable prices. Very satisfied with my purchase.,2024-10-20,Instagram,Central,positive,great product affordable price satisfied purchase,49,6
219,Product quality was disappointing. Not as described on the website.,2024-05-17,Twitter,Kololo,negative,product quality disappointing described website,47,5
220,Best shop in Kawempe. Quality products and great service. Great restaurant!,2023-06-07,Twitter,Bukoto,positive,best shop kawempe quality product great service great restaurant,64,9
221,Great service! Very fast delivery in Kampala. Highly recommend!,2023-10-26,Facebook,Bukoto,positive,great service fast delivery kampala highly recommend,52,7
222,Product broke after just one week of use. Very poor quality.,2024-12-12,Website,Kololo,negative,product broke one week use poor quality,39,7
223,Fair value for money. Quality is acceptable but not premium. Located in Kololo.,2023-01-07,Facebook,Makindye,neutral,fair value money quality acceptable premium located kololo,58,8
224,Best shopping experience! Quality products and great prices.,2024-05-26,WhatsApp,Kololo,positive,best shopping experience quality product great price,52,7
225,Product works fine. Decent quality for the price paid. Located in Nakawa.,2024-05-14,Facebook,Bukoto,neutral,product work fine decent quality price paid located nakawa,58,9
226,Love shopping here! Always get great deals and quality products.,2024-04-28,Facebook,Muyenga,positive,love shopping always get great deal quality product,51,8
227,Best prices in Nakawa area. Great value for money.,2023-12-06,WhatsApp,Kampala,positive,best price nakawa area great value money,40,7
228,Average quality. Price is reasonable for what you get. Great restaurant!,2024-10-22,Facebook,Kololo,neutral,average quality price reasonable get great restaurant,53,7
229,Standard experience. Product does what it needs to do. Located in Kololo.,2023-02-16,Instagram,Kawempe,neutral,standard experience product need located kololo,47,6
230,Great experience overall. Will be a returning customer. Located in Ntinda.,2024-10-10,Google,Makindye,positive,great experience overall returning customer located ntinda,58,7
231,Outstanding service! The staff was very helpful and friendly. Located in Muyenga.,2023-10-17,WhatsApp,Lubaga,positive,outstanding service staff helpful friendly located muyenga,58,7
232,"Outstanding business! Professional, reliable, and customer-focused. Located in Kampala.",2024-04-14,Instagram,Bukoto,positive,outstanding business professional reliable customer focused located kampala,75,8
233,Product is functional. Does what it's supposed to do. Located in Kololo.,2024-09-21,Website,Ntinda,neutral,product functional supposed located kololo,42,5
234,"Fast shipping, good quality, and excellent customer support.",2023-08-21,Twitter,Bukoto,positive,fast shipping good quality excellent customer support,53,7
235,Top quality products at reasonable prices. Highly recommended! Great quality!,2023-07-26,Instagram,Kololo,positive,top quality product reasonable price highly recommended great quality,69,9
236,Outstanding service! The staff was very helpful and friendly. Located in Kawempe.,2024-02-18,Instagram,Muyenga,positive,outstanding service staff helpful friendly located kawempe,58,7
237,Amazing experience! The product arrived on time and in perfect condition. Great packaging!,2023-08-05,Google,Ntinda,positive,amazing experience product arrived time perfect condition great packaging,73,9
238,Product is okay. Nothing special but serves its purpose. Located in Makindye.,2023-07-06,Twitter,Bukoto,neutral,product okay nothing special serf purpose located makindye,58,8
239,Excellent communication and fast delivery. Highly satisfied!,2023-01-18,Google,Kawempe,positive,excellent communication fast delivery highly satisfied,54,6
240,Delivery was delayed multiple times. Very frustrating experience. Located in Kololo.,2023-10-19,Instagram,Central,negative,delivery delayed multiple time frustrating experience located kololo,68,8
241,Great experience overall. Will be a returning customer. Located in Kampala.,2024-12-17,Twitter,Kampala,positive,great experience overall returning customer located kampala,59,7
242,Great products at affordable prices. Very satisfied with my purchase. Located in Ntinda.,2024-07-17,Twitter,Muyenga,positive,great product affordable price satisfied purchase located ntinda,64,8
243,Best customer service I've experienced. Products are top quality.,2024-08-24,Facebook,Bukoto,positive,best customer service experienced product top quality,53,7
244,Love the product quality. Fast shipping and good packaging.,2023-11-22,Google,Makindye,positive,love product quality fast shipping good packaging,49,7
245,"Fast shipping, good quality, and excellent customer support.",2023-07-13,Twitter,Muyenga,positive,fast shipping good quality excellent customer support,53,7
246,Standard service. No complaints but nothing exceptional either.,2023-03-25,WhatsApp,Bukoto,neutral,standard service complaint nothing exceptional either,53,6
247,Standard delivery. Product works but quality is average. Located in Nakawa.,2023-04-21,Twitter,Central,neutral,standard delivery product work quality average located nakawa,61,8
248,Outstanding service! The staff was very helpful and friendly.,2023-05-26,Website,Bukoto,positive,outstanding service staff helpful friendly,42,5
249,Top-notch quality. Exceeded my expectations completely. Great business!,2023-03-15,Website,Ntinda,positive,top notch quality exceeded expectation completely great business,64,8
250,Very satisfied with my purchase. Great quality and fast delivery.,2024-06-22,Instagram,Kampala,positive,satisfied purchase great quality fast delivery,46,6
251,Excellent business! Highly professional and reliable. Great order!,2023-07-30,Google,Bukoto,positive,excellent business highly professional reliable great order,59,7
252,Best shop in Kawempe. Quality products and great service.,2024-01-03,Instagram,Kololo,positive,best shop kawempe quality product great service,47,7
253,Product broke after just one week of use. Very poor quality.,2023-08-14,Facebook,Ntinda,negative,product broke one week use poor quality,39,7
254,Product works as expected. No major issues or complaints.,2024-07-07,Website,Ntinda,neutral,product work expected major issue complaint,43,6
255,Excellent products and service. Best in the area! Great store!,2023-03-30,Website,Nakawa,positive,excellent product service best area great store,47,7
256,Great prices and even better service. Highly recommend this business!,2023-01-27,Facebook,Kampala,positive,great price even better service highly recommend business,57,8
257,Excellent communication and fast delivery. Highly satisfied! Located in Kololo. Great experience!,2023-09-26,Website,Central,positive,excellent communication fast delivery highly satisfied located kololo great experience,86,10
258,Excellent business! Highly professional and reliable.,2023-09-04,Facebook,Kololo,positive,excellent business highly professional reliable,47,5
259,Poor customer service. Staff was rude and unhelpful.,2023-03-10,Facebook,Nakawa,negative,poor customer service staff rude unhelpful,42,6
260,Product is fine. Meets expectations without exceeding them. Located in Nakawa.,2023-08-19,Twitter,Muyenga,neutral,product fine meet expectation without exceeding located nakawa,62,8
261,Very disappointed with the quality. Not worth the money paid.,2023-06-11,Twitter,Lubaga,negative,disappointed quality worth money paid,37,5
262,Very satisfied with my purchase. Great quality and fast delivery.,2023-03-30,WhatsApp,Kampala,positive,satisfied purchase great quality fast delivery,46,6
263,Great prices and even better service. Highly recommend this business! Located in Kawempe.,2024-07-31,Google,Kololo,positive,great price even better service highly recommend business located kawempe,73,10
264,Best shopping experience! Quality products and great prices. Located in Muyenga.,2024-03-14,Google,Bukoto,positive,best shopping experience quality product great price located muyenga,68,9
265,Great value for money. Fast delivery and excellent packaging.,2024-01-27,Instagram,Nakawa,positive,great value money fast delivery excellent packaging,51,7
266,Top-notch quality. Exceeded my expectations completely.,2024-10-18,Instagram,Muyenga,positive,top notch quality exceeded expectation completely,49,6
267,Very disappointed. Product quality is poor and service is worse. Great order!,2023-07-23,Facebook,Kololo,negative,disappointed product quality poor service worse great order,59,8
268,Decent quality products. Price is fair for what you receive.,2023-11-15,Facebook,Ntinda,neutral,decent quality product price fair receive,41,6
269,Top quality products at reasonable prices. Highly recommended! Located in Ntinda.,2023-11-10,Website,Kampala,positive,top quality product reasonable price highly recommended located ntinda,70,9
270,Excellent business! Highly professional and reliable. Located in Kawempe.,2024-02-29,Twitter,Nakawa,positive,excellent business highly professional reliable located kawempe,63,7
271,Okay product quality. Price matches the value received.,2024-09-15,Google,Lubaga,neutral,okay product quality price match value received,47,7
272,Product is okay. Nothing special but serves its purpose. Located in Bukoto.,2024-08-19,WhatsApp,Central,neutral,product okay nothing special serf purpose located bukoto,56,8
273,Product is okay. Nothing special but serves its purpose. Great shop!,2023-04-08,WhatsApp,Kololo,neutral,product okay nothing special serf purpose great shop,52,8
274,Standard business service. Acceptable but not exceptional.,2024-11-17,WhatsApp,Central,neutral,standard business service acceptable exceptional,48,5
275,Fair prices and acceptable quality. Nothing outstanding.,2024-11-26,Website,Kawempe,neutral,fair price acceptable quality nothing outstanding,49,6
276,Love the product quality. Fast shipping and good packaging.,2023-05-11,Instagram,Kawempe,positive,love product quality fast shipping good packaging,49,7
277,Excellent customer support. They responded quickly to my questions.,2023-07-14,Website,Kawempe,positive,excellent customer support responded quickly question,53,6
278,Great experience overall. Will be a returning customer.,2024-10-14,Facebook,Ntinda,positive,great experience overall returning customer,43,5
279,Love shopping here! Always get great deals and quality products. Great packaging!,2024-04-24,WhatsApp,Ntinda,positive,love shopping always get great deal quality product great packaging,67,10
280,Fair prices and acceptable quality. Nothing outstanding.,2023-10-31,Google,Makindye,neutral,fair price acceptable quality nothing outstanding,49,6
281,Very satisfied with my purchase. Great quality and fast delivery. Located in Nakawa. Great shipping!,2023-07-12,Instagram,Kawempe,positive,satisfied purchase great quality fast delivery located nakawa great shipping,76,10
282,Amazing service! The team went above and beyond to help me. Great purchase!,2024-12-11,Google,Lubaga,positive,amazing service team went beyond help great purchase,52,8
283,Best prices in Nakawa area. Great value for money.,2023-11-08,Google,Central,positive,best price nakawa area great value money,40,7
284,Professional service and high-quality products. Very happy! Located in Kampala.,2023-12-03,Instagram,Makindye,positive,professional service high quality product happy located kampala,63,8
285,Very satisfied with my purchase. Great quality and fast delivery.,2024-02-14,Google,Muyenga,positive,satisfied purchase great quality fast delivery,46,6
286,Standard service. No complaints but nothing exceptional either. Located in Ntinda. Great packaging!,2023-10-30,Facebook,Bukoto,neutral,standard service complaint nothing exceptional either located ntinda great packaging,84,10
287,Great prices and even better service. Highly recommend this business!,2024-03-25,Instagram,Muyenga,positive,great price even better service highly recommend business,57,8
288,Great business with excellent customer care. Very professional.,2024-12-27,Instagram,Nakawa,positive,great business excellent customer care professional,51,6
289,Amazing quality products. Will definitely buy again from this shop.,2024-10-26,WhatsApp,Kampala,positive,amazing quality product definitely buy shop,43,6
290,Best shop in Kawempe. Quality products and great service.,2023-05-28,Twitter,Central,positive,best shop kawempe quality product great service,47,7
291,Best prices in Nakawa area. Great value for money.,2023-01-24,Website,Kawempe,positive,best price nakawa area great value money,40,7
292,Product was different from what was advertised. Misleading description.,2023-06-26,Google,Lubaga,negative,product different advertised misleading description,51,5
293,Standard quality. Nothing to complain about or praise. Located in Bukoto.,2024-01-01,WhatsApp,Kawempe,neutral,standard quality nothing complain praise located bukoto,55,7
294,Poor customer service. Staff was rude and unhelpful.,2023-11-12,Twitter,Makindye,negative,poor customer service staff rude unhelpful,42,6
295,Poor customer service. Staff was rude and unhelpful. Located in Ntinda. Great purchase!,2024-05-17,Twitter,Kawempe,negative,poor customer service staff rude unhelpful located ntinda great purchase,72,10
296,Very slow delivery and unresponsive customer support. Located in Ntinda.,2023-08-30,Facebook,Bukoto,negative,slow delivery unresponsive customer support located ntinda,58,7
297,Average quality products. Functional but not impressive. Located in Central. Great price!,2024-09-04,Google,Ntinda,neutral,average quality product functional impressive located central great price,73,9
298,Love shopping here! Always get great deals and quality products.,2024-04-03,Instagram,Nakawa,positive,love shopping always get great deal quality product,51,8
299,Best prices in Nakawa area. Great value for money.,2023-12-18,Twitter,Kampala,positive,best price nakawa area great value money,40,7
300,Great experience from start to finish. Will shop here again! Great support!,2023-02-12,Website,Central,positive,great experience start finish shop great support,48,7
301,"Outstanding business! Professional, reliable, and customer-focused. Located in Central.",2023-02-12,Instagram,Bukoto,positive,outstanding business professional reliable customer focused located central,75,8
302,Amazing service! The team went above and beyond to help me.,2023-10-31,WhatsApp,Bukoto,positive,amazing service team went beyond help,37,6
303,Best shopping experience! Quality products and great prices.,2024-09-09,Google,Nakawa,positive,best shopping experience quality product great price,52,7
304,Overpriced products with low quality. Not good value for money.,2023-06-10,Google,Kampala,negative,overpriced product low quality good value money,47,7
305,Very satisfied with my purchase. Great quality and fast delivery.,2023-09-10,Facebook,Lubaga,positive,satisfied purchase great quality fast delivery,46,6
306,Average product quality. Meets basic expectations.,2023-05-04,Website,Muyenga,neutral,average product quality meet basic expectation,46,6
307,"Outstanding business! Professional, reliable, and customer-focused.",2024-02-22,WhatsApp,Kampala,positive,outstanding business professional reliable customer focused,59,6
308,Best shop in Kawempe. Quality products and great service.,2023-02-03,Website,Makindye,positive,best shop kawempe quality product great service,47,7
309,"Outstanding business! Professional, reliable, and customer-focused. Located in Central.",2024-05-11,WhatsApp,Kawempe,positive,outstanding business professional reliable customer focused located central,75,8
310,Amazing service! The team went above and beyond to help me.,2024-10-01,Instagram,Kawempe,positive,amazing service team went beyond help,37,6
311,Best shopping experience! Quality products and great prices.,2024-04-20,Instagram,Lubaga,positive,best shopping experience quality product great price,52,7
312,Product is okay. Nothing special but serves its purpose. Great staff!,2023-09-22,Website,Bukoto,neutral,product okay nothing special serf purpose great staff,53,8
313,Great experience from start to finish. Will shop here again!,2024-10-08,Facebook,Muyenga,positive,great experience start finish shop,34,5
314,Decent service. No major complaints but nothing impressive.,2023-07-13,Facebook,Central,neutral,decent service major complaint nothing impressive,49,6
315,Great products at affordable prices. Very satisfied with my purchase. Located in Makindye. Great support!,2024-10-12,Google,Lubaga,positive,great product affordable price satisfied purchase located makindye great support,80,10
316,Average quality. Price is reasonable for what you get. Located in Kampala.,2023-04-18,Twitter,Central,neutral,average quality price reasonable get located kampala,52,7
317,Excellent communication and fast delivery. Highly satisfied! Great staff!,2023-12-07,Google,Ntinda,positive,excellent communication fast delivery highly satisfied great staff,66,8
318,Product arrived damaged and customer service refused to help.,2024-10-29,Facebook,Nakawa,negative,product arrived damaged customer service refused help,53,7
319,Great service! Very fast delivery in Kampala. Highly recommend!,2024-08-23,Facebook,Bukoto,positive,great service fast delivery kampala highly recommend,52,7
320,Professional service and high-quality products. Very happy!,2023-06-14,Instagram,Bukoto,positive,professional service high quality product happy,47,6
321,Amazing service! The team went above and beyond to help me.,2024-06-18,Google,Kampala,positive,amazing service team went beyond help,37,6
322,Great prices and even better service. Highly recommend this business!,2023-03-22,Facebook,Lubaga,positive,great price even better service highly recommend business,57,8
323,Product is fine. Meets expectations without exceeding them.,2024-10-10,Website,Nakawa,neutral,product fine meet expectation without exceeding,47,6
324,Amazing service! The team went above and beyond to help me. Great customer!,2024-04-29,Instagram,Bukoto,positive,amazing service team went beyond help great customer,52,8
325,Fair prices and acceptable quality. Nothing outstanding.,2024-12-07,Google,Kololo,neutral,fair price acceptable quality nothing outstanding,49,6
326,Very satisfied with my purchase. Great quality and fast delivery.,2024-12-14,Twitter,Nakawa,positive,satisfied purchase great quality fast delivery,46,6
327,Product is okay. Nothing special but serves its purpose.,2024-11-18,Twitter,Makindye,neutral,product okay nothing special serf purpose,41,6
328,Great experience overall. Will be a returning customer. Located in Kampala.,2024-12-27,WhatsApp,Ntinda,positive,great experience overall returning customer located kampala,59,7
329,Would not buy from here again. Poor experience overall.,2023-07-06,Website,Nakawa,negative,would buy poor experience overall,33,5
330,Product quality was disappointing. Not as described on the website.,2024-04-16,Facebook,Nakawa,negative,product quality disappointing described website,47,5
331,Amazing service! The team went above and beyond to help me. Great shipping!,2023-03-09,Google,Kampala,positive,amazing service team went beyond help great shipping,52,8
332,Great business with excellent customer care. Very professional.,2024-01-24,Google,Lubaga,positive,great business excellent customer care professional,51,6
333,Fair experience overall. Nothing exceptional but acceptable.,2023-11-13,WhatsApp,Bukoto,neutral,fair experience overall nothing exceptional acceptable,54,6
334,Standard service. No complaints but nothing exceptional either. Located in Muyenga. Great customer!,2023-09-08,Facebook,Makindye,neutral,standard service complaint nothing exceptional either located muyenga great customer,84,10
335,Great prices and even better service. Highly recommend this business! Located in Bukoto.,2024-08-14,Twitter,Makindye,positive,great price even better service highly recommend business located bukoto,72,10
336,Great value for money. Fast delivery and excellent packaging. Great shipping!,2024-05-18,Google,Makindye,positive,great value money fast delivery excellent packaging great shipping,66,9
337,Great service! Very fast delivery in Kampala. Highly recommend!,2023-07-27,WhatsApp,Kawempe,positive,great service fast delivery kampala highly recommend,52,7
338,Average experience. Product is functional and adequate. Located in Kawempe. Great customer!,2024-04-27,Twitter,Nakawa,neutral,average experience product functional adequate located kawempe great customer,77,9
339,Professional service and high-quality products. Very happy! Located in Nakawa. Great customer!,2024-12-01,Instagram,Ntinda,positive,professional service high quality product happy located nakawa great customer,77,10
340,Average experience overall. Product is fine but not great.,2023-12-12,Facebook,Makindye,neutral,average experience overall product fine great,45,6
341,Average experience. Product is functional and adequate.,2024-12-13,WhatsApp,Central,neutral,average experience product functional adequate,46,5
342,Fair experience overall. Nothing exceptional but acceptable.,2024-05-11,Twitter,Makindye,neutral,fair experience overall nothing exceptional acceptable,54,6
343,Delivery was on time. Product is as expected.,2024-05-25,Instagram,Makindye,neutral,delivery time product expected,30,4
344,Not satisfied with the product. Quality is below expectations.,2023-11-11,Website,Kololo,negative,satisfied product quality expectation,37,4
345,"Fast shipping, good quality, and excellent customer support.",2023-02-27,Instagram,Kololo,positive,fast shipping good quality excellent customer support,53,7
346,Would not buy from here again. Poor experience overall.,2023-05-22,Twitter,Ntinda,negative,would buy poor experience overall,33,5
347,Love shopping here! Always get great deals and quality products.,2023-06-29,Website,Kololo,positive,love shopping always get great deal quality product,51,8
348,Standard service. No complaints but nothing exceptional either.,2024-09-17,Website,Lubaga,neutral,standard service complaint nothing exceptional either,53,6
349,Best customer service I've experienced. Products are top quality.,2023-02-19,Facebook,Kawempe,positive,best customer service experienced product top quality,53,7
350,Very slow delivery. Took over a week to arrive in Kampala. Located in Central.,2024-11-20,Twitter,Kampala,negative,slow delivery took week arrive kampala located central,54,8
351,Product was defective but they refused to refund. Bad business. Located in Muyenga.,2024-08-25,Website,Kampala,negative,product defective refused refund bad business located muyenga,61,8
352,Delivery was delayed multiple times. Very frustrating experience.,2023-07-17,Twitter,Lubaga,negative,delivery delayed multiple time frustrating experience,53,6
353,Customer service needs major improvement. Very unprofessional. Located in Bukoto.,2024-03-15,WhatsApp,Kampala,negative,customer service need major improvement unprofessional located bukoto,69,8
354,Professional service and high-quality products. Very happy!,2024-11-25,Website,Lubaga,positive,professional service high quality product happy,47,6
355,Amazing service! The team went above and beyond to help me. Located in Muyenga.,2023-10-24,WhatsApp,Central,positive,amazing service team went beyond help located muyenga,53,8
356,Best customer service I've experienced. Products are top quality.,2024-07-23,Facebook,Kampala,positive,best customer service experienced product top quality,53,7
357,Amazing service! The team went above and beyond to help me.,2024-08-07,Twitter,Makindye,positive,amazing service team went beyond help,37,6
358,Poor value for money. Better options available elsewhere. Located in Bukoto.,2023-02-21,Website,Nakawa,negative,poor value money better option available elsewhere located bukoto,65,9
359,Average experience. Product is functional and adequate.,2024-12-03,Instagram,Lubaga,neutral,average experience product functional adequate,46,5
360,Professional service and high-quality products. Very happy!,2024-02-02,Website,Muyenga,positive,professional service high quality product happy,47,6
361,Product arrived damaged and customer service refused to help. Located in Central.,2023-03-20,Instagram,Kampala,negative,product arrived damaged customer service refused help located central,69,9
362,Top quality products at reasonable prices. Highly recommended!,2024-02-08,Instagram,Bukoto,positive,top quality product reasonable price highly recommended,55,7
363,"Outstanding business! Professional, reliable, and customer-focused. Located in Nakawa.",2023-07-24,Twitter,Bukoto,positive,outstanding business professional reliable customer focused located nakawa,74,8
364,Best shopping experience! Quality products and great prices.,2023-11-21,Website,Lubaga,positive,best shopping experience quality product great price,52,7
365,Not satisfied with the product. Quality is below expectations.,2023-07-18,Website,Muyenga,negative,satisfied product quality expectation,37,4
366,Very slow delivery. Took over a week to arrive in Kampala.,2024-03-15,Twitter,Nakawa,negative,slow delivery took week arrive kampala,38,6
367,Outstanding service! The staff was very helpful and friendly. Located in Ntinda.,2024-01-01,WhatsApp,Muyenga,positive,outstanding service staff helpful friendly located ntinda,57,7
368,Great experience from start to finish. Will shop here again! Located in Makindye. Great experience!,2024-05-06,Google,Makindye,positive,great experience start finish shop located makindye great experience,68,9
369,"Outstanding business! Professional, reliable, and customer-focused.",2024-01-23,Twitter,Bukoto,positive,outstanding business professional reliable customer focused,59,6
370,Standard delivery. Product works but quality is average. Great store!,2024-02-13,Google,Kololo,neutral,standard delivery product work quality average great store,58,8
371,Top quality products at reasonable prices. Highly recommended!,2023-10-21,Instagram,Muyenga,positive,top quality product reasonable price highly recommended,55,7
372,Professional service and high-quality products. Very happy!,2023-04-15,Twitter,Kawempe,positive,professional service high quality product happy,47,6
373,Poor quality products. Broke within days of purchase.,2024-04-04,Website,Kololo,negative,poor quality product broke within day purchase,46,7
374,Excellent products and service. Best in the area!,2024-07-30,Website,Bukoto,positive,excellent product service best area,35,5
375,"Outstanding business! Professional, reliable, and customer-focused.",2024-05-06,WhatsApp,Ntinda,positive,outstanding business professional reliable customer focused,59,6
376,Average quality. Nothing special but nothing wrong either.,2024-09-03,WhatsApp,Kampala,neutral,average quality nothing special nothing wrong either,52,7
377,Outstanding quality and service. Will definitely shop here again.,2024-03-26,Website,Kololo,positive,outstanding quality service definitely shop,43,5
378,Professional service and high-quality products. Very happy! Great packaging!,2023-02-17,WhatsApp,Kampala,positive,professional service high quality product happy great packaging,63,8
379,Okay service. Product meets basic requirements. Located in Makindye.,2023-04-17,Google,Ntinda,neutral,okay service product meet basic requirement located makindye,60,8
380,Standard experience. Product does what it needs to do.,2023-03-31,Website,Kololo,neutral,standard experience product need,32,4
381,Average experience overall. Product is fine but not great. Located in Central.,2023-02-14,WhatsApp,Bukoto,neutral,average experience overall product fine great located central,61,8
382,Great business with excellent customer care. Very professional.,2023-11-18,Website,Ntinda,positive,great business excellent customer care professional,51,6
383,Okay service. Nothing special but gets the job done.,2023-10-02,Instagram,Lubaga,neutral,okay service nothing special get job done,41,7
384,Love the product quality. Fast shipping and good packaging.,2024-01-16,Instagram,Bukoto,positive,love product quality fast shipping good packaging,49,7
385,Standard delivery time. Product quality is average. Located in Kololo.,2023-05-24,Instagram,Kampala,neutral,standard delivery time product quality average located kololo,61,8
386,Quick response time and excellent customer care. Highly recommended! Located in Bukoto.,2023-05-03,WhatsApp,Makindye,positive,quick response time excellent customer care highly recommended located bukoto,77,10
387,Love the product quality. Fast shipping and good packaging.,2024-08-08,Facebook,Ntinda,positive,love product quality fast shipping good packaging,49,7
388,Excellent communication and fast delivery. Highly satisfied!,2024-08-27,Website,Ntinda,positive,excellent communication fast delivery highly satisfied,54,6
389,Average experience overall. Product is fine but not great.,2024-12-27,Twitter,Central,neutral,average experience overall product fine great,45,6
390,Best shop in Kawempe. Quality products and great service. Great store!,2024-01-11,WhatsApp,Muyenga,positive,best shop kawempe quality product great service great store,59,9
391,Average experience. Product is functional and adequate.,2024-02-02,Instagram,Ntinda,neutral,average experience product functional adequate,46,5
392,Outstanding quality and service. Will definitely shop here again.,2023-04-18,Google,Lubaga,positive,outstanding quality service definitely shop,43,5
393,Fair value for money. Quality is acceptable but not premium.,2024-11-21,Google,Kawempe,neutral,fair value money quality acceptable premium,43,6
394,Poor value for money. Better options available elsewhere.,2024-06-18,Twitter,Bukoto,negative,poor value money better option available elsewhere,50,7
395,Product is okay. Nothing special but serves its purpose.,2024-01-12,Twitter,Bukoto,neutral,product okay nothing special serf purpose,41,6
396,Love the product quality. Fast shipping and good packaging.,2024-06-06,WhatsApp,Makindye,positive,love product quality fast shipping good packaging,49,7
397,"Fast shipping, good quality, and excellent customer support. Great packaging!",2024-09-07,Google,Nakawa,positive,fast shipping good quality excellent customer support great packaging,69,9
398,Top quality products at reasonable prices. Highly recommended! Located in Ntinda.,2023-04-28,Google,Muyenga,positive,top quality product reasonable price highly recommended located ntinda,70,9
399,Amazing quality products. Will definitely buy again from this shop. Located in Kampala. Great quality!,2024-11-16,Twitter,Kololo,positive,amazing quality product definitely buy shop located kampala great quality,73,10
400,Great service! Very fast delivery in Kampala. Highly recommend! Great order!,2024-03-15,Instagram,Kampala,positive,great service fast delivery kampala highly recommend great order,64,9
401,Poor quality products. Broke within days of purchase.,2023-11-10,Facebook,Kampala,negative,poor quality product broke within day purchase,46,7
402,Poor quality products. Broke within days of purchase.,2024-12-25,Facebook,Bukoto,negative,poor quality product broke within day purchase,46,7
403,Outstanding quality and service. Will definitely shop here again. Great packaging!,2023-02-17,Twitter,Makindye,positive,outstanding quality service definitely shop great packaging,59,7
404,Great service! Very fast delivery in Kampala. Highly recommend!,2023-05-02,Google,Muyenga,positive,great service fast delivery kampala highly recommend,52,7
405,Average quality products. Functional but not impressive.,2024-10-23,Google,Muyenga,neutral,average quality product functional impressive,45,5
406,Okay delivery time. Product is functional and usable. Great packaging!,2024-09-08,Facebook,Bukoto,neutral,okay delivery time product functional usable great packaging,60,8
407,Product is okay. Nothing special but serves its purpose.,2024-06-26,Facebook,Muyenga,neutral,product okay nothing special serf purpose,41,6
408,Excellent business! Highly professional and reliable.,2023-09-06,Twitter,Bukoto,positive,excellent business highly professional reliable,47,5
409,Great experience from start to finish. Will shop here again! Located in Lubaga.,2024-01-27,Google,Bukoto,positive,great experience start finish shop located lubaga,49,7
410,Slow response time and poor communication from the business.,2023-04-21,Instagram,Kawempe,negative,slow response time poor communication business,46,6
411,Standard business service. Acceptable but not exceptional. Located in Kampala.,2024-05-29,Instagram,Bukoto,neutral,standard business service acceptable exceptional located kampala,64,7
412,Excellent products and service. Best in the area!,2023-12-26,Twitter,Lubaga,positive,excellent product service best area,35,5
413,Customer service was unresponsive. Had to wait days for a reply.,2023-10-31,Website,Nakawa,negative,customer service unresponsive wait day reply,44,6
414,Excellent business! Highly professional and reliable.,2024-04-02,Google,Muyenga,positive,excellent business highly professional reliable,47,5
415,Excellent business! Highly professional and reliable. Located in Bukoto.,2023-10-08,Facebook,Nakawa,positive,excellent business highly professional reliable located bukoto,62,7
416,Best customer service I've experienced. Products are top quality. Located in Makindye.,2024-01-27,WhatsApp,Muyenga,positive,best customer service experienced product top quality located makindye,70,9
417,Best prices in Nakawa area. Great value for money. Located in Makindye.,2024-02-09,WhatsApp,Muyenga,positive,best price nakawa area great value money located makindye,57,9
418,Product was defective but they refused to refund. Bad business. Located in Kawempe.,2023-02-05,Google,Kololo,negative,product defective refused refund bad business located kawempe,61,8
419,Disappointing experience. Would not recommend this shop. Located in Ntinda.,2024-12-14,Google,Kawempe,negative,disappointing experience would recommend shop located ntinda,60,7
420,Best shop in Kawempe. Quality products and great service.,2024-08-07,Google,Central,positive,best shop kawempe quality product great service,47,7
421,Poor packaging led to damaged goods. Very unprofessional. Great product!,2023-02-21,Facebook,Kawempe,negative,poor packaging led damaged good unprofessional great product,60,8
422,Great products at affordable prices. Very satisfied with my purchase.,2023-01-31,Twitter,Kampala,positive,great product affordable price satisfied purchase,49,6
423,Average product quality. Meets basic expectations. Located in Nakawa.,2023-05-01,Google,Bukoto,neutral,average product quality meet basic expectation located nakawa,61,8
424,Amazing quality products. Will definitely buy again from this shop.,2023-03-30,Instagram,Makindye,positive,amazing quality product definitely buy shop,43,6
425,Excellent business! Highly professional and reliable.,2024-06-21,Website,Ntinda,positive,excellent business highly professional reliable,47,5
426,Outstanding quality and service. Will definitely shop here again. Located in Nakawa.,2023-09-26,Website,Lubaga,positive,outstanding quality service definitely shop located nakawa,58,7
427,Average experience overall. Product is fine but not great.,2024-11-01,Twitter,Kawempe,neutral,average experience overall product fine great,45,6
428,Outstanding service! The staff was very helpful and friendly. Located in Bukoto.,2024-09-22,Twitter,Kololo,positive,outstanding service staff helpful friendly located bukoto,57,7
429,Product is okay. Nothing special but serves its purpose. Great shipping!,2023-06-08,Facebook,Kololo,neutral,product okay nothing special serf purpose great shipping,56,8
430,Average experience. Product is functional and adequate. Great purchase!,2023-02-21,Google,Lubaga,neutral,average experience product functional adequate great purchase,61,7
431,Great business with excellent customer care. Very professional. Great support!,2024-09-04,Website,Kampala,positive,great business excellent customer care professional great support,65,8
432,Great business with excellent customer care. Very professional.,2023-01-25,Google,Central,positive,great business excellent customer care professional,51,6
433,Fair value for money. Quality is acceptable but not premium. Great purchase!,2024-12-05,WhatsApp,Central,neutral,fair value money quality acceptable premium great purchase,58,8
434,Professional service and high-quality products. Very happy!,2024-05-05,WhatsApp,Kawempe,positive,professional service high quality product happy,47,6
435,Very satisfied with my purchase. Great quality and fast delivery. Located in Makindye.,2023-05-05,WhatsApp,Lubaga,positive,satisfied purchase great quality fast delivery located makindye,63,8
436,Standard quality. Nothing to complain about or praise. Located in Makindye.,2024-08-29,Website,Muyenga,neutral,standard quality nothing complain praise located makindye,57,7
437,Product is fine. Meets expectations without exceeding them.,2023-06-02,Twitter,Central,neutral,product fine meet expectation without exceeding,47,6
438,Love the product quality. Fast shipping and good packaging. Great customer!,2024-08-07,Twitter,Kawempe,positive,love product quality fast shipping good packaging great customer,64,9
439,"Fast delivery, good quality, fair prices. What more could you ask for? Located in Muyenga. Great delivery!",2024-04-22,Instagram,Lubaga,positive,fast delivery good quality fair price could ask located muyenga great delivery,78,12
440,Professional service and high-quality products. Very happy! Located in Nakawa.,2024-11-25,Instagram,Central,positive,professional service high quality product happy located nakawa,62,8
441,Average experience overall. Product is fine but not great.,2024-04-12,WhatsApp,Bukoto,neutral,average experience overall product fine great,45,6
442,Best customer service I've experienced. Products are top quality.,2024-08-05,Facebook,Muyenga,positive,best customer service experienced product top quality,53,7
443,Fair value for money. Quality is acceptable but not premium.,2023-03-04,Google,Nakawa,neutral,fair value money quality acceptable premium,43,6
444,Poor value for money. Better options available elsewhere.,2023-01-08,WhatsApp,Kololo,negative,poor value money better option available elsewhere,50,7
445,Best shopping experience! Quality products and great prices.,2024-04-14,WhatsApp,Kololo,positive,best shopping experience quality product great price,52,7
446,Top-notch quality. Exceeded my expectations completely. Located in Makindye.,2024-09-02,WhatsApp,Ntinda,positive,top notch quality exceeded expectation completely located makindye,66,8
447,Excellent business! Highly professional and reliable.,2023-05-11,Twitter,Kololo,positive,excellent business highly professional reliable,47,5
448,Product was damaged on arrival. Poor packaging quality. Great delivery!,2024-09-27,Instagram,Kawempe,negative,product damaged arrival poor packaging quality great delivery,61,8
449,Product is fine. Meets expectations without exceeding them.,2024-04-02,Google,Central,neutral,product fine meet expectation without exceeding,47,6
450,Great experience from start to finish. Will shop here again! Great shop!,2024-03-14,Instagram,Kampala,positive,great experience start finish shop great shop,45,7
451,Great business with excellent customer care. Very professional. Great delivery!,2023-09-17,Twitter,Lubaga,positive,great business excellent customer care professional great delivery,66,8
452,Great experience from start to finish. Will shop here again! Located in Central. Great product!,2023-07-17,Twitter,Bukoto,positive,great experience start finish shop located central great product,64,9
453,Great business with excellent customer care. Very professional.,2023-06-24,Instagram,Nakawa,positive,great business excellent customer care professional,51,6
454,Okay service. Nothing special but gets the job done.,2024-04-03,WhatsApp,Central,neutral,okay service nothing special get job done,41,7
455,Average quality. Price is reasonable for what you get.,2024-10-08,Twitter,Kololo,neutral,average quality price reasonable get,36,5
456,Great value for money. Fast delivery and excellent packaging. Great packaging!,2024-03-02,Instagram,Lubaga,positive,great value money fast delivery excellent packaging great packaging,67,9
457,Okay product quality. Price matches the value received.,2024-06-01,Facebook,Ntinda,neutral,okay product quality price match value received,47,7
458,Professional service and high-quality products. Very happy!,2024-02-12,Instagram,Kololo,positive,professional service high quality product happy,47,6
459,Outstanding quality and service. Will definitely shop here again. Located in Muyenga.,2023-08-23,Twitter,Makindye,positive,outstanding quality service definitely shop located muyenga,59,7
460,Standard service. No complaints but nothing exceptional either.,2024-09-09,Website,Kawempe,neutral,standard service complaint nothing exceptional either,53,6
461,Standard quality. Nothing to complain about or praise.,2024-05-05,Instagram,Lubaga,neutral,standard quality nothing complain praise,40,5
462,Top-notch quality. Exceeded my expectations completely. Located in Lubaga.,2024-04-01,Facebook,Nakawa,positive,top notch quality exceeded expectation completely located lubaga,64,8
463,Excellent business! Highly professional and reliable.,2024-06-20,Facebook,Muyenga,positive,excellent business highly professional reliable,47,5
464,Top-notch quality. Exceeded my expectations completely.,2024-07-06,Facebook,Bukoto,positive,top notch quality exceeded expectation completely,49,6
465,Best shop in Kawempe. Quality products and great service. Great packaging!,2024-08-10,Website,Central,positive,best shop kawempe quality product great service great packaging,63,9
466,"Fast shipping, good quality, and excellent customer support. Located in Ntinda. Great purchase!",2023-05-27,Google,Nakawa,positive,fast shipping good quality excellent customer support located ntinda great purchase,83,11
467,Standard delivery time. Product quality is average.,2024-05-27,WhatsApp,Ntinda,neutral,standard delivery time product quality average,46,6
468,Product arrived damaged and customer service refused to help.,2024-12-18,Website,Ntinda,negative,product arrived damaged customer service refused help,53,7
469,Best customer service I've experienced. Products are top quality.,2024-08-25,Twitter,Bukoto,positive,best customer service experienced product top quality,53,7
470,Terrible customer service. No help when I had an issue.,2024-05-31,Facebook,Bukoto,negative,terrible customer service help issue,36,5
471,Amazing quality products. Will definitely buy again from this shop.,2024-05-22,Website,Nakawa,positive,amazing quality product definitely buy shop,43,6
472,Great products at affordable prices. Very satisfied with my purchase.,2023-05-21,Twitter,Ntinda,positive,great product affordable price satisfied purchase,49,6
473,Standard delivery. Product works but quality is average.,2023-05-25,Google,Central,neutral,standard delivery product work quality average,46,6
474,Standard experience. Product does what it needs to do. Located in Central. Great product!,2024-05-18,Facebook,Kawempe,neutral,standard experience product need located central great product,62,8
475,Top quality products at reasonable prices. Highly recommended!,2023-04-17,Instagram,Nakawa,positive,top quality product reasonable price highly recommended,55,7
476,Okay product quality. Price matches the value received. Located in Nakawa.,2024-06-29,Instagram,Makindye,neutral,okay product quality price match value received located nakawa,62,9
477,Great service! Very fast delivery in Kampala. Highly recommend!,2024-05-06,Website,Ntinda,positive,great service fast delivery kampala highly recommend,52,7
478,Great prices and even better service. Highly recommend this business!,2024-09-06,Website,Lubaga,positive,great price even better service highly recommend business,57,8
479,Top-notch quality. Exceeded my expectations completely.,2024-08-14,Twitter,Kawempe,positive,top notch quality exceeded expectation completely,49,6
480,Customer service needs major improvement. Very unprofessional. Located in Lubaga.,2024-12-04,Google,Makindye,negative,customer service need major improvement unprofessional located lubaga,69,8
481,Product is functional. Does what it's supposed to do. Located in Makindye.,2023-01-05,Facebook,Kololo,neutral,product functional supposed located makindye,44,5
482,Fair value for money. Quality is acceptable but not premium.,2023-05-18,Facebook,Kawempe,neutral,fair value money quality acceptable premium,43,6
483,Product didn't work as expected. Waste of money. Located in Makindye.,2023-10-20,Facebook,Kampala,negative,product work expected waste money located makindye,50,7
484,Professional service and high-quality products. Very happy!,2024-09-15,Google,Ntinda,positive,professional service high quality product happy,47,6
485,Best customer service I've experienced. Products are top quality. Great business!,2023-02-05,Facebook,Nakawa,positive,best customer service experienced product top quality great business,68,9
486,Love the product quality. Fast shipping and good packaging. Located in Central.,2023-05-09,Facebook,Kampala,positive,love product quality fast shipping good packaging located central,65,9
487,Quick response time and excellent customer care. Highly recommended! Great price!,2023-06-10,Twitter,Lubaga,positive,quick response time excellent customer care highly recommended great price,74,10
488,Terrible customer service. No help when I had an issue.,2023-04-03,Twitter,Makindye,negative,terrible customer service help issue,36,5
489,Terrible experience. Would not recommend this business to anyone.,2023-05-15,Facebook,Lubaga,negative,terrible experience would recommend business anyone,51,6
490,Poor quality products. Broke within days of purchase. Great support!,2024-10-26,Google,Muyenga,negative,poor quality product broke within day purchase great support,60,9
491,Standard delivery. Product works but quality is average.,2024-04-23,Facebook,Central,neutral,standard delivery product work quality average,46,6
492,Fair prices and acceptable quality. Nothing outstanding. Great price!,2024-08-19,Website,Muyenga,neutral,fair price acceptable quality nothing outstanding great price,61,8
493,Fair experience overall. Nothing exceptional but acceptable. Located in Nakawa.,2024-10-06,WhatsApp,Kampala,neutral,fair experience overall nothing exceptional acceptable located nakawa,69,8
494,Amazing quality products. Will definitely buy again from this shop.,2023-09-10,Facebook,Ntinda,positive,amazing quality product definitely buy shop,43,6
495,Best prices in Nakawa area. Great value for money.,2023-05-18,Twitter,Lubaga,positive,best price nakawa area great value money,40,7
496,Decent quality products. Price is fair for what you receive.,2024-07-19,Instagram,Kawempe,neutral,decent quality product price fair receive,41,6
497,Worst shopping experience. Poor quality and terrible service.,2023-03-15,Instagram,Muyenga,negative,worst shopping experience poor quality terrible service,55,7
498,Great experience from start to finish. Will shop here again! Located in Kawempe.,2023-10-05,Instagram,Central,positive,great experience start finish shop located kawempe,50,7
499,Standard business service. Acceptable but not exceptional.,2024-06-03,Website,Muyenga,neutral,standard business service acceptable exceptional,48,5
500,Average experience overall. Product is fine but not great. Located in Nakawa.,2023-01-24,Facebook,Kololo,neutral,average experience overall product fine great located nakawa,60,8
501,Great business with excellent customer care. Very professional.,2024-05-08,Website,Bukoto,positive,great business excellent customer care professional,51,6
502,Standard service. No complaints but nothing exceptional either. Located in Muyenga. Great staff!,2023-10-24,Twitter,Makindye,neutral,standard service complaint nothing exceptional either located muyenga great staff,81,10
503,Great experience overall. Will be a returning customer. Located in Muyenga.,2024-09-22,Website,Makindye,positive,great experience overall returning customer located muyenga,59,7
504,Best customer service I've experienced. Products are top quality. Great business!,2024-04-29,WhatsApp,Muyenga,positive,best customer service experienced product top quality great business,68,9
505,Very slow delivery. Took over a week to arrive in Kampala. Located in Makindye.,2024-04-22,WhatsApp,Central,negative,slow delivery took week arrive kampala located makindye,55,8
506,Average experience overall. Product is fine but not great. Great store!,2024-07-01,Twitter,Lubaga,neutral,average experience overall product fine great great store,57,8
507,Outstanding service! The staff was very helpful and friendly.,2024-01-20,Twitter,Central,positive,outstanding service staff helpful friendly,42,5
508,Average product quality. Meets basic expectations. Located in Lubaga.,2023-07-12,Website,Ntinda,neutral,average product quality meet basic expectation located lubaga,61,8
509,Average product quality. Meets basic needs adequately.,2023-07-30,Website,Bukoto,neutral,average product quality meet basic need adequately,50,7
510,"Fast shipping, good quality, and excellent customer support.",2023-12-29,Twitter,Makindye,positive,fast shipping good quality excellent customer support,53,7
511,Product works as expected. No major issues or complaints. Located in Lubaga.,2024-05-02,WhatsApp,Kampala,neutral,product work expected major issue complaint located lubaga,58,8
512,Product is fine. Meets expectations without exceeding them. Located in Kampala. Great product!,2024-09-01,Instagram,Kampala,neutral,product fine meet expectation without exceeding located kampala great product,77,10
513,Top quality products at reasonable prices. Highly recommended!,2024-03-31,Twitter,Lubaga,positive,top quality product reasonable price highly recommended,55,7
514,Excellent business! Highly professional and reliable.,2024-07-11,Website,Ntinda,positive,excellent business highly professional reliable,47,5
515,Average quality. Nothing special but nothing wrong either. Great service!,2024-01-01,Google,Kawempe,neutral,average quality nothing special nothing wrong either great service,66,9
516,Outstanding service! The staff was very helpful and friendly. Located in Kololo.,2024-02-24,Website,Lubaga,positive,outstanding service staff helpful friendly located kololo,57,7
517,Fair experience overall. Nothing exceptional but acceptable.,2024-03-20,Facebook,Central,neutral,fair experience overall nothing exceptional acceptable,54,6
518,Customer service is terrible. No one responds to complaints.,2024-04-27,Facebook,Kawempe,negative,customer service terrible one responds complaint,48,6
519,Delivery was on time. Product is as expected.,2023-04-23,Website,Ntinda,neutral,delivery time product expected,30,4
520,"Fast delivery, good quality, fair prices. What more could you ask for?",2024-01-26,WhatsApp,Kawempe,positive,fast delivery good quality fair price could ask,47,8
521,Standard delivery. Product works but quality is average.,2024-03-02,Website,Central,neutral,standard delivery product work quality average,46,6
522,Great experience overall. Will be a returning customer. Great packaging!,2024-12-19,Facebook,Kampala,positive,great experience overall returning customer great packaging,59,7
523,"Fast delivery, good quality, fair prices. What more could you ask for?",2024-01-15,Facebook,Muyenga,positive,fast delivery good quality fair price could ask,47,8
524,Best prices in Nakawa area. Great value for money. Located in Kawempe.,2024-11-24,WhatsApp,Kololo,positive,best price nakawa area great value money located kawempe,56,9
525,Great service! Very fast delivery in Kampala. Highly recommend!,2024-12-29,WhatsApp,Makindye,positive,great service fast delivery kampala highly recommend,52,7
526,Great experience overall. Will be a returning customer. Located in Kawempe. Great experience!,2024-11-03,Website,Ntinda,positive,great experience overall returning customer located kawempe great experience,76,9
527,Average experience overall. Product is fine but not great. Located in Bukoto. Great restaurant!,2023-10-05,Website,Bukoto,neutral,average experience overall product fine great located bukoto great restaurant,77,10
528,Product is fine. Meets expectations without exceeding them.,2023-05-07,Instagram,Kampala,neutral,product fine meet expectation without exceeding,47,6
529,Product is okay. Nothing special but serves its purpose.,2023-11-20,Facebook,Lubaga,neutral,product okay nothing special serf purpose,41,6
530,Outstanding service! The staff was very helpful and friendly. Located in Makindye.,2024-10-18,Website,Makindye,positive,outstanding service staff helpful friendly located makindye,59,7
531,Outstanding service! The staff was very helpful and friendly.,2023-01-25,Google,Lubaga,positive,outstanding service staff helpful friendly,42,5
532,Poor quality products. Broke within days of purchase.,2024-08-14,Instagram,Ntinda,negative,poor quality product broke within day purchase,46,7
533,Excellent products and service. Best in the area!,2024-05-07,Instagram,Kampala,positive,excellent product service best area,35,5
534,Great experience from start to finish. Will shop here again! Located in Central.,2023-06-13,WhatsApp,Bukoto,positive,great experience start finish shop located central,50,7
535,Amazing service! The team went above and beyond to help me.,2023-10-06,Twitter,Lubaga,positive,amazing service team went beyond help,37,6
536,Best prices in Nakawa area. Great value for money. Great restaurant!,2023-07-09,Twitter,Kawempe,positive,best price nakawa area great value money great restaurant,57,9
537,Love the product quality. Fast shipping and good packaging. Great order!,2024-09-15,Facebook,Muyenga,positive,love product quality fast shipping good packaging great order,61,9
538,Best prices in Nakawa area. Great value for money.,2023-03-22,Twitter,Bukoto,positive,best price nakawa area great value money,40,7
539,Best shop in Kawempe. Quality products and great service. Great shipping!,2023-08-01,WhatsApp,Bukoto,positive,best shop kawempe quality product great service great shipping,62,9
540,Terrible customer service. No help when I had an issue. Located in Muyenga.,2023-06-09,Twitter,Muyenga,negative,terrible customer service help issue located muyenga,52,7
541,Amazing experience! The product arrived on time and in perfect condition.,2023-04-24,WhatsApp,Kololo,positive,amazing experience product arrived time perfect condition,57,7
542,Okay delivery time. Product is functional and usable. Great price!,2023-05-16,Google,Muyenga,neutral,okay delivery time product functional usable great price,56,8
543,Best prices in Nakawa area. Great value for money.,2024-01-11,Website,Bukoto,positive,best price nakawa area great value money,40,7
544,Love shopping here! Always get great deals and quality products.,2024-08-24,Facebook,Nakawa,positive,love shopping always get great deal quality product,51,8
545,Very disappointed. Product quality is poor and service is worse. Located in Ntinda.,2024-01-06,Google,Makindye,negative,disappointed product quality poor service worse located ntinda,62,8
546,Product is fine. Meets expectations without exceeding them.,2023-09-08,Instagram,Kawempe,neutral,product fine meet expectation without exceeding,47,6
547,Amazing service! The team went above and beyond to help me. Located in Ntinda.,2024-03-18,Twitter,Nakawa,positive,amazing service team went beyond help located ntinda,52,8
548,Product quality was disappointing. Not as described on the website. Great service!,2023-08-18,WhatsApp,Ntinda,negative,product quality disappointing described website great service,61,7
549,Great experience from start to finish. Will shop here again! Great customer!,2023-02-22,Twitter,Muyenga,positive,great experience start finish shop great customer,49,7
550,Great value for money. Fast delivery and excellent packaging.,2024-02-19,WhatsApp,Kawempe,positive,great value money fast delivery excellent packaging,51,7
551,Standard quality. Nothing to complain about or praise. Located in Nakawa. Great experience!,2023-08-04,Google,Nakawa,neutral,standard quality nothing complain praise located nakawa great experience,72,9
552,Great experience from start to finish. Will shop here again!,2024-08-30,Google,Kampala,positive,great experience start finish shop,34,5
553,Outstanding quality and service. Will definitely shop here again.,2024-08-31,WhatsApp,Bukoto,positive,outstanding quality service definitely shop,43,5
554,Fair prices and acceptable quality. Nothing outstanding. Great delivery!,2023-02-18,Website,Bukoto,neutral,fair price acceptable quality nothing outstanding great delivery,64,8
555,Standard delivery. Product works but quality is average.,2023-06-20,Facebook,Kampala,neutral,standard delivery product work quality average,46,6
556,Excellent customer support. They responded quickly to my questions.,2024-12-19,Google,Lubaga,positive,excellent customer support responded quickly question,53,6
557,Best customer service I've experienced. Products are top quality. Great customer!,2024-11-18,Instagram,Lubaga,positive,best customer service experienced product top quality great customer,68,9
558,Okay delivery time. Product is functional and usable. Located in Makindye.,2023-02-22,Website,Nakawa,neutral,okay delivery time product functional usable located makindye,61,8
559,Great experience overall. Will be a returning customer.,2023-07-12,Website,Kampala,positive,great experience overall returning customer,43,5
560,Product quality was disappointing. Not as described on the website.,2023-10-23,WhatsApp,Nakawa,negative,product quality disappointing described website,47,5
561,Love shopping here! Always get great deals and quality products.,2024-09-07,Google,Kawempe,positive,love shopping always get great deal quality product,51,8
562,Quick response time and excellent customer care. Highly recommended! Great shop!,2023-09-10,Twitter,Muyenga,positive,quick response time excellent customer care highly recommended great shop,73,10
563,Best prices in Nakawa area. Great value for money. Located in Muyenga. Great shipping!,2024-04-11,Website,Central,positive,best price nakawa area great value money located muyenga great shipping,71,11
564,"Fast shipping, good quality, and excellent customer support. Located in Ntinda.",2023-10-16,Instagram,Kampala,positive,fast shipping good quality excellent customer support located ntinda,68,9
565,"Fast delivery, good quality, fair prices. What more could you ask for? Located in Muyenga. Great shop!",2024-05-10,Facebook,Kawempe,positive,fast delivery good quality fair price could ask located muyenga great shop,74,12
566,Customer service is terrible. No one responds to complaints.,2024-01-12,Website,Central,negative,customer service terrible one responds complaint,48,6
567,Standard quality. Nothing to complain about or praise. Great delivery!,2024-12-13,Instagram,Kololo,neutral,standard quality nothing complain praise great delivery,55,7
568,Best shopping experience! Quality products and great prices.,2023-10-08,Website,Muyenga,positive,best shopping experience quality product great price,52,7
569,Love the product quality. Fast shipping and good packaging. Located in Bukoto.,2023-06-10,Twitter,Kawempe,positive,love product quality fast shipping good packaging located bukoto,64,9
570,Not satisfied at all. Product quality is below standard. Located in Lubaga.,2024-01-30,Google,Makindye,negative,satisfied product quality standard located lubaga,49,6
571,Poor packaging led to damaged goods. Very unprofessional. Located in Kawempe.,2023-10-15,Google,Bukoto,negative,poor packaging led damaged good unprofessional located kawempe,62,8
572,Fair experience overall. Nothing exceptional but acceptable. Located in Lubaga.,2023-05-10,Instagram,Makindye,neutral,fair experience overall nothing exceptional acceptable located lubaga,69,8
573,Excellent customer support. They responded quickly to my questions.,2023-09-07,Google,Kampala,positive,excellent customer support responded quickly question,53,6
574,Product is okay. Nothing special but serves its purpose.,2023-07-19,Instagram,Nakawa,neutral,product okay nothing special serf purpose,41,6
575,Decent service. No major complaints but nothing impressive. Located in Makindye.,2024-07-05,Facebook,Makindye,neutral,decent service major complaint nothing impressive located makindye,66,8
576,Okay experience. Nothing to complain about but not impressed either.,2024-10-28,Twitter,Ntinda,neutral,okay experience nothing complain impressed either,49,6
577,Great experience overall. Will be a returning customer.,2024-03-11,Website,Makindye,positive,great experience overall returning customer,43,5
578,Average quality. Price is reasonable for what you get.,2023-04-28,Twitter,Bukoto,neutral,average quality price reasonable get,36,5
579,Love shopping here! Always get great deals and quality products. Located in Bukoto.,2023-02-16,Twitter,Kampala,positive,love shopping always get great deal quality product located bukoto,66,10
580,Professional service and high-quality products. Very happy! Located in Kampala. Great price!,2024-05-09,Instagram,Makindye,positive,professional service high quality product happy located kampala great price,75,10
581,Great business with excellent customer care. Very professional.,2024-11-17,Google,Bukoto,positive,great business excellent customer care professional,51,6
582,Excellent products and service. Best in the area!,2023-08-11,Instagram,Kawempe,positive,excellent product service best area,35,5
583,Average quality. Price is reasonable for what you get.,2024-11-17,Instagram,Bukoto,neutral,average quality price reasonable get,36,5
584,Standard delivery time. Product quality is average. Great experience!,2023-09-06,WhatsApp,Bukoto,neutral,standard delivery time product quality average great experience,63,8
585,Poor customer service. Staff was rude and unhelpful. Located in Central. Great customer!,2024-12-31,WhatsApp,Kawempe,negative,poor customer service staff rude unhelpful located central great customer,73,10
586,Standard business service. Acceptable but not exceptional.,2024-04-18,Google,Kampala,neutral,standard business service acceptable exceptional,48,5
587,Great experience from start to finish. Will shop here again! Located in Lubaga.,2024-11-29,Twitter,Kampala,positive,great experience start finish shop located lubaga,49,7
588,Best shopping experience! Quality products and great prices.,2023-01-23,Twitter,Ntinda,positive,best shopping experience quality product great price,52,7
589,Okay delivery time. Product is functional and usable.,2023-03-10,WhatsApp,Kololo,neutral,okay delivery time product functional usable,44,6
590,Amazing service! The team went above and beyond to help me.,2024-11-01,WhatsApp,Central,positive,amazing service team went beyond help,37,6
591,Standard delivery. Product works but quality is average. Located in Central.,2024-09-01,Facebook,Kampala,neutral,standard delivery product work quality average located central,62,8
592,Best shopping experience! Quality products and great prices.,2023-09-29,Facebook,Central,positive,best shopping experience quality product great price,52,7
593,Very disappointed with the quality. Not worth the money paid.,2024-07-27,Facebook,Bukoto,negative,disappointed quality worth money paid,37,5
594,Customer service was unresponsive. Had to wait days for a reply. Located in Kawempe.,2024-06-20,Google,Nakawa,negative,customer service unresponsive wait day reply located kawempe,60,8
595,Very disappointed. Product quality is poor and service is worse. Located in Muyenga. Great experience!,2024-07-25,Instagram,Ntinda,negative,disappointed product quality poor service worse located muyenga great experience,80,10
596,Product was different from what was advertised. Misleading description.,2023-11-07,Google,Ntinda,negative,product different advertised misleading description,51,5
597,Top-notch quality. Exceeded my expectations completely.,2024-06-13,Instagram,Ntinda,positive,top notch quality exceeded expectation completely,49,6
598,Professional service and high-quality products. Very happy!,2024-02-22,Instagram,Ntinda,positive,professional service high quality product happy,47,6
599,"Fast delivery, good quality, fair prices. What more could you ask for? Located in Ntinda.",2024-10-06,Facebook,Lubaga,positive,fast delivery good quality fair price could ask located ntinda,62,10
600,Terrible experience. Would not recommend this business to anyone. Great staff!,2024-04-16,Google,Lubaga,negative,terrible experience would recommend business anyone great staff,63,8
601,Amazing quality products. Will definitely buy again from this shop.,2023-04-06,WhatsApp,Kololo,positive,amazing quality product definitely buy shop,43,6
602,Great experience overall. Will be a returning customer. Located in Makindye.,2023-06-02,Twitter,Makindye,positive,great experience overall returning customer located makindye,60,7
603,Not satisfied with the product. Quality is below expectations. Located in Kampala. Great purchase!,2023-06-08,WhatsApp,Kampala,negative,satisfied product quality expectation located kampala great purchase,68,8
604,"Fast shipping, good quality, and excellent customer support.",2023-12-30,Instagram,Central,positive,fast shipping good quality excellent customer support,53,7
605,Product was different from what was advertised. Misleading description.,2023-06-27,WhatsApp,Kampala,negative,product different advertised misleading description,51,5
606,Amazing experience! The product arrived on time and in perfect condition.,2024-02-04,WhatsApp,Lubaga,positive,amazing experience product arrived time perfect condition,57,7
607,"Fast delivery, good quality, fair prices. What more could you ask for? Located in Kampala.",2024-06-25,Website,Central,positive,fast delivery good quality fair price could ask located kampala,63,10
608,Great experience from start to finish. Will shop here again!,2023-07-30,Instagram,Ntinda,positive,great experience start finish shop,34,5
609,Top-notch quality. Exceeded my expectations completely.,2024-02-11,Instagram,Muyenga,positive,top notch quality exceeded expectation completely,49,6
610,Great business with excellent customer care. Very professional.,2024-07-31,WhatsApp,Central,positive,great business excellent customer care professional,51,6
611,"Fast shipping, good quality, and excellent customer support.",2024-11-13,WhatsApp,Muyenga,positive,fast shipping good quality excellent customer support,53,7
612,Average experience. Product is functional and adequate. Great quality!,2023-03-13,Google,Muyenga,neutral,average experience product functional adequate great quality,60,7
613,Professional service and high-quality products. Very happy!,2023-03-24,Website,Kawempe,positive,professional service high quality product happy,47,6
614,Great value for money. Fast delivery and excellent packaging. Great experience!,2024-10-31,Twitter,Central,positive,great value money fast delivery excellent packaging great experience,68,9
615,Very satisfied with my purchase. Great quality and fast delivery. Great delivery!,2023-08-19,WhatsApp,Kawempe,positive,satisfied purchase great quality fast delivery great delivery,61,8
616,Product is okay. Nothing special but serves its purpose.,2024-12-11,Instagram,Central,neutral,product okay nothing special serf purpose,41,6
617,Great experience from start to finish. Will shop here again!,2024-11-07,Twitter,Lubaga,positive,great experience start finish shop,34,5
618,Outstanding quality and service. Will definitely shop here again.,2023-04-03,Google,Kampala,positive,outstanding quality service definitely shop,43,5
619,"Outstanding business! Professional, reliable, and customer-focused. Great shop!",2023-11-20,Instagram,Makindye,positive,outstanding business professional reliable customer focused great shop,70,8
620,Very satisfied with my purchase. Great quality and fast delivery. Located in Kampala. Great service!,2023-02-06,Website,Makindye,positive,satisfied purchase great quality fast delivery located kampala great service,76,10
621,Standard quality. Nothing to complain about or praise.,2024-01-21,WhatsApp,Central,neutral,standard quality nothing complain praise,40,5
622,Fair experience overall. Nothing exceptional but acceptable.,2023-10-07,Twitter,Lubaga,neutral,fair experience overall nothing exceptional acceptable,54,6
623,Outstanding service! The staff was very helpful and friendly. Great shop!,2023-06-13,Twitter,Kololo,positive,outstanding service staff helpful friendly great shop,53,7
624,Standard business service. Acceptable but not exceptional. Great staff!,2023-03-19,WhatsApp,Kololo,neutral,standard business service acceptable exceptional great staff,60,7
625,Great prices and even better service. Highly recommend this business!,2024-09-28,Facebook,Kampala,positive,great price even better service highly recommend business,57,8
626,Outstanding quality and service. Will definitely shop here again.,2023-10-29,Website,Makindye,positive,outstanding quality service definitely shop,43,5
627,Terrible customer service. No help when I had an issue.,2024-07-25,Instagram,Kololo,negative,terrible customer service help issue,36,5
628,Okay service. Nothing special but gets the job done.,2023-08-25,Instagram,Central,neutral,okay service nothing special get job done,41,7
629,Professional service and high-quality products. Very happy! Located in Kololo.,2023-07-14,Instagram,Kampala,positive,professional service high quality product happy located kololo,62,8
630,Standard quality. Nothing to complain about or praise.,2024-04-16,WhatsApp,Makindye,neutral,standard quality nothing complain praise,40,5
631,Okay service. Nothing special but gets the job done. Located in Kololo.,2023-08-13,WhatsApp,Muyenga,neutral,okay service nothing special get job done located kololo,56,9
632,Great business with excellent customer care. Very professional.,2023-07-28,Website,Nakawa,positive,great business excellent customer care professional,51,6
633,Average quality. Price is reasonable for what you get.,2024-08-24,Instagram,Nakawa,neutral,average quality price reasonable get,36,5
634,"Outstanding business! Professional, reliable, and customer-focused.",2024-09-26,Website,Kololo,positive,outstanding business professional reliable customer focused,59,6
635,Okay product quality. Price matches the value received. Great staff!,2024-03-14,Website,Kampala,neutral,okay product quality price match value received great staff,59,9
636,Best shop in Kawempe. Quality products and great service.,2024-09-06,Website,Makindye,positive,best shop kawempe quality product great service,47,7
637,Product works as expected. No major issues or complaints.,2023-02-22,Facebook,Makindye,neutral,product work expected major issue complaint,43,6
638,Product was damaged on arrival. Poor packaging quality.,2024-05-22,Website,Lubaga,negative,product damaged arrival poor packaging quality,46,6
639,Excellent communication and fast delivery. Highly satisfied!,2024-04-07,Instagram,Central,positive,excellent communication fast delivery highly satisfied,54,6
640,"Outstanding business! Professional, reliable, and customer-focused.",2024-12-10,Twitter,Nakawa,positive,outstanding business professional reliable customer focused,59,6
641,Outstanding quality and service. Will definitely shop here again.,2024-12-01,Instagram,Kawempe,positive,outstanding quality service definitely shop,43,5
642,Great prices and even better service. Highly recommend this business! Located in Kampala. Great product!,2024-08-17,Twitter,Nakawa,positive,great price even better service highly recommend business located kampala great product,87,12
643,Great products at affordable prices. Very satisfied with my purchase. Located in Nakawa. Great staff!,2023-08-23,Instagram,Makindye,positive,great product affordable price satisfied purchase located nakawa great staff,76,10
644,"Outstanding business! Professional, reliable, and customer-focused.",2023-01-18,Google,Kawempe,positive,outstanding business professional reliable customer focused,59,6
645,Excellent communication and fast delivery. Highly satisfied!,2023-01-08,Instagram,Kampala,positive,excellent communication fast delivery highly satisfied,54,6
646,Excellent business! Highly professional and reliable. Great restaurant!,2024-11-22,Website,Kawempe,positive,excellent business highly professional reliable great restaurant,64,7
647,Great service! Very fast delivery in Kampala. Highly recommend! Great support!,2023-11-18,WhatsApp,Central,positive,great service fast delivery kampala highly recommend great support,66,9
648,Great prices and even better service. Highly recommend this business! Located in Central.,2024-07-02,Instagram,Ntinda,positive,great price even better service highly recommend business located central,73,10
649,Product is fine. Meets expectations without exceeding them.,2024-07-05,Website,Central,neutral,product fine meet expectation without exceeding,47,6
650,"Fast shipping, good quality, and excellent customer support. Great product!",2023-06-23,Google,Bukoto,positive,fast shipping good quality excellent customer support great product,67,9
651,Best shopping experience! Quality products and great prices. Located in Kawempe.,2023-12-15,Facebook,Kololo,positive,best shopping experience quality product great price located kawempe,68,9
652,Best customer service I've experienced. Products are top quality. Located in Nakawa. Great service!,2024-01-31,Website,Lubaga,positive,best customer service experienced product top quality located nakawa great service,82,11
653,Would not buy from here again. Poor experience overall. Located in Muyenga. Great support!,2023-12-11,Facebook,Ntinda,negative,would buy poor experience overall located muyenga great support,63,9
654,Okay service. Product meets basic requirements. Located in Lubaga. Great customer!,2023-10-22,Website,Ntinda,neutral,okay service product meet basic requirement located lubaga great customer,73,10
655,"Outstanding business! Professional, reliable, and customer-focused. Great price!",2024-09-08,Website,Makindye,positive,outstanding business professional reliable customer focused great price,71,8
656,Product is fine. Meets expectations without exceeding them.,2023-01-28,Website,Nakawa,neutral,product fine meet expectation without exceeding,47,6
657,Average product quality. Meets basic expectations.,2024-04-26,Facebook,Muyenga,neutral,average product quality meet basic expectation,46,6
658,Standard quality. Nothing to complain about or praise. Located in Kawempe.,2024-08-06,Facebook,Central,neutral,standard quality nothing complain praise located kawempe,56,7
659,Great products at affordable prices. Very satisfied with my purchase. Located in Kawempe.,2024-09-27,WhatsApp,Kololo,positive,great product affordable price satisfied purchase located kawempe,65,8
660,Delivery issues. Package arrived late and damaged.,2023-10-22,Facebook,Makindye,negative,delivery issue package arrived late damaged,43,6
661,Worst shopping experience. Poor quality and terrible service.,2023-07-28,Google,Muyenga,negative,worst shopping experience poor quality terrible service,55,7
662,Best customer service I've experienced. Products are top quality.,2024-01-25,Website,Muyenga,positive,best customer service experienced product top quality,53,7
663,Standard delivery time. Product quality is average. Located in Ntinda. Great service!,2024-02-26,Google,Nakawa,neutral,standard delivery time product quality average located ntinda great service,75,10
664,Professional service and high-quality products. Very happy! Located in Bukoto.,2024-02-29,WhatsApp,Kampala,positive,professional service high quality product happy located bukoto,62,8
665,Great products at affordable prices. Very satisfied with my purchase. Located in Makindye.,2023-04-02,Twitter,Central,positive,great product affordable price satisfied purchase located makindye,66,8
666,Decent quality products. Price is fair for what you receive.,2023-04-26,Website,Muyenga,neutral,decent quality product price fair receive,41,6
667,Excellent customer support. They responded quickly to my questions. Located in Bukoto.,2024-03-03,Website,Ntinda,positive,excellent customer support responded quickly question located bukoto,68,8
668,Decent service. No major complaints but nothing impressive.,2024-09-25,Facebook,Nakawa,neutral,decent service major complaint nothing impressive,49,6
669,Standard quality. Nothing to complain about or praise. Located in Kawempe.,2024-11-02,Facebook,Central,neutral,standard quality nothing complain praise located kawempe,56,7
670,Not satisfied with the product. Quality is below expectations. Great experience!,2023-05-23,WhatsApp,Muyenga,negative,satisfied product quality expectation great experience,54,6
671,Amazing service! The team went above and beyond to help me.,2024-04-09,Instagram,Nakawa,positive,amazing service team went beyond help,37,6
672,Best shop in Kawempe. Quality products and great service.,2023-10-05,WhatsApp,Kampala,positive,best shop kawempe quality product great service,47,7
673,Excellent communication and fast delivery. Highly satisfied!,2023-10-21,Instagram,Muyenga,positive,excellent communication fast delivery highly satisfied,54,6
674,Standard delivery time. Product quality is average.,2024-08-21,Google,Ntinda,neutral,standard delivery time product quality average,46,6
675,Standard business service. Acceptable but not exceptional.,2023-10-19,Google,Kawempe,neutral,standard business service acceptable exceptional,48,5
676,Excellent communication and fast delivery. Highly satisfied! Located in Ntinda.,2023-08-30,Instagram,Kampala,positive,excellent communication fast delivery highly satisfied located ntinda,69,8
677,Not satisfied with the product. Quality is below expectations.,2024-06-24,Twitter,Central,negative,satisfied product quality expectation,37,4
678,Slow response time and poor communication from the business.,2023-07-16,Twitter,Bukoto,negative,slow response time poor communication business,46,6
679,Top quality products at reasonable prices. Highly recommended!,2023-01-17,Instagram,Bukoto,positive,top quality product reasonable price highly recommended,55,7
680,Quick response time and excellent customer care. Highly recommended!,2024-05-22,Website,Ntinda,positive,quick response time excellent customer care highly recommended,62,8
681,Average quality. Price is reasonable for what you get. Located in Nakawa.,2023-10-18,Twitter,Kawempe,neutral,average quality price reasonable get located nakawa,51,7
682,Quick response time and excellent customer care. Highly recommended!,2023-01-15,Instagram,Muyenga,positive,quick response time excellent customer care highly recommended,62,8
683,Standard delivery time. Product quality is average.,2024-06-29,Google,Kampala,neutral,standard delivery time product quality average,46,6
684,Poor quality products. Broke within days of purchase. Located in Kampala. Great service!,2023-05-15,Website,Central,negative,poor quality product broke within day purchase located kampala great service,76,11
685,"Outstanding business! Professional, reliable, and customer-focused. Located in Makindye.",2024-12-29,Google,Kawempe,positive,outstanding business professional reliable customer focused located makindye,76,8
686,Standard quality. Nothing to complain about or praise.,2024-06-14,Website,Lubaga,neutral,standard quality nothing complain praise,40,5
687,Great business with excellent customer care. Very professional.,2024-11-17,Website,Makindye,positive,great business excellent customer care professional,51,6
688,Product quality was disappointing. Not as described on the website.,2024-09-26,Website,Nakawa,negative,product quality disappointing described website,47,5
689,Very satisfied with my purchase. Great quality and fast delivery.,2024-03-23,Facebook,Central,positive,satisfied purchase great quality fast delivery,46,6
690,Great business with excellent customer care. Very professional. Located in Central. Great product!,2024-10-29,Website,Central,positive,great business excellent customer care professional located central great product,81,10
691,Great prices and even better service. Highly recommend this business! Great staff!,2024-01-30,Website,Makindye,positive,great price even better service highly recommend business great staff,69,10
692,Professional service and high-quality products. Very happy! Located in Lubaga. Great customer!,2023-07-12,Google,Bukoto,positive,professional service high quality product happy located lubaga great customer,77,10
693,Product works as expected. No major issues or complaints. Great store!,2023-08-15,Twitter,Muyenga,neutral,product work expected major issue complaint great store,55,8
694,Excellent customer support. They responded quickly to my questions.,2024-05-20,WhatsApp,Muyenga,positive,excellent customer support responded quickly question,53,6
695,Terrible experience. Would not recommend this business to anyone.,2024-02-06,WhatsApp,Bukoto,negative,terrible experience would recommend business anyone,51,6
696,Best shopping experience! Quality products and great prices.,2024-07-09,Twitter,Lubaga,positive,best shopping experience quality product great price,52,7
697,Best prices in Nakawa area. Great value for money.,2023-06-26,Instagram,Kololo,positive,best price nakawa area great value money,40,7
698,Fair experience overall. Nothing exceptional but acceptable.,2024-12-10,Website,Makindye,neutral,fair experience overall nothing exceptional acceptable,54,6
699,Great experience overall. Will be a returning customer.,2023-03-17,Twitter,Central,positive,great experience overall returning customer,43,5
700,Standard business service. Acceptable but not exceptional.,2024-01-22,Facebook,Lubaga,neutral,standard business service acceptable exceptional,48,5
701,Product was damaged on arrival. Poor packaging quality.,2023-10-06,Twitter,Lubaga,negative,product damaged arrival poor packaging quality,46,6
702,Customer service is terrible. No one responds to complaints. Located in Kampala.,2023-03-17,Twitter,Kololo,negative,customer service terrible one responds complaint located kampala,64,8
703,Standard quality. Nothing to complain about or praise.,2023-06-17,WhatsApp,Muyenga,neutral,standard quality nothing complain praise,40,5
704,Decent quality products. Price is fair for what you receive.,2024-03-07,Google,Lubaga,neutral,decent quality product price fair receive,41,6
705,Terrible experience. Would not recommend this business to anyone. Located in Central.,2023-05-13,Google,Bukoto,negative,terrible experience would recommend business anyone located central,67,8
706,"Outstanding business! Professional, reliable, and customer-focused.",2023-01-13,Facebook,Lubaga,positive,outstanding business professional reliable customer focused,59,6
707,Best prices in Nakawa area. Great value for money. Located in Lubaga.,2024-02-13,Instagram,Nakawa,positive,best price nakawa area great value money located lubaga,55,9
708,"Fast delivery, good quality, fair prices. What more could you ask for? Located in Ntinda. Great shop!",2024-01-16,Website,Ntinda,positive,fast delivery good quality fair price could ask located ntinda great shop,73,12
709,Amazing service! The team went above and beyond to help me. Located in Kololo. Great experience!,2023-03-21,Google,Bukoto,positive,amazing service team went beyond help located kololo great experience,69,10
710,Love the product quality. Fast shipping and good packaging.,2023-04-15,WhatsApp,Lubaga,positive,love product quality fast shipping good packaging,49,7
711,Quick response time and excellent customer care. Highly recommended!,2024-10-21,Google,Muyenga,positive,quick response time excellent customer care highly recommended,62,8
712,Poor customer service. Staff was rude and unhelpful. Great delivery!,2024-01-19,Google,Kololo,negative,poor customer service staff rude unhelpful great delivery,57,8
713,Love shopping here! Always get great deals and quality products. Located in Lubaga. Great customer!,2023-02-07,Twitter,Kawempe,positive,love shopping always get great deal quality product located lubaga great customer,81,12
714,Great prices and even better service. Highly recommend this business!,2024-03-28,Twitter,Kawempe,positive,great price even better service highly recommend business,57,8
715,Excellent communication and fast delivery. Highly satisfied! Great shop!,2023-06-20,Instagram,Kololo,positive,excellent communication fast delivery highly satisfied great shop,65,8
716,Excellent business! Highly professional and reliable. Great product!,2023-09-06,Google,Kampala,positive,excellent business highly professional reliable great product,61,7
717,Outstanding quality and service. Will definitely shop here again. Great store!,2023-09-17,WhatsApp,Bukoto,positive,outstanding quality service definitely shop great store,55,7
718,Excellent products and service. Best in the area! Great store!,2024-01-11,Instagram,Ntinda,positive,excellent product service best area great store,47,7
719,Amazing experience! The product arrived on time and in perfect condition.,2024-09-30,Website,Kampala,positive,amazing experience product arrived time perfect condition,57,7
720,Best shopping experience! Quality products and great prices.,2023-04-25,Instagram,Central,positive,best shopping experience quality product great price,52,7
721,Love shopping here! Always get great deals and quality products.,2023-11-09,WhatsApp,Kawempe,positive,love shopping always get great deal quality product,51,8
722,Great value for money. Fast delivery and excellent packaging. Great shop!,2023-02-06,Website,Kampala,positive,great value money fast delivery excellent packaging great shop,62,9
723,Love the product quality. Fast shipping and good packaging.,2023-07-30,Instagram,Muyenga,positive,love product quality fast shipping good packaging,49,7
724,Great service! Very fast delivery in Kampala. Highly recommend!,2023-10-30,Google,Central,positive,great service fast delivery kampala highly recommend,52,7
725,Customer service is terrible. No one responds to complaints. Located in Kawempe.,2023-09-19,Google,Kawempe,negative,customer service terrible one responds complaint located kawempe,64,8
726,"Fast delivery, good quality, fair prices. What more could you ask for?",2023-02-25,Twitter,Kampala,positive,fast delivery good quality fair price could ask,47,8
727,Best customer service I've experienced. Products are top quality.,2023-07-31,Website,Nakawa,positive,best customer service experienced product top quality,53,7
728,Great business with excellent customer care. Very professional. Located in Ntinda.,2023-01-04,Instagram,Lubaga,positive,great business excellent customer care professional located ntinda,66,8
729,Very satisfied with my purchase. Great quality and fast delivery.,2024-10-18,Website,Lubaga,positive,satisfied purchase great quality fast delivery,46,6
730,Product works as expected. No major issues or complaints.,2023-01-16,Instagram,Ntinda,neutral,product work expected major issue complaint,43,6
731,Very slow delivery. Took over a week to arrive in Kampala.,2023-04-13,Facebook,Ntinda,negative,slow delivery took week arrive kampala,38,6
732,Outstanding service! The staff was very helpful and friendly.,2023-01-17,Instagram,Kawempe,positive,outstanding service staff helpful friendly,42,5
733,Very disappointed. Product quality is poor and service is worse. Located in Muyenga.,2024-12-15,Facebook,Makindye,negative,disappointed product quality poor service worse located muyenga,63,8
734,Great experience overall. Will be a returning customer.,2024-01-12,Instagram,Muyenga,positive,great experience overall returning customer,43,5
735,Excellent communication and fast delivery. Highly satisfied! Located in Ntinda. Great staff!,2023-01-23,Twitter,Kawempe,positive,excellent communication fast delivery highly satisfied located ntinda great staff,81,10
736,Average quality products. Functional but not impressive.,2024-06-08,Twitter,Muyenga,neutral,average quality product functional impressive,45,5
737,Outstanding service! The staff was very helpful and friendly.,2023-11-30,Facebook,Kawempe,positive,outstanding service staff helpful friendly,42,5
738,Outstanding quality and service. Will definitely shop here again. Located in Nakawa.,2023-12-25,Google,Makindye,positive,outstanding quality service definitely shop located nakawa,58,7
739,"Outstanding business! Professional, reliable, and customer-focused.",2024-09-03,Facebook,Kololo,positive,outstanding business professional reliable customer focused,59,6
740,Worst shopping experience. Poor quality and terrible service.,2024-01-21,Website,Ntinda,negative,worst shopping experience poor quality terrible service,55,7
741,Great value for money. Fast delivery and excellent packaging.,2024-03-19,Twitter,Ntinda,positive,great value money fast delivery excellent packaging,51,7
742,Excellent products and service. Best in the area!,2023-12-19,Website,Kololo,positive,excellent product service best area,35,5
743,Product arrived damaged and customer service refused to help.,2023-01-11,WhatsApp,Nakawa,negative,product arrived damaged customer service refused help,53,7
744,Amazing experience! The product arrived on time and in perfect condition. Located in Bukoto.,2024-11-16,Instagram,Bukoto,positive,amazing experience product arrived time perfect condition located bukoto,72,9
745,Top-notch quality. Exceeded my expectations completely. Located in Kampala.,2023-08-06,Google,Lubaga,positive,top notch quality exceeded expectation completely located kampala,65,8
746,"Outstanding business! Professional, reliable, and customer-focused. Located in Central.",2023-03-12,Google,Lubaga,positive,outstanding business professional reliable customer focused located central,75,8
747,Customer service was unresponsive. Had to wait days for a reply.,2023-01-05,Instagram,Central,negative,customer service unresponsive wait day reply,44,6
748,Disappointing experience. Would not recommend this shop. Located in Central.,2024-08-28,Google,Kawempe,negative,disappointing experience would recommend shop located central,61,7
749,Okay service. Product meets basic requirements.,2023-06-16,WhatsApp,Makindye,neutral,okay service product meet basic requirement,43,6
750,Very disappointed with the quality. Not worth the money paid. Located in Kawempe.,2024-02-03,Website,Kololo,negative,disappointed quality worth money paid located kawempe,53,7
751,Not satisfied with the product. Quality is below expectations. Great customer!,2023-09-09,Website,Muyenga,negative,satisfied product quality expectation great customer,52,6
752,Standard business service. Acceptable but not exceptional. Located in Nakawa.,2023-06-15,WhatsApp,Kampala,neutral,standard business service acceptable exceptional located nakawa,63,7
753,Product is fine. Meets expectations without exceeding them.,2023-12-16,Facebook,Ntinda,neutral,product fine meet expectation without exceeding,47,6
754,Standard experience. Product does what it needs to do. Located in Makindye.,2023-01-29,Website,Nakawa,neutral,standard experience product need located makindye,49,6
755,Product arrived damaged and customer service refused to help.,2024-08-04,Google,Nakawa,negative,product arrived damaged customer service refused help,53,7
756,"Fast delivery, good quality, fair prices. What more could you ask for?",2024-02-02,Facebook,Central,positive,fast delivery good quality fair price could ask,47,8
757,Decent value. Product works as expected.,2023-04-30,Google,Makindye,neutral,decent value product work expected,34,5
758,Best shopping experience! Quality products and great prices.,2024-05-17,WhatsApp,Central,positive,best shopping experience quality product great price,52,7
759,Very satisfied with my purchase. Great quality and fast delivery.,2024-10-21,WhatsApp,Kampala,positive,satisfied purchase great quality fast delivery,46,6
760,Professional service and high-quality products. Very happy!,2023-04-06,Instagram,Muyenga,positive,professional service high quality product happy,47,6
761,"Outstanding business! Professional, reliable, and customer-focused.",2023-05-31,Instagram,Nakawa,positive,outstanding business professional reliable customer focused,59,6
762,Top quality products at reasonable prices. Highly recommended! Located in Nakawa.,2023-09-13,Facebook,Ntinda,positive,top quality product reasonable price highly recommended located nakawa,70,9
763,Fair prices and acceptable quality. Nothing outstanding.,2024-07-05,Instagram,Kawempe,neutral,fair price acceptable quality nothing outstanding,49,6
764,Best shopping experience! Quality products and great prices.,2024-09-18,Facebook,Bukoto,positive,best shopping experience quality product great price,52,7
765,Standard delivery. Product works but quality is average.,2024-10-12,Instagram,Muyenga,neutral,standard delivery product work quality average,46,6
766,Outstanding service! The staff was very helpful and friendly.,2023-07-20,Twitter,Lubaga,positive,outstanding service staff helpful friendly,42,5
767,Delivery was on time. Product is as expected. Located in Ntinda.,2023-03-25,Facebook,Lubaga,neutral,delivery time product expected located ntinda,45,6
768,Okay service. Product meets basic requirements. Located in Lubaga. Great shop!,2023-11-06,Website,Kampala,neutral,okay service product meet basic requirement located lubaga great shop,69,10
769,Disappointing experience. Would not recommend this shop.,2023-01-21,Twitter,Ntinda,negative,disappointing experience would recommend shop,45,5
770,Professional service and high-quality products. Very happy! Located in Ntinda.,2023-07-18,Instagram,Kampala,positive,professional service high quality product happy located ntinda,62,8
771,Outstanding quality and service. Will definitely shop here again.,2023-07-28,Website,Kampala,positive,outstanding quality service definitely shop,43,5
772,Average quality. Nothing special but nothing wrong either. Located in Lubaga.,2024-05-27,Website,Lubaga,neutral,average quality nothing special nothing wrong either located lubaga,67,9
773,Great experience overall. Will be a returning customer. Located in Kampala. Great order!,2023-09-02,Twitter,Lubaga,positive,great experience overall returning customer located kampala great order,71,9
774,Top-notch quality. Exceeded my expectations completely.,2023-04-16,Instagram,Central,positive,top notch quality exceeded expectation completely,49,6
775,Top quality products at reasonable prices. Highly recommended! Great delivery!,2023-11-13,Instagram,Lubaga,positive,top quality product reasonable price highly recommended great delivery,70,9
776,Great value for money. Fast delivery and excellent packaging.,2023-11-26,Google,Ntinda,positive,great value money fast delivery excellent packaging,51,7
777,Product was defective but they refused to refund. Bad business. Located in Nakawa.,2024-03-01,Twitter,Lubaga,negative,product defective refused refund bad business located nakawa,60,8
778,Decent quality products. Price is fair for what you receive.,2023-06-08,Instagram,Bukoto,neutral,decent quality product price fair receive,41,6
779,Quick response time and excellent customer care. Highly recommended!,2023-09-28,Instagram,Makindye,positive,quick response time excellent customer care highly recommended,62,8
780,Amazing service! The team went above and beyond to help me. Located in Muyenga. Great packaging!,2023-03-23,Google,Makindye,positive,amazing service team went beyond help located muyenga great packaging,69,10
781,Excellent communication and fast delivery. Highly satisfied! Located in Makindye.,2023-08-22,Twitter,Bukoto,positive,excellent communication fast delivery highly satisfied located makindye,71,8
782,Top-notch quality. Exceeded my expectations completely.,2024-10-11,Website,Bukoto,positive,top notch quality exceeded expectation completely,49,6
783,Best prices in Nakawa area. Great value for money.,2023-02-21,Facebook,Makindye,positive,best price nakawa area great value money,40,7
784,Not satisfied with the product. Quality is below expectations. Located in Central.,2024-10-15,Facebook,Muyenga,negative,satisfied product quality expectation located central,53,6
785,Standard business service. Acceptable but not exceptional. Great packaging!,2024-02-22,Website,Muyenga,neutral,standard business service acceptable exceptional great packaging,64,7
786,Average product quality. Meets basic needs adequately. Great support!,2023-01-28,WhatsApp,Makindye,neutral,average product quality meet basic need adequately great support,64,9
787,Product was damaged on arrival. Poor packaging quality. Located in Central.,2024-11-30,Twitter,Muyenga,negative,product damaged arrival poor packaging quality located central,62,8
788,Average quality. Price is reasonable for what you get.,2023-03-16,Twitter,Ntinda,neutral,average quality price reasonable get,36,5
789,Great experience overall. Will be a returning customer. Located in Ntinda.,2023-07-27,Facebook,Central,positive,great experience overall returning customer located ntinda,58,7
790,Great service! Very fast delivery in Kampala. Highly recommend! Located in Ntinda. Great service!,2023-06-23,Facebook,Kampala,positive,great service fast delivery kampala highly recommend located ntinda great service,81,11
791,Great business with excellent customer care. Very professional.,2024-06-06,Facebook,Kawempe,positive,great business excellent customer care professional,51,6
792,Great value for money. Fast delivery and excellent packaging. Great business!,2023-12-01,WhatsApp,Central,positive,great value money fast delivery excellent packaging great business,66,9
793,Fair prices and acceptable quality. Nothing outstanding.,2024-07-10,Instagram,Muyenga,neutral,fair price acceptable quality nothing outstanding,49,6
794,Great service! Very fast delivery in Kampala. Highly recommend! Great business!,2024-08-03,Google,Central,positive,great service fast delivery kampala highly recommend great business,67,9
795,Amazing experience! The product arrived on time and in perfect condition.,2023-02-05,Twitter,Ntinda,positive,amazing experience product arrived time perfect condition,57,7
796,Best prices in Nakawa area. Great value for money. Located in Central. Great shipping!,2024-01-09,Google,Kampala,positive,best price nakawa area great value money located central great shipping,71,11
797,Standard delivery. Product works but quality is average.,2023-10-31,Website,Ntinda,neutral,standard delivery product work quality average,46,6
798,"Outstanding business! Professional, reliable, and customer-focused. Located in Nakawa.",2024-04-02,Website,Muyenga,positive,outstanding business professional reliable customer focused located nakawa,74,8
799,Decent quality products. Price is fair for what you receive.,2023-02-11,Facebook,Lubaga,neutral,decent quality product price fair receive,41,6
800,Product is fine. Meets expectations without exceeding them.,2023-01-31,Google,Lubaga,neutral,product fine meet expectation without exceeding,47,6
801,Best shopping experience! Quality products and great prices. Located in Bukoto. Great staff!,2024-01-25,Website,Lubaga,positive,best shopping experience quality product great price located bukoto great staff,79,11
802,"Outstanding business! Professional, reliable, and customer-focused.",2023-04-17,Instagram,Central,positive,outstanding business professional reliable customer focused,59,6
803,Love the product quality. Fast shipping and good packaging.,2024-04-10,WhatsApp,Nakawa,positive,love product quality fast shipping good packaging,49,7
804,Outstanding quality and service. Will definitely shop here again. Located in Lubaga.,2024-09-12,Website,Kampala,positive,outstanding quality service definitely shop located lubaga,58,7
805,"Outstanding business! Professional, reliable, and customer-focused.",2023-08-01,Website,Lubaga,positive,outstanding business professional reliable customer focused,59,6
806,Quick response time and excellent customer care. Highly recommended! Great shipping!,2024-07-27,Google,Ntinda,positive,quick response time excellent customer care highly recommended great shipping,77,10
807,Amazing service! The team went above and beyond to help me.,2023-05-15,Google,Lubaga,positive,amazing service team went beyond help,37,6
808,Average quality products. Functional but not impressive.,2024-02-15,Website,Makindye,neutral,average quality product functional impressive,45,5
809,Standard experience. Product does what it needs to do. Great store!,2024-06-30,Facebook,Ntinda,neutral,standard experience product need great store,44,6
810,Product arrived damaged and customer service refused to help. Great business!,2024-10-06,Facebook,Ntinda,negative,product arrived damaged customer service refused help great business,68,9
811,Average product quality. Meets basic needs adequately.,2024-11-08,Google,Kampala,neutral,average product quality meet basic need adequately,50,7
812,Fair prices and acceptable quality. Nothing outstanding.,2024-06-29,Facebook,Muyenga,neutral,fair price acceptable quality nothing outstanding,49,6
813,"Fast shipping, good quality, and excellent customer support. Located in Makindye.",2024-09-08,Facebook,Kololo,positive,fast shipping good quality excellent customer support located makindye,70,9
814,Best shop in Kawempe. Quality products and great service.,2024-01-30,Twitter,Central,positive,best shop kawempe quality product great service,47,7
815,Okay experience. Nothing to complain about but not impressed either.,2024-03-22,Website,Muyenga,neutral,okay experience nothing complain impressed either,49,6
816,Decent value. Product works as expected. Great customer!,2024-11-02,Google,Nakawa,neutral,decent value product work expected great customer,49,7
817,Delivery issues. Package arrived late and damaged.,2023-10-03,Website,Ntinda,negative,delivery issue package arrived late damaged,43,6
818,Great experience overall. Will be a returning customer.,2024-02-10,Instagram,Muyenga,positive,great experience overall returning customer,43,5
819,Top quality products at reasonable prices. Highly recommended!,2024-09-10,Website,Bukoto,positive,top quality product reasonable price highly recommended,55,7
820,"Fast delivery, good quality, fair prices. What more could you ask for? Located in Makindye.",2024-03-09,Twitter,Ntinda,positive,fast delivery good quality fair price could ask located makindye,64,10
821,Great prices and even better service. Highly recommend this business!,2023-12-17,Website,Kololo,positive,great price even better service highly recommend business,57,8
822,Excellent customer support. They responded quickly to my questions. Great customer!,2024-09-05,Instagram,Lubaga,positive,excellent customer support responded quickly question great customer,68,8
823,Amazing service! The team went above and beyond to help me.,2024-04-16,WhatsApp,Ntinda,positive,amazing service team went beyond help,37,6
824,Product is okay. Nothing special but serves its purpose. Located in Kololo.,2023-03-11,Instagram,Makindye,neutral,product okay nothing special serf purpose located kololo,56,8
825,Great business with excellent customer care. Very professional.,2024-12-14,Facebook,Lubaga,positive,great business excellent customer care professional,51,6
826,Excellent business! Highly professional and reliable.,2024-09-09,Google,Ntinda,positive,excellent business highly professional reliable,47,5
827,Professional service and high-quality products. Very happy! Located in Lubaga.,2023-04-30,Twitter,Lubaga,positive,professional service high quality product happy located lubaga,62,8
828,Top-notch quality. Exceeded my expectations completely. Located in Bukoto.,2023-08-09,Google,Bukoto,positive,top notch quality exceeded expectation completely located bukoto,64,8
829,Average product quality. Meets basic needs adequately.,2024-09-04,Website,Lubaga,neutral,average product quality meet basic need adequately,50,7
830,Not satisfied with the product. Quality is below expectations.,2024-01-09,Google,Makindye,negative,satisfied product quality expectation,37,4
831,Great experience from start to finish. Will shop here again! Located in Lubaga.,2023-05-14,Google,Muyenga,positive,great experience start finish shop located lubaga,49,7
832,Excellent products and service. Best in the area! Located in Nakawa.,2024-05-15,Google,Kololo,positive,excellent product service best area located nakawa,50,7
833,Amazing experience! The product arrived on time and in perfect condition.,2023-05-07,Facebook,Lubaga,positive,amazing experience product arrived time perfect condition,57,7
834,Love shopping here! Always get great deals and quality products. Located in Nakawa.,2024-07-02,Instagram,Kololo,positive,love shopping always get great deal quality product located nakawa,66,10
835,Professional service and high-quality products. Very happy!,2023-02-05,Google,Kawempe,positive,professional service high quality product happy,47,6
836,Very disappointed with the quality. Not worth the money paid.,2023-01-01,Instagram,Ntinda,negative,disappointed quality worth money paid,37,5
837,Fair experience overall. Nothing exceptional but acceptable. Located in Kawempe.,2024-03-07,WhatsApp,Central,neutral,fair experience overall nothing exceptional acceptable located kawempe,70,8
838,"Fast delivery, good quality, fair prices. What more could you ask for?",2023-08-15,Instagram,Kampala,positive,fast delivery good quality fair price could ask,47,8
839,Top-notch quality. Exceeded my expectations completely.,2024-04-11,Instagram,Muyenga,positive,top notch quality exceeded expectation completely,49,6
840,Overpriced compared to other shops in Nakawa area.,2023-01-05,Website,Nakawa,negative,overpriced compared shop nakawa area,36,5
841,Very disappointed with the quality. Not worth the money paid.,2023-09-10,Google,Kololo,negative,disappointed quality worth money paid,37,5
842,Love the product quality. Fast shipping and good packaging.,2024-06-12,WhatsApp,Central,positive,love product quality fast shipping good packaging,49,7
843,Standard service. No complaints but nothing exceptional either.,2024-06-24,Instagram,Kawempe,neutral,standard service complaint nothing exceptional either,53,6
844,Excellent products and service. Best in the area!,2023-03-22,Website,Makindye,positive,excellent product service best area,35,5
845,Best customer service I've experienced. Products are top quality.,2024-06-16,Google,Makindye,positive,best customer service experienced product top quality,53,7
846,Very disappointed with the quality. Not worth the money paid. Located in Nakawa. Great order!,2024-05-25,Instagram,Nakawa,negative,disappointed quality worth money paid located nakawa great order,64,9
847,Poor customer service. Staff was rude and unhelpful.,2023-05-26,Instagram,Kawempe,negative,poor customer service staff rude unhelpful,42,6
848,Poor customer service. Staff was rude and unhelpful. Great customer!,2024-12-25,Twitter,Makindye,negative,poor customer service staff rude unhelpful great customer,57,8
849,Great experience from start to finish. Will shop here again! Located in Makindye.,2024-10-16,Twitter,Bukoto,positive,great experience start finish shop located makindye,51,7
850,Love the product quality. Fast shipping and good packaging. Located in Muyenga.,2023-06-07,Twitter,Kawempe,positive,love product quality fast shipping good packaging located muyenga,65,9
851,Amazing quality products. Will definitely buy again from this shop. Great shop!,2023-01-26,Instagram,Kawempe,positive,amazing quality product definitely buy shop great shop,54,8
852,Great service! Very fast delivery in Kampala. Highly recommend!,2023-12-13,WhatsApp,Kololo,positive,great service fast delivery kampala highly recommend,52,7
853,Amazing experience! The product arrived on time and in perfect condition.,2024-10-02,Twitter,Muyenga,positive,amazing experience product arrived time perfect condition,57,7
854,Love the product quality. Fast shipping and good packaging.,2024-12-13,Facebook,Muyenga,positive,love product quality fast shipping good packaging,49,7
855,"Outstanding business! Professional, reliable, and customer-focused. Located in Makindye. Great support!",2023-05-01,Twitter,Lubaga,positive,outstanding business professional reliable customer focused located makindye great support,90,10
856,Amazing experience! The product arrived on time and in perfect condition.,2024-11-17,Website,Lubaga,positive,amazing experience product arrived time perfect condition,57,7
857,Amazing experience! The product arrived on time and in perfect condition.,2023-04-21,Facebook,Kawempe,positive,amazing experience product arrived time perfect condition,57,7
858,Best prices in Nakawa area. Great value for money. Located in Ntinda. Great customer!,2024-12-23,Twitter,Central,positive,best price nakawa area great value money located ntinda great customer,70,11
859,Amazing experience! The product arrived on time and in perfect condition. Located in Muyenga.,2023-10-23,Instagram,Ntinda,positive,amazing experience product arrived time perfect condition located muyenga,73,9
860,"Fast delivery, good quality, fair prices. What more could you ask for? Located in Kawempe.",2023-06-22,Website,Kololo,positive,fast delivery good quality fair price could ask located kawempe,63,10
861,Great value for money. Fast delivery and excellent packaging. Great store!,2024-09-30,Instagram,Makindye,positive,great value money fast delivery excellent packaging great store,63,9
862,Standard quality. Nothing to complain about or praise. Located in Kampala. Great restaurant!,2023-08-16,WhatsApp,Central,neutral,standard quality nothing complain praise located kampala great restaurant,73,9
863,Average product quality. Meets basic expectations.,2023-03-28,Facebook,Makindye,neutral,average product quality meet basic expectation,46,6
864,Professional service and high-quality products. Very happy!,2023-09-11,WhatsApp,Makindye,positive,professional service high quality product happy,47,6
865,Fair prices and acceptable quality. Nothing outstanding.,2024-01-22,Twitter,Bukoto,neutral,fair price acceptable quality nothing outstanding,49,6
866,Great experience from start to finish. Will shop here again! Located in Central.,2024-11-14,Facebook,Bukoto,positive,great experience start finish shop located central,50,7
867,Average quality. Price is reasonable for what you get.,2023-02-17,WhatsApp,Kampala,neutral,average quality price reasonable get,36,5
868,Product works fine. Decent quality for the price paid. Located in Central.,2024-07-06,Instagram,Lubaga,neutral,product work fine decent quality price paid located central,59,9
869,"Fast shipping, good quality, and excellent customer support.",2023-09-16,Website,Central,positive,fast shipping good quality excellent customer support,53,7
870,Great business with excellent customer care. Very professional. Located in Bukoto.,2024-03-30,Facebook,Lubaga,positive,great business excellent customer care professional located bukoto,66,8
871,Great value for money. Fast delivery and excellent packaging. Great shipping!,2024-01-13,Twitter,Kawempe,positive,great value money fast delivery excellent packaging great shipping,66,9
872,Great prices and even better service. Highly recommend this business! Located in Makindye. Great staff!,2023-05-04,Website,Nakawa,positive,great price even better service highly recommend business located makindye great staff,86,12
873,"Fast shipping, good quality, and excellent customer support. Great shop!",2023-01-26,WhatsApp,Kawempe,positive,fast shipping good quality excellent customer support great shop,64,9
874,Average quality products. Functional but not impressive.,2024-12-17,WhatsApp,Kawempe,neutral,average quality product functional impressive,45,5
875,Average product quality. Meets basic expectations.,2024-09-05,Google,Kampala,neutral,average product quality meet basic expectation,46,6
876,Delivery was on time. Product is as expected.,2024-04-12,WhatsApp,Muyenga,neutral,delivery time product expected,30,4
877,Excellent communication and fast delivery. Highly satisfied! Located in Bukoto. Great store!,2024-10-18,Facebook,Central,positive,excellent communication fast delivery highly satisfied located bukoto great store,81,10
878,Okay product quality. Price matches the value received.,2023-04-24,Twitter,Nakawa,neutral,okay product quality price match value received,47,7
879,Standard service. No complaints but nothing exceptional either. Located in Muyenga. Great shipping!,2024-08-14,Google,Kawempe,neutral,standard service complaint nothing exceptional either located muyenga great shipping,84,10
880,Product didn't work as expected. Waste of money.,2023-05-30,Facebook,Kololo,negative,product work expected waste money,33,5
881,Decent quality products. Price is fair for what you receive. Located in Ntinda. Great staff!,2023-07-16,Twitter,Makindye,neutral,decent quality product price fair receive located ntinda great staff,68,10
882,Product is functional. Does what it's supposed to do.,2023-06-03,Instagram,Muyenga,neutral,product functional supposed,27,3
883,Product was different from what was advertised. Misleading description.,2024-11-03,Facebook,Bukoto,negative,product different advertised misleading description,51,5
884,Very satisfied with my purchase. Great quality and fast delivery. Located in Kololo.,2023-02-07,Twitter,Muyenga,positive,satisfied purchase great quality fast delivery located kololo,61,8
885,Would not buy from here again. Poor experience overall. Located in Kololo.,2024-09-29,Twitter,Muyenga,negative,would buy poor experience overall located kololo,48,7
886,Terrible experience. Would not recommend this business to anyone.,2024-10-20,Twitter,Lubaga,negative,terrible experience would recommend business anyone,51,6
887,Average experience overall. Product is fine but not great.,2024-10-08,Google,Nakawa,neutral,average experience overall product fine great,45,6
888,Best shopping experience! Quality products and great prices.,2024-09-15,Facebook,Lubaga,positive,best shopping experience quality product great price,52,7
889,Great service! Very fast delivery in Kampala. Highly recommend! Located in Kampala.,2024-02-21,Google,Central,positive,great service fast delivery kampala highly recommend located kampala,68,9
890,Great business with excellent customer care. Very professional. Located in Muyenga.,2024-07-26,Website,Makindye,positive,great business excellent customer care professional located muyenga,67,8
891,Product is functional. Does what it's supposed to do.,2024-12-05,Google,Makindye,neutral,product functional supposed,27,3
892,Fair experience overall. Nothing exceptional but acceptable.,2024-06-10,WhatsApp,Central,neutral,fair experience overall nothing exceptional acceptable,54,6
893,Okay delivery time. Product is functional and usable.,2024-05-07,Website,Ntinda,neutral,okay delivery time product functional usable,44,6
894,Excellent customer support. They responded quickly to my questions. Located in Ntinda.,2023-12-02,Google,Kawempe,positive,excellent customer support responded quickly question located ntinda,68,8
895,"Outstanding business! Professional, reliable, and customer-focused.",2023-01-02,WhatsApp,Ntinda,positive,outstanding business professional reliable customer focused,59,6
896,Amazing experience! The product arrived on time and in perfect condition. Located in Muyenga. Great shop!,2023-06-23,Instagram,Kawempe,positive,amazing experience product arrived time perfect condition located muyenga great shop,84,11
897,Best customer service I've experienced. Products are top quality. Located in Makindye.,2023-10-29,Instagram,Kampala,positive,best customer service experienced product top quality located makindye,70,9
898,Best shop in Kawempe. Quality products and great service.,2023-05-24,Twitter,Kampala,positive,best shop kawempe quality product great service,47,7
899,Average experience overall. Product is fine but not great. Located in Ntinda.,2023-10-30,Google,Ntinda,neutral,average experience overall product fine great located ntinda,60,8
900,Outstanding quality and service. Will definitely shop here again. Located in Ntinda.,2024-04-25,Instagram,Kololo,positive,outstanding quality service definitely shop located ntinda,58,7
901,Great products at affordable prices. Very satisfied with my purchase. Great quality!,2024-01-21,Instagram,Bukoto,positive,great product affordable price satisfied purchase great quality,63,8
902,Great experience from start to finish. Will shop here again! Located in Kololo.,2024-09-23,Facebook,Muyenga,positive,great experience start finish shop located kololo,49,7
903,Product was damaged on arrival. Poor packaging quality. Located in Ntinda.,2023-10-20,Facebook,Makindye,negative,product damaged arrival poor packaging quality located ntinda,61,8
904,Excellent business! Highly professional and reliable.,2023-03-07,Twitter,Makindye,positive,excellent business highly professional reliable,47,5
905,Amazing service! The team went above and beyond to help me. Located in Kawempe. Great shipping!,2023-03-14,Website,Kololo,positive,amazing service team went beyond help located kawempe great shipping,68,10
906,Worst shopping experience. Poor quality and terrible service.,2023-08-29,WhatsApp,Central,negative,worst shopping experience poor quality terrible service,55,7
907,Love shopping here! Always get great deals and quality products.,2024-07-05,Website,Kololo,positive,love shopping always get great deal quality product,51,8
908,Great business with excellent customer care. Very professional. Located in Muyenga.,2023-03-14,WhatsApp,Ntinda,positive,great business excellent customer care professional located muyenga,67,8
909,Professional service and high-quality products. Very happy!,2023-06-24,Website,Bukoto,positive,professional service high quality product happy,47,6
910,Best prices in Nakawa area. Great value for money.,2024-03-08,WhatsApp,Makindye,positive,best price nakawa area great value money,40,7
911,Excellent business! Highly professional and reliable.,2024-04-24,WhatsApp,Kampala,positive,excellent business highly professional reliable,47,5
912,Great value for money. Fast delivery and excellent packaging.,2023-11-08,Website,Central,positive,great value money fast delivery excellent packaging,51,7
913,Customer service needs major improvement. Very unprofessional. Located in Lubaga.,2024-08-27,Website,Ntinda,negative,customer service need major improvement unprofessional located lubaga,69,8
914,Excellent communication and fast delivery. Highly satisfied! Located in Bukoto.,2024-02-25,Website,Nakawa,positive,excellent communication fast delivery highly satisfied located bukoto,69,8
915,Great products at affordable prices. Very satisfied with my purchase. Located in Ntinda.,2023-03-26,Facebook,Kawempe,positive,great product affordable price satisfied purchase located ntinda,64,8
916,Great prices and even better service. Highly recommend this business!,2024-01-27,Website,Nakawa,positive,great price even better service highly recommend business,57,8
917,Great products at affordable prices. Very satisfied with my purchase.,2024-05-15,Website,Muyenga,positive,great product affordable price satisfied purchase,49,6
918,Average product quality. Meets basic needs adequately.,2024-09-06,Instagram,Central,neutral,average product quality meet basic need adequately,50,7
919,Top quality products at reasonable prices. Highly recommended! Located in Kampala. Great delivery!,2024-02-06,Instagram,Central,positive,top quality product reasonable price highly recommended located kampala great delivery,86,11
920,Poor packaging led to damaged goods. Very unprofessional. Great shop!,2024-01-27,Instagram,Kololo,negative,poor packaging led damaged good unprofessional great shop,57,8
921,Average quality. Price is reasonable for what you get. Great shipping!,2024-11-05,WhatsApp,Central,neutral,average quality price reasonable get great shipping,51,7
922,Best shop in Kawempe. Quality products and great service. Located in Muyenga.,2023-11-24,Twitter,Lubaga,positive,best shop kawempe quality product great service located muyenga,63,9
923,Amazing service! The team went above and beyond to help me.,2023-03-11,Instagram,Kololo,positive,amazing service team went beyond help,37,6
924,Outstanding service! The staff was very helpful and friendly. Located in Central.,2023-10-06,WhatsApp,Bukoto,positive,outstanding service staff helpful friendly located central,58,7
925,Excellent communication and fast delivery. Highly satisfied!,2024-08-23,Facebook,Ntinda,positive,excellent communication fast delivery highly satisfied,54,6
926,Very satisfied with my purchase. Great quality and fast delivery. Located in Ntinda.,2024-01-10,WhatsApp,Kawempe,positive,satisfied purchase great quality fast delivery located ntinda,61,8
927,Excellent customer support. They responded quickly to my questions. Located in Kampala.,2023-10-13,Twitter,Makindye,positive,excellent customer support responded quickly question located kampala,69,8
928,Excellent customer support. They responded quickly to my questions.,2024-12-02,WhatsApp,Central,positive,excellent customer support responded quickly question,53,6
929,Excellent business! Highly professional and reliable.,2024-04-03,Instagram,Kawempe,positive,excellent business highly professional reliable,47,5
930,Average experience overall. Product is fine but not great. Great staff!,2024-06-04,Instagram,Bukoto,neutral,average experience overall product fine great great staff,57,8
931,Great prices and even better service. Highly recommend this business! Great staff!,2023-03-03,WhatsApp,Kololo,positive,great price even better service highly recommend business great staff,69,10
932,Love the product quality. Fast shipping and good packaging.,2024-04-30,WhatsApp,Kampala,positive,love product quality fast shipping good packaging,49,7
933,"Outstanding business! Professional, reliable, and customer-focused.",2024-07-27,Twitter,Makindye,positive,outstanding business professional reliable customer focused,59,6
934,Great service! Very fast delivery in Kampala. Highly recommend!,2024-11-19,Facebook,Central,positive,great service fast delivery kampala highly recommend,52,7
935,Great experience from start to finish. Will shop here again! Located in Lubaga.,2023-08-19,Twitter,Bukoto,positive,great experience start finish shop located lubaga,49,7
936,Fair prices and acceptable quality. Nothing outstanding.,2023-06-05,Instagram,Lubaga,neutral,fair price acceptable quality nothing outstanding,49,6
937,Okay delivery time. Product is functional and usable.,2024-08-02,Facebook,Lubaga,neutral,okay delivery time product functional usable,44,6
938,Average quality products. Functional but not impressive.,2023-05-03,Google,Makindye,neutral,average quality product functional impressive,45,5
939,Excellent products and service. Best in the area! Located in Lubaga.,2023-06-23,Website,Kololo,positive,excellent product service best area located lubaga,50,7
940,Product was different from what was advertised. Misleading description. Great order!,2024-08-26,WhatsApp,Nakawa,negative,product different advertised misleading description great order,63,7
941,Not satisfied at all. Product quality is below standard.,2023-06-13,Google,Lubaga,negative,satisfied product quality standard,34,4
942,Excellent communication and fast delivery. Highly satisfied! Located in Nakawa.,2023-03-30,WhatsApp,Nakawa,positive,excellent communication fast delivery highly satisfied located nakawa,69,8
943,Best shopping experience! Quality products and great prices.,2024-02-11,Instagram,Bukoto,positive,best shopping experience quality product great price,52,7
944,Quick response time and excellent customer care. Highly recommended!,2023-12-29,Google,Ntinda,positive,quick response time excellent customer care highly recommended,62,8
945,Top-notch quality. Exceeded my expectations completely.,2023-04-18,WhatsApp,Lubaga,positive,top notch quality exceeded expectation completely,49,6
946,Outstanding quality and service. Will definitely shop here again.,2024-12-12,Twitter,Kololo,positive,outstanding quality service definitely shop,43,5
947,Average experience. Product is functional and adequate.,2024-06-23,Twitter,Central,neutral,average experience product functional adequate,46,5
948,Top quality products at reasonable prices. Highly recommended!,2023-05-17,Instagram,Kololo,positive,top quality product reasonable price highly recommended,55,7
949,Product is fine. Meets expectations without exceeding them. Located in Ntinda.,2023-09-18,WhatsApp,Nakawa,neutral,product fine meet expectation without exceeding located ntinda,62,8
950,Standard delivery time. Product quality is average.,2023-12-25,Google,Ntinda,neutral,standard delivery time product quality average,46,6
951,"Fast shipping, good quality, and excellent customer support.",2024-03-11,Instagram,Muyenga,positive,fast shipping good quality excellent customer support,53,7
952,Delivery was delayed multiple times. Very frustrating experience.,2024-04-12,Instagram,Central,negative,delivery delayed multiple time frustrating experience,53,6
953,Excellent communication and fast delivery. Highly satisfied! Located in Kawempe. Great customer!,2024-04-14,Instagram,Lubaga,positive,excellent communication fast delivery highly satisfied located kawempe great customer,85,10
954,Worst shopping experience. Poor quality and terrible service.,2024-04-20,Facebook,Nakawa,negative,worst shopping experience poor quality terrible service,55,7
955,Product didn't work as expected. Waste of money. Great service!,2024-10-02,Website,Nakawa,negative,product work expected waste money great service,47,7
956,Great business with excellent customer care. Very professional.,2023-04-03,Website,Nakawa,positive,great business excellent customer care professional,51,6
957,Terrible customer service. No help when I had an issue.,2024-11-05,Instagram,Ntinda,negative,terrible customer service help issue,36,5
958,"Outstanding business! Professional, reliable, and customer-focused.",2023-05-02,Facebook,Muyenga,positive,outstanding business professional reliable customer focused,59,6
959,Amazing experience! The product arrived on time and in perfect condition.,2024-06-16,Twitter,Kawempe,positive,amazing experience product arrived time perfect condition,57,7
960,Product was different from what was advertised. Misleading description.,2023-01-21,Twitter,Kololo,negative,product different advertised misleading description,51,5
961,"Fast delivery, good quality, fair prices. What more could you ask for? Located in Kololo.",2024-10-11,WhatsApp,Kampala,positive,fast delivery good quality fair price could ask located kololo,62,10
962,Average experience overall. Product is fine but not great. Great customer!,2024-08-29,WhatsApp,Makindye,neutral,average experience overall product fine great great customer,60,8
963,Excellent products and service. Best in the area!,2024-06-28,Facebook,Kololo,positive,excellent product service best area,35,5
964,Excellent products and service. Best in the area!,2024-09-08,Twitter,Ntinda,positive,excellent product service best area,35,5
965,Great experience from start to finish. Will shop here again!,2023-10-20,Twitter,Central,positive,great experience start finish shop,34,5
966,Okay product quality. Price matches the value received. Great experience!,2024-06-08,Website,Makindye,neutral,okay product quality price match value received great experience,64,9
967,Very slow delivery and unresponsive customer support.,2023-03-27,Google,Kololo,negative,slow delivery unresponsive customer support,43,5
968,Best customer service I've experienced. Products are top quality.,2023-09-14,Instagram,Makindye,positive,best customer service experienced product top quality,53,7
969,Top quality products at reasonable prices. Highly recommended! Located in Central.,2024-06-15,Facebook,Makindye,positive,top quality product reasonable price highly recommended located central,71,9
970,Best prices in Nakawa area. Great value for money.,2023-12-05,Facebook,Bukoto,positive,best price nakawa area great value money,40,7
971,Poor customer service. Staff was rude and unhelpful. Located in Makindye. Great price!,2024-02-29,Facebook,Kawempe,negative,poor customer service staff rude unhelpful located makindye great price,71,10
972,Love the product quality. Fast shipping and good packaging.,2023-02-13,WhatsApp,Kololo,positive,love product quality fast shipping good packaging,49,7
973,"Fast delivery, good quality, fair prices. What more could you ask for?",2024-01-15,Twitter,Makindye,positive,fast delivery good quality fair price could ask,47,8
974,Average quality. Price is reasonable for what you get. Great staff!,2023-06-12,Google,Makindye,neutral,average quality price reasonable get great staff,48,7
975,Would not buy from here again. Poor experience overall. Located in Nakawa.,2024-10-19,Website,Nakawa,negative,would buy poor experience overall located nakawa,48,7
976,Best shopping experience! Quality products and great prices. Located in Lubaga.,2024-11-29,Instagram,Kampala,positive,best shopping experience quality product great price located lubaga,67,9
977,Fair value for money. Quality is acceptable but not premium.,2024-10-06,Twitter,Lubaga,neutral,fair value money quality acceptable premium,43,6
978,Fair value for money. Quality is acceptable but not premium. Great order!,2024-03-16,Facebook,Bukoto,neutral,fair value money quality acceptable premium great order,55,8
979,Terrible customer service. No help when I had an issue.,2024-03-26,Google,Ntinda,negative,terrible customer service help issue,36,5
980,Delivery was delayed multiple times. Very frustrating experience.,2023-11-21,Google,Kawempe,negative,delivery delayed multiple time frustrating experience,53,6
981,"Fast shipping, good quality, and excellent customer support. Located in Muyenga.",2023-04-15,Facebook,Muyenga,positive,fast shipping good quality excellent customer support located muyenga,69,9
982,Decent quality products. Price is fair for what you receive.,2023-10-14,Instagram,Central,neutral,decent quality product price fair receive,41,6
983,Product is functional. Does what it's supposed to do. Great packaging!,2024-02-12,Twitter,Kampala,neutral,product functional supposed great packaging,43,5
984,Fair experience overall. Nothing exceptional but acceptable.,2024-02-16,WhatsApp,Bukoto,neutral,fair experience overall nothing exceptional acceptable,54,6
985,Average quality. Nothing special but nothing wrong either. Located in Bukoto.,2024-11-29,Instagram,Kawempe,neutral,average quality nothing special nothing wrong either located bukoto,67,9
986,Love the product quality. Fast shipping and good packaging.,2023-11-22,Facebook,Kampala,positive,love product quality fast shipping good packaging,49,7
987,Top quality products at reasonable prices. Highly recommended!,2024-09-14,Facebook,Kololo,positive,top quality product reasonable price highly recommended,55,7
988,Product broke after just one week of use. Very poor quality.,2023-08-01,Instagram,Kawempe,negative,product broke one week use poor quality,39,7
989,Love the product quality. Fast shipping and good packaging.,2023-04-24,Instagram,Bukoto,positive,love product quality fast shipping good packaging,49,7
990,Outstanding quality and service. Will definitely shop here again.,2024-08-05,Instagram,Ntinda,positive,outstanding quality service definitely shop,43,5
991,Excellent business! Highly professional and reliable.,2023-02-01,Website,Central,positive,excellent business highly professional reliable,47,5
992,Standard quality. Nothing to complain about or praise. Great delivery!,2023-06-12,Instagram,Muyenga,neutral,standard quality nothing complain praise great delivery,55,7
993,Professional service and high-quality products. Very happy! Located in Central.,2023-03-05,Google,Kololo,positive,professional service high quality product happy located central,63,8
994,Great business with excellent customer care. Very professional.,2023-02-23,Website,Central,positive,great business excellent customer care professional,51,6
995,Excellent customer support. They responded quickly to my questions. Located in Ntinda.,2024-12-02,WhatsApp,Kampala,positive,excellent customer support responded quickly question located ntinda,68,8
996,Fair prices and acceptable quality. Nothing outstanding.,2023-09-22,WhatsApp,Bukoto,neutral,fair price acceptable quality nothing outstanding,49,6
997,Overpriced compared to other shops in Nakawa area.,2024-06-06,WhatsApp,Kawempe,negative,overpriced compared shop nakawa area,36,5
998,Great products at affordable prices. Very satisfied with my purchase.,2024-05-09,Google,Nakawa,positive,great product affordable price satisfied purchase,49,6
999,Best customer service I've experienced. Products are top quality.,2024-03-26,Twitter,Makindye,positive,best customer service experienced product top quality,53,7
1000,Great products at affordable prices. Very satisfied with my purchase.,2023-11-08,Website,Lubaga,positive,great product affordable price satisfied purchase,49,6
1001,Decent value. Product works as expected.,2024-06-06,Instagram,Lubaga,neutral,decent value product work expected,34,5
1002,Quick response time and excellent customer care. Highly recommended! Located in Kampala. Great customer!,2023-09-15,Twitter,Nakawa,positive,quick response time excellent customer care highly recommended located kampala great customer,93,12
1003,Amazing quality products. Will definitely buy again from this shop. Located in Muyenga.,2023-02-14,Twitter,Kawempe,positive,amazing quality product definitely buy shop located muyenga,59,8
1004,Love shopping here! Always get great deals and quality products. Great packaging!,2023-02-11,WhatsApp,Nakawa,positive,love shopping always get great deal quality product great packaging,67,10
1005,Fair value for money. Quality is acceptable but not premium.,2023-01-24,Instagram,Makindye,neutral,fair value money quality acceptable premium,43,6
1006,Great service! Very fast delivery in Kampala. Highly recommend!,2024-12-24,Instagram,Muyenga,positive,great service fast delivery kampala highly recommend,52,7
1007,Love the product quality. Fast shipping and good packaging.,2023-04-19,Instagram,Kololo,positive,love product quality fast shipping good packaging,49,7
1008,Love the product quality. Fast shipping and good packaging. Located in Kololo.,2024-03-04,WhatsApp,Kampala,positive,love product quality fast shipping good packaging located kololo,64,9
1009,Average experience. Product is functional and adequate.,2024-01-28,WhatsApp,Kampala,neutral,average experience product functional adequate,46,5
1010,Love shopping here! Always get great deals and quality products.,2024-06-30,WhatsApp,Kawempe,positive,love shopping always get great deal quality product,51,8
1011,Best shopping experience! Quality products and great prices.,2024-02-01,Google,Kololo,positive,best shopping experience quality product great price,52,7
1012,"Outstanding business! Professional, reliable, and customer-focused.",2023-03-25,Twitter,Ntinda,positive,outstanding business professional reliable customer focused,59,6
1013,Great service! Very fast delivery in Kampala. Highly recommend! Great business!,2024-02-16,Facebook,Ntinda,positive,great service fast delivery kampala highly recommend great business,67,9
1014,Slow response time and poor communication from the business.,2023-06-08,Instagram,Muyenga,negative,slow response time poor communication business,46,6
1015,Product didn't work as expected. Waste of money.,2023-03-22,Twitter,Bukoto,negative,product work expected waste money,33,5
1016,Best shop in Kawempe. Quality products and great service. Great customer!,2024-01-14,Instagram,Kawempe,positive,best shop kawempe quality product great service great customer,62,9
1017,Customer service was unresponsive. Had to wait days for a reply. Located in Kololo.,2023-07-01,Website,Nakawa,negative,customer service unresponsive wait day reply located kololo,59,8
1018,Average experience overall. Product is fine but not great.,2024-11-08,Website,Ntinda,neutral,average experience overall product fine great,45,6
1019,Great prices and even better service. Highly recommend this business!,2024-10-29,Google,Kololo,positive,great price even better service highly recommend business,57,8
1020,Okay experience. Nothing to complain about but not impressed either.,2023-10-17,Website,Kawempe,neutral,okay experience nothing complain impressed either,49,6
1021,Love shopping here! Always get great deals and quality products. Located in Bukoto.,2023-11-29,Instagram,Bukoto,positive,love shopping always get great deal quality product located bukoto,66,10
1022,Disappointing experience. Would not recommend this shop.,2023-02-09,Twitter,Lubaga,negative,disappointing experience would recommend shop,45,5
1023,Product is okay. Nothing special but serves its purpose. Located in Makindye.,2023-04-23,Facebook,Ntinda,neutral,product okay nothing special serf purpose located makindye,58,8
1024,Okay product quality. Price matches the value received.,2024-07-03,Website,Kololo,neutral,okay product quality price match value received,47,7
1025,Best shop in Kawempe. Quality products and great service.,2023-12-15,Facebook,Kololo,positive,best shop kawempe quality product great service,47,7
1026,Great business with excellent customer care. Very professional.,2024-05-07,Google,Ntinda,positive,great business excellent customer care professional,51,6
1027,Top quality products at reasonable prices. Highly recommended!,2023-07-26,WhatsApp,Central,positive,top quality product reasonable price highly recommended,55,7
1028,Great experience from start to finish. Will shop here again! Located in Lubaga.,2024-02-21,Website,Kololo,positive,great experience start finish shop located lubaga,49,7
1029,Best shop in Kawempe. Quality products and great service.,2024-01-08,Facebook,Central,positive,best shop kawempe quality product great service,47,7
1030,Product is fine. Meets expectations without exceeding them.,2024-08-06,Google,Central,neutral,product fine meet expectation without exceeding,47,6
1031,Product is okay. Nothing special but serves its purpose. Located in Lubaga.,2023-01-10,Google,Central,neutral,product okay nothing special serf purpose located lubaga,56,8
1032,Great products at affordable prices. Very satisfied with my purchase.,2023-07-28,Website,Makindye,positive,great product affordable price satisfied purchase,49,6
1033,Professional service and high-quality products. Very happy! Great staff!,2024-08-19,Facebook,Lubaga,positive,professional service high quality product happy great staff,59,8
1034,Best shop in Kawempe. Quality products and great service. Located in Kawempe.,2024-02-22,Facebook,Bukoto,positive,best shop kawempe quality product great service located kawempe,63,9
1035,Product works as expected. No major issues or complaints. Located in Ntinda.,2024-08-20,Website,Lubaga,neutral,product work expected major issue complaint located ntinda,58,8
1036,Customer service is terrible. No one responds to complaints. Great price!,2023-05-04,Google,Kawempe,negative,customer service terrible one responds complaint great price,60,8
1037,Overpriced compared to other shops in Nakawa area. Located in Central.,2024-05-01,WhatsApp,Kampala,negative,overpriced compared shop nakawa area located central,52,7
1038,Average quality products. Functional but not impressive.,2024-01-08,Facebook,Muyenga,neutral,average quality product functional impressive,45,5
1039,Great experience overall. Will be a returning customer.,2023-07-13,Twitter,Ntinda,positive,great experience overall returning customer,43,5
1040,Very disappointed with the quality. Not worth the money paid.,2024-12-11,Google,Lubaga,negative,disappointed quality worth money paid,37,5
1041,Amazing experience! The product arrived on time and in perfect condition.,2024-11-04,Google,Lubaga,positive,amazing experience product arrived time perfect condition,57,7
1042,Excellent customer support. They responded quickly to my questions. Located in Lubaga.,2024-03-03,Instagram,Central,positive,excellent customer support responded quickly question located lubaga,68,8
1043,Great prices and even better service. Highly recommend this business!,2024-10-28,Google,Nakawa,positive,great price even better service highly recommend business,57,8
1044,Okay service. Product meets basic requirements. Located in Muyenga.,2023-03-02,Facebook,Makindye,neutral,okay service product meet basic requirement located muyenga,59,8
1045,Great business with excellent customer care. Very professional. Located in Kololo.,2023-09-16,Website,Lubaga,positive,great business excellent customer care professional located kololo,66,8
1046,Decent service. No major complaints but nothing impressive. Located in Makindye.,2023-03-05,Instagram,Central,neutral,decent service major complaint nothing impressive located makindye,66,8
1047,Outstanding quality and service. Will definitely shop here again. Great store!,2023-12-27,Google,Makindye,positive,outstanding quality service definitely shop great store,55,7
1048,Great value for money. Fast delivery and excellent packaging.,2024-07-26,WhatsApp,Lubaga,positive,great value money fast delivery excellent packaging,51,7
1049,Best shop in Kawempe. Quality products and great service.,2023-11-02,Instagram,Kololo,positive,best shop kawempe quality product great service,47,7
1050,Excellent products and service. Best in the area! Great experience!,2023-05-29,Instagram,Kawempe,positive,excellent product service best area great experience,52,7
1051,Average product quality. Meets basic expectations. Located in Kololo. Great staff!,2024-01-11,Facebook,Central,neutral,average product quality meet basic expectation located kololo great staff,73,10
1052,Top-notch quality. Exceeded my expectations completely.,2024-06-09,Instagram,Ntinda,positive,top notch quality exceeded expectation completely,49,6
1053,Professional service and high-quality products. Very happy! Located in Central. Great product!,2023-10-12,WhatsApp,Ntinda,positive,professional service high quality product happy located central great product,77,10
1054,Great experience overall. Will be a returning customer.,2023-02-10,WhatsApp,Bukoto,positive,great experience overall returning customer,43,5
1055,Okay service. Nothing special but gets the job done.,2024-09-01,Website,Nakawa,neutral,okay service nothing special get job done,41,7
1056,Product didn't work as expected. Waste of money.,2024-01-30,Twitter,Bukoto,negative,product work expected waste money,33,5
1057,Best shop in Kawempe. Quality products and great service. Great customer!,2023-06-11,WhatsApp,Central,positive,best shop kawempe quality product great service great customer,62,9
1058,Product didn't work as expected. Waste of money.,2024-04-27,Website,Makindye,negative,product work expected waste money,33,5
1059,Excellent products and service. Best in the area! Located in Ntinda.,2024-08-05,Website,Kawempe,positive,excellent product service best area located ntinda,50,7
1060,Great business with excellent customer care. Very professional. Located in Nakawa.,2023-10-09,Website,Muyenga,positive,great business excellent customer care professional located nakawa,66,8
1061,Top-notch quality. Exceeded my expectations completely.,2023-03-24,Website,Kololo,positive,top notch quality exceeded expectation completely,49,6
1062,Best customer service I've experienced. Products are top quality.,2023-04-02,WhatsApp,Ntinda,positive,best customer service experienced product top quality,53,7
1063,Fair prices and acceptable quality. Nothing outstanding. Great restaurant!,2023-09-19,Instagram,Kololo,neutral,fair price acceptable quality nothing outstanding great restaurant,66,8
1064,Best shop in Kawempe. Quality products and great service.,2024-12-31,Facebook,Ntinda,positive,best shop kawempe quality product great service,47,7
1065,Amazing experience! The product arrived on time and in perfect condition.,2023-06-09,Instagram,Nakawa,positive,amazing experience product arrived time perfect condition,57,7
1066,Top-notch quality. Exceeded my expectations completely.,2024-06-07,Twitter,Central,positive,top notch quality exceeded expectation completely,49,6
1067,Love shopping here! Always get great deals and quality products.,2024-08-05,Google,Kawempe,positive,love shopping always get great deal quality product,51,8
1068,Best shopping experience! Quality products and great prices.,2024-07-15,WhatsApp,Kololo,positive,best shopping experience quality product great price,52,7
1069,Excellent products and service. Best in the area!,2023-01-04,Facebook,Kololo,positive,excellent product service best area,35,5
1070,Excellent business! Highly professional and reliable.,2023-12-29,Website,Kampala,positive,excellent business highly professional reliable,47,5
1071,Best shop in Kawempe. Quality products and great service.,2023-03-14,Twitter,Kampala,positive,best shop kawempe quality product great service,47,7
1072,Average quality. Price is reasonable for what you get. Great shop!,2023-08-08,Instagram,Kawempe,neutral,average quality price reasonable get great shop,47,7
1073,Okay service. Product meets basic requirements. Located in Nakawa.,2023-12-20,Instagram,Ntinda,neutral,okay service product meet basic requirement located nakawa,58,8
1074,Love the product quality. Fast shipping and good packaging. Great experience!,2024-02-04,Twitter,Kawempe,positive,love product quality fast shipping good packaging great experience,66,9
1075,Professional service and high-quality products. Very happy! Located in Bukoto.,2023-10-13,Website,Muyenga,positive,professional service high quality product happy located bukoto,62,8
1076,Worst shopping experience. Poor quality and terrible service. Located in Nakawa.,2023-12-10,Twitter,Lubaga,negative,worst shopping experience poor quality terrible service located nakawa,70,9
1077,Great value for money. Fast delivery and excellent packaging. Great store!,2024-09-24,Instagram,Central,positive,great value money fast delivery excellent packaging great store,63,9
1078,Disappointing experience. Would not recommend this shop. Great experience!,2024-01-12,Instagram,Bukoto,negative,disappointing experience would recommend shop great experience,62,7
1079,Best shop in Kawempe. Quality products and great service. Located in Kampala.,2024-12-11,Twitter,Lubaga,positive,best shop kawempe quality product great service located kampala,63,9
1080,Excellent products and service. Best in the area!,2024-11-30,WhatsApp,Nakawa,positive,excellent product service best area,35,5
1081,Best customer service I've experienced. Products are top quality.,2024-09-19,Facebook,Kawempe,positive,best customer service experienced product top quality,53,7
1082,Product works fine. Decent quality for the price paid. Located in Nakawa.,2024-11-26,Instagram,Makindye,neutral,product work fine decent quality price paid located nakawa,58,9
1083,Very satisfied with my purchase. Great quality and fast delivery.,2023-08-12,Google,Lubaga,positive,satisfied purchase great quality fast delivery,46,6
1084,Disappointing experience. Would not recommend this shop. Great staff!,2024-02-28,Twitter,Lubaga,negative,disappointing experience would recommend shop great staff,57,7
1085,Love the product quality. Fast shipping and good packaging. Great product!,2024-01-31,Facebook,Kawempe,positive,love product quality fast shipping good packaging great product,63,9
1086,Worst shopping experience. Poor quality and terrible service.,2023-09-14,Google,Muyenga,negative,worst shopping experience poor quality terrible service,55,7
1087,Outstanding service! The staff was very helpful and friendly. Located in Muyenga.,2024-12-04,Google,Muyenga,positive,outstanding service staff helpful friendly located muyenga,58,7
1088,Great experience overall. Will be a returning customer.,2024-11-25,Instagram,Makindye,positive,great experience overall returning customer,43,5
1089,Standard delivery. Product works but quality is average.,2024-04-21,Google,Muyenga,neutral,standard delivery product work quality average,46,6
1090,Love the product quality. Fast shipping and good packaging. Great store!,2024-10-09,Website,Kampala,positive,love product quality fast shipping good packaging great store,61,9
1091,Would not buy from here again. Poor experience overall. Located in Kawempe.,2023-04-11,Facebook,Central,negative,would buy poor experience overall located kawempe,49,7
1092,Best shop in Kawempe. Quality products and great service. Located in Kampala.,2023-09-13,Twitter,Bukoto,positive,best shop kawempe quality product great service located kampala,63,9
1093,Great prices and even better service. Highly recommend this business! Located in Central. Great experience!,2024-04-02,Website,Ntinda,positive,great price even better service highly recommend business located central great experience,90,12
1094,Standard service. No complaints but nothing exceptional either.,2023-01-31,Website,Makindye,neutral,standard service complaint nothing exceptional either,53,6
1095,Fair value for money. Quality is acceptable but not premium.,2023-01-13,Instagram,Kawempe,neutral,fair value money quality acceptable premium,43,6
1096,Decent service. No major complaints but nothing impressive.,2024-10-04,WhatsApp,Ntinda,neutral,decent service major complaint nothing impressive,49,6
1097,Standard experience. Product does what it needs to do. Great purchase!,2024-04-17,Website,Makindye,neutral,standard experience product need great purchase,47,6
1098,"Fast delivery, good quality, fair prices. What more could you ask for?",2024-09-22,Instagram,Ntinda,positive,fast delivery good quality fair price could ask,47,8
1099,Standard delivery. Product works but quality is average. Great staff!,2024-07-14,Facebook,Makindye,neutral,standard delivery product work quality average great staff,58,8
1100,Okay service. Product meets basic requirements.,2023-10-05,Instagram,Bukoto,neutral,okay service product meet basic requirement,43,6
1101,Amazing quality products. Will definitely buy again from this shop. Great service!,2024-11-20,Instagram,Kampala,positive,amazing quality product definitely buy shop great service,57,8
1102,Standard delivery. Product works but quality is average.,2023-03-19,Google,Kampala,neutral,standard delivery product work quality average,46,6
1103,Product works as expected. No major issues or complaints.,2023-05-25,Twitter,Muyenga,neutral,product work expected major issue complaint,43,6
1104,Worst shopping experience. Poor quality and terrible service. Located in Kawempe.,2023-09-01,Google,Ntinda,negative,worst shopping experience poor quality terrible service located kawempe,71,9
1105,Love shopping here! Always get great deals and quality products. Located in Central.,2024-05-18,Facebook,Makindye,positive,love shopping always get great deal quality product located central,67,10
1106,Amazing experience! The product arrived on time and in perfect condition. Located in Muyenga.,2024-06-13,Website,Kololo,positive,amazing experience product arrived time perfect condition located muyenga,73,9
1107,Top-notch quality. Exceeded my expectations completely.,2024-03-30,Facebook,Central,positive,top notch quality exceeded expectation completely,49,6
1108,Excellent products and service. Best in the area! Great packaging!,2023-04-24,Facebook,Makindye,positive,excellent product service best area great packaging,51,7
1109,Standard quality. Nothing to complain about or praise. Great delivery!,2024-07-31,Facebook,Bukoto,neutral,standard quality nothing complain praise great delivery,55,7
1110,Very satisfied with my purchase. Great quality and fast delivery.,2023-02-13,Instagram,Muyenga,positive,satisfied purchase great quality fast delivery,46,6
1111,Delivery issues. Package arrived late and damaged.,2024-07-10,Google,Kawempe,negative,delivery issue package arrived late damaged,43,6
1112,Product works as expected. No major issues or complaints.,2024-04-18,Twitter,Muyenga,neutral,product work expected major issue complaint,43,6
1113,Delivery was delayed multiple times. Very frustrating experience.,2024-02-01,WhatsApp,Kampala,negative,delivery delayed multiple time frustrating experience,53,6
1114,"Fast delivery, good quality, fair prices. What more could you ask for? Located in Makindye.",2024-08-04,Website,Kampala,positive,fast delivery good quality fair price could ask located makindye,64,10
1115,Very slow delivery and unresponsive customer support. Great quality!,2023-06-26,Instagram,Ntinda,negative,slow delivery unresponsive customer support great quality,57,7
1116,Overpriced compared to other shops in Nakawa area.,2023-12-10,Google,Lubaga,negative,overpriced compared shop nakawa area,36,5
1117,Poor quality products. Broke within days of purchase.,2023-06-01,Instagram,Kawempe,negative,poor quality product broke within day purchase,46,7
1118,Average experience. Product is functional and adequate. Great experience!,2024-02-23,Twitter,Kawempe,neutral,average experience product functional adequate great experience,63,7
1119,Very satisfied with my purchase. Great quality and fast delivery.,2024-06-20,Twitter,Ntinda,positive,satisfied purchase great quality fast delivery,46,6
1120,Fair prices and acceptable quality. Nothing outstanding.,2023-06-23,Instagram,Ntinda,neutral,fair price acceptable quality nothing outstanding,49,6
1121,Product works as expected. No major issues or complaints.,2023-03-18,Twitter,Muyenga,neutral,product work expected major issue complaint,43,6
1122,Poor quality products. Broke within days of purchase.,2023-12-29,Facebook,Kololo,negative,poor quality product broke within day purchase,46,7
1123,Best shopping experience! Quality products and great prices.,2024-07-01,Twitter,Muyenga,positive,best shopping experience quality product great price,52,7
1124,Average quality. Nothing special but nothing wrong either.,2023-05-30,WhatsApp,Muyenga,neutral,average quality nothing special nothing wrong either,52,7
1125,Top quality products at reasonable prices. Highly recommended! Great service!,2024-09-11,Website,Bukoto,positive,top quality product reasonable price highly recommended great service,69,9
1126,Slow response time and poor communication from the business.,2024-09-26,Facebook,Kampala,negative,slow response time poor communication business,46,6
1127,Excellent customer support. They responded quickly to my questions. Located in Lubaga. Great shipping!,2024-09-08,Website,Lubaga,positive,excellent customer support responded quickly question located lubaga great shipping,83,10
1128,Terrible customer service. No help when I had an issue. Located in Makindye.,2023-07-07,Google,Nakawa,negative,terrible customer service help issue located makindye,53,7
1129,Standard business service. Acceptable but not exceptional.,2023-02-21,Twitter,Kampala,neutral,standard business service acceptable exceptional,48,5
1130,Product is fine. Meets expectations without exceeding them.,2023-08-16,Facebook,Makindye,neutral,product fine meet expectation without exceeding,47,6
1131,Decent value. Product works as expected.,2024-09-23,Twitter,Makindye,neutral,decent value product work expected,34,5
1132,Okay product quality. Price matches the value received. Located in Makindye.,2023-07-26,Twitter,Lubaga,neutral,okay product quality price match value received located makindye,64,9
1133,Fair experience overall. Nothing exceptional but acceptable. Located in Makindye. Great product!,2024-09-09,Website,Lubaga,neutral,fair experience overall nothing exceptional acceptable located makindye great product,85,10
1134,Amazing quality products. Will definitely buy again from this shop.,2023-10-05,Google,Kampala,positive,amazing quality product definitely buy shop,43,6
1135,Great service! Very fast delivery in Kampala. Highly recommend!,2023-11-07,Facebook,Nakawa,positive,great service fast delivery kampala highly recommend,52,7
1136,Best customer service I've experienced. Products are top quality. Great order!,2023-10-11,Google,Kampala,positive,best customer service experienced product top quality great order,65,9
1137,Love shopping here! Always get great deals and quality products. Located in Kawempe.,2024-05-02,Google,Lubaga,positive,love shopping always get great deal quality product located kawempe,67,10
1138,Standard quality. Nothing to complain about or praise.,2023-03-01,Facebook,Muyenga,neutral,standard quality nothing complain praise,40,5
1139,Product broke after just one week of use. Very poor quality.,2023-10-04,Facebook,Kampala,negative,product broke one week use poor quality,39,7
1140,Not satisfied with the product. Quality is below expectations.,2024-10-27,Website,Bukoto,negative,satisfied product quality expectation,37,4
1141,Very satisfied with my purchase. Great quality and fast delivery.,2024-09-25,Website,Muyenga,positive,satisfied purchase great quality fast delivery,46,6
1142,Great products at affordable prices. Very satisfied with my purchase.,2024-09-06,WhatsApp,Kololo,positive,great product affordable price satisfied purchase,49,6
1143,Top-notch quality. Exceeded my expectations completely. Located in Kampala.,2024-08-05,Website,Kampala,positive,top notch quality exceeded expectation completely located kampala,65,8
1144,Poor customer service. Staff was rude and unhelpful. Great restaurant!,2023-04-14,WhatsApp,Lubaga,negative,poor customer service staff rude unhelpful great restaurant,59,8
1145,Very disappointed. Product quality is poor and service is worse.,2023-08-11,Instagram,Muyenga,negative,disappointed product quality poor service worse,47,6
1146,Quick response time and excellent customer care. Highly recommended!,2023-09-03,Facebook,Kololo,positive,quick response time excellent customer care highly recommended,62,8
1147,Great value for money. Fast delivery and excellent packaging.,2023-08-04,Google,Makindye,positive,great value money fast delivery excellent packaging,51,7
1148,Poor quality products. Broke within days of purchase.,2023-08-01,Twitter,Bukoto,negative,poor quality product broke within day purchase,46,7
1149,Best shop in Kawempe. Quality products and great service. Located in Ntinda.,2023-09-24,Google,Lubaga,positive,best shop kawempe quality product great service located ntinda,62,9
1150,Product is functional. Does what it's supposed to do. Great order!,2023-03-13,Twitter,Kampala,neutral,product functional supposed great order,39,5
1151,Great products at affordable prices. Very satisfied with my purchase.,2023-09-03,Twitter,Kololo,positive,great product affordable price satisfied purchase,49,6
1152,Great experience from start to finish. Will shop here again!,2023-05-09,Twitter,Makindye,positive,great experience start finish shop,34,5
1153,Outstanding service! The staff was very helpful and friendly.,2023-10-14,Instagram,Makindye,positive,outstanding service staff helpful friendly,42,5
1154,Great experience overall. Will be a returning customer.,2023-06-18,Twitter,Ntinda,positive,great experience overall returning customer,43,5
1155,Average product quality. Meets basic needs adequately. Located in Makindye.,2024-04-10,Instagram,Kololo,neutral,average product quality meet basic need adequately located makindye,67,9
1156,Excellent customer support. They responded quickly to my questions. Great delivery!,2023-06-25,Twitter,Nakawa,positive,excellent customer support responded quickly question great delivery,68,8
1157,Amazing quality products. Will definitely buy again from this shop.,2024-07-24,WhatsApp,Lubaga,positive,amazing quality product definitely buy shop,43,6
1158,Great business with excellent customer care. Very professional.,2024-01-01,Website,Kampala,positive,great business excellent customer care professional,51,6
1159,Product works as expected. No major issues or complaints.,2023-02-28,Instagram,Kololo,neutral,product work expected major issue complaint,43,6
1160,"Outstanding business! Professional, reliable, and customer-focused.",2024-01-11,Google,Kololo,positive,outstanding business professional reliable customer focused,59,6
1161,Product works fine. Decent quality for the price paid.,2023-12-26,Facebook,Muyenga,neutral,product work fine decent quality price paid,43,7
1162,Great value for money. Fast delivery and excellent packaging. Located in Bukoto.,2023-05-23,Twitter,Ntinda,positive,great value money fast delivery excellent packaging located bukoto,66,9
1163,Top quality products at reasonable prices. Highly recommended!,2023-01-22,Google,Central,positive,top quality product reasonable price highly recommended,55,7
1164,Best prices in Nakawa area. Great value for money.,2024-03-10,WhatsApp,Kawempe,positive,best price nakawa area great value money,40,7
1165,"Fast shipping, good quality, and excellent customer support.",2023-12-22,WhatsApp,Kampala,positive,fast shipping good quality excellent customer support,53,7
1166,Outstanding service! The staff was very helpful and friendly. Located in Ntinda.,2024-04-11,Google,Kampala,positive,outstanding service staff helpful friendly located ntinda,57,7
1167,Average product quality. Meets basic expectations.,2024-06-23,WhatsApp,Central,neutral,average product quality meet basic expectation,46,6
1168,Outstanding service! The staff was very helpful and friendly.,2023-11-25,Facebook,Ntinda,positive,outstanding service staff helpful friendly,42,5
1169,Outstanding service! The staff was very helpful and friendly. Located in Ntinda.,2024-12-08,Instagram,Kampala,positive,outstanding service staff helpful friendly located ntinda,57,7
1170,"Outstanding business! Professional, reliable, and customer-focused. Great packaging!",2024-11-13,Google,Nakawa,positive,outstanding business professional reliable customer focused great packaging,75,8
1171,Fair prices and acceptable quality. Nothing outstanding. Located in Central.,2023-04-20,Facebook,Makindye,neutral,fair price acceptable quality nothing outstanding located central,65,8
1172,Amazing experience! The product arrived on time and in perfect condition. Located in Bukoto.,2023-04-20,Twitter,Kampala,positive,amazing experience product arrived time perfect condition located bukoto,72,9
1173,Average quality. Price is reasonable for what you get. Located in Ntinda. Great price!,2024-11-11,Website,Kampala,neutral,average quality price reasonable get located ntinda great price,63,9
1174,Product is okay. Nothing special but serves its purpose. Great product!,2023-10-10,Google,Bukoto,neutral,product okay nothing special serf purpose great product,55,8
1175,Love the product quality. Fast shipping and good packaging.,2024-02-16,WhatsApp,Makindye,positive,love product quality fast shipping good packaging,49,7
1176,Great value for money. Fast delivery and excellent packaging. Great support!,2023-03-09,Facebook,Muyenga,positive,great value money fast delivery excellent packaging great support,65,9
1177,Top-notch quality. Exceeded my expectations completely.,2024-08-28,Facebook,Lubaga,positive,top notch quality exceeded expectation completely,49,6
1178,Professional service and high-quality products. Very happy! Located in Central.,2023-12-12,Twitter,Lubaga,positive,professional service high quality product happy located central,63,8
1179,Amazing quality products. Will definitely buy again from this shop. Great packaging!,2023-10-01,WhatsApp,Lubaga,positive,amazing quality product definitely buy shop great packaging,59,8
1180,Great experience from start to finish. Will shop here again! Great shop!,2023-10-29,WhatsApp,Kampala,positive,great experience start finish shop great shop,45,7
1181,Delivery was on time. Product is as expected. Great packaging!,2023-04-23,Google,Makindye,neutral,delivery time product expected great packaging,46,6
1182,Decent value. Product works as expected.,2023-11-18,Google,Nakawa,neutral,decent value product work expected,34,5
1183,Excellent products and service. Best in the area!,2023-01-22,Facebook,Bukoto,positive,excellent product service best area,35,5
1184,Best prices in Nakawa area. Great value for money. Great service!,2023-06-19,Website,Kololo,positive,best price nakawa area great value money great service,54,9
1185,Delivery issues. Package arrived late and damaged.,2023-10-19,Facebook,Central,negative,delivery issue package arrived late damaged,43,6
1186,Terrible experience. Would not recommend this business to anyone.,2023-04-03,WhatsApp,Bukoto,negative,terrible experience would recommend business anyone,51,6
1187,Average quality. Nothing special but nothing wrong either. Great price!,2023-04-11,Facebook,Lubaga,neutral,average quality nothing special nothing wrong either great price,64,9
1188,Product works as expected. No major issues or complaints.,2024-07-16,Google,Nakawa,neutral,product work expected major issue complaint,43,6
1189,Top quality products at reasonable prices. Highly recommended! Great delivery!,2024-02-14,WhatsApp,Kampala,positive,top quality product reasonable price highly recommended great delivery,70,9
1190,Outstanding service! The staff was very helpful and friendly. Located in Makindye.,2023-05-04,WhatsApp,Lubaga,positive,outstanding service staff helpful friendly located makindye,59,7
1191,Average product quality. Meets basic needs adequately.,2024-07-03,Google,Makindye,neutral,average product quality meet basic need adequately,50,7
1192,Average experience. Product is functional and adequate. Located in Bukoto.,2023-06-22,Google,Kololo,neutral,average experience product functional adequate located bukoto,61,7
1193,Love shopping here! Always get great deals and quality products.,2024-12-08,Website,Makindye,positive,love shopping always get great deal quality product,51,8
1194,Product is okay. Nothing special but serves its purpose.,2024-06-06,WhatsApp,Kawempe,neutral,product okay nothing special serf purpose,41,6
1195,Customer service is terrible. No one responds to complaints.,2023-09-13,Twitter,Central,negative,customer service terrible one responds complaint,48,6
1196,Outstanding service! The staff was very helpful and friendly.,2024-04-23,Twitter,Kololo,positive,outstanding service staff helpful friendly,42,5
1197,Customer service needs major improvement. Very unprofessional.,2023-09-11,Facebook,Central,negative,customer service need major improvement unprofessional,54,6
1198,Fair value for money. Quality is acceptable but not premium. Great store!,2024-01-02,Google,Muyenga,neutral,fair value money quality acceptable premium great store,55,8
1199,Very satisfied with my purchase. Great quality and fast delivery. Great price!,2023-03-29,WhatsApp,Lubaga,positive,satisfied purchase great quality fast delivery great price,58,8
1200,Standard service. No complaints but nothing exceptional either.,2024-04-01,Instagram,Muyenga,neutral,standard service complaint nothing exceptional either,53,6
1201,Okay service. Nothing special but gets the job done.,2023-07-16,Twitter,Ntinda,neutral,okay service nothing special get job done,41,7
1202,Amazing experience! The product arrived on time and in perfect condition.,2024-09-26,Twitter,Kampala,positive,amazing experience product arrived time perfect condition,57,7
1203,Excellent customer support. They responded quickly to my questions.,2024-05-28,WhatsApp,Nakawa,positive,excellent customer support responded quickly question,53,6
1204,Amazing experience! The product arrived on time and in perfect condition.,2023-01-01,Twitter,Kawempe,positive,amazing experience product arrived time perfect condition,57,7
1205,Excellent products and service. Best in the area! Located in Nakawa.,2024-10-23,WhatsApp,Kampala,positive,excellent product service best area located nakawa,50,7
1206,Great service! Very fast delivery in Kampala. Highly recommend!,2023-08-11,Facebook,Kawempe,positive,great service fast delivery kampala highly recommend,52,7
1207,Outstanding service! The staff was very helpful and friendly.,2023-12-23,Twitter,Bukoto,positive,outstanding service staff helpful friendly,42,5
1208,Average experience. Product is functional and adequate. Located in Bukoto. Great price!,2024-01-16,Facebook,Lubaga,neutral,average experience product functional adequate located bukoto great price,73,9
1209,"Fast shipping, good quality, and excellent customer support. Great order!",2024-12-22,Google,Lubaga,positive,fast shipping good quality excellent customer support great order,65,9
1210,Terrible customer service. No help when I had an issue.,2023-06-07,Google,Muyenga,negative,terrible customer service help issue,36,5
1211,Decent quality products. Price is fair for what you receive. Great delivery!,2024-12-21,Instagram,Bukoto,neutral,decent quality product price fair receive great delivery,56,8
1212,Professional service and high-quality products. Very happy!,2023-06-03,Facebook,Nakawa,positive,professional service high quality product happy,47,6
1213,Standard quality. Nothing to complain about or praise. Located in Bukoto.,2023-05-13,Instagram,Kololo,neutral,standard quality nothing complain praise located bukoto,55,7
1214,"Fast shipping, good quality, and excellent customer support.",2024-09-27,Twitter,Kawempe,positive,fast shipping good quality excellent customer support,53,7
1215,Amazing service! The team went above and beyond to help me. Located in Central.,2023-10-23,WhatsApp,Central,positive,amazing service team went beyond help located central,53,8
1216,Best prices in Nakawa area. Great value for money. Located in Muyenga.,2024-04-24,Twitter,Central,positive,best price nakawa area great value money located muyenga,56,9
1217,Okay service. Product meets basic requirements. Great business!,2024-04-29,WhatsApp,Central,neutral,okay service product meet basic requirement great business,58,8
1218,Excellent business! Highly professional and reliable. Located in Lubaga.,2023-01-13,Twitter,Nakawa,positive,excellent business highly professional reliable located lubaga,62,7
1219,"Outstanding business! Professional, reliable, and customer-focused. Located in Kololo.",2024-02-03,Instagram,Kawempe,positive,outstanding business professional reliable customer focused located kololo,74,8
1220,Great prices and even better service. Highly recommend this business!,2023-01-31,Google,Makindye,positive,great price even better service highly recommend business,57,8
1221,Delivery was on time. Product is as expected. Located in Kampala.,2024-03-06,Twitter,Lubaga,neutral,delivery time product expected located kampala,46,6
1222,Fair value for money. Quality is acceptable but not premium.,2023-03-12,WhatsApp,Muyenga,neutral,fair value money quality acceptable premium,43,6
1223,Amazing experience! The product arrived on time and in perfect condition. Located in Kawempe.,2023-03-12,Website,Makindye,positive,amazing experience product arrived time perfect condition located kawempe,73,9
1224,Average product quality. Meets basic expectations. Great support!,2023-01-24,Instagram,Nakawa,neutral,average product quality meet basic expectation great support,60,8
1225,Great products at affordable prices. Very satisfied with my purchase.,2023-02-24,Google,Kawempe,positive,great product affordable price satisfied purchase,49,6
1226,Best customer service I've experienced. Products are top quality. Located in Kololo.,2023-04-02,Google,Ntinda,positive,best customer service experienced product top quality located kololo,68,9
1227,Product works as expected. No major issues or complaints.,2023-05-21,Facebook,Nakawa,neutral,product work expected major issue complaint,43,6
1228,Okay delivery time. Product is functional and usable. Great store!,2023-11-08,Twitter,Muyenga,neutral,okay delivery time product functional usable great store,56,8
1229,Product was different from what was advertised. Misleading description.,2024-01-30,Website,Bukoto,negative,product different advertised misleading description,51,5
1230,Great products at affordable prices. Very satisfied with my purchase.,2024-11-12,Facebook,Kawempe,positive,great product affordable price satisfied purchase,49,6
1231,Amazing service! The team went above and beyond to help me.,2023-03-10,Website,Muyenga,positive,amazing service team went beyond help,37,6
1232,Great service! Very fast delivery in Kampala. Highly recommend!,2024-06-29,Facebook,Kawempe,positive,great service fast delivery kampala highly recommend,52,7
1233,Best customer service I've experienced. Products are top quality. Great delivery!,2024-08-14,Facebook,Bukoto,positive,best customer service experienced product top quality great delivery,68,9
1234,Standard service. No complaints but nothing exceptional either. Great staff!,2024-08-30,Facebook,Central,neutral,standard service complaint nothing exceptional either great staff,65,8
1235,Best shopping experience! Quality products and great prices.,2023-01-15,WhatsApp,Central,positive,best shopping experience quality product great price,52,7
1236,"Fast delivery, good quality, fair prices. What more could you ask for? Located in Ntinda.",2024-04-24,Twitter,Muyenga,positive,fast delivery good quality fair price could ask located ntinda,62,10
1237,Fair prices and acceptable quality. Nothing outstanding. Great shop!,2023-01-19,Twitter,Kawempe,neutral,fair price acceptable quality nothing outstanding great shop,60,8
1238,Great experience overall. Will be a returning customer.,2024-01-12,WhatsApp,Ntinda,positive,great experience overall returning customer,43,5
1239,Best customer service I've experienced. Products are top quality.,2023-07-22,Website,Muyenga,positive,best customer service experienced product top quality,53,7
1240,Very satisfied with my purchase. Great quality and fast delivery. Located in Ntinda.,2023-01-18,WhatsApp,Makindye,positive,satisfied purchase great quality fast delivery located ntinda,61,8
1241,Amazing quality products. Will definitely buy again from this shop. Located in Ntinda.,2024-01-29,Instagram,Ntinda,positive,amazing quality product definitely buy shop located ntinda,58,8
1242,Best prices in Nakawa area. Great value for money. Great quality!,2023-01-12,Google,Kololo,positive,best price nakawa area great value money great quality,54,9
1243,"Outstanding business! Professional, reliable, and customer-focused. Located in Central.",2023-06-25,Website,Makindye,positive,outstanding business professional reliable customer focused located central,75,8
1244,Amazing service! The team went above and beyond to help me. Located in Bukoto.,2023-02-18,Website,Lubaga,positive,amazing service team went beyond help located bukoto,52,8
1245,Great prices and even better service. Highly recommend this business!,2024-03-27,Instagram,Kampala,positive,great price even better service highly recommend business,57,8
1246,Great experience overall. Will be a returning customer. Great experience!,2023-03-08,WhatsApp,Nakawa,positive,great experience overall returning customer great experience,60,7
1247,Great experience from start to finish. Will shop here again!,2023-06-26,WhatsApp,Nakawa,positive,great experience start finish shop,34,5
1248,Amazing experience! The product arrived on time and in perfect condition.,2024-05-28,Google,Kampala,positive,amazing experience product arrived time perfect condition,57,7
1249,Great experience overall. Will be a returning customer.,2024-05-06,Website,Bukoto,positive,great experience overall returning customer,43,5
1250,Okay delivery time. Product is functional and usable.,2023-08-22,Facebook,Bukoto,neutral,okay delivery time product functional usable,44,6
1251,Fair value for money. Quality is acceptable but not premium.,2024-01-22,Instagram,Nakawa,neutral,fair value money quality acceptable premium,43,6
1252,Product quality was disappointing. Not as described on the website. Located in Central.,2023-09-04,Twitter,Central,negative,product quality disappointing described website located central,63,7
1253,Very slow delivery and unresponsive customer support. Located in Kololo.,2024-06-16,WhatsApp,Bukoto,negative,slow delivery unresponsive customer support located kololo,58,7
1254,Overpriced products with low quality. Not good value for money. Great product!,2024-02-07,Google,Lubaga,negative,overpriced product low quality good value money great product,61,9
1255,Excellent products and service. Best in the area! Located in Nakawa.,2024-12-30,Website,Ntinda,positive,excellent product service best area located nakawa,50,7
1256,Amazing service! The team went above and beyond to help me.,2023-03-10,Instagram,Central,positive,amazing service team went beyond help,37,6
1257,Average quality. Price is reasonable for what you get.,2024-11-16,Google,Kawempe,neutral,average quality price reasonable get,36,5
1258,Great value for money. Fast delivery and excellent packaging. Located in Kampala.,2024-03-07,Website,Kololo,positive,great value money fast delivery excellent packaging located kampala,67,9
1259,Best shopping experience! Quality products and great prices. Located in Kololo. Great experience!,2023-05-18,Twitter,Kampala,positive,best shopping experience quality product great price located kololo great experience,84,11
1260,Great business with excellent customer care. Very professional.,2024-01-03,Instagram,Central,positive,great business excellent customer care professional,51,6
1261,Customer service was unresponsive. Had to wait days for a reply.,2024-07-02,Google,Kololo,negative,customer service unresponsive wait day reply,44,6
1262,Best shopping experience! Quality products and great prices. Located in Makindye.,2024-05-23,WhatsApp,Bukoto,positive,best shopping experience quality product great price located makindye,69,9
1263,Standard service. No complaints but nothing exceptional either. Located in Lubaga.,2023-03-01,WhatsApp,Kawempe,neutral,standard service complaint nothing exceptional either located lubaga,68,8
1264,Best customer service I've experienced. Products are top quality.,2024-05-20,Twitter,Muyenga,positive,best customer service experienced product top quality,53,7
1265,Very slow delivery. Took over a week to arrive in Kampala. Located in Nakawa.,2024-10-15,Google,Kololo,negative,slow delivery took week arrive kampala located nakawa,53,8
1266,Amazing experience! The product arrived on time and in perfect condition. Located in Kampala. Great packaging!,2023-09-27,Twitter,Muyenga,positive,amazing experience product arrived time perfect condition located kampala great packaging,89,11
1267,Product is functional. Does what it's supposed to do.,2024-10-03,Google,Kawempe,neutral,product functional supposed,27,3
1268,Excellent communication and fast delivery. Highly satisfied!,2023-12-12,Google,Nakawa,positive,excellent communication fast delivery highly satisfied,54,6
1269,Standard delivery. Product works but quality is average.,2023-04-15,Website,Makindye,neutral,standard delivery product work quality average,46,6
1270,Poor customer service. Staff was rude and unhelpful.,2024-09-10,Twitter,Makindye,negative,poor customer service staff rude unhelpful,42,6
1271,Overpriced compared to other shops in Nakawa area. Located in Kawempe.,2024-07-28,Instagram,Lubaga,negative,overpriced compared shop nakawa area located kawempe,52,7
1272,Standard quality. Nothing to complain about or praise.,2024-04-27,WhatsApp,Muyenga,neutral,standard quality nothing complain praise,40,5
1273,Great products at affordable prices. Very satisfied with my purchase.,2023-10-22,Website,Kawempe,positive,great product affordable price satisfied purchase,49,6
1274,Product is functional. Does what it's supposed to do. Located in Ntinda.,2024-02-01,Twitter,Kawempe,neutral,product functional supposed located ntinda,42,5
1275,Very satisfied with my purchase. Great quality and fast delivery. Located in Ntinda.,2023-05-15,Twitter,Central,positive,satisfied purchase great quality fast delivery located ntinda,61,8
1276,Love the product quality. Fast shipping and good packaging.,2023-01-17,Google,Ntinda,positive,love product quality fast shipping good packaging,49,7
1277,Love the product quality. Fast shipping and good packaging.,2024-12-09,Twitter,Lubaga,positive,love product quality fast shipping good packaging,49,7
1278,Excellent business! Highly professional and reliable.,2024-08-03,Facebook,Kawempe,positive,excellent business highly professional reliable,47,5
1279,Worst shopping experience. Poor quality and terrible service. Located in Nakawa.,2023-09-27,Instagram,Nakawa,negative,worst shopping experience poor quality terrible service located nakawa,70,9
1280,Terrible experience. Would not recommend this business to anyone. Located in Kololo.,2024-04-13,Google,Lubaga,negative,terrible experience would recommend business anyone located kololo,66,8
1281,Quick response time and excellent customer care. Highly recommended!,2024-12-17,Google,Kololo,positive,quick response time excellent customer care highly recommended,62,8
1282,Fair prices and acceptable quality. Nothing outstanding. Great service!,2024-09-11,Website,Makindye,neutral,fair price acceptable quality nothing outstanding great service,63,8
1283,Best prices in Nakawa area. Great value for money.,2024-12-16,WhatsApp,Ntinda,positive,best price nakawa area great value money,40,7
1284,Average product quality. Meets basic needs adequately.,2023-06-10,Instagram,Kawempe,neutral,average product quality meet basic need adequately,50,7
1285,Poor customer service. Staff was rude and unhelpful. Located in Nakawa.,2024-05-21,Website,Muyenga,negative,poor customer service staff rude unhelpful located nakawa,57,8
1286,Excellent communication and fast delivery. Highly satisfied!,2023-12-26,Website,Kampala,positive,excellent communication fast delivery highly satisfied,54,6
1287,Average experience. Product is functional and adequate.,2023-01-12,Website,Lubaga,neutral,average experience product functional adequate,46,5
1288,Love shopping here! Always get great deals and quality products. Located in Kampala. Great delivery!,2024-07-19,Twitter,Nakawa,positive,love shopping always get great deal quality product located kampala great delivery,82,12
1289,Outstanding service! The staff was very helpful and friendly. Located in Central. Great product!,2024-10-26,Twitter,Kawempe,positive,outstanding service staff helpful friendly located central great product,72,9
1290,"Fast shipping, good quality, and excellent customer support. Great customer!",2024-09-07,WhatsApp,Nakawa,positive,fast shipping good quality excellent customer support great customer,68,9
1291,Amazing experience! The product arrived on time and in perfect condition. Great staff!,2023-08-25,WhatsApp,Makindye,positive,amazing experience product arrived time perfect condition great staff,69,9
1292,"Outstanding business! Professional, reliable, and customer-focused.",2024-11-13,Website,Lubaga,positive,outstanding business professional reliable customer focused,59,6
1293,Okay experience. Nothing to complain about but not impressed either.,2024-09-30,Google,Ntinda,neutral,okay experience nothing complain impressed either,49,6
1294,"Fast delivery, good quality, fair prices. What more could you ask for?",2024-10-28,Instagram,Central,positive,fast delivery good quality fair price could ask,47,8
1295,Great experience from start to finish. Will shop here again! Located in Lubaga.,2024-03-11,Facebook,Kampala,positive,great experience start finish shop located lubaga,49,7
1296,Amazing experience! The product arrived on time and in perfect condition.,2024-07-10,Website,Kawempe,positive,amazing experience product arrived time perfect condition,57,7
1297,Quick response time and excellent customer care. Highly recommended! Great restaurant!,2024-01-17,Instagram,Kampala,positive,quick response time excellent customer care highly recommended great restaurant,79,10
1298,Worst shopping experience. Poor quality and terrible service.,2024-12-27,WhatsApp,Kawempe,negative,worst shopping experience poor quality terrible service,55,7
1299,Amazing service! The team went above and beyond to help me. Located in Muyenga. Great support!,2023-05-13,WhatsApp,Central,positive,amazing service team went beyond help located muyenga great support,67,10
1300,Excellent products and service. Best in the area!,2023-10-20,Twitter,Kololo,positive,excellent product service best area,35,5
1301,Great business with excellent customer care. Very professional. Located in Makindye.,2024-07-26,Google,Bukoto,positive,great business excellent customer care professional located makindye,68,8
1302,Decent value. Product works as expected. Great price!,2024-12-25,Website,Kawempe,neutral,decent value product work expected great price,46,7
1303,Would not buy from here again. Poor experience overall.,2023-01-12,Facebook,Nakawa,negative,would buy poor experience overall,33,5
1304,Top-notch quality. Exceeded my expectations completely.,2023-01-03,WhatsApp,Muyenga,positive,top notch quality exceeded expectation completely,49,6
1305,Top-notch quality. Exceeded my expectations completely. Located in Central.,2023-07-29,Google,Makindye,positive,top notch quality exceeded expectation completely located central,65,8
1306,Top quality products at reasonable prices. Highly recommended!,2023-05-10,Google,Kampala,positive,top quality product reasonable price highly recommended,55,7
1307,Professional service and high-quality products. Very happy! Located in Ntinda. Great customer!,2023-04-28,Instagram,Makindye,positive,professional service high quality product happy located ntinda great customer,77,10
1308,Delivery issues. Package arrived late and damaged. Located in Central.,2023-08-10,Website,Lubaga,negative,delivery issue package arrived late damaged located central,59,8
1309,Product was different from what was advertised. Misleading description.,2024-03-31,Twitter,Kololo,negative,product different advertised misleading description,51,5
1310,Best prices in Nakawa area. Great value for money. Great restaurant!,2023-11-10,Google,Bukoto,positive,best price nakawa area great value money great restaurant,57,9
1311,Not satisfied at all. Product quality is below standard. Located in Kololo.,2023-06-30,Website,Nakawa,negative,satisfied product quality standard located kololo,49,6
1312,Okay experience. Nothing to complain about but not impressed either. Great experience!,2023-03-03,Website,Bukoto,neutral,okay experience nothing complain impressed either great experience,66,8
1313,Average experience overall. Product is fine but not great. Located in Makindye.,2023-08-18,Google,Kampala,neutral,average experience overall product fine great located makindye,62,8
1314,Best shopping experience! Quality products and great prices.,2023-01-05,Twitter,Kampala,positive,best shopping experience quality product great price,52,7
1315,Would not buy from here again. Poor experience overall. Great delivery!,2024-03-08,Google,Bukoto,negative,would buy poor experience overall great delivery,48,7
1316,Decent service. No major complaints but nothing impressive. Located in Kawempe.,2023-12-02,Facebook,Kawempe,neutral,decent service major complaint nothing impressive located kawempe,65,8
1317,Average experience. Product is functional and adequate.,2024-06-24,Google,Bukoto,neutral,average experience product functional adequate,46,5
1318,Standard quality. Nothing to complain about or praise.,2023-05-09,Google,Central,neutral,standard quality nothing complain praise,40,5
1319,Okay service. Product meets basic requirements.,2023-11-29,Instagram,Ntinda,neutral,okay service product meet basic requirement,43,6
1320,Amazing quality products. Will definitely buy again from this shop.,2024-07-23,Twitter,Kawempe,positive,amazing quality product definitely buy shop,43,6
1321,Not satisfied with the product. Quality is below expectations. Located in Kawempe.,2023-12-05,Instagram,Nakawa,negative,satisfied product quality expectation located kawempe,53,6
1322,Not satisfied with the product. Quality is below expectations.,2023-02-18,Google,Central,negative,satisfied product quality expectation,37,4
1323,Professional service and high-quality products. Very happy!,2024-08-17,Instagram,Kampala,positive,professional service high quality product happy,47,6
1324,Okay service. Nothing special but gets the job done. Located in Kawempe. Great purchase!,2024-09-09,Google,Kawempe,neutral,okay service nothing special get job done located kawempe great purchase,72,11
1325,Best shop in Kawempe. Quality products and great service.,2023-05-06,Website,Ntinda,positive,best shop kawempe quality product great service,47,7
1326,Product is functional. Does what it's supposed to do.,2023-03-01,Facebook,Nakawa,neutral,product functional supposed,27,3
1327,Standard quality. Nothing to complain about or praise. Great restaurant!,2024-01-06,Google,Central,neutral,standard quality nothing complain praise great restaurant,57,7
1328,Standard quality. Nothing to complain about or praise. Great quality!,2023-01-07,Google,Bukoto,neutral,standard quality nothing complain praise great quality,54,7
1329,Product is okay. Nothing special but serves its purpose. Located in Ntinda. Great service!,2023-05-10,Twitter,Makindye,neutral,product okay nothing special serf purpose located ntinda great service,70,10
1330,Very satisfied with my purchase. Great quality and fast delivery. Great business!,2024-08-02,Instagram,Lubaga,positive,satisfied purchase great quality fast delivery great business,61,8
1331,Great products at affordable prices. Very satisfied with my purchase.,2023-04-21,WhatsApp,Kawempe,positive,great product affordable price satisfied purchase,49,6
1332,Great experience overall. Will be a returning customer. Located in Nakawa.,2023-05-03,Facebook,Central,positive,great experience overall returning customer located nakawa,58,7
1333,Standard delivery time. Product quality is average.,2024-02-19,Instagram,Central,neutral,standard delivery time product quality average,46,6
1334,Terrible customer service. No help when I had an issue. Located in Kawempe. Great delivery!,2024-01-31,Google,Kampala,negative,terrible customer service help issue located kawempe great delivery,67,9
1335,Very satisfied with my purchase. Great quality and fast delivery.,2024-08-29,Website,Makindye,positive,satisfied purchase great quality fast delivery,46,6
1336,Best customer service I've experienced. Products are top quality. Located in Nakawa. Great restaurant!,2023-12-22,Website,Kololo,positive,best customer service experienced product top quality located nakawa great restaurant,85,11
1337,Best customer service I've experienced. Products are top quality.,2024-04-09,Facebook,Makindye,positive,best customer service experienced product top quality,53,7
1338,Excellent products and service. Best in the area! Located in Central. Great shipping!,2023-08-01,Google,Kololo,positive,excellent product service best area located central great shipping,66,9
1339,Professional service and high-quality products. Very happy! Located in Kawempe. Great shipping!,2023-08-20,Instagram,Lubaga,positive,professional service high quality product happy located kawempe great shipping,78,10
1340,"Fast shipping, good quality, and excellent customer support. Located in Ntinda.",2024-08-31,WhatsApp,Nakawa,positive,fast shipping good quality excellent customer support located ntinda,68,9
1341,"Fast shipping, good quality, and excellent customer support. Located in Ntinda.",2024-06-25,Website,Muyenga,positive,fast shipping good quality excellent customer support located ntinda,68,9
1342,Customer service is terrible. No one responds to complaints. Great support!,2023-01-24,Instagram,Nakawa,negative,customer service terrible one responds complaint great support,62,8
1343,Love shopping here! Always get great deals and quality products. Located in Kampala.,2024-03-02,Twitter,Nakawa,positive,love shopping always get great deal quality product located kampala,67,10
1344,Product quality was disappointing. Not as described on the website.,2023-07-16,Website,Muyenga,negative,product quality disappointing described website,47,5
1345,Great service! Very fast delivery in Kampala. Highly recommend! Located in Ntinda. Great packaging!,2023-03-22,Google,Kololo,positive,great service fast delivery kampala highly recommend located ntinda great packaging,83,11
1346,Poor customer service. Staff was rude and unhelpful. Great business!,2023-01-22,Google,Nakawa,negative,poor customer service staff rude unhelpful great business,57,8
1347,Very satisfied with my purchase. Great quality and fast delivery. Great price!,2023-04-21,Website,Kawempe,positive,satisfied purchase great quality fast delivery great price,58,8
1348,Okay delivery time. Product is functional and usable.,2024-01-04,WhatsApp,Kampala,neutral,okay delivery time product functional usable,44,6
1349,Best customer service I've experienced. Products are top quality. Great delivery!,2024-04-17,Instagram,Kampala,positive,best customer service experienced product top quality great delivery,68,9
1350,Great experience from start to finish. Will shop here again!,2023-04-10,Facebook,Kampala,positive,great experience start finish shop,34,5
1351,Excellent business! Highly professional and reliable. Located in Ntinda.,2024-03-12,Facebook,Muyenga,positive,excellent business highly professional reliable located ntinda,62,7
1352,Amazing experience! The product arrived on time and in perfect condition.,2023-07-06,WhatsApp,Central,positive,amazing experience product arrived time perfect condition,57,7
1353,Great experience overall. Will be a returning customer. Located in Ntinda.,2023-11-08,Facebook,Nakawa,positive,great experience overall returning customer located ntinda,58,7
1354,Great value for money. Fast delivery and excellent packaging.,2024-04-04,Instagram,Central,positive,great value money fast delivery excellent packaging,51,7
1355,Top quality products at reasonable prices. Highly recommended! Located in Kampala.,2024-07-30,Instagram,Kampala,positive,top quality product reasonable price highly recommended located kampala,71,9
1356,Top quality products at reasonable prices. Highly recommended!,2023-10-27,Twitter,Bukoto,positive,top quality product reasonable price highly recommended,55,7
1357,Great experience from start to finish. Will shop here again!,2023-11-18,Google,Central,positive,great experience start finish shop,34,5
1358,Amazing experience! The product arrived on time and in perfect condition.,2023-02-24,Facebook,Central,positive,amazing experience product arrived time perfect condition,57,7
1359,Excellent customer support. They responded quickly to my questions.,2023-09-25,WhatsApp,Nakawa,positive,excellent customer support responded quickly question,53,6
1360,Best prices in Nakawa area. Great value for money. Great shop!,2024-01-19,Facebook,Kawempe,positive,best price nakawa area great value money great shop,51,9
1361,Top quality products at reasonable prices. Highly recommended! Located in Nakawa.,2023-06-04,Facebook,Nakawa,positive,top quality product reasonable price highly recommended located nakawa,70,9
1362,Fair prices and acceptable quality. Nothing outstanding. Located in Kampala.,2024-09-26,Facebook,Central,neutral,fair price acceptable quality nothing outstanding located kampala,65,8
1363,Poor packaging led to damaged goods. Very unprofessional. Located in Bukoto.,2023-04-24,Facebook,Nakawa,negative,poor packaging led damaged good unprofessional located bukoto,61,8
1364,Excellent products and service. Best in the area!,2023-09-18,Instagram,Makindye,positive,excellent product service best area,35,5
1365,Average quality. Price is reasonable for what you get. Located in Central. Great restaurant!,2023-02-20,Instagram,Kampala,neutral,average quality price reasonable get located central great restaurant,69,9
1366,Okay service. Product meets basic requirements.,2024-06-30,WhatsApp,Ntinda,neutral,okay service product meet basic requirement,43,6
1367,Quick response time and excellent customer care. Highly recommended! Great shop!,2023-03-27,Facebook,Lubaga,positive,quick response time excellent customer care highly recommended great shop,73,10
1368,Would not buy from here again. Poor experience overall.,2023-07-30,Website,Kololo,negative,would buy poor experience overall,33,5
1369,Great service! Very fast delivery in Kampala. Highly recommend! Located in Kawempe.,2024-02-01,Twitter,Kawempe,positive,great service fast delivery kampala highly recommend located kawempe,68,9
1370,Great business with excellent customer care. Very professional.,2024-02-09,Facebook,Muyenga,positive,great business excellent customer care professional,51,6
1371,Great business with excellent customer care. Very professional. Located in Kampala. Great packaging!,2024-09-17,Twitter,Makindye,positive,great business excellent customer care professional located kampala great packaging,83,10
1372,Very satisfied with my purchase. Great quality and fast delivery. Located in Lubaga.,2023-09-19,Instagram,Makindye,positive,satisfied purchase great quality fast delivery located lubaga,61,8
1373,Delivery was on time. Product is as expected. Located in Bukoto.,2024-03-30,Facebook,Kawempe,neutral,delivery time product expected located bukoto,45,6
1374,Amazing quality products. Will definitely buy again from this shop.,2023-09-09,Instagram,Kampala,positive,amazing quality product definitely buy shop,43,6
1375,Terrible customer service. No help when I had an issue. Great price!,2023-12-14,Website,Kololo,negative,terrible customer service help issue great price,48,7
1376,Best prices in Nakawa area. Great value for money. Great customer!,2024-05-31,Instagram,Ntinda,positive,best price nakawa area great value money great customer,55,9
1377,Great business with excellent customer care. Very professional. Great delivery!,2024-08-09,Facebook,Makindye,positive,great business excellent customer care professional great delivery,66,8
1378,Best prices in Nakawa area. Great value for money. Located in Ntinda.,2024-07-29,Facebook,Kampala,positive,best price nakawa area great value money located ntinda,55,9
1379,Quick response time and excellent customer care. Highly recommended!,2024-07-25,Instagram,Kawempe,positive,quick response time excellent customer care highly recommended,62,8
1380,Product was defective but they refused to refund. Bad business.,2024-09-24,Instagram,Muyenga,negative,product defective refused refund bad business,45,6
1381,"Fast shipping, good quality, and excellent customer support. Located in Ntinda.",2024-05-26,Facebook,Central,positive,fast shipping good quality excellent customer support located ntinda,68,9
1382,Amazing experience! The product arrived on time and in perfect condition.,2023-02-27,Facebook,Kololo,positive,amazing experience product arrived time perfect condition,57,7
1383,Standard service. No complaints but nothing exceptional either. Great service!,2024-11-19,Instagram,Kampala,neutral,standard service complaint nothing exceptional either great service,67,8
1384,Best shop in Kawempe. Quality products and great service.,2023-11-28,Instagram,Bukoto,positive,best shop kawempe quality product great service,47,7
1385,Great experience from start to finish. Will shop here again! Great service!,2023-03-25,Instagram,Kampala,positive,great experience start finish shop great service,48,7
1386,Great service! Very fast delivery in Kampala. Highly recommend! Located in Nakawa.,2023-08-16,Website,Central,positive,great service fast delivery kampala highly recommend located nakawa,67,9
1387,Top quality products at reasonable prices. Highly recommended! Great support!,2023-11-24,Facebook,Makindye,positive,top quality product reasonable price highly recommended great support,69,9
1388,Excellent business! Highly professional and reliable. Great business!,2024-01-17,Facebook,Kololo,positive,excellent business highly professional reliable great business,62,7
1389,Average quality. Nothing special but nothing wrong either. Located in Bukoto. Great service!,2024-11-27,WhatsApp,Kampala,neutral,average quality nothing special nothing wrong either located bukoto great service,81,11
1390,Customer service is terrible. No one responds to complaints. Great order!,2023-03-20,Facebook,Ntinda,negative,customer service terrible one responds complaint great order,60,8
1391,Great experience overall. Will be a returning customer.,2024-09-09,Google,Kawempe,positive,great experience overall returning customer,43,5
1392,Quick response time and excellent customer care. Highly recommended! Located in Lubaga.,2023-08-27,Twitter,Kawempe,positive,quick response time excellent customer care highly recommended located lubaga,77,10
1393,Great experience overall. Will be a returning customer. Great shipping!,2024-12-24,Twitter,Kampala,positive,great experience overall returning customer great shipping,58,7
1394,Best shop in Kawempe. Quality products and great service. Located in Bukoto. Great store!,2024-11-15,WhatsApp,Kololo,positive,best shop kawempe quality product great service located bukoto great store,74,11
1395,Amazing experience! The product arrived on time and in perfect condition.,2023-07-24,Twitter,Kololo,positive,amazing experience product arrived time perfect condition,57,7
1396,Delivery issues. Package arrived late and damaged.,2024-11-23,Website,Lubaga,negative,delivery issue package arrived late damaged,43,6
1397,Great experience from start to finish. Will shop here again!,2024-10-11,WhatsApp,Muyenga,positive,great experience start finish shop,34,5
1398,Poor quality products. Broke within days of purchase. Located in Central.,2024-11-08,Facebook,Bukoto,negative,poor quality product broke within day purchase located central,62,9
1399,Great business with excellent customer care. Very professional.,2023-01-04,Website,Kawempe,positive,great business excellent customer care professional,51,6
1400,Outstanding service! The staff was very helpful and friendly. Located in Central.,2023-11-18,WhatsApp,Bukoto,positive,outstanding service staff helpful friendly located central,58,7
1401,Average quality. Price is reasonable for what you get.,2023-02-20,Google,Central,neutral,average quality price reasonable get,36,5
1402,Excellent customer support. They responded quickly to my questions. Located in Bukoto.,2023-04-10,WhatsApp,Makindye,positive,excellent customer support responded quickly question located bukoto,68,8
1403,Not satisfied at all. Product quality is below standard.,2023-09-02,Facebook,Ntinda,negative,satisfied product quality standard,34,4
1404,Product arrived damaged and customer service refused to help. Located in Ntinda.,2023-08-09,Instagram,Kampala,negative,product arrived damaged customer service refused help located ntinda,68,9
1405,Best prices in Nakawa area. Great value for money.,2024-02-06,Instagram,Muyenga,positive,best price nakawa area great value money,40,7
1406,Disappointing experience. Would not recommend this shop.,2024-11-09,Facebook,Makindye,negative,disappointing experience would recommend shop,45,5
1407,Top-notch quality. Exceeded my expectations completely.,2023-07-18,Twitter,Kawempe,positive,top notch quality exceeded expectation completely,49,6
1408,Amazing experience! The product arrived on time and in perfect condition. Located in Kampala.,2024-07-23,Facebook,Central,positive,amazing experience product arrived time perfect condition located kampala,73,9
1409,Okay product quality. Price matches the value received. Located in Central.,2023-12-23,Google,Kololo,neutral,okay product quality price match value received located central,63,9
1410,Standard experience. Product does what it needs to do. Located in Bukoto. Great packaging!,2023-09-30,Facebook,Kawempe,neutral,standard experience product need located bukoto great packaging,63,8
1411,Delivery was delayed multiple times. Very frustrating experience.,2023-03-29,Instagram,Nakawa,negative,delivery delayed multiple time frustrating experience,53,6
1412,Love the product quality. Fast shipping and good packaging. Located in Bukoto.,2023-05-16,WhatsApp,Muyenga,positive,love product quality fast shipping good packaging located bukoto,64,9
1413,Very satisfied with my purchase. Great quality and fast delivery. Located in Central.,2024-06-26,Google,Bukoto,positive,satisfied purchase great quality fast delivery located central,62,8
1414,Average product quality. Meets basic needs adequately.,2023-03-25,Facebook,Central,neutral,average product quality meet basic need adequately,50,7
1415,Great experience overall. Will be a returning customer.,2024-02-10,Instagram,Kawempe,positive,great experience overall returning customer,43,5
1416,Excellent products and service. Best in the area! Located in Ntinda.,2024-09-19,Google,Kawempe,positive,excellent product service best area located ntinda,50,7
1417,Great value for money. Fast delivery and excellent packaging. Great shipping!,2023-05-23,Website,Kawempe,positive,great value money fast delivery excellent packaging great shipping,66,9
1418,Standard quality. Nothing to complain about or praise. Located in Central.,2024-12-12,WhatsApp,Kawempe,neutral,standard quality nothing complain praise located central,56,7
1419,Top-notch quality. Exceeded my expectations completely.,2023-10-11,WhatsApp,Central,positive,top notch quality exceeded expectation completely,49,6
1420,Best shopping experience! Quality products and great prices. Located in Muyenga. Great store!,2024-11-09,Facebook,Ntinda,positive,best shopping experience quality product great price located muyenga great store,80,11
1421,Very satisfied with my purchase. Great quality and fast delivery.,2023-03-24,Facebook,Kampala,positive,satisfied purchase great quality fast delivery,46,6
1422,Standard service. No complaints but nothing exceptional either. Located in Kawempe. Great staff!,2024-03-08,WhatsApp,Ntinda,neutral,standard service complaint nothing exceptional either located kawempe great staff,81,10
1423,Amazing service! The team went above and beyond to help me.,2024-12-09,Instagram,Makindye,positive,amazing service team went beyond help,37,6
1424,Overpriced products with low quality. Not good value for money.,2023-10-15,Twitter,Central,negative,overpriced product low quality good value money,47,7
1425,Product was defective but they refused to refund. Bad business. Located in Central.,2023-09-26,Google,Muyenga,negative,product defective refused refund bad business located central,61,8
1426,Great business with excellent customer care. Very professional.,2024-06-05,Facebook,Ntinda,positive,great business excellent customer care professional,51,6
1427,Great experience overall. Will be a returning customer. Located in Kololo.,2024-09-25,Google,Lubaga,positive,great experience overall returning customer located kololo,58,7
1428,Very disappointed. Product quality is poor and service is worse.,2023-11-10,Google,Makindye,negative,disappointed product quality poor service worse,47,6
1429,Product quality was disappointing. Not as described on the website. Great business!,2024-03-21,Facebook,Bukoto,negative,product quality disappointing described website great business,62,7
1430,Great prices and even better service. Highly recommend this business! Great shipping!,2023-03-06,Website,Nakawa,positive,great price even better service highly recommend business great shipping,72,10
1431,Professional service and high-quality products. Very happy!,2023-02-25,Google,Bukoto,positive,professional service high quality product happy,47,6
1432,Very disappointed. Product quality is poor and service is worse.,2023-03-04,Facebook,Kampala,negative,disappointed product quality poor service worse,47,6
1433,Average product quality. Meets basic needs adequately.,2024-12-04,Website,Bukoto,neutral,average product quality meet basic need adequately,50,7
1434,Best prices in Nakawa area. Great value for money.,2023-01-01,Google,Kampala,positive,best price nakawa area great value money,40,7
1435,Very satisfied with my purchase. Great quality and fast delivery. Great product!,2024-10-04,Instagram,Lubaga,positive,satisfied purchase great quality fast delivery great product,60,8
1436,Outstanding quality and service. Will definitely shop here again.,2023-02-17,Instagram,Kawempe,positive,outstanding quality service definitely shop,43,5
1437,Professional service and high-quality products. Very happy!,2023-05-25,Twitter,Bukoto,positive,professional service high quality product happy,47,6
1438,Amazing service! The team went above and beyond to help me.,2024-01-24,Instagram,Lubaga,positive,amazing service team went beyond help,37,6
1439,Great business with excellent customer care. Very professional.,2023-03-23,Google,Bukoto,positive,great business excellent customer care professional,51,6
1440,Best shop in Kawempe. Quality products and great service. Located in Kawempe.,2023-10-26,Google,Central,positive,best shop kawempe quality product great service located kawempe,63,9
1441,Decent service. No major complaints but nothing impressive. Located in Kampala.,2023-01-26,Google,Ntinda,neutral,decent service major complaint nothing impressive located kampala,65,8
1442,Product arrived damaged and customer service refused to help.,2024-06-22,Instagram,Muyenga,negative,product arrived damaged customer service refused help,53,7
1443,Professional service and high-quality products. Very happy!,2023-01-19,Website,Muyenga,positive,professional service high quality product happy,47,6
1444,Amazing service! The team went above and beyond to help me. Great store!,2023-05-14,Facebook,Muyenga,positive,amazing service team went beyond help great store,49,8
1445,Standard business service. Acceptable but not exceptional. Located in Muyenga.,2023-04-22,Instagram,Bukoto,neutral,standard business service acceptable exceptional located muyenga,64,7
1446,Product is functional. Does what it's supposed to do. Located in Kampala.,2024-06-21,WhatsApp,Nakawa,neutral,product functional supposed located kampala,43,5
1447,Very slow delivery and unresponsive customer support. Great customer!,2023-04-24,Instagram,Kampala,negative,slow delivery unresponsive customer support great customer,58,7
1448,Outstanding service! The staff was very helpful and friendly. Great customer!,2024-12-19,WhatsApp,Kampala,positive,outstanding service staff helpful friendly great customer,57,7
1449,Amazing experience! The product arrived on time and in perfect condition.,2024-03-06,Google,Bukoto,positive,amazing experience product arrived time perfect condition,57,7
1450,Best shopping experience! Quality products and great prices. Located in Lubaga.,2024-11-22,Twitter,Muyenga,positive,best shopping experience quality product great price located lubaga,67,9
1451,"Fast delivery, good quality, fair prices. What more could you ask for?",2024-03-18,Facebook,Ntinda,positive,fast delivery good quality fair price could ask,47,8
1452,Amazing service! The team went above and beyond to help me.,2024-07-23,Google,Bukoto,positive,amazing service team went beyond help,37,6
1453,Best customer service I've experienced. Products are top quality.,2024-01-14,Instagram,Muyenga,positive,best customer service experienced product top quality,53,7
1454,Average product quality. Meets basic expectations. Great restaurant!,2024-12-19,Twitter,Nakawa,neutral,average product quality meet basic expectation great restaurant,63,8
1455,Decent service. No major complaints but nothing impressive. Located in Central.,2023-12-06,Twitter,Kololo,neutral,decent service major complaint nothing impressive located central,65,8
1456,Standard service. No complaints but nothing exceptional either.,2024-11-07,Website,Makindye,neutral,standard service complaint nothing exceptional either,53,6
1457,Outstanding service! The staff was very helpful and friendly. Located in Muyenga.,2024-07-11,Twitter,Ntinda,positive,outstanding service staff helpful friendly located muyenga,58,7
1458,Okay service. Product meets basic requirements.,2024-06-28,Twitter,Kampala,neutral,okay service product meet basic requirement,43,6
1459,Quick response time and excellent customer care. Highly recommended!,2024-01-10,WhatsApp,Central,positive,quick response time excellent customer care highly recommended,62,8
1460,Product works as expected. No major issues or complaints.,2023-05-09,WhatsApp,Kawempe,neutral,product work expected major issue complaint,43,6
1461,Amazing service! The team went above and beyond to help me.,2023-10-02,Website,Central,positive,amazing service team went beyond help,37,6
1462,Would not buy from here again. Poor experience overall.,2023-12-27,Facebook,Makindye,negative,would buy poor experience overall,33,5
1463,Great service! Very fast delivery in Kampala. Highly recommend! Located in Nakawa.,2023-08-30,Instagram,Nakawa,positive,great service fast delivery kampala highly recommend located nakawa,67,9
1464,Great experience overall. Will be a returning customer.,2024-08-25,Instagram,Kampala,positive,great experience overall returning customer,43,5
1465,Great products at affordable prices. Very satisfied with my purchase.,2024-08-11,Twitter,Bukoto,positive,great product affordable price satisfied purchase,49,6
1466,Top-notch quality. Exceeded my expectations completely.,2023-11-17,Twitter,Central,positive,top notch quality exceeded expectation completely,49,6
1467,Terrible customer service. No help when I had an issue.,2023-10-13,Website,Kololo,negative,terrible customer service help issue,36,5
1468,Fair experience overall. Nothing exceptional but acceptable. Located in Muyenga.,2023-03-06,Instagram,Ntinda,neutral,fair experience overall nothing exceptional acceptable located muyenga,70,8
1469,Best shopping experience! Quality products and great prices. Located in Kampala.,2024-06-03,Google,Kampala,positive,best shopping experience quality product great price located kampala,68,9
1470,Average quality products. Functional but not impressive.,2024-04-20,Google,Central,neutral,average quality product functional impressive,45,5
1471,Customer service needs major improvement. Very unprofessional.,2023-02-17,Google,Bukoto,negative,customer service need major improvement unprofessional,54,6
1472,Amazing experience! The product arrived on time and in perfect condition.,2024-12-11,Website,Bukoto,positive,amazing experience product arrived time perfect condition,57,7
1473,"Fast delivery, good quality, fair prices. What more could you ask for?",2024-01-03,WhatsApp,Muyenga,positive,fast delivery good quality fair price could ask,47,8
1474,Standard delivery. Product works but quality is average. Located in Ntinda.,2023-01-07,Website,Lubaga,neutral,standard delivery product work quality average located ntinda,61,8
1475,Okay service. Product meets basic requirements. Great support!,2024-08-17,Website,Muyenga,neutral,okay service product meet basic requirement great support,57,8
1476,Love shopping here! Always get great deals and quality products.,2024-04-18,Twitter,Lubaga,positive,love shopping always get great deal quality product,51,8
1477,Love the product quality. Fast shipping and good packaging.,2023-02-03,Twitter,Central,positive,love product quality fast shipping good packaging,49,7
1478,Okay product quality. Price matches the value received.,2024-07-25,Website,Kampala,neutral,okay product quality price match value received,47,7
1479,Amazing experience! The product arrived on time and in perfect condition.,2023-09-04,WhatsApp,Bukoto,positive,amazing experience product arrived time perfect condition,57,7
1480,Poor quality products. Broke within days of purchase. Great quality!,2024-11-18,Website,Kololo,negative,poor quality product broke within day purchase great quality,60,9
1481,"Outstanding business! Professional, reliable, and customer-focused.",2023-04-17,Website,Makindye,positive,outstanding business professional reliable customer focused,59,6
1482,Excellent products and service. Best in the area!,2023-03-17,Google,Makindye,positive,excellent product service best area,35,5
1483,Poor value for money. Better options available elsewhere.,2024-10-19,Facebook,Central,negative,poor value money better option available elsewhere,50,7
1484,Delivery issues. Package arrived late and damaged. Located in Nakawa.,2023-11-06,WhatsApp,Kampala,negative,delivery issue package arrived late damaged located nakawa,58,8
1485,Great prices and even better service. Highly recommend this business!,2023-02-01,Google,Kololo,positive,great price even better service highly recommend business,57,8
1486,Very satisfied with my purchase. Great quality and fast delivery.,2024-02-13,Twitter,Bukoto,positive,satisfied purchase great quality fast delivery,46,6
1487,"Fast shipping, good quality, and excellent customer support.",2024-04-01,Facebook,Kampala,positive,fast shipping good quality excellent customer support,53,7
1488,Average product quality. Meets basic expectations.,2024-02-13,Instagram,Bukoto,neutral,average product quality meet basic expectation,46,6
1489,Great value for money. Fast delivery and excellent packaging. Located in Makindye.,2023-04-08,Twitter,Makindye,positive,great value money fast delivery excellent packaging located makindye,68,9
1490,Product was defective but they refused to refund. Bad business.,2023-06-05,Twitter,Kampala,negative,product defective refused refund bad business,45,6
1491,Great value for money. Fast delivery and excellent packaging. Great quality!,2023-09-01,Facebook,Kampala,positive,great value money fast delivery excellent packaging great quality,65,9
1492,Great value for money. Fast delivery and excellent packaging.,2023-06-08,Twitter,Muyenga,positive,great value money fast delivery excellent packaging,51,7
1493,Outstanding service! The staff was very helpful and friendly. Located in Muyenga.,2023-02-09,Google,Kampala,positive,outstanding service staff helpful friendly located muyenga,58,7
1494,Product was different from what was advertised. Misleading description.,2024-10-22,Website,Central,negative,product different advertised misleading description,51,5
1495,Average quality. Price is reasonable for what you get. Located in Kololo.,2024-03-24,Facebook,Makindye,neutral,average quality price reasonable get located kololo,51,7
1496,Okay experience. Nothing to complain about but not impressed either. Located in Makindye.,2023-01-09,Instagram,Nakawa,neutral,okay experience nothing complain impressed either located makindye,66,8
1497,Decent value. Product works as expected.,2024-08-26,Facebook,Makindye,neutral,decent value product work expected,34,5
1498,Okay experience. Nothing to complain about but not impressed either. Located in Ntinda.,2024-12-08,Website,Lubaga,neutral,okay experience nothing complain impressed either located ntinda,64,8
1499,Excellent business! Highly professional and reliable.,2023-02-28,Instagram,Bukoto,positive,excellent business highly professional reliable,47,5
1500,"Outstanding business! Professional, reliable, and customer-focused.",2024-12-07,Website,Muyenga,positive,outstanding business professional reliable customer focused,59,6
1501,Okay experience. Nothing to complain about but not impressed either. Great support!,2024-02-25,Website,Bukoto,neutral,okay experience nothing complain impressed either great support,63,8
1502,Standard business service. Acceptable but not exceptional.,2023-08-18,Twitter,Ntinda,neutral,standard business service acceptable exceptional,48,5
1503,Best prices in Nakawa area. Great value for money. Great packaging!,2024-05-08,Facebook,Bukoto,positive,best price nakawa area great value money great packaging,56,9
1504,Amazing service! The team went above and beyond to help me.,2024-12-20,Website,Makindye,positive,amazing service team went beyond help,37,6
1505,Outstanding quality and service. Will definitely shop here again. Great experience!,2023-10-28,Instagram,Lubaga,positive,outstanding quality service definitely shop great experience,60,7
1506,Standard delivery time. Product quality is average. Great store!,2023-10-22,WhatsApp,Ntinda,neutral,standard delivery time product quality average great store,58,8
1507,Overpriced products with low quality. Not good value for money. Great support!,2023-03-12,Twitter,Makindye,negative,overpriced product low quality good value money great support,61,9
1508,Standard quality. Nothing to complain about or praise.,2023-08-25,WhatsApp,Lubaga,neutral,standard quality nothing complain praise,40,5
1509,Okay delivery time. Product is functional and usable.,2023-07-17,WhatsApp,Lubaga,neutral,okay delivery time product functional usable,44,6
1510,Standard experience. Product does what it needs to do. Located in Ntinda.,2024-01-01,Website,Kololo,neutral,standard experience product need located ntinda,47,6
1511,Decent quality products. Price is fair for what you receive.,2023-04-25,WhatsApp,Kololo,neutral,decent quality product price fair receive,41,6
1512,Excellent customer support. They responded quickly to my questions. Located in Ntinda.,2023-03-27,Google,Nakawa,positive,excellent customer support responded quickly question located ntinda,68,8
1513,Standard service. No complaints but nothing exceptional either. Located in Central.,2023-09-10,Facebook,Kawempe,neutral,standard service complaint nothing exceptional either located central,69,8
1514,Customer service was unresponsive. Had to wait days for a reply.,2023-05-14,WhatsApp,Kampala,negative,customer service unresponsive wait day reply,44,6
1515,Average experience. Product is functional and adequate.,2024-05-03,Instagram,Nakawa,neutral,average experience product functional adequate,46,5
1516,Customer service is terrible. No one responds to complaints. Located in Bukoto.,2023-12-14,Google,Kololo,negative,customer service terrible one responds complaint located bukoto,63,8
1517,Okay service. Nothing special but gets the job done.,2023-12-25,WhatsApp,Kololo,neutral,okay service nothing special get job done,41,7
1518,Very satisfied with my purchase. Great quality and fast delivery.,2023-05-27,Twitter,Muyenga,positive,satisfied purchase great quality fast delivery,46,6
1519,Outstanding service! The staff was very helpful and friendly.,2024-10-17,Twitter,Kawempe,positive,outstanding service staff helpful friendly,42,5
1520,Standard business service. Acceptable but not exceptional.,2024-01-09,Instagram,Nakawa,neutral,standard business service acceptable exceptional,48,5
1521,Quick response time and excellent customer care. Highly recommended! Located in Central.,2024-05-24,Instagram,Central,positive,quick response time excellent customer care highly recommended located central,78,10
1522,Standard experience. Product does what it needs to do.,2024-02-10,Website,Central,neutral,standard experience product need,32,4
1523,"Fast shipping, good quality, and excellent customer support.",2024-06-23,Website,Central,positive,fast shipping good quality excellent customer support,53,7
1524,Great experience overall. Will be a returning customer.,2024-01-16,Twitter,Central,positive,great experience overall returning customer,43,5
1525,Okay product quality. Price matches the value received. Great quality!,2024-08-02,Instagram,Kololo,neutral,okay product quality price match value received great quality,61,9
1526,Standard quality. Nothing to complain about or praise.,2024-12-10,Twitter,Kawempe,neutral,standard quality nothing complain praise,40,5
1527,"Fast shipping, good quality, and excellent customer support. Located in Kampala.",2024-07-17,WhatsApp,Kampala,positive,fast shipping good quality excellent customer support located kampala,69,9
1528,Okay delivery time. Product is functional and usable.,2023-08-16,Instagram,Ntinda,neutral,okay delivery time product functional usable,44,6
1529,Great prices and even better service. Highly recommend this business! Located in Muyenga.,2024-06-21,Google,Kawempe,positive,great price even better service highly recommend business located muyenga,73,10
1530,"Fast shipping, good quality, and excellent customer support.",2023-08-11,Twitter,Central,positive,fast shipping good quality excellent customer support,53,7
1531,Professional service and high-quality products. Very happy!,2023-05-13,Facebook,Kololo,positive,professional service high quality product happy,47,6
1532,Amazing experience! The product arrived on time and in perfect condition.,2023-09-15,Instagram,Central,positive,amazing experience product arrived time perfect condition,57,7
1533,Average product quality. Meets basic needs adequately.,2023-08-06,Google,Kololo,neutral,average product quality meet basic need adequately,50,7
1534,Love shopping here! Always get great deals and quality products.,2024-12-03,WhatsApp,Central,positive,love shopping always get great deal quality product,51,8
1535,Top quality products at reasonable prices. Highly recommended!,2023-08-05,Instagram,Muyenga,positive,top quality product reasonable price highly recommended,55,7
1536,Best customer service I've experienced. Products are top quality. Located in Ntinda. Great shipping!,2023-04-02,WhatsApp,Kampala,positive,best customer service experienced product top quality located ntinda great shipping,83,11
1537,Average product quality. Meets basic expectations. Located in Kampala.,2023-10-14,Website,Kawempe,neutral,average product quality meet basic expectation located kampala,62,8
1538,Best shop in Kawempe. Quality products and great service.,2024-01-26,Google,Nakawa,positive,best shop kawempe quality product great service,47,7
1539,Best prices in Nakawa area. Great value for money.,2024-05-18,Facebook,Ntinda,positive,best price nakawa area great value money,40,7
1540,"Fast shipping, good quality, and excellent customer support. Great support!",2023-04-27,Google,Ntinda,positive,fast shipping good quality excellent customer support great support,67,9
1541,Top-notch quality. Exceeded my expectations completely.,2024-07-11,Google,Makindye,positive,top notch quality exceeded expectation completely,49,6
1542,Average experience. Product is functional and adequate. Located in Muyenga.,2023-03-07,Website,Lubaga,neutral,average experience product functional adequate located muyenga,62,7
1543,Professional service and high-quality products. Very happy! Located in Ntinda.,2024-01-12,Google,Bukoto,positive,professional service high quality product happy located ntinda,62,8
1544,Okay delivery time. Product is functional and usable.,2023-11-05,Google,Lubaga,neutral,okay delivery time product functional usable,44,6
1545,"Fast delivery, good quality, fair prices. What more could you ask for? Located in Kawempe.",2023-11-30,Website,Ntinda,positive,fast delivery good quality fair price could ask located kawempe,63,10
1546,Delivery issues. Package arrived late and damaged.,2024-02-02,Facebook,Lubaga,negative,delivery issue package arrived late damaged,43,6
1547,Outstanding service! The staff was very helpful and friendly.,2024-06-30,Google,Kololo,positive,outstanding service staff helpful friendly,42,5
1548,Great business with excellent customer care. Very professional.,2023-08-23,Website,Ntinda,positive,great business excellent customer care professional,51,6
1549,Very satisfied with my purchase. Great quality and fast delivery.,2024-12-13,Twitter,Bukoto,positive,satisfied purchase great quality fast delivery,46,6
1550,Great value for money. Fast delivery and excellent packaging.,2023-09-07,Twitter,Bukoto,positive,great value money fast delivery excellent packaging,51,7
1551,Best shopping experience! Quality products and great prices.,2024-08-11,Website,Central,positive,best shopping experience quality product great price,52,7
1552,Amazing experience! The product arrived on time and in perfect condition. Great shop!,2023-04-20,Website,Lubaga,positive,amazing experience product arrived time perfect condition great shop,68,9
1553,"Fast delivery, good quality, fair prices. What more could you ask for?",2023-05-28,Website,Bukoto,positive,fast delivery good quality fair price could ask,47,8
1554,Okay experience. Nothing to complain about but not impressed either.,2024-05-11,Website,Makindye,neutral,okay experience nothing complain impressed either,49,6
1555,Standard service. No complaints but nothing exceptional either.,2024-08-22,Facebook,Nakawa,neutral,standard service complaint nothing exceptional either,53,6
1556,Best customer service I've experienced. Products are top quality.,2024-03-11,Website,Kololo,positive,best customer service experienced product top quality,53,7
1557,Great experience from start to finish. Will shop here again! Located in Kampala.,2024-11-01,Twitter,Nakawa,positive,great experience start finish shop located kampala,50,7
1558,Okay service. Product meets basic requirements.,2024-02-03,Website,Lubaga,neutral,okay service product meet basic requirement,43,6
1559,Excellent business! Highly professional and reliable. Located in Kampala. Great product!,2023-02-16,Google,Muyenga,positive,excellent business highly professional reliable located kampala great product,77,9
1560,Standard delivery. Product works but quality is average. Great price!,2023-07-06,WhatsApp,Bukoto,neutral,standard delivery product work quality average great price,58,8
1561,Great experience from start to finish. Will shop here again! Great order!,2024-02-19,Instagram,Kampala,positive,great experience start finish shop great order,46,7
1562,Poor customer service. Staff was rude and unhelpful.,2024-05-13,Website,Makindye,negative,poor customer service staff rude unhelpful,42,6
1563,Standard service. No complaints but nothing exceptional either.,2024-10-05,Instagram,Lubaga,neutral,standard service complaint nothing exceptional either,53,6
1564,Professional service and high-quality products. Very happy!,2024-03-21,Website,Kawempe,positive,professional service high quality product happy,47,6
1565,Decent value. Product works as expected.,2024-08-01,Google,Central,neutral,decent value product work expected,34,5
1566,Product was different from what was advertised. Misleading description.,2024-07-19,Website,Kololo,negative,product different advertised misleading description,51,5
1567,Quick response time and excellent customer care. Highly recommended!,2023-09-07,WhatsApp,Kampala,positive,quick response time excellent customer care highly recommended,62,8
1568,Worst shopping experience. Poor quality and terrible service. Located in Muyenga.,2023-07-25,Twitter,Lubaga,negative,worst shopping experience poor quality terrible service located muyenga,71,9
1569,Top-notch quality. Exceeded my expectations completely.,2023-03-04,Google,Central,positive,top notch quality exceeded expectation completely,49,6
1570,Average experience overall. Product is fine but not great. Located in Kawempe.,2024-01-30,Google,Lubaga,neutral,average experience overall product fine great located kawempe,61,8
1571,Great prices and even better service. Highly recommend this business!,2024-07-25,Facebook,Muyenga,positive,great price even better service highly recommend business,57,8
1572,Very disappointed. Product quality is poor and service is worse.,2023-11-18,Twitter,Central,negative,disappointed product quality poor service worse,47,6
1573,Fair experience overall. Nothing exceptional but acceptable. Located in Bukoto.,2023-12-01,Twitter,Muyenga,neutral,fair experience overall nothing exceptional acceptable located bukoto,69,8
1574,Outstanding service! The staff was very helpful and friendly. Located in Makindye.,2024-08-25,Instagram,Lubaga,positive,outstanding service staff helpful friendly located makindye,59,7
1575,Overpriced compared to other shops in Nakawa area. Located in Nakawa.,2024-10-14,WhatsApp,Central,negative,overpriced compared shop nakawa area located nakawa,51,7
1576,Not satisfied with the product. Quality is below expectations. Located in Kampala.,2023-02-03,Instagram,Kololo,negative,satisfied product quality expectation located kampala,53,6
1577,Love the product quality. Fast shipping and good packaging.,2024-04-24,Instagram,Kampala,positive,love product quality fast shipping good packaging,49,7
1578,Top quality products at reasonable prices. Highly recommended!,2024-02-12,Google,Central,positive,top quality product reasonable price highly recommended,55,7
1579,Amazing quality products. Will definitely buy again from this shop.,2024-07-01,Google,Central,positive,amazing quality product definitely buy shop,43,6
1580,Excellent communication and fast delivery. Highly satisfied!,2023-08-04,Website,Bukoto,positive,excellent communication fast delivery highly satisfied,54,6
1581,Fair experience overall. Nothing exceptional but acceptable. Located in Makindye. Great business!,2023-11-20,Google,Kololo,neutral,fair experience overall nothing exceptional acceptable located makindye great business,86,10
1582,Outstanding service! The staff was very helpful and friendly.,2023-12-04,Twitter,Kawempe,positive,outstanding service staff helpful friendly,42,5
1583,Excellent customer support. They responded quickly to my questions.,2023-07-30,Twitter,Kololo,positive,excellent customer support responded quickly question,53,6
1584,Product works fine. Decent quality for the price paid. Located in Central.,2024-06-03,WhatsApp,Makindye,neutral,product work fine decent quality price paid located central,59,9
1585,Average product quality. Meets basic expectations. Located in Bukoto.,2024-09-29,Facebook,Bukoto,neutral,average product quality meet basic expectation located bukoto,61,8
1586,Poor packaging led to damaged goods. Very unprofessional.,2024-06-04,Instagram,Muyenga,negative,poor packaging led damaged good unprofessional,46,6
1587,Amazing service! The team went above and beyond to help me. Located in Kololo. Great packaging!,2024-02-06,Google,Kawempe,positive,amazing service team went beyond help located kololo great packaging,68,10
1588,Product is okay. Nothing special but serves its purpose. Located in Nakawa.,2023-04-11,Instagram,Makindye,neutral,product okay nothing special serf purpose located nakawa,56,8
1589,Excellent business! Highly professional and reliable. Great packaging!,2023-10-31,Instagram,Central,positive,excellent business highly professional reliable great packaging,63,7
1590,Top-notch quality. Exceeded my expectations completely. Located in Lubaga.,2023-02-02,Twitter,Lubaga,positive,top notch quality exceeded expectation completely located lubaga,64,8
1591,Very disappointed. Product quality is poor and service is worse.,2024-10-15,Instagram,Muyenga,negative,disappointed product quality poor service worse,47,6
1592,Very disappointed. Product quality is poor and service is worse. Located in Nakawa. Great service!,2024-07-02,WhatsApp,Lubaga,negative,disappointed product quality poor service worse located nakawa great service,76,10
1593,"Fast delivery, good quality, fair prices. What more could you ask for?",2024-02-26,Instagram,Central,positive,fast delivery good quality fair price could ask,47,8
1594,Best customer service I've experienced. Products are top quality.,2023-12-27,Facebook,Makindye,positive,best customer service experienced product top quality,53,7
1595,Amazing experience! The product arrived on time and in perfect condition. Located in Bukoto.,2023-06-20,WhatsApp,Makindye,positive,amazing experience product arrived time perfect condition located bukoto,72,9
1596,Quick response time and excellent customer care. Highly recommended!,2024-05-20,Website,Central,positive,quick response time excellent customer care highly recommended,62,8
1597,Product is okay. Nothing special but serves its purpose. Located in Kololo.,2023-08-10,Twitter,Kampala,neutral,product okay nothing special serf purpose located kololo,56,8
1598,Outstanding service! The staff was very helpful and friendly.,2023-05-23,Website,Bukoto,positive,outstanding service staff helpful friendly,42,5
1599,Okay service. Nothing special but gets the job done. Located in Kawempe.,2023-07-08,WhatsApp,Kawempe,neutral,okay service nothing special get job done located kawempe,57,9
1600,Average product quality. Meets basic expectations. Great product!,2024-12-28,WhatsApp,Ntinda,neutral,average product quality meet basic expectation great product,60,8
1601,Great business with excellent customer care. Very professional.,2023-05-25,Twitter,Ntinda,positive,great business excellent customer care professional,51,6
1602,Average experience overall. Product is fine but not great. Great restaurant!,2023-06-07,WhatsApp,Kololo,neutral,average experience overall product fine great great restaurant,62,8
1603,Best shop in Kawempe. Quality products and great service.,2024-11-12,WhatsApp,Kampala,positive,best shop kawempe quality product great service,47,7
1604,Excellent business! Highly professional and reliable.,2023-07-20,Instagram,Muyenga,positive,excellent business highly professional reliable,47,5
1605,Outstanding quality and service. Will definitely shop here again.,2023-04-14,WhatsApp,Kololo,positive,outstanding quality service definitely shop,43,5
1606,Delivery issues. Package arrived late and damaged.,2024-02-22,Facebook,Nakawa,negative,delivery issue package arrived late damaged,43,6
1607,Best prices in Nakawa area. Great value for money.,2024-12-31,Google,Kampala,positive,best price nakawa area great value money,40,7
1608,Excellent products and service. Best in the area! Located in Nakawa.,2024-03-11,Website,Kampala,positive,excellent product service best area located nakawa,50,7
1609,Quick response time and excellent customer care. Highly recommended!,2023-11-23,Instagram,Makindye,positive,quick response time excellent customer care highly recommended,62,8
1610,Great prices and even better service. Highly recommend this business! Great price!,2024-11-23,Twitter,Kawempe,positive,great price even better service highly recommend business great price,69,10
1611,Great experience from start to finish. Will shop here again!,2023-03-17,Facebook,Bukoto,positive,great experience start finish shop,34,5
1612,Amazing service! The team went above and beyond to help me. Located in Kampala.,2024-02-10,Instagram,Kololo,positive,amazing service team went beyond help located kampala,53,8
1613,Top-notch quality. Exceeded my expectations completely. Great order!,2023-03-09,Google,Nakawa,positive,top notch quality exceeded expectation completely great order,61,8
1614,Excellent products and service. Best in the area! Great packaging!,2024-06-22,Website,Nakawa,positive,excellent product service best area great packaging,51,7
1615,Great products at affordable prices. Very satisfied with my purchase.,2023-05-22,Google,Lubaga,positive,great product affordable price satisfied purchase,49,6
1616,Great prices and even better service. Highly recommend this business! Located in Kampala.,2023-01-06,Facebook,Bukoto,positive,great price even better service highly recommend business located kampala,73,10
1617,"Fast delivery, good quality, fair prices. What more could you ask for?",2024-08-31,Website,Makindye,positive,fast delivery good quality fair price could ask,47,8
1618,Professional service and high-quality products. Very happy!,2024-10-23,Facebook,Bukoto,positive,professional service high quality product happy,47,6
1619,Outstanding service! The staff was very helpful and friendly.,2023-11-20,Twitter,Central,positive,outstanding service staff helpful friendly,42,5
1620,Worst shopping experience. Poor quality and terrible service.,2024-04-17,WhatsApp,Muyenga,negative,worst shopping experience poor quality terrible service,55,7
1621,Love shopping here! Always get great deals and quality products.,2023-10-09,Twitter,Kawempe,positive,love shopping always get great deal quality product,51,8
1622,"Outstanding business! Professional, reliable, and customer-focused.",2024-11-03,Instagram,Bukoto,positive,outstanding business professional reliable customer focused,59,6
1623,Great experience overall. Will be a returning customer.,2023-01-20,Twitter,Kololo,positive,great experience overall returning customer,43,5
1624,Amazing experience! The product arrived on time and in perfect condition.,2023-12-09,Google,Makindye,positive,amazing experience product arrived time perfect condition,57,7
1625,Top-notch quality. Exceeded my expectations completely. Great price!,2023-06-28,Instagram,Kawempe,positive,top notch quality exceeded expectation completely great price,61,8
1626,Product is okay. Nothing special but serves its purpose.,2024-10-20,Google,Makindye,neutral,product okay nothing special serf purpose,41,6
1627,Very slow delivery and unresponsive customer support. Great shipping!,2023-01-24,Twitter,Kampala,negative,slow delivery unresponsive customer support great shipping,58,7
1628,Amazing quality products. Will definitely buy again from this shop. Great service!,2024-01-15,Instagram,Makindye,positive,amazing quality product definitely buy shop great service,57,8
1629,Very satisfied with my purchase. Great quality and fast delivery.,2023-11-30,Website,Lubaga,positive,satisfied purchase great quality fast delivery,46,6
1630,Best shop in Kawempe. Quality products and great service.,2024-04-05,Website,Makindye,positive,best shop kawempe quality product great service,47,7
1631,Average experience overall. Product is fine but not great.,2024-10-30,Instagram,Kampala,neutral,average experience overall product fine great,45,6
1632,Love shopping here! Always get great deals and quality products. Located in Bukoto. Great store!,2023-02-27,WhatsApp,Central,positive,love shopping always get great deal quality product located bukoto great store,78,12
1633,Would not buy from here again. Poor experience overall. Great experience!,2024-07-17,Website,Kawempe,negative,would buy poor experience overall great experience,50,7
1634,Best customer service I've experienced. Products are top quality.,2024-12-19,Twitter,Kampala,positive,best customer service experienced product top quality,53,7
1635,Standard business service. Acceptable but not exceptional. Great product!,2024-01-10,Twitter,Ntinda,neutral,standard business service acceptable exceptional great product,62,7
1636,Best shop in Kawempe. Quality products and great service.,2024-12-01,Instagram,Bukoto,positive,best shop kawempe quality product great service,47,7
1637,Average quality products. Functional but not impressive.,2023-05-22,Facebook,Makindye,neutral,average quality product functional impressive,45,5
1638,Decent service. No major complaints but nothing impressive. Located in Lubaga.,2024-10-08,WhatsApp,Kawempe,neutral,decent service major complaint nothing impressive located lubaga,64,8
1639,Great value for money. Fast delivery and excellent packaging.,2023-11-26,Website,Makindye,positive,great value money fast delivery excellent packaging,51,7
1640,Very disappointed with the quality. Not worth the money paid. Located in Kampala.,2023-06-05,Google,Kololo,negative,disappointed quality worth money paid located kampala,53,7
1641,Excellent customer support. They responded quickly to my questions. Located in Makindye.,2023-04-10,Facebook,Lubaga,positive,excellent customer support responded quickly question located makindye,70,8
1642,Love the product quality. Fast shipping and good packaging.,2023-07-06,Twitter,Ntinda,positive,love product quality fast shipping good packaging,49,7
1643,Product is fine. Meets expectations without exceeding them. Great restaurant!,2023-11-02,Twitter,Kawempe,neutral,product fine meet expectation without exceeding great restaurant,64,8
1644,Would not buy from here again. Poor experience overall. Great support!,2024-03-22,Instagram,Bukoto,negative,would buy poor experience overall great support,47,7
1645,Best prices in Nakawa area. Great value for money.,2024-02-12,Facebook,Nakawa,positive,best price nakawa area great value money,40,7
1646,Top-notch quality. Exceeded my expectations completely.,2023-01-13,Google,Makindye,positive,top notch quality exceeded expectation completely,49,6
1647,Average quality. Price is reasonable for what you get.,2024-06-28,Website,Ntinda,neutral,average quality price reasonable get,36,5
1648,Great experience overall. Will be a returning customer.,2024-05-04,WhatsApp,Makindye,positive,great experience overall returning customer,43,5
1649,Love the product quality. Fast shipping and good packaging.,2023-03-11,Twitter,Central,positive,love product quality fast shipping good packaging,49,7
1650,Great prices and even better service. Highly recommend this business!,2024-07-22,Facebook,Muyenga,positive,great price even better service highly recommend business,57,8
1651,Okay experience. Nothing to complain about but not impressed either. Great support!,2023-05-04,Instagram,Kawempe,neutral,okay experience nothing complain impressed either great support,63,8
1652,Very slow delivery. Took over a week to arrive in Kampala.,2024-02-21,Google,Ntinda,negative,slow delivery took week arrive kampala,38,6
1653,Amazing experience! The product arrived on time and in perfect condition. Great order!,2024-03-18,Website,Kampala,positive,amazing experience product arrived time perfect condition great order,69,9
1654,Product works fine. Decent quality for the price paid. Located in Nakawa.,2024-08-02,WhatsApp,Bukoto,neutral,product work fine decent quality price paid located nakawa,58,9
1655,Top-notch quality. Exceeded my expectations completely. Located in Central.,2023-12-22,WhatsApp,Kampala,positive,top notch quality exceeded expectation completely located central,65,8
1656,Amazing service! The team went above and beyond to help me. Located in Kampala.,2024-10-26,Google,Central,positive,amazing service team went beyond help located kampala,53,8
1657,Great value for money. Fast delivery and excellent packaging.,2024-06-17,Google,Central,positive,great value money fast delivery excellent packaging,51,7
1658,Great prices and even better service. Highly recommend this business! Located in Makindye.,2023-11-10,Instagram,Muyenga,positive,great price even better service highly recommend business located makindye,74,10
1659,Not satisfied at all. Product quality is below standard.,2023-07-02,Instagram,Lubaga,negative,satisfied product quality standard,34,4
1660,Great experience from start to finish. Will shop here again! Located in Kololo.,2023-06-25,Facebook,Bukoto,positive,great experience start finish shop located kololo,49,7
1661,Product broke after just one week of use. Very poor quality.,2023-12-04,Facebook,Central,negative,product broke one week use poor quality,39,7
1662,Great service! Very fast delivery in Kampala. Highly recommend!,2024-03-28,WhatsApp,Muyenga,positive,great service fast delivery kampala highly recommend,52,7
1663,Outstanding quality and service. Will definitely shop here again.,2023-08-20,Facebook,Makindye,positive,outstanding quality service definitely shop,43,5
1664,Fair prices and acceptable quality. Nothing outstanding. Located in Lubaga.,2023-01-29,Instagram,Bukoto,neutral,fair price acceptable quality nothing outstanding located lubaga,64,8
1665,Best shopping experience! Quality products and great prices. Located in Kawempe.,2024-08-05,Website,Kampala,positive,best shopping experience quality product great price located kawempe,68,9
1666,Love the product quality. Fast shipping and good packaging.,2024-03-23,Google,Nakawa,positive,love product quality fast shipping good packaging,49,7
1667,Top quality products at reasonable prices. Highly recommended! Located in Kampala.,2024-12-19,Website,Kololo,positive,top quality product reasonable price highly recommended located kampala,71,9
1668,Amazing experience! The product arrived on time and in perfect condition. Great purchase!,2024-12-22,Instagram,Muyenga,positive,amazing experience product arrived time perfect condition great purchase,72,9
1669,Excellent products and service. Best in the area! Located in Kampala.,2023-06-27,Website,Kawempe,positive,excellent product service best area located kampala,51,7
1670,Top quality products at reasonable prices. Highly recommended! Great product!,2024-02-18,Google,Kampala,positive,top quality product reasonable price highly recommended great product,69,9
1671,Professional service and high-quality products. Very happy! Located in Muyenga.,2023-10-12,Google,Bukoto,positive,professional service high quality product happy located muyenga,63,8
1672,Average experience overall. Product is fine but not great. Located in Makindye. Great customer!,2024-09-24,Twitter,Central,neutral,average experience overall product fine great located makindye great customer,77,10
1673,Decent value. Product works as expected. Great shop!,2023-01-09,Facebook,Muyenga,neutral,decent value product work expected great shop,45,7
1674,Excellent customer support. They responded quickly to my questions.,2023-05-09,Website,Lubaga,positive,excellent customer support responded quickly question,53,6
1675,Average quality. Price is reasonable for what you get.,2023-04-10,Google,Makindye,neutral,average quality price reasonable get,36,5
1676,Great experience from start to finish. Will shop here again!,2023-12-01,Website,Lubaga,positive,great experience start finish shop,34,5
1677,Poor quality products. Broke within days of purchase.,2023-06-15,Facebook,Ntinda,negative,poor quality product broke within day purchase,46,7
1678,Great service! Very fast delivery in Kampala. Highly recommend! Located in Kololo.,2023-02-01,Google,Kampala,positive,great service fast delivery kampala highly recommend located kololo,67,9
1679,Fair prices and acceptable quality. Nothing outstanding. Great support!,2024-03-07,Website,Muyenga,neutral,fair price acceptable quality nothing outstanding great support,63,8
1680,Best customer service I've experienced. Products are top quality. Located in Bukoto.,2024-04-28,WhatsApp,Muyenga,positive,best customer service experienced product top quality located bukoto,68,9
1681,Top quality products at reasonable prices. Highly recommended! Located in Central.,2023-04-24,WhatsApp,Ntinda,positive,top quality product reasonable price highly recommended located central,71,9
1682,Great value for money. Fast delivery and excellent packaging.,2024-10-16,Facebook,Kololo,positive,great value money fast delivery excellent packaging,51,7
1683,Product was damaged on arrival. Poor packaging quality.,2023-03-03,Facebook,Kampala,negative,product damaged arrival poor packaging quality,46,6
1684,Excellent products and service. Best in the area! Great shop!,2023-02-22,Google,Lubaga,positive,excellent product service best area great shop,46,7
1685,Okay service. Nothing special but gets the job done. Great purchase!,2023-09-06,Facebook,Lubaga,neutral,okay service nothing special get job done great purchase,56,9
1686,Okay service. Nothing special but gets the job done.,2023-05-14,Google,Ntinda,neutral,okay service nothing special get job done,41,7
1687,Average quality. Price is reasonable for what you get. Located in Central. Great experience!,2024-05-02,Instagram,Kololo,neutral,average quality price reasonable get located central great experience,69,9
1688,Best customer service I've experienced. Products are top quality.,2023-12-16,Twitter,Kampala,positive,best customer service experienced product top quality,53,7
1689,"Outstanding business! Professional, reliable, and customer-focused.",2023-07-22,Website,Kololo,positive,outstanding business professional reliable customer focused,59,6
1690,Best customer service I've experienced. Products are top quality. Great price!,2024-02-18,Twitter,Makindye,positive,best customer service experienced product top quality great price,65,9
1691,Great business with excellent customer care. Very professional. Located in Ntinda.,2023-08-22,Website,Central,positive,great business excellent customer care professional located ntinda,66,8
1692,Great service! Very fast delivery in Kampala. Highly recommend! Located in Kawempe.,2024-02-15,Instagram,Ntinda,positive,great service fast delivery kampala highly recommend located kawempe,68,9
1693,"Fast shipping, good quality, and excellent customer support.",2024-04-01,Google,Bukoto,positive,fast shipping good quality excellent customer support,53,7
1694,Product was different from what was advertised. Misleading description. Located in Kawempe.,2024-05-02,Website,Central,negative,product different advertised misleading description located kawempe,67,7
1695,Excellent communication and fast delivery. Highly satisfied!,2023-05-05,Instagram,Central,positive,excellent communication fast delivery highly satisfied,54,6
1696,Excellent business! Highly professional and reliable. Great customer!,2024-02-05,Facebook,Kololo,positive,excellent business highly professional reliable great customer,62,7
1697,Outstanding service! The staff was very helpful and friendly.,2024-06-05,Instagram,Muyenga,positive,outstanding service staff helpful friendly,42,5
1698,Standard delivery time. Product quality is average.,2024-04-13,Instagram,Makindye,neutral,standard delivery time product quality average,46,6
1699,Average experience overall. Product is fine but not great. Located in Bukoto.,2024-03-03,Facebook,Kampala,neutral,average experience overall product fine great located bukoto,60,8
1700,"Outstanding business! Professional, reliable, and customer-focused.",2024-03-22,WhatsApp,Makindye,positive,outstanding business professional reliable customer focused,59,6
1701,Outstanding service! The staff was very helpful and friendly.,2024-05-30,Google,Lubaga,positive,outstanding service staff helpful friendly,42,5
1702,Very satisfied with my purchase. Great quality and fast delivery.,2024-08-14,Google,Bukoto,positive,satisfied purchase great quality fast delivery,46,6
1703,Product works as expected. No major issues or complaints.,2023-03-26,WhatsApp,Makindye,neutral,product work expected major issue complaint,43,6
1704,Excellent communication and fast delivery. Highly satisfied!,2024-01-29,Website,Makindye,positive,excellent communication fast delivery highly satisfied,54,6
1705,Not satisfied with the product. Quality is below expectations.,2024-08-24,Website,Central,negative,satisfied product quality expectation,37,4
1706,Top quality products at reasonable prices. Highly recommended! Located in Makindye. Great packaging!,2023-09-16,Twitter,Ntinda,positive,top quality product reasonable price highly recommended located makindye great packaging,88,11
1707,Quick response time and excellent customer care. Highly recommended! Great purchase!,2023-03-09,Google,Muyenga,positive,quick response time excellent customer care highly recommended great purchase,77,10
1708,Okay delivery time. Product is functional and usable. Located in Kololo.,2023-06-13,Facebook,Lubaga,neutral,okay delivery time product functional usable located kololo,59,8
1709,Love the product quality. Fast shipping and good packaging.,2024-03-15,Website,Lubaga,positive,love product quality fast shipping good packaging,49,7
1710,Poor customer service. Staff was rude and unhelpful.,2023-06-10,Google,Nakawa,negative,poor customer service staff rude unhelpful,42,6
1711,Excellent products and service. Best in the area! Located in Nakawa.,2023-03-18,Website,Ntinda,positive,excellent product service best area located nakawa,50,7
1712,"Fast delivery, good quality, fair prices. What more could you ask for?",2023-03-28,WhatsApp,Lubaga,positive,fast delivery good quality fair price could ask,47,8
1713,"Fast delivery, good quality, fair prices. What more could you ask for? Great packaging!",2023-04-19,Website,Kawempe,positive,fast delivery good quality fair price could ask great packaging,63,10
1714,Outstanding quality and service. Will definitely shop here again. Great business!,2023-05-07,Website,Ntinda,positive,outstanding quality service definitely shop great business,58,7
1715,Great service! Very fast delivery in Kampala. Highly recommend! Located in Kawempe.,2024-10-27,Google,Kampala,positive,great service fast delivery kampala highly recommend located kawempe,68,9
1716,Product arrived damaged and customer service refused to help.,2023-02-25,Twitter,Muyenga,negative,product arrived damaged customer service refused help,53,7
1717,Amazing experience! The product arrived on time and in perfect condition.,2024-09-18,Instagram,Bukoto,positive,amazing experience product arrived time perfect condition,57,7
1718,Top-notch quality. Exceeded my expectations completely. Great support!,2023-03-25,Facebook,Kawempe,positive,top notch quality exceeded expectation completely great support,63,8
1719,Average quality products. Functional but not impressive.,2024-04-14,WhatsApp,Lubaga,neutral,average quality product functional impressive,45,5
1720,Amazing quality products. Will definitely buy again from this shop.,2023-05-16,Google,Central,positive,amazing quality product definitely buy shop,43,6
1721,Disappointing experience. Would not recommend this shop.,2023-05-14,WhatsApp,Nakawa,negative,disappointing experience would recommend shop,45,5
1722,Customer service was unresponsive. Had to wait days for a reply. Located in Nakawa.,2024-08-31,WhatsApp,Central,negative,customer service unresponsive wait day reply located nakawa,59,8
1723,Delivery was delayed multiple times. Very frustrating experience.,2023-02-16,Google,Muyenga,negative,delivery delayed multiple time frustrating experience,53,6
1724,Great prices and even better service. Highly recommend this business!,2024-12-22,Twitter,Muyenga,positive,great price even better service highly recommend business,57,8
1725,Product is functional. Does what it's supposed to do.,2023-12-01,Instagram,Kampala,neutral,product functional supposed,27,3
1726,Average quality. Price is reasonable for what you get. Located in Kawempe. Great restaurant!,2023-11-22,Instagram,Nakawa,neutral,average quality price reasonable get located kawempe great restaurant,69,9
1727,Average product quality. Meets basic expectations. Great packaging!,2024-09-20,Instagram,Nakawa,neutral,average product quality meet basic expectation great packaging,62,8
1728,Amazing quality products. Will definitely buy again from this shop. Located in Kampala.,2024-12-18,WhatsApp,Bukoto,positive,amazing quality product definitely buy shop located kampala,59,8
1729,Product is fine. Meets expectations without exceeding them. Located in Kololo.,2023-04-21,Facebook,Lubaga,neutral,product fine meet expectation without exceeding located kololo,62,8
1730,Average quality. Price is reasonable for what you get.,2023-07-16,Facebook,Makindye,neutral,average quality price reasonable get,36,5
1731,Outstanding quality and service. Will definitely shop here again. Great shop!,2024-07-13,Google,Central,positive,outstanding quality service definitely shop great shop,54,7
1732,Standard business service. Acceptable but not exceptional.,2024-03-23,WhatsApp,Nakawa,neutral,standard business service acceptable exceptional,48,5
1733,Very satisfied with my purchase. Great quality and fast delivery.,2023-08-27,WhatsApp,Muyenga,positive,satisfied purchase great quality fast delivery,46,6
1734,Delivery was delayed multiple times. Very frustrating experience. Located in Muyenga. Great shipping!,2024-11-13,WhatsApp,Kololo,negative,delivery delayed multiple time frustrating experience located muyenga great shipping,84,10
1735,Great experience from start to finish. Will shop here again!,2023-02-19,Twitter,Ntinda,positive,great experience start finish shop,34,5
1736,Excellent communication and fast delivery. Highly satisfied! Located in Kololo.,2023-06-11,WhatsApp,Lubaga,positive,excellent communication fast delivery highly satisfied located kololo,69,8
1737,Amazing quality products. Will definitely buy again from this shop. Great order!,2023-11-23,Instagram,Ntinda,positive,amazing quality product definitely buy shop great order,55,8
1738,Poor value for money. Better options available elsewhere.,2024-07-22,Website,Makindye,negative,poor value money better option available elsewhere,50,7
1739,Standard experience. Product does what it needs to do. Located in Kampala.,2023-04-04,Twitter,Lubaga,neutral,standard experience product need located kampala,48,6
1740,Best prices in Nakawa area. Great value for money. Great service!,2023-09-10,Facebook,Nakawa,positive,best price nakawa area great value money great service,54,9
1741,Top quality products at reasonable prices. Highly recommended!,2024-08-19,Facebook,Kawempe,positive,top quality product reasonable price highly recommended,55,7
1742,Okay service. Nothing special but gets the job done. Great store!,2024-04-25,Website,Muyenga,neutral,okay service nothing special get job done great store,53,9
1743,Outstanding quality and service. Will definitely shop here again.,2023-01-06,Facebook,Ntinda,positive,outstanding quality service definitely shop,43,5
1744,Great experience from start to finish. Will shop here again!,2024-10-07,Instagram,Kololo,positive,great experience start finish shop,34,5
1745,Professional service and high-quality products. Very happy!,2023-07-31,Website,Kololo,positive,professional service high quality product happy,47,6
1746,Great business with excellent customer care. Very professional. Located in Bukoto.,2023-10-23,Website,Nakawa,positive,great business excellent customer care professional located bukoto,66,8
1747,"Outstanding business! Professional, reliable, and customer-focused. Located in Makindye. Great product!",2023-01-05,Website,Kawempe,positive,outstanding business professional reliable customer focused located makindye great product,90,10
1748,Excellent products and service. Best in the area! Located in Makindye. Great quality!,2023-12-16,Website,Muyenga,positive,excellent product service best area located makindye great quality,66,9
1749,Decent service. No major complaints but nothing impressive. Located in Lubaga.,2023-02-03,WhatsApp,Ntinda,neutral,decent service major complaint nothing impressive located lubaga,64,8
1750,Excellent customer support. They responded quickly to my questions.,2023-03-24,Instagram,Nakawa,positive,excellent customer support responded quickly question,53,6
1751,Product works fine. Decent quality for the price paid.,2023-03-22,Twitter,Makindye,neutral,product work fine decent quality price paid,43,7
1752,Great experience from start to finish. Will shop here again!,2024-11-30,Facebook,Ntinda,positive,great experience start finish shop,34,5
1753,Product is okay. Nothing special but serves its purpose.,2024-08-13,Google,Makindye,neutral,product okay nothing special serf purpose,41,6
1754,Very disappointed. Product quality is poor and service is worse.,2024-08-26,Instagram,Kololo,negative,disappointed product quality poor service worse,47,6
1755,Great products at affordable prices. Very satisfied with my purchase. Located in Ntinda.,2024-05-31,Twitter,Kampala,positive,great product affordable price satisfied purchase located ntinda,64,8
1756,Excellent business! Highly professional and reliable.,2023-01-06,WhatsApp,Kawempe,positive,excellent business highly professional reliable,47,5
1757,Excellent communication and fast delivery. Highly satisfied! Located in Lubaga.,2024-12-05,Google,Ntinda,positive,excellent communication fast delivery highly satisfied located lubaga,69,8
1758,Amazing quality products. Will definitely buy again from this shop.,2024-06-10,Google,Lubaga,positive,amazing quality product definitely buy shop,43,6
1759,Great prices and even better service. Highly recommend this business!,2024-05-31,Twitter,Makindye,positive,great price even better service highly recommend business,57,8
1760,Excellent communication and fast delivery. Highly satisfied! Located in Kampala.,2023-10-30,Facebook,Lubaga,positive,excellent communication fast delivery highly satisfied located kampala,70,8
1761,Average product quality. Meets basic expectations.,2024-04-06,Facebook,Makindye,neutral,average product quality meet basic expectation,46,6
1762,Amazing experience! The product arrived on time and in perfect condition. Located in Kampala. Great business!,2023-08-10,Google,Lubaga,positive,amazing experience product arrived time perfect condition located kampala great business,88,11
1763,Best prices in Nakawa area. Great value for money.,2024-01-02,Instagram,Makindye,positive,best price nakawa area great value money,40,7
1764,Amazing quality products. Will definitely buy again from this shop. Located in Makindye.,2024-08-28,Facebook,Makindye,positive,amazing quality product definitely buy shop located makindye,60,8
1765,Love shopping here! Always get great deals and quality products. Great order!,2024-07-20,Instagram,Kampala,positive,love shopping always get great deal quality product great order,63,10
1766,Amazing experience! The product arrived on time and in perfect condition. Located in Lubaga.,2024-11-11,Twitter,Makindye,positive,amazing experience product arrived time perfect condition located lubaga,72,9
1767,Excellent customer support. They responded quickly to my questions. Great support!,2024-12-13,Website,Kawempe,positive,excellent customer support responded quickly question great support,67,8
1768,Top-notch quality. Exceeded my expectations completely. Great support!,2024-11-29,Instagram,Kololo,positive,top notch quality exceeded expectation completely great support,63,8
1769,Great products at affordable prices. Very satisfied with my purchase.,2023-11-04,Twitter,Lubaga,positive,great product affordable price satisfied purchase,49,6
1770,Product broke after just one week of use. Very poor quality. Located in Central.,2023-06-01,Website,Makindye,negative,product broke one week use poor quality located central,55,9
1771,Okay delivery time. Product is functional and usable.,2023-03-19,WhatsApp,Nakawa,neutral,okay delivery time product functional usable,44,6
1772,Okay service. Nothing special but gets the job done.,2024-05-05,Instagram,Makindye,neutral,okay service nothing special get job done,41,7
1773,Okay service. Product meets basic requirements.,2023-09-17,Instagram,Makindye,neutral,okay service product meet basic requirement,43,6
1774,Best prices in Nakawa area. Great value for money.,2024-03-21,Twitter,Central,positive,best price nakawa area great value money,40,7
1775,Amazing experience! The product arrived on time and in perfect condition.,2023-11-29,Website,Kololo,positive,amazing experience product arrived time perfect condition,57,7
1776,Fair value for money. Quality is acceptable but not premium. Located in Ntinda. Great experience!,2024-05-14,Website,Central,neutral,fair value money quality acceptable premium located ntinda great experience,75,10
1777,Very satisfied with my purchase. Great quality and fast delivery.,2023-05-21,Google,Central,positive,satisfied purchase great quality fast delivery,46,6
1778,Overpriced products with low quality. Not good value for money. Located in Kampala.,2024-01-09,WhatsApp,Central,negative,overpriced product low quality good value money located kampala,63,9
1779,Standard business service. Acceptable but not exceptional.,2023-06-21,WhatsApp,Bukoto,neutral,standard business service acceptable exceptional,48,5
1780,Best shopping experience! Quality products and great prices.,2024-03-09,Instagram,Nakawa,positive,best shopping experience quality product great price,52,7
1781,Amazing service! The team went above and beyond to help me.,2023-02-26,Website,Makindye,positive,amazing service team went beyond help,37,6
1782,Love shopping here! Always get great deals and quality products. Great order!,2023-05-19,Website,Kololo,positive,love shopping always get great deal quality product great order,63,10
1783,Not satisfied with the product. Quality is below expectations.,2023-12-17,Facebook,Kololo,negative,satisfied product quality expectation,37,4
1784,Best customer service I've experienced. Products are top quality.,2024-01-24,Twitter,Makindye,positive,best customer service experienced product top quality,53,7
1785,Excellent business! Highly professional and reliable. Located in Central.,2023-12-12,Website,Lubaga,positive,excellent business highly professional reliable located central,63,7
1786,Great prices and even better service. Highly recommend this business!,2024-03-14,Website,Kololo,positive,great price even better service highly recommend business,57,8
1787,Standard quality. Nothing to complain about or praise.,2023-03-23,Facebook,Kololo,neutral,standard quality nothing complain praise,40,5
1788,Love the product quality. Fast shipping and good packaging.,2024-09-14,Instagram,Ntinda,positive,love product quality fast shipping good packaging,49,7
1789,Love shopping here! Always get great deals and quality products.,2023-08-19,Google,Lubaga,positive,love shopping always get great deal quality product,51,8
1790,Average quality products. Functional but not impressive.,2023-10-15,Instagram,Central,neutral,average quality product functional impressive,45,5
1791,"Outstanding business! Professional, reliable, and customer-focused. Located in Ntinda.",2024-02-06,Google,Kawempe,positive,outstanding business professional reliable customer focused located ntinda,74,8
1792,Average experience overall. Product is fine but not great.,2024-02-23,Google,Kawempe,neutral,average experience overall product fine great,45,6
1793,Quick response time and excellent customer care. Highly recommended! Located in Nakawa.,2023-02-16,Website,Kololo,positive,quick response time excellent customer care highly recommended located nakawa,77,10
1794,Excellent customer support. They responded quickly to my questions.,2023-06-14,Google,Central,positive,excellent customer support responded quickly question,53,6
1795,Standard delivery. Product works but quality is average. Great experience!,2024-04-21,Twitter,Kololo,neutral,standard delivery product work quality average great experience,63,8
1796,Product is okay. Nothing special but serves its purpose.,2023-07-08,Google,Muyenga,neutral,product okay nothing special serf purpose,41,6
1797,Great experience overall. Will be a returning customer. Located in Muyenga.,2024-07-17,Website,Muyenga,positive,great experience overall returning customer located muyenga,59,7
1798,Top quality products at reasonable prices. Highly recommended!,2024-11-30,Website,Kololo,positive,top quality product reasonable price highly recommended,55,7
1799,Quick response time and excellent customer care. Highly recommended!,2023-01-18,WhatsApp,Nakawa,positive,quick response time excellent customer care highly recommended,62,8
1800,Excellent customer support. They responded quickly to my questions. Located in Kampala.,2024-12-13,Instagram,Kampala,positive,excellent customer support responded quickly question located kampala,69,8
1801,Very satisfied with my purchase. Great quality and fast delivery. Located in Kololo.,2024-10-10,Website,Kawempe,positive,satisfied purchase great quality fast delivery located kololo,61,8
1802,Decent service. No major complaints but nothing impressive. Located in Nakawa. Great delivery!,2023-01-06,Facebook,Central,neutral,decent service major complaint nothing impressive located nakawa great delivery,79,10
1803,Poor value for money. Better options available elsewhere.,2024-11-22,Instagram,Central,negative,poor value money better option available elsewhere,50,7
1804,Great service! Very fast delivery in Kampala. Highly recommend!,2024-08-05,Website,Central,positive,great service fast delivery kampala highly recommend,52,7
1805,Great experience overall. Will be a returning customer.,2024-04-19,Instagram,Central,positive,great experience overall returning customer,43,5
1806,Outstanding quality and service. Will definitely shop here again.,2024-07-17,WhatsApp,Ntinda,positive,outstanding quality service definitely shop,43,5
1807,Product is fine. Meets expectations without exceeding them.,2024-07-01,Twitter,Muyenga,neutral,product fine meet expectation without exceeding,47,6
1808,Standard service. No complaints but nothing exceptional either.,2023-09-19,Instagram,Kololo,neutral,standard service complaint nothing exceptional either,53,6
1809,Amazing quality products. Will definitely buy again from this shop.,2024-01-14,WhatsApp,Muyenga,positive,amazing quality product definitely buy shop,43,6
1810,Best shopping experience! Quality products and great prices.,2023-06-11,WhatsApp,Muyenga,positive,best shopping experience quality product great price,52,7
1811,Delivery was delayed multiple times. Very frustrating experience.,2023-08-13,Website,Kololo,negative,delivery delayed multiple time frustrating experience,53,6
1812,Love the product quality. Fast shipping and good packaging.,2024-04-17,Website,Central,positive,love product quality fast shipping good packaging,49,7
1813,Top-notch quality. Exceeded my expectations completely. Located in Central.,2023-09-11,Twitter,Kawempe,positive,top notch quality exceeded expectation completely located central,65,8
1814,"Fast delivery, good quality, fair prices. What more could you ask for? Located in Makindye. Great purchase!",2023-05-19,Twitter,Kololo,positive,fast delivery good quality fair price could ask located makindye great purchase,79,12
1815,Professional service and high-quality products. Very happy!,2023-10-19,Instagram,Lubaga,positive,professional service high quality product happy,47,6
1816,Standard delivery. Product works but quality is average.,2024-04-11,Twitter,Kampala,neutral,standard delivery product work quality average,46,6
1817,"Outstanding business! Professional, reliable, and customer-focused.",2024-11-10,Instagram,Muyenga,positive,outstanding business professional reliable customer focused,59,6
1818,Product works as expected. No major issues or complaints. Located in Bukoto.,2024-01-26,Facebook,Kololo,neutral,product work expected major issue complaint located bukoto,58,8
1819,Great business with excellent customer care. Very professional. Great delivery!,2023-06-20,WhatsApp,Muyenga,positive,great business excellent customer care professional great delivery,66,8
1820,"Fast delivery, good quality, fair prices. What more could you ask for?",2023-12-31,Google,Muyenga,positive,fast delivery good quality fair price could ask,47,8
1821,Average quality. Nothing special but nothing wrong either. Great quality!,2024-12-20,Instagram,Ntinda,neutral,average quality nothing special nothing wrong either great quality,66,9
1822,Excellent business! Highly professional and reliable. Located in Bukoto.,2023-04-26,WhatsApp,Kawempe,positive,excellent business highly professional reliable located bukoto,62,7
1823,Okay service. Nothing special but gets the job done.,2023-02-22,Website,Kawempe,neutral,okay service nothing special get job done,41,7
1824,Product works as expected. No major issues or complaints.,2024-04-16,Facebook,Kololo,neutral,product work expected major issue complaint,43,6
1825,Amazing quality products. Will definitely buy again from this shop. Great order!,2023-10-04,Twitter,Ntinda,positive,amazing quality product definitely buy shop great order,55,8
1826,Very satisfied with my purchase. Great quality and fast delivery. Located in Bukoto.,2023-06-07,Google,Makindye,positive,satisfied purchase great quality fast delivery located bukoto,61,8
1827,Very slow delivery and unresponsive customer support. Located in Makindye. Great restaurant!,2023-12-04,Google,Bukoto,negative,slow delivery unresponsive customer support located makindye great restaurant,77,9
1828,Delivery was delayed multiple times. Very frustrating experience. Located in Muyenga.,2024-10-27,Website,Kampala,negative,delivery delayed multiple time frustrating experience located muyenga,69,8
1829,"Fast shipping, good quality, and excellent customer support.",2023-09-12,Instagram,Lubaga,positive,fast shipping good quality excellent customer support,53,7
1830,Standard delivery time. Product quality is average. Located in Kawempe.,2024-12-05,Website,Makindye,neutral,standard delivery time product quality average located kawempe,62,8
1831,Best prices in Nakawa area. Great value for money.,2024-10-20,WhatsApp,Kawempe,positive,best price nakawa area great value money,40,7
1832,"Fast shipping, good quality, and excellent customer support.",2023-01-22,WhatsApp,Lubaga,positive,fast shipping good quality excellent customer support,53,7
1833,Product is okay. Nothing special but serves its purpose. Located in Kawempe.,2023-01-25,Facebook,Kawempe,neutral,product okay nothing special serf purpose located kawempe,57,8
1834,Decent service. No major complaints but nothing impressive. Great shop!,2024-05-07,Facebook,Central,neutral,decent service major complaint nothing impressive great shop,60,8
1835,Top quality products at reasonable prices. Highly recommended! Located in Ntinda.,2024-08-31,Website,Muyenga,positive,top quality product reasonable price highly recommended located ntinda,70,9
1836,Amazing experience! The product arrived on time and in perfect condition. Great experience!,2023-05-09,Google,Kawempe,positive,amazing experience product arrived time perfect condition great experience,74,9
1837,Great prices and even better service. Highly recommend this business! Located in Kampala.,2024-09-23,Facebook,Ntinda,positive,great price even better service highly recommend business located kampala,73,10
1838,Customer service was unresponsive. Had to wait days for a reply. Great business!,2024-04-23,Twitter,Makindye,negative,customer service unresponsive wait day reply great business,59,8
1839,Amazing service! The team went above and beyond to help me. Located in Central.,2023-04-20,Instagram,Ntinda,positive,amazing service team went beyond help located central,53,8
1840,Outstanding quality and service. Will definitely shop here again. Great shipping!,2024-05-23,Facebook,Muyenga,positive,outstanding quality service definitely shop great shipping,58,7
1841,Great products at affordable prices. Very satisfied with my purchase. Located in Bukoto.,2023-01-17,Google,Makindye,positive,great product affordable price satisfied purchase located bukoto,64,8
1842,Okay delivery time. Product is functional and usable.,2024-06-08,Twitter,Bukoto,neutral,okay delivery time product functional usable,44,6
1843,Great value for money. Fast delivery and excellent packaging.,2023-09-11,Instagram,Ntinda,positive,great value money fast delivery excellent packaging,51,7
1844,Great experience overall. Will be a returning customer. Located in Lubaga.,2024-02-29,Google,Muyenga,positive,great experience overall returning customer located lubaga,58,7
1845,Product was defective but they refused to refund. Bad business. Located in Nakawa.,2024-05-27,WhatsApp,Bukoto,negative,product defective refused refund bad business located nakawa,60,8
1846,Love the product quality. Fast shipping and good packaging.,2023-04-05,WhatsApp,Bukoto,positive,love product quality fast shipping good packaging,49,7
1847,Great business with excellent customer care. Very professional.,2023-04-23,Instagram,Lubaga,positive,great business excellent customer care professional,51,6
1848,Top quality products at reasonable prices. Highly recommended!,2024-04-25,WhatsApp,Central,positive,top quality product reasonable price highly recommended,55,7
1849,Excellent customer support. They responded quickly to my questions. Great order!,2024-09-18,Website,Nakawa,positive,excellent customer support responded quickly question great order,65,8
1850,Outstanding service! The staff was very helpful and friendly.,2023-06-06,Google,Muyenga,positive,outstanding service staff helpful friendly,42,5
1851,"Fast shipping, good quality, and excellent customer support. Great price!",2023-07-04,Instagram,Kololo,positive,fast shipping good quality excellent customer support great price,65,9
1852,Worst shopping experience. Poor quality and terrible service.,2024-05-26,Facebook,Muyenga,negative,worst shopping experience poor quality terrible service,55,7
1853,Delivery was delayed multiple times. Very frustrating experience. Located in Makindye.,2023-01-19,Website,Central,negative,delivery delayed multiple time frustrating experience located makindye,70,8
1854,Best shopping experience! Quality products and great prices. Great store!,2024-02-22,Facebook,Ntinda,positive,best shopping experience quality product great price great store,64,9
1855,Best prices in Nakawa area. Great value for money. Located in Muyenga.,2024-06-19,Website,Bukoto,positive,best price nakawa area great value money located muyenga,56,9
1856,Great service! Very fast delivery in Kampala. Highly recommend! Great price!,2024-12-28,Website,Kawempe,positive,great service fast delivery kampala highly recommend great price,64,9
1857,Great experience from start to finish. Will shop here again! Located in Central. Great purchase!,2024-04-21,Website,Kawempe,positive,great experience start finish shop located central great purchase,65,9
1858,Decent service. No major complaints but nothing impressive. Located in Nakawa.,2024-04-06,Facebook,Nakawa,neutral,decent service major complaint nothing impressive located nakawa,64,8
1859,Great experience from start to finish. Will shop here again! Located in Lubaga. Great staff!,2023-04-26,Twitter,Muyenga,positive,great experience start finish shop located lubaga great staff,61,9
1860,"Outstanding business! Professional, reliable, and customer-focused. Located in Makindye.",2023-08-09,Website,Kampala,positive,outstanding business professional reliable customer focused located makindye,76,8
1861,Best shop in Kawempe. Quality products and great service.,2024-07-09,Twitter,Makindye,positive,best shop kawempe quality product great service,47,7
1862,Delivery was on time. Product is as expected.,2024-05-20,Website,Kawempe,neutral,delivery time product expected,30,4
1863,Best prices in Nakawa area. Great value for money. Located in Ntinda.,2023-04-25,WhatsApp,Kampala,positive,best price nakawa area great value money located ntinda,55,9
1864,Product arrived damaged and customer service refused to help.,2024-06-18,Twitter,Makindye,negative,product arrived damaged customer service refused help,53,7
1865,Great service! Very fast delivery in Kampala. Highly recommend!,2023-02-03,WhatsApp,Nakawa,positive,great service fast delivery kampala highly recommend,52,7
1866,Decent service. No major complaints but nothing impressive.,2024-04-11,Instagram,Bukoto,neutral,decent service major complaint nothing impressive,49,6
1867,Okay delivery time. Product is functional and usable. Great order!,2024-11-30,WhatsApp,Kololo,neutral,okay delivery time product functional usable great order,56,8
1868,Standard delivery. Product works but quality is average. Located in Muyenga. Great service!,2023-06-03,Website,Kololo,neutral,standard delivery product work quality average located muyenga great service,76,10
1869,Not satisfied at all. Product quality is below standard.,2023-03-11,Facebook,Nakawa,negative,satisfied product quality standard,34,4
1870,Great experience from start to finish. Will shop here again! Great restaurant!,2024-05-10,Website,Ntinda,positive,great experience start finish shop great restaurant,51,7
1871,Excellent business! Highly professional and reliable. Located in Ntinda.,2023-10-09,Twitter,Lubaga,positive,excellent business highly professional reliable located ntinda,62,7
1872,Great prices and even better service. Highly recommend this business! Great business!,2023-03-12,Instagram,Muyenga,positive,great price even better service highly recommend business great business,72,10
1873,Fair experience overall. Nothing exceptional but acceptable.,2024-06-04,Instagram,Kololo,neutral,fair experience overall nothing exceptional acceptable,54,6
1874,Standard business service. Acceptable but not exceptional. Located in Lubaga. Great store!,2023-09-30,Website,Kawempe,neutral,standard business service acceptable exceptional located lubaga great store,75,9
1875,Outstanding service! The staff was very helpful and friendly. Located in Bukoto.,2024-09-30,Website,Kawempe,positive,outstanding service staff helpful friendly located bukoto,57,7
1876,Great value for money. Fast delivery and excellent packaging.,2023-09-09,Facebook,Bukoto,positive,great value money fast delivery excellent packaging,51,7
1877,Product arrived damaged and customer service refused to help. Located in Bukoto.,2024-02-16,Website,Ntinda,negative,product arrived damaged customer service refused help located bukoto,68,9
1878,Professional service and high-quality products. Very happy! Located in Lubaga.,2023-03-04,Instagram,Kawempe,positive,professional service high quality product happy located lubaga,62,8
1879,Amazing quality products. Will definitely buy again from this shop.,2023-12-14,Twitter,Ntinda,positive,amazing quality product definitely buy shop,43,6
1880,Delivery was delayed multiple times. Very frustrating experience.,2024-01-09,Google,Kololo,negative,delivery delayed multiple time frustrating experience,53,6
1881,Decent value. Product works as expected.,2023-11-06,WhatsApp,Nakawa,neutral,decent value product work expected,34,5
1882,Average experience overall. Product is fine but not great.,2023-04-22,Instagram,Bukoto,neutral,average experience overall product fine great,45,6
1883,Great service! Very fast delivery in Kampala. Highly recommend!,2023-09-19,Google,Bukoto,positive,great service fast delivery kampala highly recommend,52,7
1884,Amazing experience! The product arrived on time and in perfect condition. Located in Kampala.,2023-12-25,Facebook,Ntinda,positive,amazing experience product arrived time perfect condition located kampala,73,9
1885,Very satisfied with my purchase. Great quality and fast delivery. Located in Nakawa.,2024-12-19,Twitter,Ntinda,positive,satisfied purchase great quality fast delivery located nakawa,61,8
1886,Top-notch quality. Exceeded my expectations completely.,2024-01-31,Instagram,Muyenga,positive,top notch quality exceeded expectation completely,49,6
1887,Excellent products and service. Best in the area!,2023-02-09,Google,Nakawa,positive,excellent product service best area,35,5
1888,Top quality products at reasonable prices. Highly recommended!,2024-09-24,Twitter,Kololo,positive,top quality product reasonable price highly recommended,55,7
1889,Excellent business! Highly professional and reliable.,2024-08-13,Website,Kampala,positive,excellent business highly professional reliable,47,5
1890,Quick response time and excellent customer care. Highly recommended!,2023-03-14,Website,Kampala,positive,quick response time excellent customer care highly recommended,62,8
1891,Excellent customer support. They responded quickly to my questions.,2023-04-06,Website,Central,positive,excellent customer support responded quickly question,53,6
1892,Excellent customer support. They responded quickly to my questions.,2023-05-22,Facebook,Kawempe,positive,excellent customer support responded quickly question,53,6
1893,Poor value for money. Better options available elsewhere. Great service!,2023-11-27,Twitter,Bukoto,negative,poor value money better option available elsewhere great service,64,9
1894,Standard quality. Nothing to complain about or praise. Great shipping!,2023-09-03,Instagram,Central,neutral,standard quality nothing complain praise great shipping,55,7
1895,Great business with excellent customer care. Very professional. Located in Makindye. Great packaging!,2023-02-26,Facebook,Bukoto,positive,great business excellent customer care professional located makindye great packaging,84,10
1896,"Outstanding business! Professional, reliable, and customer-focused. Great price!",2023-03-29,Website,Kawempe,positive,outstanding business professional reliable customer focused great price,71,8
1897,Average quality products. Functional but not impressive. Located in Muyenga.,2023-03-24,Instagram,Makindye,neutral,average quality product functional impressive located muyenga,61,7
1898,Product works fine. Decent quality for the price paid.,2024-04-04,Twitter,Kololo,neutral,product work fine decent quality price paid,43,7
1899,Top quality products at reasonable prices. Highly recommended! Located in Nakawa.,2023-11-09,Instagram,Nakawa,positive,top quality product reasonable price highly recommended located nakawa,70,9
1900,Very satisfied with my purchase. Great quality and fast delivery.,2023-05-03,Facebook,Ntinda,positive,satisfied purchase great quality fast delivery,46,6
1901,Fair value for money. Quality is acceptable but not premium. Located in Kawempe.,2024-06-29,WhatsApp,Bukoto,neutral,fair value money quality acceptable premium located kawempe,59,8
1902,Great value for money. Fast delivery and excellent packaging.,2024-06-02,Instagram,Muyenga,positive,great value money fast delivery excellent packaging,51,7
1903,Average quality. Price is reasonable for what you get.,2023-06-09,Website,Kawempe,neutral,average quality price reasonable get,36,5
1904,Disappointing experience. Would not recommend this shop. Located in Bukoto.,2023-05-11,Twitter,Kawempe,negative,disappointing experience would recommend shop located bukoto,60,7
1905,Outstanding service! The staff was very helpful and friendly. Located in Muyenga.,2023-05-26,Facebook,Ntinda,positive,outstanding service staff helpful friendly located muyenga,58,7
1906,Outstanding service! The staff was very helpful and friendly.,2024-03-31,WhatsApp,Ntinda,positive,outstanding service staff helpful friendly,42,5
1907,Decent quality products. Price is fair for what you receive.,2024-12-16,Website,Kampala,neutral,decent quality product price fair receive,41,6
1908,Product works fine. Decent quality for the price paid.,2023-02-27,WhatsApp,Lubaga,neutral,product work fine decent quality price paid,43,7
1909,Amazing experience! The product arrived on time and in perfect condition.,2024-07-03,Instagram,Kampala,positive,amazing experience product arrived time perfect condition,57,7
1910,Average experience. Product is functional and adequate.,2024-05-17,Instagram,Lubaga,neutral,average experience product functional adequate,46,5
1911,Product works as expected. No major issues or complaints. Located in Makindye.,2024-09-21,Website,Kololo,neutral,product work expected major issue complaint located makindye,60,8
1912,Average quality products. Functional but not impressive.,2024-12-05,Twitter,Muyenga,neutral,average quality product functional impressive,45,5
1913,Amazing quality products. Will definitely buy again from this shop.,2024-01-07,Twitter,Muyenga,positive,amazing quality product definitely buy shop,43,6
1914,Very satisfied with my purchase. Great quality and fast delivery.,2023-02-02,Twitter,Muyenga,positive,satisfied purchase great quality fast delivery,46,6
1915,Standard business service. Acceptable but not exceptional.,2024-07-25,Google,Kololo,neutral,standard business service acceptable exceptional,48,5
1916,Love the product quality. Fast shipping and good packaging.,2023-04-09,Facebook,Kololo,positive,love product quality fast shipping good packaging,49,7
1917,Professional service and high-quality products. Very happy!,2024-10-28,WhatsApp,Makindye,positive,professional service high quality product happy,47,6
1918,Very disappointed. Product quality is poor and service is worse. Located in Bukoto.,2024-05-15,WhatsApp,Kampala,negative,disappointed product quality poor service worse located bukoto,62,8
1919,Okay experience. Nothing to complain about but not impressed either. Great business!,2024-02-16,Google,Muyenga,neutral,okay experience nothing complain impressed either great business,64,8
1920,Love the product quality. Fast shipping and good packaging. Located in Bukoto.,2023-07-12,Google,Central,positive,love product quality fast shipping good packaging located bukoto,64,9
1921,Great experience from start to finish. Will shop here again! Located in Ntinda.,2024-12-14,Website,Kawempe,positive,great experience start finish shop located ntinda,49,7
1922,Average quality. Price is reasonable for what you get.,2024-12-27,Website,Bukoto,neutral,average quality price reasonable get,36,5
1923,Great products at affordable prices. Very satisfied with my purchase.,2024-11-12,Facebook,Ntinda,positive,great product affordable price satisfied purchase,49,6
1924,Product is fine. Meets expectations without exceeding them. Located in Lubaga. Great price!,2024-08-05,Facebook,Kololo,neutral,product fine meet expectation without exceeding located lubaga great price,74,10
1925,Delivery issues. Package arrived late and damaged. Located in Bukoto.,2023-12-11,WhatsApp,Kampala,negative,delivery issue package arrived late damaged located bukoto,58,8
1926,Product was defective but they refused to refund. Bad business. Located in Makindye.,2023-07-28,Instagram,Lubaga,negative,product defective refused refund bad business located makindye,62,8
1927,Product arrived damaged and customer service refused to help.,2024-09-18,Facebook,Kololo,negative,product arrived damaged customer service refused help,53,7
1928,Professional service and high-quality products. Very happy! Located in Bukoto.,2024-07-31,Website,Nakawa,positive,professional service high quality product happy located bukoto,62,8
1929,Standard service. No complaints but nothing exceptional either. Great shipping!,2024-05-03,Facebook,Kawempe,neutral,standard service complaint nothing exceptional either great shipping,68,8
1930,Amazing service! The team went above and beyond to help me. Located in Lubaga.,2024-01-25,Website,Central,positive,amazing service team went beyond help located lubaga,52,8
1931,Average experience. Product is functional and adequate.,2024-07-06,Twitter,Bukoto,neutral,average experience product functional adequate,46,5
1932,Product is fine. Meets expectations without exceeding them.,2023-11-19,Instagram,Kawempe,neutral,product fine meet expectation without exceeding,47,6
1933,Amazing experience! The product arrived on time and in perfect condition.,2023-09-01,Instagram,Kampala,positive,amazing experience product arrived time perfect condition,57,7
1934,Great business with excellent customer care. Very professional. Great delivery!,2023-02-19,Google,Kampala,positive,great business excellent customer care professional great delivery,66,8
1935,Amazing experience! The product arrived on time and in perfect condition. Located in Bukoto.,2024-04-23,Instagram,Nakawa,positive,amazing experience product arrived time perfect condition located bukoto,72,9
1936,Overpriced products with low quality. Not good value for money.,2023-04-01,Instagram,Nakawa,negative,overpriced product low quality good value money,47,7
1937,Love the product quality. Fast shipping and good packaging. Located in Muyenga.,2023-08-27,Facebook,Makindye,positive,love product quality fast shipping good packaging located muyenga,65,9
1938,Great service! Very fast delivery in Kampala. Highly recommend! Located in Kololo.,2023-02-07,Facebook,Nakawa,positive,great service fast delivery kampala highly recommend located kololo,67,9
1939,Great experience overall. Will be a returning customer. Great price!,2023-01-17,Google,Kololo,positive,great experience overall returning customer great price,55,7
1940,Average quality. Nothing special but nothing wrong either.,2023-01-11,Google,Kawempe,neutral,average quality nothing special nothing wrong either,52,7
1941,Great business with excellent customer care. Very professional. Great store!,2023-05-17,Instagram,Makindye,positive,great business excellent customer care professional great store,63,8
1942,Decent quality products. Price is fair for what you receive.,2024-08-18,Instagram,Kampala,neutral,decent quality product price fair receive,41,6
1943,Disappointing experience. Would not recommend this shop. Located in Kawempe.,2024-02-27,Facebook,Ntinda,negative,disappointing experience would recommend shop located kawempe,61,7
1944,Delivery was on time. Product is as expected.,2024-04-03,Facebook,Bukoto,neutral,delivery time product expected,30,4
1945,Great value for money. Fast delivery and excellent packaging. Located in Muyenga.,2024-11-19,WhatsApp,Kawempe,positive,great value money fast delivery excellent packaging located muyenga,67,9
1946,Amazing service! The team went above and beyond to help me.,2024-05-18,Twitter,Kawempe,positive,amazing service team went beyond help,37,6
1947,Okay product quality. Price matches the value received.,2024-01-16,Instagram,Central,neutral,okay product quality price match value received,47,7
1948,Great experience from start to finish. Will shop here again!,2023-01-24,Google,Ntinda,positive,great experience start finish shop,34,5
1949,Great products at affordable prices. Very satisfied with my purchase.,2024-07-06,Instagram,Makindye,positive,great product affordable price satisfied purchase,49,6
1950,Quick response time and excellent customer care. Highly recommended! Located in Nakawa.,2023-10-30,Twitter,Lubaga,positive,quick response time excellent customer care highly recommended located nakawa,77,10
1951,Great value for money. Fast delivery and excellent packaging.,2023-04-24,WhatsApp,Kampala,positive,great value money fast delivery excellent packaging,51,7
1952,Best shopping experience! Quality products and great prices.,2024-11-09,Twitter,Bukoto,positive,best shopping experience quality product great price,52,7
1953,Product was different from what was advertised. Misleading description. Located in Lubaga.,2024-03-14,Google,Lubaga,negative,product different advertised misleading description located lubaga,66,7
1954,Product works as expected. No major issues or complaints. Great store!,2023-01-07,Google,Kololo,neutral,product work expected major issue complaint great store,55,8
1955,Very slow delivery. Took over a week to arrive in Kampala. Located in Muyenga. Great order!,2024-08-18,Instagram,Ntinda,negative,slow delivery took week arrive kampala located muyenga great order,66,10
1956,"Fast shipping, good quality, and excellent customer support. Great customer!",2024-08-04,Twitter,Ntinda,positive,fast shipping good quality excellent customer support great customer,68,9
1957,Excellent communication and fast delivery. Highly satisfied!,2023-03-13,Website,Kololo,positive,excellent communication fast delivery highly satisfied,54,6
1958,Love the product quality. Fast shipping and good packaging.,2024-01-01,Website,Muyenga,positive,love product quality fast shipping good packaging,49,7
1959,Terrible experience. Would not recommend this business to anyone.,2024-05-16,Instagram,Ntinda,negative,terrible experience would recommend business anyone,51,6
1960,Great value for money. Fast delivery and excellent packaging. Located in Kawempe. Great restaurant!,2023-10-02,Facebook,Kololo,positive,great value money fast delivery excellent packaging located kawempe great restaurant,84,11
1961,Outstanding service! The staff was very helpful and friendly.,2023-02-20,Facebook,Lubaga,positive,outstanding service staff helpful friendly,42,5
1962,Product arrived damaged and customer service refused to help.,2024-08-19,WhatsApp,Makindye,negative,product arrived damaged customer service refused help,53,7
1963,Great products at affordable prices. Very satisfied with my purchase.,2024-10-01,Instagram,Nakawa,positive,great product affordable price satisfied purchase,49,6
1964,Product is okay. Nothing special but serves its purpose. Located in Bukoto.,2024-10-27,Google,Kampala,neutral,product okay nothing special serf purpose located bukoto,56,8
1965,Okay service. Product meets basic requirements. Located in Ntinda. Great restaurant!,2023-08-11,Website,Kampala,neutral,okay service product meet basic requirement located ntinda great restaurant,75,10
1966,"Outstanding business! Professional, reliable, and customer-focused. Located in Central. Great shipping!",2023-07-27,Website,Kampala,positive,outstanding business professional reliable customer focused located central great shipping,90,10
1967,Best shop in Kawempe. Quality products and great service.,2023-02-08,Instagram,Kololo,positive,best shop kawempe quality product great service,47,7
1968,Amazing quality products. Will definitely buy again from this shop.,2024-11-12,Twitter,Lubaga,positive,amazing quality product definitely buy shop,43,6
1969,Poor packaging led to damaged goods. Very unprofessional.,2023-04-01,Website,Kampala,negative,poor packaging led damaged good unprofessional,46,6
1970,Okay service. Product meets basic requirements.,2024-01-24,Instagram,Bukoto,neutral,okay service product meet basic requirement,43,6
1971,Great experience overall. Will be a returning customer.,2023-02-27,Google,Lubaga,positive,great experience overall returning customer,43,5
1972,Standard delivery time. Product quality is average.,2024-05-13,Twitter,Lubaga,neutral,standard delivery time product quality average,46,6
1973,Product broke after just one week of use. Very poor quality.,2023-07-23,Facebook,Ntinda,negative,product broke one week use poor quality,39,7
1974,Average product quality. Meets basic expectations. Located in Nakawa.,2023-03-28,Website,Lubaga,neutral,average product quality meet basic expectation located nakawa,61,8
1975,Excellent business! Highly professional and reliable.,2024-05-23,Google,Kampala,positive,excellent business highly professional reliable,47,5
1976,"Fast shipping, good quality, and excellent customer support.",2023-01-30,Twitter,Nakawa,positive,fast shipping good quality excellent customer support,53,7
1977,"Outstanding business! Professional, reliable, and customer-focused. Located in Kampala. Great order!",2023-10-31,Instagram,Muyenga,positive,outstanding business professional reliable customer focused located kampala great order,87,10
1978,Product is okay. Nothing special but serves its purpose. Located in Kawempe.,2023-10-25,Website,Ntinda,neutral,product okay nothing special serf purpose located kawempe,57,8
1979,Top quality products at reasonable prices. Highly recommended!,2024-08-04,Facebook,Lubaga,positive,top quality product reasonable price highly recommended,55,7
1980,Great experience overall. Will be a returning customer. Located in Muyenga.,2023-03-10,Google,Nakawa,positive,great experience overall returning customer located muyenga,59,7
1981,Fair value for money. Quality is acceptable but not premium. Located in Muyenga.,2024-11-25,Facebook,Kololo,neutral,fair value money quality acceptable premium located muyenga,59,8
1982,Great service! Very fast delivery in Kampala. Highly recommend! Located in Muyenga. Great experience!,2023-10-12,Twitter,Kololo,positive,great service fast delivery kampala highly recommend located muyenga great experience,85,11
1983,Okay experience. Nothing to complain about but not impressed either.,2023-07-11,WhatsApp,Ntinda,neutral,okay experience nothing complain impressed either,49,6
1984,Excellent products and service. Best in the area!,2023-06-06,Twitter,Lubaga,positive,excellent product service best area,35,5
1985,Great experience overall. Will be a returning customer.,2023-07-02,Google,Kampala,positive,great experience overall returning customer,43,5
1986,Standard experience. Product does what it needs to do.,2023-03-13,Website,Ntinda,neutral,standard experience product need,32,4
1987,Delivery was delayed multiple times. Very frustrating experience. Located in Kawempe. Great store!,2024-12-17,Twitter,Central,negative,delivery delayed multiple time frustrating experience located kawempe great store,81,10
1988,Great experience overall. Will be a returning customer.,2024-06-25,Facebook,Nakawa,positive,great experience overall returning customer,43,5
1989,Great value for money. Fast delivery and excellent packaging.,2023-07-07,Website,Lubaga,positive,great value money fast delivery excellent packaging,51,7
1990,Love the product quality. Fast shipping and good packaging. Located in Makindye.,2024-12-14,Twitter,Central,positive,love product quality fast shipping good packaging located makindye,66,9
1991,"Fast delivery, good quality, fair prices. What more could you ask for?",2024-04-06,Twitter,Central,positive,fast delivery good quality fair price could ask,47,8
1992,Love the product quality. Fast shipping and good packaging. Located in Kololo.,2023-03-08,Instagram,Makindye,positive,love product quality fast shipping good packaging located kololo,64,9
1993,"Outstanding business! Professional, reliable, and customer-focused.",2024-10-14,Facebook,Makindye,positive,outstanding business professional reliable customer focused,59,6
1994,Poor value for money. Better options available elsewhere.,2024-10-19,Twitter,Ntinda,negative,poor value money better option available elsewhere,50,7
1995,Terrible customer service. No help when I had an issue.,2024-06-10,Twitter,Kawempe,negative,terrible customer service help issue,36,5
1996,"Fast delivery, good quality, fair prices. What more could you ask for? Located in Nakawa. Great business!",2023-08-21,Twitter,Kampala,positive,fast delivery good quality fair price could ask located nakawa great business,77,12
1997,Amazing quality products. Will definitely buy again from this shop.,2023-01-24,Twitter,Makindye,positive,amazing quality product definitely buy shop,43,6
1998,Delivery was delayed multiple times. Very frustrating experience.,2024-09-07,WhatsApp,Kampala,negative,delivery delayed multiple time frustrating experience,53,6
1999,Decent value. Product works as expected.,2024-04-11,Website,Bukoto,neutral,decent value product work expected,34,5
2000,Product didn't work as expected. Waste of money. Located in Kampala. Great experience!,2024-09-03,Website,Kampala,negative,product work expected waste money located kampala great experience,66,9
2001,Product works as expected. No major issues or complaints.,2024-09-17,Website,Kololo,neutral,product work expected major issue complaint,43,6
2002,Slow response time and poor communication from the business.,2023-05-30,Instagram,Lubaga,negative,slow response time poor communication business,46,6
2003,Not satisfied with the product. Quality is below expectations.,2023-03-25,Twitter,Bukoto,negative,satisfied product quality expectation,37,4
2004,Best prices in Nakawa area. Great value for money. Located in Kawempe.,2023-02-08,Facebook,Kampala,positive,best price nakawa area great value money located kawempe,56,9
2005,"Outstanding business! Professional, reliable, and customer-focused. Located in Lubaga. Great customer!",2023-05-10,Instagram,Muyenga,positive,outstanding business professional reliable customer focused located lubaga great customer,89,10
2006,Outstanding service! The staff was very helpful and friendly. Located in Lubaga. Great product!,2023-09-26,WhatsApp,Central,positive,outstanding service staff helpful friendly located lubaga great product,71,9
2007,Love shopping here! Always get great deals and quality products.,2024-01-22,Facebook,Makindye,positive,love shopping always get great deal quality product,51,8
2008,Best shopping experience! Quality products and great prices.,2024-07-21,Website,Bukoto,positive,best shopping experience quality product great price,52,7
2009,Average experience overall. Product is fine but not great. Located in Bukoto.,2023-04-03,WhatsApp,Nakawa,neutral,average experience overall product fine great located bukoto,60,8
2010,Product works fine. Decent quality for the price paid. Great quality!,2023-04-20,Website,Central,neutral,product work fine decent quality price paid great quality,57,9
2011,Product works fine. Decent quality for the price paid.,2023-01-09,Twitter,Kawempe,neutral,product work fine decent quality price paid,43,7
2012,Outstanding service! The staff was very helpful and friendly. Located in Kololo.,2024-04-08,Twitter,Ntinda,positive,outstanding service staff helpful friendly located kololo,57,7
2013,Best shop in Kawempe. Quality products and great service. Great store!,2023-06-28,Website,Central,positive,best shop kawempe quality product great service great store,59,9
2014,Product works fine. Decent quality for the price paid.,2024-12-24,Google,Central,neutral,product work fine decent quality price paid,43,7
2015,Average quality. Price is reasonable for what you get. Great experience!,2023-10-07,Facebook,Makindye,neutral,average quality price reasonable get great experience,53,7
2016,Outstanding quality and service. Will definitely shop here again.,2023-01-27,Twitter,Ntinda,positive,outstanding quality service definitely shop,43,5
2017,Product is fine. Meets expectations without exceeding them.,2024-06-25,Google,Nakawa,neutral,product fine meet expectation without exceeding,47,6
2018,Best prices in Nakawa area. Great value for money. Located in Makindye.,2024-08-23,Instagram,Makindye,positive,best price nakawa area great value money located makindye,57,9
2019,Quick response time and excellent customer care. Highly recommended!,2024-05-30,Instagram,Kololo,positive,quick response time excellent customer care highly recommended,62,8
2020,Fair experience overall. Nothing exceptional but acceptable. Located in Muyenga.,2023-02-22,WhatsApp,Central,neutral,fair experience overall nothing exceptional acceptable located muyenga,70,8
2021,Excellent business! Highly professional and reliable. Great store!,2023-08-17,Twitter,Lubaga,positive,excellent business highly professional reliable great store,59,7
2022,Great business with excellent customer care. Very professional.,2023-03-18,Facebook,Kawempe,positive,great business excellent customer care professional,51,6
2023,Great experience overall. Will be a returning customer.,2024-03-12,Google,Ntinda,positive,great experience overall returning customer,43,5
2024,Poor packaging led to damaged goods. Very unprofessional.,2023-02-21,Website,Muyenga,negative,poor packaging led damaged good unprofessional,46,6
2025,Standard business service. Acceptable but not exceptional.,2023-06-12,Instagram,Bukoto,neutral,standard business service acceptable exceptional,48,5
2026,Okay service. Product meets basic requirements.,2023-10-24,Instagram,Kampala,neutral,okay service product meet basic requirement,43,6
2027,Top quality products at reasonable prices. Highly recommended!,2024-01-18,Facebook,Makindye,positive,top quality product reasonable price highly recommended,55,7
2028,Love shopping here! Always get great deals and quality products. Great service!,2023-02-27,Website,Kawempe,positive,love shopping always get great deal quality product great service,65,10
2029,Delivery issues. Package arrived late and damaged. Great business!,2023-05-14,Website,Lubaga,negative,delivery issue package arrived late damaged great business,58,8
2030,Love shopping here! Always get great deals and quality products. Located in Makindye.,2023-02-10,Instagram,Kampala,positive,love shopping always get great deal quality product located makindye,68,10
2031,Top quality products at reasonable prices. Highly recommended! Great shop!,2023-01-06,Google,Bukoto,positive,top quality product reasonable price highly recommended great shop,66,9
2032,Okay experience. Nothing to complain about but not impressed either.,2023-04-12,Twitter,Makindye,neutral,okay experience nothing complain impressed either,49,6
2033,Decent quality products. Price is fair for what you receive. Located in Kololo.,2024-10-19,Twitter,Bukoto,neutral,decent quality product price fair receive located kololo,56,8
2034,Decent service. No major complaints but nothing impressive.,2023-06-24,WhatsApp,Lubaga,neutral,decent service major complaint nothing impressive,49,6
2035,"Fast shipping, good quality, and excellent customer support.",2024-11-07,Twitter,Muyenga,positive,fast shipping good quality excellent customer support,53,7
2036,Best shopping experience! Quality products and great prices. Located in Kampala.,2023-03-13,WhatsApp,Nakawa,positive,best shopping experience quality product great price located kampala,68,9
2037,"Fast shipping, good quality, and excellent customer support.",2024-09-22,Facebook,Kololo,positive,fast shipping good quality excellent customer support,53,7
2038,Average experience overall. Product is fine but not great. Located in Kampala.,2024-02-10,Facebook,Kawempe,neutral,average experience overall product fine great located kampala,61,8
2039,Amazing quality products. Will definitely buy again from this shop.,2024-11-17,WhatsApp,Kampala,positive,amazing quality product definitely buy shop,43,6
2040,Top-notch quality. Exceeded my expectations completely.,2024-12-20,Google,Muyenga,positive,top notch quality exceeded expectation completely,49,6
2041,Great service! Very fast delivery in Kampala. Highly recommend!,2023-10-15,WhatsApp,Kawempe,positive,great service fast delivery kampala highly recommend,52,7
2042,Great experience overall. Will be a returning customer. Located in Nakawa.,2024-08-31,WhatsApp,Bukoto,positive,great experience overall returning customer located nakawa,58,7
2043,Outstanding service! The staff was very helpful and friendly. Located in Muyenga.,2024-01-20,WhatsApp,Kawempe,positive,outstanding service staff helpful friendly located muyenga,58,7
2044,Great experience overall. Will be a returning customer. Great quality!,2023-01-25,Facebook,Kawempe,positive,great experience overall returning customer great quality,57,7
2045,Okay service. Product meets basic requirements. Great shipping!,2023-11-17,WhatsApp,Central,neutral,okay service product meet basic requirement great shipping,58,8
2046,Best shop in Kawempe. Quality products and great service. Great support!,2024-03-19,Instagram,Kampala,positive,best shop kawempe quality product great service great support,61,9
2047,Terrible experience. Would not recommend this business to anyone. Great delivery!,2023-12-22,Twitter,Makindye,negative,terrible experience would recommend business anyone great delivery,66,8
2048,Great business with excellent customer care. Very professional.,2023-04-10,Twitter,Ntinda,positive,great business excellent customer care professional,51,6
2049,Not satisfied at all. Product quality is below standard.,2024-03-17,Website,Lubaga,negative,satisfied product quality standard,34,4
2050,Great experience overall. Will be a returning customer. Located in Bukoto.,2024-04-17,Website,Muyenga,positive,great experience overall returning customer located bukoto,58,7
2051,Delivery was on time. Product is as expected.,2023-11-17,Facebook,Makindye,neutral,delivery time product expected,30,4
2052,Great business with excellent customer care. Very professional.,2023-08-15,Website,Muyenga,positive,great business excellent customer care professional,51,6
2053,Excellent communication and fast delivery. Highly satisfied!,2023-12-21,Instagram,Kampala,positive,excellent communication fast delivery highly satisfied,54,6
2054,Fair prices and acceptable quality. Nothing outstanding.,2024-01-10,Google,Lubaga,neutral,fair price acceptable quality nothing outstanding,49,6
2055,Customer service was unresponsive. Had to wait days for a reply. Located in Ntinda.,2023-10-21,WhatsApp,Bukoto,negative,customer service unresponsive wait day reply located ntinda,59,8
2056,Excellent communication and fast delivery. Highly satisfied!,2023-02-19,Website,Kampala,positive,excellent communication fast delivery highly satisfied,54,6
2057,Love the product quality. Fast shipping and good packaging.,2024-11-03,Google,Makindye,positive,love product quality fast shipping good packaging,49,7
2058,Standard delivery time. Product quality is average. Located in Ntinda.,2024-09-19,Google,Makindye,neutral,standard delivery time product quality average located ntinda,61,8
2059,Quick response time and excellent customer care. Highly recommended!,2023-05-25,Facebook,Kampala,positive,quick response time excellent customer care highly recommended,62,8
2060,Best customer service I've experienced. Products are top quality. Located in Kampala.,2023-06-20,Twitter,Makindye,positive,best customer service experienced product top quality located kampala,69,9
2061,Excellent communication and fast delivery. Highly satisfied! Great purchase!,2024-11-11,Website,Kololo,positive,excellent communication fast delivery highly satisfied great purchase,69,8
2062,Product works fine. Decent quality for the price paid. Great store!,2023-08-02,WhatsApp,Kampala,neutral,product work fine decent quality price paid great store,55,9
2063,Great experience from start to finish. Will shop here again! Great order!,2024-06-12,Twitter,Kampala,positive,great experience start finish shop great order,46,7
2064,Product was different from what was advertised. Misleading description.,2023-10-27,Website,Kampala,negative,product different advertised misleading description,51,5
2065,Best shopping experience! Quality products and great prices. Located in Ntinda.,2023-02-23,Twitter,Nakawa,positive,best shopping experience quality product great price located ntinda,67,9
2066,Poor packaging led to damaged goods. Very unprofessional.,2024-12-13,Twitter,Nakawa,negative,poor packaging led damaged good unprofessional,46,6
2067,Terrible experience. Would not recommend this business to anyone.,2024-07-31,Website,Central,negative,terrible experience would recommend business anyone,51,6
2068,Okay delivery time. Product is functional and usable.,2024-03-21,Instagram,Bukoto,neutral,okay delivery time product functional usable,44,6
2069,Standard business service. Acceptable but not exceptional.,2024-01-29,Facebook,Kawempe,neutral,standard business service acceptable exceptional,48,5
2070,Slow response time and poor communication from the business. Great business!,2023-05-21,Twitter,Central,negative,slow response time poor communication business great business,61,8
2071,Love the product quality. Fast shipping and good packaging.,2024-01-11,Instagram,Muyenga,positive,love product quality fast shipping good packaging,49,7
2072,Poor value for money. Better options available elsewhere.,2024-02-24,Facebook,Lubaga,negative,poor value money better option available elsewhere,50,7
2073,Product is functional. Does what it's supposed to do. Great price!,2023-08-25,Google,Kawempe,neutral,product functional supposed great price,39,5
2074,Average quality. Nothing special but nothing wrong either.,2024-10-13,WhatsApp,Muyenga,neutral,average quality nothing special nothing wrong either,52,7
2075,Fair experience overall. Nothing exceptional but acceptable.,2023-02-24,Facebook,Lubaga,neutral,fair experience overall nothing exceptional acceptable,54,6
2076,Top quality products at reasonable prices. Highly recommended! Located in Makindye.,2023-01-25,Instagram,Kololo,positive,top quality product reasonable price highly recommended located makindye,72,9
2077,Terrible experience. Would not recommend this business to anyone. Great shipping!,2024-04-19,Facebook,Lubaga,negative,terrible experience would recommend business anyone great shipping,66,8
2078,Customer service is terrible. No one responds to complaints.,2024-07-17,WhatsApp,Lubaga,negative,customer service terrible one responds complaint,48,6
2079,Love shopping here! Always get great deals and quality products.,2024-12-13,WhatsApp,Nakawa,positive,love shopping always get great deal quality product,51,8
2080,Standard experience. Product does what it needs to do.,2023-09-28,Website,Lubaga,neutral,standard experience product need,32,4
2081,Average product quality. Meets basic expectations.,2024-07-28,Instagram,Kampala,neutral,average product quality meet basic expectation,46,6
2082,Product is functional. Does what it's supposed to do.,2024-07-25,Website,Muyenga,neutral,product functional supposed,27,3
2083,Okay product quality. Price matches the value received.,2023-04-26,Twitter,Nakawa,neutral,okay product quality price match value received,47,7
2084,Amazing service! The team went above and beyond to help me. Located in Makindye.,2024-03-04,Google,Kololo,positive,amazing service team went beyond help located makindye,54,8
2085,Slow response time and poor communication from the business.,2023-06-05,Instagram,Lubaga,negative,slow response time poor communication business,46,6
2086,Fair experience overall. Nothing exceptional but acceptable.,2023-05-12,Google,Muyenga,neutral,fair experience overall nothing exceptional acceptable,54,6
2087,Okay delivery time. Product is functional and usable.,2024-09-02,Twitter,Muyenga,neutral,okay delivery time product functional usable,44,6
2088,Product is okay. Nothing special but serves its purpose. Located in Kampala. Great price!,2023-04-29,Twitter,Kawempe,neutral,product okay nothing special serf purpose located kampala great price,69,10
2089,Quick response time and excellent customer care. Highly recommended!,2024-03-08,WhatsApp,Muyenga,positive,quick response time excellent customer care highly recommended,62,8
2090,Poor value for money. Better options available elsewhere. Located in Ntinda.,2023-08-25,Website,Kololo,negative,poor value money better option available elsewhere located ntinda,65,9
2091,Average quality. Nothing special but nothing wrong either.,2023-12-04,Facebook,Lubaga,neutral,average quality nothing special nothing wrong either,52,7
2092,Product broke after just one week of use. Very poor quality.,2023-10-07,Instagram,Kololo,negative,product broke one week use poor quality,39,7
2093,Love shopping here! Always get great deals and quality products.,2023-06-09,Facebook,Makindye,positive,love shopping always get great deal quality product,51,8
2094,Not satisfied with the product. Quality is below expectations.,2024-09-04,WhatsApp,Kampala,negative,satisfied product quality expectation,37,4
2095,Great experience from start to finish. Will shop here again!,2023-05-20,Website,Kampala,positive,great experience start finish shop,34,5
2096,Product was defective but they refused to refund. Bad business.,2024-12-01,Google,Central,negative,product defective refused refund bad business,45,6
2097,Decent value. Product works as expected.,2023-05-31,Instagram,Nakawa,neutral,decent value product work expected,34,5
2098,Customer service needs major improvement. Very unprofessional. Located in Kampala. Great packaging!,2023-01-23,Instagram,Muyenga,negative,customer service need major improvement unprofessional located kampala great packaging,86,10
2099,Very satisfied with my purchase. Great quality and fast delivery.,2024-12-04,Twitter,Central,positive,satisfied purchase great quality fast delivery,46,6
2100,Excellent products and service. Best in the area!,2024-02-04,Google,Bukoto,positive,excellent product service best area,35,5
2101,Best shop in Kawempe. Quality products and great service.,2023-06-20,Facebook,Nakawa,positive,best shop kawempe quality product great service,47,7
2102,Excellent products and service. Best in the area! Located in Nakawa.,2024-12-19,WhatsApp,Lubaga,positive,excellent product service best area located nakawa,50,7
2103,Excellent products and service. Best in the area! Great quality!,2024-06-10,Google,Central,positive,excellent product service best area great quality,49,7
2104,Great experience from start to finish. Will shop here again! Located in Kawempe. Great business!,2024-08-15,Instagram,Kololo,positive,great experience start finish shop located kawempe great business,65,9
2105,Great experience overall. Will be a returning customer.,2023-08-14,Instagram,Kololo,positive,great experience overall returning customer,43,5
2106,Standard service. No complaints but nothing exceptional either.,2024-03-30,Facebook,Makindye,neutral,standard service complaint nothing exceptional either,53,6
2107,Best customer service I've experienced. Products are top quality. Located in Kololo.,2023-12-06,Instagram,Kololo,positive,best customer service experienced product top quality located kololo,68,9
2108,Product is functional. Does what it's supposed to do. Located in Ntinda.,2024-12-10,Facebook,Kawempe,neutral,product functional supposed located ntinda,42,5
2109,Professional service and high-quality products. Very happy!,2023-12-05,Instagram,Nakawa,positive,professional service high quality product happy,47,6
2110,Very slow delivery and unresponsive customer support.,2023-09-17,Instagram,Nakawa,negative,slow delivery unresponsive customer support,43,5
2111,Best shop in Kawempe. Quality products and great service.,2023-11-02,Google,Lubaga,positive,best shop kawempe quality product great service,47,7
2112,Best prices in Nakawa area. Great value for money. Located in Central. Great support!,2023-12-29,WhatsApp,Bukoto,positive,best price nakawa area great value money located central great support,70,11
2113,"Fast delivery, good quality, fair prices. What more could you ask for?",2023-10-22,Facebook,Kawempe,positive,fast delivery good quality fair price could ask,47,8
2114,Great prices and even better service. Highly recommend this business!,2024-12-09,Instagram,Kampala,positive,great price even better service highly recommend business,57,8
2115,Fair value for money. Quality is acceptable but not premium.,2024-03-23,Website,Kawempe,neutral,fair value money quality acceptable premium,43,6
2116,Amazing service! The team went above and beyond to help me. Located in Kololo. Great customer!,2023-07-25,Instagram,Makindye,positive,amazing service team went beyond help located kololo great customer,67,10
2117,Quick response time and excellent customer care. Highly recommended!,2024-12-10,WhatsApp,Lubaga,positive,quick response time excellent customer care highly recommended,62,8
2118,Decent quality products. Price is fair for what you receive.,2023-02-17,Instagram,Kololo,neutral,decent quality product price fair receive,41,6
2119,Product is functional. Does what it's supposed to do.,2024-10-31,Instagram,Kololo,neutral,product functional supposed,27,3
2120,Amazing quality products. Will definitely buy again from this shop. Located in Muyenga.,2023-04-18,Website,Makindye,positive,amazing quality product definitely buy shop located muyenga,59,8
2121,Poor value for money. Better options available elsewhere.,2023-09-11,Instagram,Lubaga,negative,poor value money better option available elsewhere,50,7
2122,Product arrived damaged and customer service refused to help.,2024-08-11,Facebook,Nakawa,negative,product arrived damaged customer service refused help,53,7
2123,Great experience from start to finish. Will shop here again!,2024-04-19,Twitter,Bukoto,positive,great experience start finish shop,34,5
2124,Okay experience. Nothing to complain about but not impressed either.,2023-05-18,WhatsApp,Kololo,neutral,okay experience nothing complain impressed either,49,6
2125,Very disappointed. Product quality is poor and service is worse.,2023-10-11,WhatsApp,Bukoto,negative,disappointed product quality poor service worse,47,6
2126,Excellent business! Highly professional and reliable.,2024-08-20,Instagram,Ntinda,positive,excellent business highly professional reliable,47,5
2127,Love the product quality. Fast shipping and good packaging.,2024-10-02,Twitter,Lubaga,positive,love product quality fast shipping good packaging,49,7
2128,Standard delivery time. Product quality is average.,2023-08-19,Twitter,Ntinda,neutral,standard delivery time product quality average,46,6
2129,Overpriced products with low quality. Not good value for money. Located in Ntinda.,2024-05-21,Twitter,Makindye,negative,overpriced product low quality good value money located ntinda,62,9
2130,Best prices in Nakawa area. Great value for money. Located in Kololo. Great support!,2023-07-14,WhatsApp,Kampala,positive,best price nakawa area great value money located kololo great support,69,11
2131,Great business with excellent customer care. Very professional. Located in Central.,2023-12-08,Website,Kampala,positive,great business excellent customer care professional located central,67,8
2132,Love the product quality. Fast shipping and good packaging.,2024-03-07,Facebook,Muyenga,positive,love product quality fast shipping good packaging,49,7
2133,Product didn't work as expected. Waste of money. Great packaging!,2024-04-10,Website,Central,negative,product work expected waste money great packaging,49,7
2134,Excellent customer support. They responded quickly to my questions.,2024-11-01,Twitter,Bukoto,positive,excellent customer support responded quickly question,53,6
2135,Delivery was delayed multiple times. Very frustrating experience.,2023-10-30,Facebook,Central,negative,delivery delayed multiple time frustrating experience,53,6
2136,Professional service and high-quality products. Very happy!,2024-04-21,Facebook,Bukoto,positive,professional service high quality product happy,47,6
2137,Okay experience. Nothing to complain about but not impressed either. Located in Muyenga.,2023-11-18,WhatsApp,Kampala,neutral,okay experience nothing complain impressed either located muyenga,65,8
2138,"Fast shipping, good quality, and excellent customer support. Located in Kampala.",2023-07-17,Facebook,Bukoto,positive,fast shipping good quality excellent customer support located kampala,69,9
2139,Great prices and even better service. Highly recommend this business!,2024-06-03,Twitter,Makindye,positive,great price even better service highly recommend business,57,8
2140,Excellent customer support. They responded quickly to my questions.,2023-09-19,Instagram,Kololo,positive,excellent customer support responded quickly question,53,6
2141,Great value for money. Fast delivery and excellent packaging.,2024-08-07,Facebook,Bukoto,positive,great value money fast delivery excellent packaging,51,7
2142,Fair value for money. Quality is acceptable but not premium.,2023-03-08,Google,Bukoto,neutral,fair value money quality acceptable premium,43,6
2143,Product works as expected. No major issues or complaints.,2024-07-09,Website,Kawempe,neutral,product work expected major issue complaint,43,6
2144,Fair experience overall. Nothing exceptional but acceptable.,2024-06-26,Google,Central,neutral,fair experience overall nothing exceptional acceptable,54,6
2145,Okay delivery time. Product is functional and usable.,2023-08-07,Website,Muyenga,neutral,okay delivery time product functional usable,44,6
2146,"Fast delivery, good quality, fair prices. What more could you ask for?",2023-05-01,Facebook,Kawempe,positive,fast delivery good quality fair price could ask,47,8
2147,Great value for money. Fast delivery and excellent packaging.,2023-11-15,Website,Bukoto,positive,great value money fast delivery excellent packaging,51,7
2148,Excellent business! Highly professional and reliable.,2024-06-04,Facebook,Kololo,positive,excellent business highly professional reliable,47,5
2149,Best shop in Kawempe. Quality products and great service. Great support!,2023-02-17,Google,Makindye,positive,best shop kawempe quality product great service great support,61,9
2150,Standard experience. Product does what it needs to do. Located in Kawempe.,2023-05-22,Twitter,Makindye,neutral,standard experience product need located kawempe,48,6
2151,Excellent customer support. They responded quickly to my questions.,2024-02-27,Instagram,Kololo,positive,excellent customer support responded quickly question,53,6
2152,Professional service and high-quality products. Very happy!,2023-05-12,Website,Bukoto,positive,professional service high quality product happy,47,6
2153,Excellent communication and fast delivery. Highly satisfied!,2024-10-24,Facebook,Muyenga,positive,excellent communication fast delivery highly satisfied,54,6
2154,Top quality products at reasonable prices. Highly recommended! Located in Bukoto.,2023-01-23,Website,Central,positive,top quality product reasonable price highly recommended located bukoto,70,9
2155,Product arrived damaged and customer service refused to help. Located in Ntinda.,2024-01-30,Website,Muyenga,negative,product arrived damaged customer service refused help located ntinda,68,9
2156,Love shopping here! Always get great deals and quality products.,2023-09-10,WhatsApp,Lubaga,positive,love shopping always get great deal quality product,51,8
2157,Excellent business! Highly professional and reliable. Located in Ntinda.,2024-03-21,Facebook,Makindye,positive,excellent business highly professional reliable located ntinda,62,7
2158,Best prices in Nakawa area. Great value for money. Great store!,2024-01-28,Facebook,Kawempe,positive,best price nakawa area great value money great store,52,9
2159,Okay product quality. Price matches the value received.,2024-12-24,Website,Kampala,neutral,okay product quality price match value received,47,7
2160,Very satisfied with my purchase. Great quality and fast delivery. Great purchase!,2024-03-19,Facebook,Central,positive,satisfied purchase great quality fast delivery great purchase,61,8
2161,Love the product quality. Fast shipping and good packaging. Located in Makindye.,2023-06-21,Instagram,Kampala,positive,love product quality fast shipping good packaging located makindye,66,9
2162,Okay service. Product meets basic requirements.,2023-06-30,Twitter,Bukoto,neutral,okay service product meet basic requirement,43,6
2163,Poor quality products. Broke within days of purchase.,2023-02-15,Google,Kawempe,negative,poor quality product broke within day purchase,46,7
2164,Amazing service! The team went above and beyond to help me.,2024-01-23,Instagram,Bukoto,positive,amazing service team went beyond help,37,6
2165,Product works as expected. No major issues or complaints.,2023-07-07,Facebook,Central,neutral,product work expected major issue complaint,43,6
2166,Overpriced products with low quality. Not good value for money.,2024-02-13,Google,Central,negative,overpriced product low quality good value money,47,7
2167,Amazing experience! The product arrived on time and in perfect condition. Great restaurant!,2024-07-01,Website,Bukoto,positive,amazing experience product arrived time perfect condition great restaurant,74,9
2168,Great experience overall. Will be a returning customer.,2024-04-20,Facebook,Makindye,positive,great experience overall returning customer,43,5
2169,Slow response time and poor communication from the business.,2023-09-10,Instagram,Kampala,negative,slow response time poor communication business,46,6
2170,Okay service. Product meets basic requirements.,2024-07-04,Google,Kampala,neutral,okay service product meet basic requirement,43,6
2171,Very disappointed with the quality. Not worth the money paid.,2024-11-23,Google,Kawempe,negative,disappointed quality worth money paid,37,5
2172,Fair prices and acceptable quality. Nothing outstanding.,2023-09-07,Website,Muyenga,neutral,fair price acceptable quality nothing outstanding,49,6
2173,Great prices and even better service. Highly recommend this business!,2024-02-14,Website,Kampala,positive,great price even better service highly recommend business,57,8
2174,Great business with excellent customer care. Very professional.,2023-01-23,WhatsApp,Kololo,positive,great business excellent customer care professional,51,6
2175,Average quality products. Functional but not impressive. Located in Makindye.,2023-12-01,Instagram,Kawempe,neutral,average quality product functional impressive located makindye,62,7
2176,Excellent customer support. They responded quickly to my questions. Located in Muyenga.,2023-02-14,Google,Lubaga,positive,excellent customer support responded quickly question located muyenga,69,8
2177,Love the product quality. Fast shipping and good packaging.,2023-10-04,Twitter,Nakawa,positive,love product quality fast shipping good packaging,49,7
2178,Excellent products and service. Best in the area!,2024-10-31,Twitter,Bukoto,positive,excellent product service best area,35,5
2179,Delivery issues. Package arrived late and damaged.,2024-03-28,Google,Ntinda,negative,delivery issue package arrived late damaged,43,6
2180,Poor quality products. Broke within days of purchase.,2023-01-09,Website,Kololo,negative,poor quality product broke within day purchase,46,7
2181,"Fast delivery, good quality, fair prices. What more could you ask for? Located in Makindye.",2024-10-28,WhatsApp,Kawempe,positive,fast delivery good quality fair price could ask located makindye,64,10
2182,"Fast delivery, good quality, fair prices. What more could you ask for? Great staff!",2024-10-16,Website,Central,positive,fast delivery good quality fair price could ask great staff,59,10
2183,"Fast shipping, good quality, and excellent customer support.",2023-03-16,Website,Bukoto,positive,fast shipping good quality excellent customer support,53,7
2184,Great experience from start to finish. Will shop here again!,2023-03-05,Website,Muyenga,positive,great experience start finish shop,34,5
2185,Excellent communication and fast delivery. Highly satisfied!,2024-12-27,Google,Bukoto,positive,excellent communication fast delivery highly satisfied,54,6
2186,Product is fine. Meets expectations without exceeding them. Located in Kololo.,2024-11-12,Google,Ntinda,neutral,product fine meet expectation without exceeding located kololo,62,8
2187,Quick response time and excellent customer care. Highly recommended! Located in Kololo.,2024-06-09,Google,Nakawa,positive,quick response time excellent customer care highly recommended located kololo,77,10
2188,Worst shopping experience. Poor quality and terrible service.,2024-05-15,Facebook,Central,negative,worst shopping experience poor quality terrible service,55,7
2189,Best shopping experience! Quality products and great prices. Located in Kampala.,2024-04-08,Twitter,Kololo,positive,best shopping experience quality product great price located kampala,68,9
2190,Top quality products at reasonable prices. Highly recommended!,2024-09-10,WhatsApp,Kololo,positive,top quality product reasonable price highly recommended,55,7
2191,Excellent customer support. They responded quickly to my questions. Located in Bukoto.,2024-09-22,Twitter,Lubaga,positive,excellent customer support responded quickly question located bukoto,68,8
2192,"Outstanding business! Professional, reliable, and customer-focused. Located in Nakawa.",2023-10-06,Facebook,Lubaga,positive,outstanding business professional reliable customer focused located nakawa,74,8
2193,Product works fine. Decent quality for the price paid. Located in Kololo. Great business!,2023-05-28,WhatsApp,Makindye,neutral,product work fine decent quality price paid located kololo great business,73,11
2194,Great business with excellent customer care. Very professional. Located in Nakawa. Great quality!,2023-04-16,Google,Kololo,positive,great business excellent customer care professional located nakawa great quality,80,10
2195,Great products at affordable prices. Very satisfied with my purchase.,2023-10-13,WhatsApp,Kololo,positive,great product affordable price satisfied purchase,49,6
2196,Fair experience overall. Nothing exceptional but acceptable.,2024-06-22,WhatsApp,Makindye,neutral,fair experience overall nothing exceptional acceptable,54,6
2197,Delivery issues. Package arrived late and damaged.,2023-12-14,Website,Kampala,negative,delivery issue package arrived late damaged,43,6
2198,Amazing quality products. Will definitely buy again from this shop.,2024-08-28,Website,Nakawa,positive,amazing quality product definitely buy shop,43,6
2199,Great products at affordable prices. Very satisfied with my purchase.,2023-04-02,WhatsApp,Kampala,positive,great product affordable price satisfied purchase,49,6
2200,Love shopping here! Always get great deals and quality products.,2023-08-12,Website,Nakawa,positive,love shopping always get great deal quality product,51,8
2201,Best shop in Kawempe. Quality products and great service.,2023-11-12,Website,Kampala,positive,best shop kawempe quality product great service,47,7
2202,Product was different from what was advertised. Misleading description. Located in Central. Great support!,2023-03-24,Website,Kawempe,negative,product different advertised misleading description located central great support,81,9
2203,Standard business service. Acceptable but not exceptional.,2023-11-15,Twitter,Kawempe,neutral,standard business service acceptable exceptional,48,5
2204,Excellent customer support. They responded quickly to my questions.,2024-07-02,Twitter,Muyenga,positive,excellent customer support responded quickly question,53,6
2205,Very disappointed with the quality. Not worth the money paid.,2024-11-16,Google,Bukoto,negative,disappointed quality worth money paid,37,5
2206,Amazing experience! The product arrived on time and in perfect condition.,2024-06-03,Instagram,Makindye,positive,amazing experience product arrived time perfect condition,57,7
2207,Fair value for money. Quality is acceptable but not premium.,2024-05-04,Facebook,Kawempe,neutral,fair value money quality acceptable premium,43,6
2208,Great experience overall. Will be a returning customer.,2024-09-19,Google,Nakawa,positive,great experience overall returning customer,43,5
2209,Excellent communication and fast delivery. Highly satisfied!,2024-05-05,Twitter,Muyenga,positive,excellent communication fast delivery highly satisfied,54,6
2210,Great experience from start to finish. Will shop here again! Located in Makindye.,2024-06-20,WhatsApp,Kololo,positive,great experience start finish shop located makindye,51,7
2211,Best prices in Nakawa area. Great value for money. Located in Nakawa. Great customer!,2024-10-06,WhatsApp,Muyenga,positive,best price nakawa area great value money located nakawa great customer,70,11
2212,Decent value. Product works as expected.,2024-01-16,Facebook,Ntinda,neutral,decent value product work expected,34,5
2213,Great value for money. Fast delivery and excellent packaging.,2024-12-21,Website,Nakawa,positive,great value money fast delivery excellent packaging,51,7
2214,Great experience from start to finish. Will shop here again!,2024-02-03,Instagram,Kawempe,positive,great experience start finish shop,34,5
2215,Love shopping here! Always get great deals and quality products.,2023-03-05,Instagram,Kampala,positive,love shopping always get great deal quality product,51,8
2216,Excellent communication and fast delivery. Highly satisfied!,2024-06-12,WhatsApp,Kololo,positive,excellent communication fast delivery highly satisfied,54,6
2217,Average quality. Price is reasonable for what you get.,2024-06-18,WhatsApp,Muyenga,neutral,average quality price reasonable get,36,5
2218,Product is okay. Nothing special but serves its purpose.,2023-02-20,WhatsApp,Kololo,neutral,product okay nothing special serf purpose,41,6
2219,Amazing quality products. Will definitely buy again from this shop. Located in Kawempe.,2023-06-05,Instagram,Ntinda,positive,amazing quality product definitely buy shop located kawempe,59,8
2220,Love the product quality. Fast shipping and good packaging.,2023-11-20,Instagram,Central,positive,love product quality fast shipping good packaging,49,7
2221,Terrible customer service. No help when I had an issue.,2023-10-04,Google,Lubaga,negative,terrible customer service help issue,36,5
2222,Okay service. Product meets basic requirements.,2024-03-01,Instagram,Nakawa,neutral,okay service product meet basic requirement,43,6
2223,Terrible experience. Would not recommend this business to anyone.,2023-12-09,Instagram,Kawempe,negative,terrible experience would recommend business anyone,51,6
2224,Love shopping here! Always get great deals and quality products. Great staff!,2023-12-03,Facebook,Nakawa,positive,love shopping always get great deal quality product great staff,63,10
2225,Professional service and high-quality products. Very happy!,2024-02-08,WhatsApp,Kawempe,positive,professional service high quality product happy,47,6
2226,Product is fine. Meets expectations without exceeding them.,2023-09-08,Instagram,Kawempe,neutral,product fine meet expectation without exceeding,47,6
2227,Great value for money. Fast delivery and excellent packaging.,2024-07-18,Twitter,Makindye,positive,great value money fast delivery excellent packaging,51,7
2228,Great prices and even better service. Highly recommend this business! Great service!,2024-10-03,Twitter,Nakawa,positive,great price even better service highly recommend business great service,71,10
2229,Best customer service I've experienced. Products are top quality. Located in Ntinda.,2024-05-09,Twitter,Kawempe,positive,best customer service experienced product top quality located ntinda,68,9
2230,Fair experience overall. Nothing exceptional but acceptable.,2024-04-24,Google,Kampala,neutral,fair experience overall nothing exceptional acceptable,54,6
2231,Average quality. Price is reasonable for what you get.,2023-01-16,Instagram,Ntinda,neutral,average quality price reasonable get,36,5
2232,Average quality. Price is reasonable for what you get. Great shop!,2024-06-12,Website,Kololo,neutral,average quality price reasonable get great shop,47,7
2233,Decent service. No major complaints but nothing impressive.,2024-07-12,Twitter,Central,neutral,decent service major complaint nothing impressive,49,6
2234,Terrible experience. Would not recommend this business to anyone.,2023-11-07,Twitter,Kampala,negative,terrible experience would recommend business anyone,51,6
2235,Product works fine. Decent quality for the price paid. Located in Bukoto.,2024-03-21,Website,Makindye,neutral,product work fine decent quality price paid located bukoto,58,9
2236,Product didn't work as expected. Waste of money. Located in Muyenga.,2023-01-12,Facebook,Kampala,negative,product work expected waste money located muyenga,49,7
2237,Decent value. Product works as expected.,2024-01-23,WhatsApp,Ntinda,neutral,decent value product work expected,34,5
2238,Professional service and high-quality products. Very happy!,2023-04-13,Google,Kawempe,positive,professional service high quality product happy,47,6
2239,Terrible experience. Would not recommend this business to anyone. Great quality!,2023-07-28,Twitter,Kawempe,negative,terrible experience would recommend business anyone great quality,65,8
2240,Quick response time and excellent customer care. Highly recommended!,2024-10-08,Facebook,Kawempe,positive,quick response time excellent customer care highly recommended,62,8
2241,Amazing quality products. Will definitely buy again from this shop.,2024-07-19,WhatsApp,Kololo,positive,amazing quality product definitely buy shop,43,6
2242,Great experience from start to finish. Will shop here again!,2024-02-27,WhatsApp,Kawempe,positive,great experience start finish shop,34,5
2243,Average quality. Price is reasonable for what you get.,2024-01-31,Facebook,Makindye,neutral,average quality price reasonable get,36,5
2244,Customer service needs major improvement. Very unprofessional. Great customer!,2023-02-16,Facebook,Kololo,negative,customer service need major improvement unprofessional great customer,69,8
2245,"Fast delivery, good quality, fair prices. What more could you ask for? Located in Kampala.",2023-02-27,Instagram,Central,positive,fast delivery good quality fair price could ask located kampala,63,10
2246,Top quality products at reasonable prices. Highly recommended!,2023-04-30,Facebook,Muyenga,positive,top quality product reasonable price highly recommended,55,7
2247,Standard delivery. Product works but quality is average.,2023-09-22,Instagram,Kampala,neutral,standard delivery product work quality average,46,6
2248,"Fast shipping, good quality, and excellent customer support.",2023-06-04,Twitter,Lubaga,positive,fast shipping good quality excellent customer support,53,7
2249,Great prices and even better service. Highly recommend this business!,2024-03-28,Twitter,Muyenga,positive,great price even better service highly recommend business,57,8
2250,Great products at affordable prices. Very satisfied with my purchase.,2023-09-28,WhatsApp,Kawempe,positive,great product affordable price satisfied purchase,49,6
2251,Very satisfied with my purchase. Great quality and fast delivery. Located in Ntinda.,2023-01-24,Google,Kawempe,positive,satisfied purchase great quality fast delivery located ntinda,61,8
2252,Poor packaging led to damaged goods. Very unprofessional. Located in Kampala.,2024-09-18,Twitter,Kawempe,negative,poor packaging led damaged good unprofessional located kampala,62,8
2253,Great business with excellent customer care. Very professional.,2023-05-05,Twitter,Central,positive,great business excellent customer care professional,51,6
2254,Product was damaged on arrival. Poor packaging quality.,2024-07-02,Google,Kololo,negative,product damaged arrival poor packaging quality,46,6
2255,Outstanding quality and service. Will definitely shop here again.,2024-03-10,Instagram,Kampala,positive,outstanding quality service definitely shop,43,5
2256,Okay service. Nothing special but gets the job done. Located in Kololo.,2024-02-10,Facebook,Bukoto,neutral,okay service nothing special get job done located kololo,56,9
2257,Okay product quality. Price matches the value received.,2023-02-17,Website,Central,neutral,okay product quality price match value received,47,7
2258,Professional service and high-quality products. Very happy!,2023-08-24,Twitter,Makindye,positive,professional service high quality product happy,47,6
2259,Standard delivery. Product works but quality is average.,2023-09-06,WhatsApp,Kawempe,neutral,standard delivery product work quality average,46,6
2260,Excellent communication and fast delivery. Highly satisfied!,2023-06-25,Instagram,Makindye,positive,excellent communication fast delivery highly satisfied,54,6
2261,"Outstanding business! Professional, reliable, and customer-focused. Great quality!",2024-11-22,Google,Ntinda,positive,outstanding business professional reliable customer focused great quality,73,8
2262,Customer service needs major improvement. Very unprofessional. Located in Kawempe.,2024-09-28,Instagram,Ntinda,negative,customer service need major improvement unprofessional located kawempe,70,8
2263,Not satisfied with the product. Quality is below expectations. Located in Muyenga.,2024-05-16,WhatsApp,Muyenga,negative,satisfied product quality expectation located muyenga,53,6
2264,Amazing experience! The product arrived on time and in perfect condition.,2023-07-07,Facebook,Central,positive,amazing experience product arrived time perfect condition,57,7
2265,Worst shopping experience. Poor quality and terrible service.,2024-10-16,Website,Ntinda,negative,worst shopping experience poor quality terrible service,55,7
2266,Not satisfied with the product. Quality is below expectations.,2023-12-07,Google,Muyenga,negative,satisfied product quality expectation,37,4
2267,Great value for money. Fast delivery and excellent packaging. Located in Kololo.,2023-01-17,Facebook,Kampala,positive,great value money fast delivery excellent packaging located kololo,66,9
2268,Standard service. No complaints but nothing exceptional either.,2023-08-10,Facebook,Makindye,neutral,standard service complaint nothing exceptional either,53,6
2269,Very disappointed. Product quality is poor and service is worse. Great shipping!,2023-02-22,Instagram,Muyenga,negative,disappointed product quality poor service worse great shipping,62,8
2270,Outstanding quality and service. Will definitely shop here again. Located in Kampala.,2024-08-18,Twitter,Nakawa,positive,outstanding quality service definitely shop located kampala,59,7
2271,"Outstanding business! Professional, reliable, and customer-focused.",2023-09-20,Instagram,Kampala,positive,outstanding business professional reliable customer focused,59,6
2272,"Outstanding business! Professional, reliable, and customer-focused. Located in Kampala.",2023-07-18,Facebook,Ntinda,positive,outstanding business professional reliable customer focused located kampala,75,8
2273,Great products at affordable prices. Very satisfied with my purchase.,2024-02-29,Website,Ntinda,positive,great product affordable price satisfied purchase,49,6
2274,Best shopping experience! Quality products and great prices.,2023-01-10,Website,Makindye,positive,best shopping experience quality product great price,52,7
2275,Very slow delivery. Took over a week to arrive in Kampala. Located in Bukoto.,2024-06-09,Instagram,Ntinda,negative,slow delivery took week arrive kampala located bukoto,53,8
2276,Decent service. No major complaints but nothing impressive.,2024-12-23,WhatsApp,Kampala,neutral,decent service major complaint nothing impressive,49,6
2277,Best customer service I've experienced. Products are top quality.,2023-05-13,WhatsApp,Lubaga,positive,best customer service experienced product top quality,53,7
2278,Decent service. No major complaints but nothing impressive.,2023-07-25,WhatsApp,Muyenga,neutral,decent service major complaint nothing impressive,49,6
2279,Amazing quality products. Will definitely buy again from this shop.,2024-08-16,Twitter,Makindye,positive,amazing quality product definitely buy shop,43,6
2280,Average quality. Price is reasonable for what you get. Great price!,2024-01-08,Facebook,Bukoto,neutral,average quality price reasonable get great price,48,7
2281,Excellent products and service. Best in the area! Great staff!,2023-05-29,Facebook,Lubaga,positive,excellent product service best area great staff,47,7
2282,Amazing quality products. Will definitely buy again from this shop. Great restaurant!,2023-07-08,WhatsApp,Makindye,positive,amazing quality product definitely buy shop great restaurant,60,8
2283,Overpriced compared to other shops in Nakawa area.,2024-11-02,Google,Kawempe,negative,overpriced compared shop nakawa area,36,5
2284,Standard delivery. Product works but quality is average.,2023-09-21,Google,Ntinda,neutral,standard delivery product work quality average,46,6
2285,Best shop in Kawempe. Quality products and great service.,2023-04-03,Facebook,Muyenga,positive,best shop kawempe quality product great service,47,7
2286,Poor value for money. Better options available elsewhere. Located in Kololo. Great delivery!,2023-09-23,Twitter,Central,negative,poor value money better option available elsewhere located kololo great delivery,80,11
2287,Average experience. Product is functional and adequate. Great restaurant!,2023-10-17,Twitter,Muyenga,neutral,average experience product functional adequate great restaurant,63,7
2288,Okay delivery time. Product is functional and usable. Located in Central.,2023-12-10,Google,Kawempe,neutral,okay delivery time product functional usable located central,60,8
2289,Standard business service. Acceptable but not exceptional.,2023-07-31,Instagram,Makindye,neutral,standard business service acceptable exceptional,48,5
2290,Great business with excellent customer care. Very professional.,2024-11-18,Facebook,Ntinda,positive,great business excellent customer care professional,51,6
2291,Love shopping here! Always get great deals and quality products.,2023-12-23,Twitter,Kololo,positive,love shopping always get great deal quality product,51,8
2292,Best shop in Kawempe. Quality products and great service.,2023-12-22,Twitter,Kampala,positive,best shop kawempe quality product great service,47,7
2293,Decent value. Product works as expected.,2024-02-02,Twitter,Bukoto,neutral,decent value product work expected,34,5
2294,Very slow delivery and unresponsive customer support. Located in Nakawa.,2023-10-07,Website,Muyenga,negative,slow delivery unresponsive customer support located nakawa,58,7
2295,Great experience from start to finish. Will shop here again!,2024-04-07,Website,Muyenga,positive,great experience start finish shop,34,5
2296,Average product quality. Meets basic expectations. Located in Makindye.,2024-04-05,Google,Kawempe,neutral,average product quality meet basic expectation located makindye,63,8
2297,Very satisfied with my purchase. Great quality and fast delivery. Located in Lubaga.,2024-05-12,WhatsApp,Kampala,positive,satisfied purchase great quality fast delivery located lubaga,61,8
2298,Standard delivery. Product works but quality is average. Great purchase!,2024-03-01,Website,Nakawa,neutral,standard delivery product work quality average great purchase,61,8
2299,Average experience overall. Product is fine but not great.,2023-12-20,Facebook,Ntinda,neutral,average experience overall product fine great,45,6
2300,"Outstanding business! Professional, reliable, and customer-focused. Located in Ntinda.",2023-03-07,Instagram,Kawempe,positive,outstanding business professional reliable customer focused located ntinda,74,8
2301,Top quality products at reasonable prices. Highly recommended!,2023-03-27,WhatsApp,Bukoto,positive,top quality product reasonable price highly recommended,55,7
2302,Outstanding service! The staff was very helpful and friendly. Great packaging!,2024-12-10,Instagram,Central,positive,outstanding service staff helpful friendly great packaging,58,7
2303,"Fast shipping, good quality, and excellent customer support.",2024-10-29,Google,Nakawa,positive,fast shipping good quality excellent customer support,53,7
2304,Okay service. Nothing special but gets the job done. Located in Kololo.,2023-08-22,Facebook,Ntinda,neutral,okay service nothing special get job done located kololo,56,9
2305,Okay service. Product meets basic requirements. Located in Kawempe. Great business!,2023-08-27,Twitter,Kampala,neutral,okay service product meet basic requirement located kawempe great business,74,10
2306,Product is functional. Does what it's supposed to do.,2023-10-07,Website,Kawempe,neutral,product functional supposed,27,3
2307,Very satisfied with my purchase. Great quality and fast delivery.,2024-10-05,WhatsApp,Muyenga,positive,satisfied purchase great quality fast delivery,46,6
2308,"Outstanding business! Professional, reliable, and customer-focused.",2023-03-27,Google,Lubaga,positive,outstanding business professional reliable customer focused,59,6
2309,"Fast shipping, good quality, and excellent customer support.",2023-03-09,Twitter,Central,positive,fast shipping good quality excellent customer support,53,7
2310,Excellent business! Highly professional and reliable. Located in Kololo.,2023-03-06,Website,Kampala,positive,excellent business highly professional reliable located kololo,62,7
2311,Great experience from start to finish. Will shop here again! Located in Central.,2023-05-11,Twitter,Nakawa,positive,great experience start finish shop located central,50,7
2312,"Fast shipping, good quality, and excellent customer support.",2024-09-26,Instagram,Bukoto,positive,fast shipping good quality excellent customer support,53,7
2313,Standard delivery. Product works but quality is average. Great experience!,2024-11-17,Website,Kololo,neutral,standard delivery product work quality average great experience,63,8
2314,Excellent communication and fast delivery. Highly satisfied! Located in Central.,2023-05-30,Instagram,Muyenga,positive,excellent communication fast delivery highly satisfied located central,70,8
2315,Overpriced compared to other shops in Nakawa area. Located in Bukoto. Great experience!,2023-12-24,Instagram,Muyenga,negative,overpriced compared shop nakawa area located bukoto great experience,68,9
2316,Best shop in Kawempe. Quality products and great service. Located in Nakawa. Great restaurant!,2024-07-21,WhatsApp,Central,positive,best shop kawempe quality product great service located nakawa great restaurant,79,11
2317,Great service! Very fast delivery in Kampala. Highly recommend! Great business!,2023-09-24,Twitter,Bukoto,positive,great service fast delivery kampala highly recommend great business,67,9
2318,Top quality products at reasonable prices. Highly recommended! Located in Bukoto.,2023-06-28,Twitter,Kampala,positive,top quality product reasonable price highly recommended located bukoto,70,9
2319,Quick response time and excellent customer care. Highly recommended!,2023-04-21,WhatsApp,Central,positive,quick response time excellent customer care highly recommended,62,8
2320,Customer service was unresponsive. Had to wait days for a reply.,2024-04-28,Website,Nakawa,negative,customer service unresponsive wait day reply,44,6
2321,Great experience from start to finish. Will shop here again!,2023-04-27,Facebook,Ntinda,positive,great experience start finish shop,34,5
2322,Outstanding service! The staff was very helpful and friendly.,2024-07-19,Facebook,Makindye,positive,outstanding service staff helpful friendly,42,5
2323,Great service! Very fast delivery in Kampala. Highly recommend!,2023-10-12,Google,Ntinda,positive,great service fast delivery kampala highly recommend,52,7
2324,Product was defective but they refused to refund. Bad business. Located in Kawempe.,2024-08-27,Google,Kololo,negative,product defective refused refund bad business located kawempe,61,8
2325,Standard experience. Product does what it needs to do.,2024-01-03,WhatsApp,Muyenga,neutral,standard experience product need,32,4
2326,Excellent communication and fast delivery. Highly satisfied!,2023-03-17,Website,Bukoto,positive,excellent communication fast delivery highly satisfied,54,6
2327,Best prices in Nakawa area. Great value for money.,2024-07-12,WhatsApp,Ntinda,positive,best price nakawa area great value money,40,7
2328,Best customer service I've experienced. Products are top quality.,2024-10-30,WhatsApp,Muyenga,positive,best customer service experienced product top quality,53,7
2329,Standard service. No complaints but nothing exceptional either. Located in Muyenga.,2023-11-12,Instagram,Kampala,neutral,standard service complaint nothing exceptional either located muyenga,69,8
2330,Product quality was disappointing. Not as described on the website.,2024-02-04,Website,Muyenga,negative,product quality disappointing described website,47,5
2331,Great service! Very fast delivery in Kampala. Highly recommend!,2023-09-23,Facebook,Central,positive,great service fast delivery kampala highly recommend,52,7
2332,Great experience from start to finish. Will shop here again!,2023-06-13,Twitter,Kampala,positive,great experience start finish shop,34,5
2333,Best shopping experience! Quality products and great prices.,2024-12-01,Website,Kololo,positive,best shopping experience quality product great price,52,7
2334,Terrible experience. Would not recommend this business to anyone. Great business!,2024-07-29,Google,Makindye,negative,terrible experience would recommend business anyone great business,66,8
2335,Product arrived damaged and customer service refused to help.,2024-01-24,Twitter,Kololo,negative,product arrived damaged customer service refused help,53,7
2336,Great experience overall. Will be a returning customer.,2023-06-08,Twitter,Nakawa,positive,great experience overall returning customer,43,5
2337,Average experience overall. Product is fine but not great.,2024-08-20,Instagram,Makindye,neutral,average experience overall product fine great,45,6
2338,Quick response time and excellent customer care. Highly recommended! Located in Kawempe.,2023-04-04,Website,Muyenga,positive,quick response time excellent customer care highly recommended located kawempe,78,10
2339,Best prices in Nakawa area. Great value for money. Located in Ntinda.,2023-12-08,Google,Central,positive,best price nakawa area great value money located ntinda,55,9
2340,Great service! Very fast delivery in Kampala. Highly recommend!,2023-02-27,Twitter,Bukoto,positive,great service fast delivery kampala highly recommend,52,7
2341,Excellent communication and fast delivery. Highly satisfied!,2023-11-23,Instagram,Lubaga,positive,excellent communication fast delivery highly satisfied,54,6
2342,Excellent products and service. Best in the area! Located in Kawempe. Great purchase!,2023-10-11,WhatsApp,Central,positive,excellent product service best area located kawempe great purchase,66,9
2343,Average quality. Price is reasonable for what you get.,2024-05-11,Instagram,Nakawa,neutral,average quality price reasonable get,36,5
2344,Amazing service! The team went above and beyond to help me. Located in Ntinda.,2023-05-31,Twitter,Kololo,positive,amazing service team went beyond help located ntinda,52,8
2345,Excellent customer support. They responded quickly to my questions.,2023-04-01,Instagram,Central,positive,excellent customer support responded quickly question,53,6
2346,Great business with excellent customer care. Very professional. Great staff!,2023-11-09,Facebook,Ntinda,positive,great business excellent customer care professional great staff,63,8
2347,Average quality products. Functional but not impressive. Located in Central.,2023-12-02,Instagram,Kololo,neutral,average quality product functional impressive located central,61,7
2348,Best shop in Kawempe. Quality products and great service. Great customer!,2024-10-18,Instagram,Kawempe,positive,best shop kawempe quality product great service great customer,62,9
2349,Great prices and even better service. Highly recommend this business!,2023-05-09,WhatsApp,Kawempe,positive,great price even better service highly recommend business,57,8
2350,Fair prices and acceptable quality. Nothing outstanding.,2023-10-04,Google,Nakawa,neutral,fair price acceptable quality nothing outstanding,49,6
2351,Product broke after just one week of use. Very poor quality. Located in Lubaga.,2023-09-16,WhatsApp,Nakawa,negative,product broke one week use poor quality located lubaga,54,9
2352,Okay product quality. Price matches the value received.,2023-01-25,Facebook,Muyenga,neutral,okay product quality price match value received,47,7
2353,Okay delivery time. Product is functional and usable.,2023-08-19,Google,Kololo,neutral,okay delivery time product functional usable,44,6
2354,Top-notch quality. Exceeded my expectations completely. Located in Nakawa.,2023-02-16,Twitter,Muyenga,positive,top notch quality exceeded expectation completely located nakawa,64,8
2355,Professional service and high-quality products. Very happy!,2024-03-07,Facebook,Bukoto,positive,professional service high quality product happy,47,6
2356,Okay experience. Nothing to complain about but not impressed either.,2024-02-17,Facebook,Muyenga,neutral,okay experience nothing complain impressed either,49,6
2357,Great experience from start to finish. Will shop here again!,2024-03-14,Website,Kawempe,positive,great experience start finish shop,34,5
2358,Product was defective but they refused to refund. Bad business. Great service!,2024-08-16,Google,Ntinda,negative,product defective refused refund bad business great service,59,8
2359,Poor customer service. Staff was rude and unhelpful.,2024-06-03,Facebook,Lubaga,negative,poor customer service staff rude unhelpful,42,6
2360,Love the product quality. Fast shipping and good packaging. Located in Bukoto. Great support!,2024-10-15,Twitter,Ntinda,positive,love product quality fast shipping good packaging located bukoto great support,78,11
2361,Professional service and high-quality products. Very happy!,2023-08-01,Website,Kololo,positive,professional service high quality product happy,47,6
2362,Top-notch quality. Exceeded my expectations completely.,2023-06-16,WhatsApp,Nakawa,positive,top notch quality exceeded expectation completely,49,6
2363,Customer service is terrible. No one responds to complaints.,2023-06-28,Instagram,Muyenga,negative,customer service terrible one responds complaint,48,6
2364,Top quality products at reasonable prices. Highly recommended!,2024-10-24,Instagram,Kawempe,positive,top quality product reasonable price highly recommended,55,7
2365,Average experience overall. Product is fine but not great.,2023-04-17,Google,Lubaga,neutral,average experience overall product fine great,45,6
2366,Excellent communication and fast delivery. Highly satisfied!,2023-10-27,Website,Kololo,positive,excellent communication fast delivery highly satisfied,54,6
2367,"Fast delivery, good quality, fair prices. What more could you ask for? Great shop!",2024-06-28,Facebook,Muyenga,positive,fast delivery good quality fair price could ask great shop,58,10
2368,Great products at affordable prices. Very satisfied with my purchase. Located in Muyenga.,2024-04-13,Website,Lubaga,positive,great product affordable price satisfied purchase located muyenga,65,8
2369,Love shopping here! Always get great deals and quality products. Great delivery!,2023-09-16,Google,Kololo,positive,love shopping always get great deal quality product great delivery,66,10
2370,Overpriced compared to other shops in Nakawa area. Located in Bukoto.,2023-07-27,WhatsApp,Muyenga,negative,overpriced compared shop nakawa area located bukoto,51,7
2371,Fair value for money. Quality is acceptable but not premium.,2024-08-14,Instagram,Muyenga,neutral,fair value money quality acceptable premium,43,6
2372,Excellent customer support. They responded quickly to my questions. Located in Kololo.,2024-03-18,Twitter,Kololo,positive,excellent customer support responded quickly question located kololo,68,8
2373,Product works fine. Decent quality for the price paid.,2024-09-23,Website,Central,neutral,product work fine decent quality price paid,43,7
2374,Great value for money. Fast delivery and excellent packaging.,2023-06-13,Twitter,Kololo,positive,great value money fast delivery excellent packaging,51,7
2375,Delivery was on time. Product is as expected. Great product!,2024-10-18,Twitter,Kawempe,neutral,delivery time product expected great product,44,6
2376,Okay service. Nothing special but gets the job done.,2024-11-09,Facebook,Nakawa,neutral,okay service nothing special get job done,41,7
2377,Customer service is terrible. No one responds to complaints. Located in Bukoto.,2024-09-25,WhatsApp,Lubaga,negative,customer service terrible one responds complaint located bukoto,63,8
2378,Excellent communication and fast delivery. Highly satisfied! Located in Muyenga.,2024-04-05,Facebook,Makindye,positive,excellent communication fast delivery highly satisfied located muyenga,70,8
2379,Average quality. Nothing special but nothing wrong either. Located in Kawempe.,2023-07-17,Facebook,Kawempe,neutral,average quality nothing special nothing wrong either located kawempe,68,9
2380,Best prices in Nakawa area. Great value for money.,2024-01-06,Website,Muyenga,positive,best price nakawa area great value money,40,7
2381,Average product quality. Meets basic needs adequately. Great quality!,2023-08-29,Instagram,Bukoto,neutral,average product quality meet basic need adequately great quality,64,9
2382,Average quality products. Functional but not impressive.,2024-08-30,WhatsApp,Central,neutral,average quality product functional impressive,45,5
2383,Amazing quality products. Will definitely buy again from this shop.,2023-08-06,Website,Kawempe,positive,amazing quality product definitely buy shop,43,6
2384,Product is fine. Meets expectations without exceeding them.,2024-06-19,Website,Lubaga,neutral,product fine meet expectation without exceeding,47,6
2385,Very satisfied with my purchase. Great quality and fast delivery.,2024-05-14,Google,Kololo,positive,satisfied purchase great quality fast delivery,46,6
2386,Great experience from start to finish. Will shop here again! Located in Ntinda.,2024-09-09,Google,Kampala,positive,great experience start finish shop located ntinda,49,7
2387,Love the product quality. Fast shipping and good packaging. Located in Kawempe.,2024-07-12,Twitter,Nakawa,positive,love product quality fast shipping good packaging located kawempe,65,9
2388,Professional service and high-quality products. Very happy! Located in Makindye.,2024-09-17,Facebook,Ntinda,positive,professional service high quality product happy located makindye,64,8
2389,Would not buy from here again. Poor experience overall.,2024-11-22,Twitter,Lubaga,negative,would buy poor experience overall,33,5
2390,Quick response time and excellent customer care. Highly recommended!,2023-10-23,Twitter,Kawempe,positive,quick response time excellent customer care highly recommended,62,8
2391,Overpriced compared to other shops in Nakawa area. Located in Kawempe.,2024-10-09,Facebook,Nakawa,negative,overpriced compared shop nakawa area located kawempe,52,7
2392,Outstanding service! The staff was very helpful and friendly.,2023-02-22,Twitter,Bukoto,positive,outstanding service staff helpful friendly,42,5
2393,Great value for money. Fast delivery and excellent packaging.,2024-03-24,Website,Central,positive,great value money fast delivery excellent packaging,51,7
2394,Best shopping experience! Quality products and great prices. Located in Muyenga.,2023-02-17,Website,Ntinda,positive,best shopping experience quality product great price located muyenga,68,9
2395,Average quality. Nothing special but nothing wrong either. Located in Bukoto.,2024-12-04,Website,Ntinda,neutral,average quality nothing special nothing wrong either located bukoto,67,9
2396,Best prices in Nakawa area. Great value for money. Great delivery!,2023-07-03,Instagram,Makindye,positive,best price nakawa area great value money great delivery,55,9
2397,Overpriced compared to other shops in Nakawa area. Located in Nakawa.,2024-10-06,Website,Nakawa,negative,overpriced compared shop nakawa area located nakawa,51,7
2398,Product works as expected. No major issues or complaints. Located in Kawempe.,2023-06-03,Google,Lubaga,neutral,product work expected major issue complaint located kawempe,59,8
2399,Decent quality products. Price is fair for what you receive.,2024-10-12,Website,Kawempe,neutral,decent quality product price fair receive,41,6
2400,"Outstanding business! Professional, reliable, and customer-focused. Located in Kampala.",2023-03-27,Facebook,Lubaga,positive,outstanding business professional reliable customer focused located kampala,75,8
2401,Delivery issues. Package arrived late and damaged.,2023-04-28,Twitter,Bukoto,negative,delivery issue package arrived late damaged,43,6
2402,Amazing service! The team went above and beyond to help me. Located in Kampala.,2023-05-27,Website,Muyenga,positive,amazing service team went beyond help located kampala,53,8
2403,Excellent customer support. They responded quickly to my questions.,2023-12-01,Google,Kawempe,positive,excellent customer support responded quickly question,53,6
2404,Product arrived damaged and customer service refused to help.,2023-01-05,Twitter,Lubaga,negative,product arrived damaged customer service refused help,53,7
2405,Great experience from start to finish. Will shop here again!,2024-11-21,Google,Bukoto,positive,great experience start finish shop,34,5
2406,Excellent customer support. They responded quickly to my questions. Located in Central.,2024-09-22,Instagram,Lubaga,positive,excellent customer support responded quickly question located central,69,8
2407,Best customer service I've experienced. Products are top quality.,2024-07-15,Facebook,Nakawa,positive,best customer service experienced product top quality,53,7
2408,Excellent communication and fast delivery. Highly satisfied!,2023-02-12,Website,Bukoto,positive,excellent communication fast delivery highly satisfied,54,6
2409,Standard delivery. Product works but quality is average. Located in Nakawa.,2024-11-01,Google,Nakawa,neutral,standard delivery product work quality average located nakawa,61,8
2410,Delivery was delayed multiple times. Very frustrating experience.,2024-12-02,Website,Muyenga,negative,delivery delayed multiple time frustrating experience,53,6
2411,Standard delivery time. Product quality is average.,2024-03-16,Website,Kampala,neutral,standard delivery time product quality average,46,6
2412,Great prices and even better service. Highly recommend this business! Located in Kololo.,2023-07-15,WhatsApp,Nakawa,positive,great price even better service highly recommend business located kololo,72,10
2413,Product is functional. Does what it's supposed to do.,2024-11-13,Twitter,Ntinda,neutral,product functional supposed,27,3
2414,Amazing experience! The product arrived on time and in perfect condition.,2023-03-31,WhatsApp,Bukoto,positive,amazing experience product arrived time perfect condition,57,7
2415,Best prices in Nakawa area. Great value for money.,2023-06-05,Instagram,Lubaga,positive,best price nakawa area great value money,40,7
2416,Okay service. Product meets basic requirements.,2023-09-04,Twitter,Nakawa,neutral,okay service product meet basic requirement,43,6
2417,Okay experience. Nothing to complain about but not impressed either.,2023-08-30,Twitter,Kawempe,neutral,okay experience nothing complain impressed either,49,6
2418,Great prices and even better service. Highly recommend this business!,2024-06-07,Instagram,Kampala,positive,great price even better service highly recommend business,57,8
2419,Love shopping here! Always get great deals and quality products.,2024-02-26,Facebook,Nakawa,positive,love shopping always get great deal quality product,51,8
2420,Great value for money. Fast delivery and excellent packaging.,2023-05-12,Google,Ntinda,positive,great value money fast delivery excellent packaging,51,7
2421,Average quality. Nothing special but nothing wrong either.,2023-11-28,Instagram,Kampala,neutral,average quality nothing special nothing wrong either,52,7
2422,Product was defective but they refused to refund. Bad business. Located in Bukoto. Great business!,2024-07-03,Facebook,Ntinda,negative,product defective refused refund bad business located bukoto great business,75,10
2423,Delivery was on time. Product is as expected.,2024-07-27,Google,Kawempe,neutral,delivery time product expected,30,4
2424,Quick response time and excellent customer care. Highly recommended! Located in Kampala.,2023-05-14,Instagram,Kololo,positive,quick response time excellent customer care highly recommended located kampala,78,10
2425,Best prices in Nakawa area. Great value for money.,2024-06-02,Google,Central,positive,best price nakawa area great value money,40,7
2426,Best shop in Kawempe. Quality products and great service.,2024-06-23,WhatsApp,Nakawa,positive,best shop kawempe quality product great service,47,7
2427,Worst shopping experience. Poor quality and terrible service.,2023-09-25,Twitter,Muyenga,negative,worst shopping experience poor quality terrible service,55,7
2428,Product is fine. Meets expectations without exceeding them.,2023-11-24,Facebook,Ntinda,neutral,product fine meet expectation without exceeding,47,6
2429,Best prices in Nakawa area. Great value for money.,2023-07-07,Facebook,Makindye,positive,best price nakawa area great value money,40,7
2430,Decent quality products. Price is fair for what you receive.,2024-08-28,Website,Kampala,neutral,decent quality product price fair receive,41,6
2431,Product was defective but they refused to refund. Bad business.,2024-05-26,Twitter,Muyenga,negative,product defective refused refund bad business,45,6
2432,Average quality products. Functional but not impressive. Located in Bukoto.,2024-04-18,WhatsApp,Ntinda,neutral,average quality product functional impressive located bukoto,60,7
2433,Not satisfied at all. Product quality is below standard.,2024-10-23,Instagram,Central,negative,satisfied product quality standard,34,4
2434,Excellent business! Highly professional and reliable. Located in Kawempe.,2024-07-20,Twitter,Nakawa,positive,excellent business highly professional reliable located kawempe,63,7
2435,Very satisfied with my purchase. Great quality and fast delivery. Located in Kololo.,2023-10-22,Google,Ntinda,positive,satisfied purchase great quality fast delivery located kololo,61,8
2436,Professional service and high-quality products. Very happy!,2023-03-12,Twitter,Lubaga,positive,professional service high quality product happy,47,6
2437,Excellent business! Highly professional and reliable.,2024-02-17,Google,Lubaga,positive,excellent business highly professional reliable,47,5
2438,Average quality. Nothing special but nothing wrong either. Great price!,2023-05-15,Twitter,Kawempe,neutral,average quality nothing special nothing wrong either great price,64,9
2439,Excellent products and service. Best in the area! Located in Kawempe.,2023-07-20,Twitter,Nakawa,positive,excellent product service best area located kawempe,51,7
2440,Fair value for money. Quality is acceptable but not premium.,2024-05-17,Google,Kololo,neutral,fair value money quality acceptable premium,43,6
2441,Average experience. Product is functional and adequate. Located in Muyenga. Great staff!,2023-09-23,Facebook,Central,neutral,average experience product functional adequate located muyenga great staff,74,9
2442,Excellent customer support. They responded quickly to my questions.,2023-03-30,Twitter,Kololo,positive,excellent customer support responded quickly question,53,6
2443,Professional service and high-quality products. Very happy! Located in Makindye.,2023-11-16,WhatsApp,Kawempe,positive,professional service high quality product happy located makindye,64,8
2444,"Outstanding business! Professional, reliable, and customer-focused.",2023-12-28,WhatsApp,Bukoto,positive,outstanding business professional reliable customer focused,59,6
2445,Standard delivery time. Product quality is average. Located in Kololo.,2024-01-31,Twitter,Bukoto,neutral,standard delivery time product quality average located kololo,61,8
2446,Terrible customer service. No help when I had an issue. Great store!,2023-09-30,Instagram,Kololo,negative,terrible customer service help issue great store,48,7
2447,Fair value for money. Quality is acceptable but not premium.,2023-01-05,Facebook,Nakawa,neutral,fair value money quality acceptable premium,43,6
2448,Product works fine. Decent quality for the price paid. Located in Kololo.,2023-01-12,Google,Kololo,neutral,product work fine decent quality price paid located kololo,58,9
2449,Average quality products. Functional but not impressive. Great experience!,2023-02-14,Google,Kawempe,neutral,average quality product functional impressive great experience,62,7
2450,Excellent customer support. They responded quickly to my questions.,2024-01-04,Instagram,Muyenga,positive,excellent customer support responded quickly question,53,6
2451,Great business with excellent customer care. Very professional. Located in Lubaga.,2024-06-16,Twitter,Nakawa,positive,great business excellent customer care professional located lubaga,66,8
2452,Standard delivery time. Product quality is average. Great staff!,2024-11-13,Instagram,Nakawa,neutral,standard delivery time product quality average great staff,58,8
2453,Great prices and even better service. Highly recommend this business! Located in Kampala. Great shop!,2024-11-06,Instagram,Kololo,positive,great price even better service highly recommend business located kampala great shop,84,12
2454,Outstanding service! The staff was very helpful and friendly.,2023-12-23,Facebook,Muyenga,positive,outstanding service staff helpful friendly,42,5
2455,Excellent communication and fast delivery. Highly satisfied! Located in Central. Great service!,2024-05-26,Website,Muyenga,positive,excellent communication fast delivery highly satisfied located central great service,84,10
2456,Love the product quality. Fast shipping and good packaging. Great shop!,2024-10-12,WhatsApp,Makindye,positive,love product quality fast shipping good packaging great shop,60,9
2457,Amazing experience! The product arrived on time and in perfect condition. Located in Lubaga.,2023-02-23,Website,Muyenga,positive,amazing experience product arrived time perfect condition located lubaga,72,9
2458,Best shop in Kawempe. Quality products and great service.,2023-05-27,Facebook,Makindye,positive,best shop kawempe quality product great service,47,7
2459,Product is functional. Does what it's supposed to do.,2023-11-11,Twitter,Kololo,neutral,product functional supposed,27,3
2460,Best shopping experience! Quality products and great prices.,2024-03-14,Google,Bukoto,positive,best shopping experience quality product great price,52,7
2461,Great service! Very fast delivery in Kampala. Highly recommend!,2023-11-16,Instagram,Kololo,positive,great service fast delivery kampala highly recommend,52,7
2462,Very satisfied with my purchase. Great quality and fast delivery.,2023-05-09,Twitter,Kampala,positive,satisfied purchase great quality fast delivery,46,6
2463,Product quality was disappointing. Not as described on the website. Located in Muyenga. Great price!,2024-07-06,Twitter,Central,negative,product quality disappointing described website located muyenga great price,75,9
2464,"Fast shipping, good quality, and excellent customer support.",2024-01-31,Twitter,Bukoto,positive,fast shipping good quality excellent customer support,53,7
2465,Best prices in Nakawa area. Great value for money.,2023-10-16,Google,Ntinda,positive,best price nakawa area great value money,40,7
2466,Outstanding service! The staff was very helpful and friendly.,2023-02-16,Website,Kampala,positive,outstanding service staff helpful friendly,42,5
2467,Love the product quality. Fast shipping and good packaging.,2023-11-28,Google,Kampala,positive,love product quality fast shipping good packaging,49,7
2468,Product works fine. Decent quality for the price paid.,2024-04-29,Twitter,Bukoto,neutral,product work fine decent quality price paid,43,7
2469,Average product quality. Meets basic expectations. Located in Bukoto.,2023-10-29,Facebook,Kawempe,neutral,average product quality meet basic expectation located bukoto,61,8
2470,Product quality was disappointing. Not as described on the website.,2023-08-11,Google,Muyenga,negative,product quality disappointing described website,47,5
2471,Delivery was delayed multiple times. Very frustrating experience. Great product!,2024-04-12,Twitter,Lubaga,negative,delivery delayed multiple time frustrating experience great product,67,8
2472,Okay service. Product meets basic requirements.,2024-06-20,Website,Ntinda,neutral,okay service product meet basic requirement,43,6
2473,Best prices in Nakawa area. Great value for money.,2023-09-13,Instagram,Lubaga,positive,best price nakawa area great value money,40,7
2474,Great business with excellent customer care. Very professional.,2023-01-26,Google,Lubaga,positive,great business excellent customer care professional,51,6
2475,Terrible customer service. No help when I had an issue.,2023-02-08,WhatsApp,Makindye,negative,terrible customer service help issue,36,5
2476,Standard experience. Product does what it needs to do.,2024-08-13,Facebook,Ntinda,neutral,standard experience product need,32,4
2477,Delivery was on time. Product is as expected.,2023-08-26,Website,Makindye,neutral,delivery time product expected,30,4
2478,Very slow delivery and unresponsive customer support.,2024-10-02,Facebook,Muyenga,negative,slow delivery unresponsive customer support,43,5
2479,Great products at affordable prices. Very satisfied with my purchase. Located in Central.,2023-05-10,Twitter,Kampala,positive,great product affordable price satisfied purchase located central,65,8
2480,Great experience from start to finish. Will shop here again!,2024-07-30,Facebook,Kawempe,positive,great experience start finish shop,34,5
2481,Product was different from what was advertised. Misleading description. Located in Muyenga.,2024-07-02,Facebook,Bukoto,negative,product different advertised misleading description located muyenga,67,7
2482,Excellent customer support. They responded quickly to my questions.,2023-04-10,Facebook,Central,positive,excellent customer support responded quickly question,53,6
2483,Top quality products at reasonable prices. Highly recommended!,2024-07-11,Facebook,Ntinda,positive,top quality product reasonable price highly recommended,55,7
2484,Top-notch quality. Exceeded my expectations completely.,2024-01-05,WhatsApp,Nakawa,positive,top notch quality exceeded expectation completely,49,6
2485,Product broke after just one week of use. Very poor quality. Located in Central.,2023-05-23,Instagram,Makindye,negative,product broke one week use poor quality located central,55,9
2486,Great experience from start to finish. Will shop here again! Located in Bukoto.,2024-10-06,Facebook,Kampala,positive,great experience start finish shop located bukoto,49,7
2487,Customer service needs major improvement. Very unprofessional. Located in Kololo.,2024-07-08,Instagram,Bukoto,negative,customer service need major improvement unprofessional located kololo,69,8
2488,Great experience from start to finish. Will shop here again!,2023-05-17,Google,Central,positive,great experience start finish shop,34,5
2489,Delivery was on time. Product is as expected. Great store!,2023-09-02,WhatsApp,Muyenga,neutral,delivery time product expected great store,42,6
2490,"Fast shipping, good quality, and excellent customer support. Great product!",2024-04-17,Facebook,Bukoto,positive,fast shipping good quality excellent customer support great product,67,9
2491,Customer service is terrible. No one responds to complaints. Great staff!,2024-11-07,WhatsApp,Makindye,negative,customer service terrible one responds complaint great staff,60,8
2492,Great value for money. Fast delivery and excellent packaging.,2024-03-08,WhatsApp,Kololo,positive,great value money fast delivery excellent packaging,51,7
2493,Excellent customer support. They responded quickly to my questions. Great service!,2024-03-11,Twitter,Central,positive,excellent customer support responded quickly question great service,67,8
2494,Best customer service I've experienced. Products are top quality.,2023-08-04,WhatsApp,Lubaga,positive,best customer service experienced product top quality,53,7
2495,Disappointing experience. Would not recommend this shop.,2024-11-26,Google,Kawempe,negative,disappointing experience would recommend shop,45,5
2496,Love the product quality. Fast shipping and good packaging. Located in Kawempe.,2023-06-29,Facebook,Kawempe,positive,love product quality fast shipping good packaging located kawempe,65,9
2497,Best customer service I've experienced. Products are top quality.,2023-10-31,WhatsApp,Makindye,positive,best customer service experienced product top quality,53,7
2498,Great experience from start to finish. Will shop here again!,2024-02-22,Instagram,Ntinda,positive,great experience start finish shop,34,5
2499,Okay service. Product meets basic requirements.,2024-10-02,Instagram,Central,neutral,okay service product meet basic requirement,43,6
2500,Okay product quality. Price matches the value received. Located in Central.,2024-06-11,Website,Kololo,neutral,okay product quality price match value received located central,63,9
2501,Fair prices and acceptable quality. Nothing outstanding. Located in Makindye. Great delivery!,2024-06-01,Facebook,Central,neutral,fair price acceptable quality nothing outstanding located makindye great delivery,81,10
2502,Average experience overall. Product is fine but not great.,2023-11-01,Website,Ntinda,neutral,average experience overall product fine great,45,6
2503,Fair prices and acceptable quality. Nothing outstanding. Great service!,2023-07-20,Website,Ntinda,neutral,fair price acceptable quality nothing outstanding great service,63,8
2504,Excellent business! Highly professional and reliable. Great product!,2023-11-09,WhatsApp,Kololo,positive,excellent business highly professional reliable great product,61,7
2505,Amazing quality products. Will definitely buy again from this shop.,2023-01-19,Facebook,Central,positive,amazing quality product definitely buy shop,43,6
2506,Great business with excellent customer care. Very professional.,2023-09-24,Google,Ntinda,positive,great business excellent customer care professional,51,6
2507,Quick response time and excellent customer care. Highly recommended!,2024-07-11,Google,Muyenga,positive,quick response time excellent customer care highly recommended,62,8
2508,Outstanding service! The staff was very helpful and friendly. Great experience!,2023-11-01,Twitter,Muyenga,positive,outstanding service staff helpful friendly great experience,59,7
2509,Outstanding quality and service. Will definitely shop here again.,2024-03-24,Twitter,Makindye,positive,outstanding quality service definitely shop,43,5
2510,Best shopping experience! Quality products and great prices. Great price!,2023-06-09,Twitter,Kawempe,positive,best shopping experience quality product great price great price,64,9
2511,Professional service and high-quality products. Very happy!,2024-07-16,Google,Lubaga,positive,professional service high quality product happy,47,6
2512,Great value for money. Fast delivery and excellent packaging. Located in Makindye.,2023-10-07,WhatsApp,Lubaga,positive,great value money fast delivery excellent packaging located makindye,68,9
2513,Average quality. Price is reasonable for what you get.,2024-02-19,Twitter,Nakawa,neutral,average quality price reasonable get,36,5
2514,Quick response time and excellent customer care. Highly recommended! Located in Central.,2024-03-20,Facebook,Kawempe,positive,quick response time excellent customer care highly recommended located central,78,10
2515,Very slow delivery and unresponsive customer support.,2023-08-30,Facebook,Central,negative,slow delivery unresponsive customer support,43,5
2516,Okay service. Product meets basic requirements.,2023-05-05,Google,Lubaga,neutral,okay service product meet basic requirement,43,6
2517,Outstanding service! The staff was very helpful and friendly.,2023-05-05,Facebook,Lubaga,positive,outstanding service staff helpful friendly,42,5
2518,Very disappointed. Product quality is poor and service is worse.,2024-09-10,Facebook,Kawempe,negative,disappointed product quality poor service worse,47,6
2519,Excellent communication and fast delivery. Highly satisfied! Located in Kololo.,2023-03-01,Instagram,Nakawa,positive,excellent communication fast delivery highly satisfied located kololo,69,8
2520,Best customer service I've experienced. Products are top quality.,2023-07-04,WhatsApp,Kawempe,positive,best customer service experienced product top quality,53,7
2521,Top-notch quality. Exceeded my expectations completely.,2023-01-04,Instagram,Nakawa,positive,top notch quality exceeded expectation completely,49,6
2522,Quick response time and excellent customer care. Highly recommended! Located in Ntinda. Great shipping!,2024-08-28,WhatsApp,Kololo,positive,quick response time excellent customer care highly recommended located ntinda great shipping,92,12
2523,Okay product quality. Price matches the value received. Located in Bukoto. Great order!,2023-01-12,Instagram,Lubaga,neutral,okay product quality price match value received located bukoto great order,74,11
2524,Product quality was disappointing. Not as described on the website. Located in Central.,2023-08-02,Website,Central,negative,product quality disappointing described website located central,63,7
2525,Professional service and high-quality products. Very happy!,2024-03-17,Instagram,Central,positive,professional service high quality product happy,47,6
2526,Top-notch quality. Exceeded my expectations completely.,2024-10-05,WhatsApp,Central,positive,top notch quality exceeded expectation completely,49,6
2527,"Fast delivery, good quality, fair prices. What more could you ask for?",2023-04-29,Website,Kololo,positive,fast delivery good quality fair price could ask,47,8
2528,Product quality was disappointing. Not as described on the website.,2023-06-16,Website,Muyenga,negative,product quality disappointing described website,47,5
2529,Amazing experience! The product arrived on time and in perfect condition.,2023-04-29,Google,Kampala,positive,amazing experience product arrived time perfect condition,57,7
2530,Excellent customer support. They responded quickly to my questions. Located in Lubaga.,2024-04-30,Instagram,Kololo,positive,excellent customer support responded quickly question located lubaga,68,8
2531,Best prices in Nakawa area. Great value for money.,2024-01-19,Instagram,Nakawa,positive,best price nakawa area great value money,40,7
2532,Average quality. Price is reasonable for what you get. Located in Bukoto.,2024-12-08,Twitter,Lubaga,neutral,average quality price reasonable get located bukoto,51,7
2533,Decent value. Product works as expected. Located in Nakawa.,2024-10-27,WhatsApp,Kololo,neutral,decent value product work expected located nakawa,49,7
2534,Average product quality. Meets basic needs adequately.,2024-05-15,Twitter,Ntinda,neutral,average product quality meet basic need adequately,50,7
2535,Average experience. Product is functional and adequate. Great delivery!,2023-01-07,Instagram,Lubaga,neutral,average experience product functional adequate great delivery,61,7
2536,Standard business service. Acceptable but not exceptional.,2023-09-18,Twitter,Muyenga,neutral,standard business service acceptable exceptional,48,5
2537,Product quality was disappointing. Not as described on the website. Great price!,2024-05-28,Instagram,Bukoto,negative,product quality disappointing described website great price,59,7
2538,Average quality. Price is reasonable for what you get.,2024-01-26,WhatsApp,Bukoto,neutral,average quality price reasonable get,36,5
2539,Top-notch quality. Exceeded my expectations completely.,2023-05-17,WhatsApp,Muyenga,positive,top notch quality exceeded expectation completely,49,6
2540,Great products at affordable prices. Very satisfied with my purchase. Located in Muyenga.,2024-12-15,Facebook,Makindye,positive,great product affordable price satisfied purchase located muyenga,65,8
2541,Average quality. Price is reasonable for what you get. Located in Kawempe.,2023-01-04,Google,Kampala,neutral,average quality price reasonable get located kawempe,52,7
2542,Love the product quality. Fast shipping and good packaging.,2024-09-24,Instagram,Nakawa,positive,love product quality fast shipping good packaging,49,7
2543,Delivery issues. Package arrived late and damaged.,2024-01-30,Website,Kololo,negative,delivery issue package arrived late damaged,43,6
2544,Product quality was disappointing. Not as described on the website.,2024-06-01,Google,Lubaga,negative,product quality disappointing described website,47,5
2545,"Outstanding business! Professional, reliable, and customer-focused. Great order!",2024-07-23,Twitter,Kawempe,positive,outstanding business professional reliable customer focused great order,71,8
2546,Decent value. Product works as expected. Located in Muyenga.,2023-04-28,Google,Kampala,neutral,decent value product work expected located muyenga,50,7
2547,Amazing experience! The product arrived on time and in perfect condition.,2024-01-15,WhatsApp,Central,positive,amazing experience product arrived time perfect condition,57,7
2548,Standard service. No complaints but nothing exceptional either.,2024-01-01,Google,Kololo,neutral,standard service complaint nothing exceptional either,53,6
2549,Decent value. Product works as expected.,2023-09-21,Instagram,Kololo,neutral,decent value product work expected,34,5
2550,Average quality. Nothing special but nothing wrong either.,2023-09-20,Facebook,Kawempe,neutral,average quality nothing special nothing wrong either,52,7
2551,Great experience from start to finish. Will shop here again! Located in Nakawa.,2024-09-04,Website,Central,positive,great experience start finish shop located nakawa,49,7
2552,Quick response time and excellent customer care. Highly recommended!,2024-07-13,Twitter,Kololo,positive,quick response time excellent customer care highly recommended,62,8
2553,Amazing quality products. Will definitely buy again from this shop.,2023-09-20,Instagram,Central,positive,amazing quality product definitely buy shop,43,6
2554,Very slow delivery. Took over a week to arrive in Kampala. Located in Ntinda. Great store!,2023-03-27,Facebook,Central,negative,slow delivery took week arrive kampala located ntinda great store,65,10
2555,Great products at affordable prices. Very satisfied with my purchase.,2024-08-06,Twitter,Ntinda,positive,great product affordable price satisfied purchase,49,6
2556,Average experience overall. Product is fine but not great. Located in Kawempe.,2023-10-31,WhatsApp,Nakawa,neutral,average experience overall product fine great located kawempe,61,8
2557,Product works fine. Decent quality for the price paid.,2024-10-21,Website,Kawempe,neutral,product work fine decent quality price paid,43,7
2558,Decent service. No major complaints but nothing impressive.,2023-09-06,Website,Kampala,neutral,decent service major complaint nothing impressive,49,6
2559,Delivery was on time. Product is as expected. Located in Ntinda.,2024-01-06,Facebook,Nakawa,neutral,delivery time product expected located ntinda,45,6
2560,Fair value for money. Quality is acceptable but not premium.,2023-04-14,Google,Nakawa,neutral,fair value money quality acceptable premium,43,6
2561,Very disappointed. Product quality is poor and service is worse.,2024-10-23,Facebook,Ntinda,negative,disappointed product quality poor service worse,47,6
2562,Best customer service I've experienced. Products are top quality.,2024-05-29,Website,Nakawa,positive,best customer service experienced product top quality,53,7
2563,Product didn't work as expected. Waste of money.,2023-02-22,WhatsApp,Kololo,negative,product work expected waste money,33,5
2564,Okay service. Product meets basic requirements. Located in Makindye. Great packaging!,2023-03-31,Twitter,Makindye,neutral,okay service product meet basic requirement located makindye great packaging,76,10
2565,Excellent customer support. They responded quickly to my questions. Located in Lubaga.,2024-12-08,Website,Kawempe,positive,excellent customer support responded quickly question located lubaga,68,8
2566,Fair value for money. Quality is acceptable but not premium.,2023-02-25,Website,Central,neutral,fair value money quality acceptable premium,43,6
2567,Best prices in Nakawa area. Great value for money.,2024-09-18,Instagram,Muyenga,positive,best price nakawa area great value money,40,7
2568,Amazing experience! The product arrived on time and in perfect condition. Located in Central.,2024-02-15,WhatsApp,Kololo,positive,amazing experience product arrived time perfect condition located central,73,9
2569,Outstanding service! The staff was very helpful and friendly.,2024-01-24,Instagram,Bukoto,positive,outstanding service staff helpful friendly,42,5
2570,Outstanding service! The staff was very helpful and friendly.,2024-04-26,Twitter,Kampala,positive,outstanding service staff helpful friendly,42,5
2571,Great products at affordable prices. Very satisfied with my purchase.,2024-05-06,WhatsApp,Kawempe,positive,great product affordable price satisfied purchase,49,6
2572,Professional service and high-quality products. Very happy! Located in Central.,2024-01-23,Twitter,Central,positive,professional service high quality product happy located central,63,8
2573,Excellent customer support. They responded quickly to my questions.,2023-08-10,Twitter,Muyenga,positive,excellent customer support responded quickly question,53,6
2574,Top quality products at reasonable prices. Highly recommended!,2024-04-06,Instagram,Kololo,positive,top quality product reasonable price highly recommended,55,7
2575,Average experience. Product is functional and adequate.,2023-09-07,WhatsApp,Muyenga,neutral,average experience product functional adequate,46,5
2576,Love shopping here! Always get great deals and quality products.,2024-06-09,Google,Nakawa,positive,love shopping always get great deal quality product,51,8
2577,Best customer service I've experienced. Products are top quality.,2023-09-27,WhatsApp,Central,positive,best customer service experienced product top quality,53,7
2578,Love shopping here! Always get great deals and quality products. Great shipping!,2023-08-08,Twitter,Makindye,positive,love shopping always get great deal quality product great shipping,66,10
2579,Outstanding service! The staff was very helpful and friendly. Located in Kololo.,2023-12-05,WhatsApp,Kampala,positive,outstanding service staff helpful friendly located kololo,57,7
2580,Average product quality. Meets basic needs adequately.,2024-07-21,Google,Kololo,neutral,average product quality meet basic need adequately,50,7
2581,"Fast delivery, good quality, fair prices. What more could you ask for? Located in Kampala.",2024-01-09,WhatsApp,Kampala,positive,fast delivery good quality fair price could ask located kampala,63,10
2582,Decent quality products. Price is fair for what you receive.,2023-07-22,Facebook,Kawempe,neutral,decent quality product price fair receive,41,6
2583,Great experience overall. Will be a returning customer. Located in Kampala. Great purchase!,2024-05-10,Website,Muyenga,positive,great experience overall returning customer located kampala great purchase,74,9
2584,Amazing experience! The product arrived on time and in perfect condition. Located in Nakawa.,2023-06-10,Website,Kawempe,positive,amazing experience product arrived time perfect condition located nakawa,72,9
2585,Okay product quality. Price matches the value received. Great staff!,2023-07-23,Google,Bukoto,neutral,okay product quality price match value received great staff,59,9
2586,Amazing service! The team went above and beyond to help me.,2024-09-10,Twitter,Nakawa,positive,amazing service team went beyond help,37,6
2587,"Fast delivery, good quality, fair prices. What more could you ask for?",2024-02-01,Website,Central,positive,fast delivery good quality fair price could ask,47,8
2588,Amazing quality products. Will definitely buy again from this shop.,2024-10-08,Facebook,Kawempe,positive,amazing quality product definitely buy shop,43,6
2589,Great experience overall. Will be a returning customer. Located in Nakawa.,2024-09-08,Facebook,Makindye,positive,great experience overall returning customer located nakawa,58,7
2590,Product broke after just one week of use. Very poor quality. Located in Kawempe.,2024-02-29,Instagram,Ntinda,negative,product broke one week use poor quality located kawempe,55,9
2591,Standard delivery. Product works but quality is average.,2023-03-17,WhatsApp,Bukoto,neutral,standard delivery product work quality average,46,6
2592,Great service! Very fast delivery in Kampala. Highly recommend!,2023-10-07,WhatsApp,Kololo,positive,great service fast delivery kampala highly recommend,52,7
2593,Great products at affordable prices. Very satisfied with my purchase.,2023-12-23,Twitter,Kololo,positive,great product affordable price satisfied purchase,49,6
2594,Fair prices and acceptable quality. Nothing outstanding.,2024-03-03,WhatsApp,Bukoto,neutral,fair price acceptable quality nothing outstanding,49,6
2595,Best shopping experience! Quality products and great prices.,2023-11-25,Website,Ntinda,positive,best shopping experience quality product great price,52,7
2596,Customer service was unresponsive. Had to wait days for a reply.,2024-07-19,WhatsApp,Makindye,negative,customer service unresponsive wait day reply,44,6
2597,Great products at affordable prices. Very satisfied with my purchase.,2023-01-10,WhatsApp,Kampala,positive,great product affordable price satisfied purchase,49,6
2598,Top quality products at reasonable prices. Highly recommended! Located in Lubaga.,2023-12-27,Google,Makindye,positive,top quality product reasonable price highly recommended located lubaga,70,9
2599,Amazing service! The team went above and beyond to help me. Great business!,2023-02-22,Instagram,Central,positive,amazing service team went beyond help great business,52,8
2600,Love the product quality. Fast shipping and good packaging.,2023-09-07,Facebook,Kampala,positive,love product quality fast shipping good packaging,49,7
2601,Professional service and high-quality products. Very happy! Located in Kololo.,2023-05-27,Website,Muyenga,positive,professional service high quality product happy located kololo,62,8
2602,Decent service. No major complaints but nothing impressive.,2024-10-18,Website,Bukoto,neutral,decent service major complaint nothing impressive,49,6
2603,Delivery was delayed multiple times. Very frustrating experience. Great support!,2024-05-11,Instagram,Kawempe,negative,delivery delayed multiple time frustrating experience great support,67,8
2604,"Fast shipping, good quality, and excellent customer support. Located in Kololo.",2024-03-17,Instagram,Bukoto,positive,fast shipping good quality excellent customer support located kololo,68,9
2605,Amazing quality products. Will definitely buy again from this shop.,2023-04-29,WhatsApp,Muyenga,positive,amazing quality product definitely buy shop,43,6
2606,Average quality. Price is reasonable for what you get. Located in Bukoto.,2024-02-05,Instagram,Bukoto,neutral,average quality price reasonable get located bukoto,51,7
2607,Outstanding service! The staff was very helpful and friendly.,2024-05-07,Google,Bukoto,positive,outstanding service staff helpful friendly,42,5
2608,Disappointing experience. Would not recommend this shop.,2023-01-24,Google,Kawempe,negative,disappointing experience would recommend shop,45,5
2609,Product didn't work as expected. Waste of money. Located in Nakawa. Great customer!,2024-04-29,Facebook,Bukoto,negative,product work expected waste money located nakawa great customer,63,9
2610,Great prices and even better service. Highly recommend this business!,2023-09-20,WhatsApp,Ntinda,positive,great price even better service highly recommend business,57,8
2611,Great products at affordable prices. Very satisfied with my purchase.,2024-07-17,WhatsApp,Ntinda,positive,great product affordable price satisfied purchase,49,6
2612,"Outstanding business! Professional, reliable, and customer-focused.",2024-05-23,Google,Central,positive,outstanding business professional reliable customer focused,59,6
2613,Standard delivery. Product works but quality is average.,2024-10-13,WhatsApp,Lubaga,neutral,standard delivery product work quality average,46,6
2614,Product arrived damaged and customer service refused to help.,2023-08-07,Facebook,Central,negative,product arrived damaged customer service refused help,53,7
2615,Best shop in Kawempe. Quality products and great service. Great service!,2024-01-28,Twitter,Kololo,positive,best shop kawempe quality product great service great service,61,9
2616,Love shopping here! Always get great deals and quality products.,2023-02-07,Website,Bukoto,positive,love shopping always get great deal quality product,51,8
2617,Great products at affordable prices. Very satisfied with my purchase. Great store!,2023-06-15,WhatsApp,Central,positive,great product affordable price satisfied purchase great store,61,8
2618,Worst shopping experience. Poor quality and terrible service. Located in Kololo.,2024-08-24,Instagram,Nakawa,negative,worst shopping experience poor quality terrible service located kololo,70,9
2619,Top-notch quality. Exceeded my expectations completely. Located in Ntinda.,2023-10-09,Facebook,Bukoto,positive,top notch quality exceeded expectation completely located ntinda,64,8
2620,Top-notch quality. Exceeded my expectations completely.,2024-02-04,Google,Kampala,positive,top notch quality exceeded expectation completely,49,6
2621,Top quality products at reasonable prices. Highly recommended!,2024-06-02,Facebook,Kampala,positive,top quality product reasonable price highly recommended,55,7
2622,Delivery was delayed multiple times. Very frustrating experience.,2023-05-29,Google,Bukoto,negative,delivery delayed multiple time frustrating experience,53,6
2623,Amazing experience! The product arrived on time and in perfect condition. Located in Bukoto. Great delivery!,2024-07-14,Facebook,Muyenga,positive,amazing experience product arrived time perfect condition located bukoto great delivery,87,11
2624,Very satisfied with my purchase. Great quality and fast delivery. Located in Makindye.,2023-11-17,Twitter,Kololo,positive,satisfied purchase great quality fast delivery located makindye,63,8
2625,Excellent communication and fast delivery. Highly satisfied! Located in Kampala.,2024-07-07,Twitter,Muyenga,positive,excellent communication fast delivery highly satisfied located kampala,70,8
2626,Best shop in Kawempe. Quality products and great service.,2023-05-30,Twitter,Kampala,positive,best shop kawempe quality product great service,47,7
2627,Love the product quality. Fast shipping and good packaging.,2024-12-15,Instagram,Ntinda,positive,love product quality fast shipping good packaging,49,7
2628,Average experience overall. Product is fine but not great. Located in Ntinda.,2023-05-15,Instagram,Kololo,neutral,average experience overall product fine great located ntinda,60,8
2629,Amazing experience! The product arrived on time and in perfect condition.,2023-05-31,Website,Ntinda,positive,amazing experience product arrived time perfect condition,57,7
2630,Great experience overall. Will be a returning customer. Located in Makindye.,2023-11-11,Instagram,Makindye,positive,great experience overall returning customer located makindye,60,7
2631,Amazing service! The team went above and beyond to help me. Located in Kawempe.,2023-10-28,Website,Nakawa,positive,amazing service team went beyond help located kawempe,53,8
2632,Best shopping experience! Quality products and great prices. Located in Ntinda.,2024-04-29,WhatsApp,Ntinda,positive,best shopping experience quality product great price located ntinda,67,9
2633,Poor value for money. Better options available elsewhere. Great purchase!,2024-11-10,Twitter,Kawempe,negative,poor value money better option available elsewhere great purchase,65,9
2634,Product is okay. Nothing special but serves its purpose. Located in Kampala.,2023-01-27,Instagram,Ntinda,neutral,product okay nothing special serf purpose located kampala,57,8
2635,Very satisfied with my purchase. Great quality and fast delivery. Located in Bukoto.,2024-07-08,Instagram,Central,positive,satisfied purchase great quality fast delivery located bukoto,61,8
2636,Average quality. Nothing special but nothing wrong either.,2023-02-03,Website,Lubaga,neutral,average quality nothing special nothing wrong either,52,7
2637,Love the product quality. Fast shipping and good packaging.,2024-09-19,Instagram,Nakawa,positive,love product quality fast shipping good packaging,49,7
2638,Best shop in Kawempe. Quality products and great service. Great shipping!,2024-07-11,Instagram,Kawempe,positive,best shop kawempe quality product great service great shipping,62,9
2639,Standard experience. Product does what it needs to do. Great price!,2023-03-28,WhatsApp,Nakawa,neutral,standard experience product need great price,44,6
2640,Excellent communication and fast delivery. Highly satisfied!,2024-08-27,Google,Nakawa,positive,excellent communication fast delivery highly satisfied,54,6
2641,Product was damaged on arrival. Poor packaging quality.,2024-11-01,WhatsApp,Ntinda,negative,product damaged arrival poor packaging quality,46,6
2642,Top-notch quality. Exceeded my expectations completely. Located in Nakawa. Great delivery!,2023-10-21,WhatsApp,Bukoto,positive,top notch quality exceeded expectation completely located nakawa great delivery,79,10
2643,Love the product quality. Fast shipping and good packaging. Located in Ntinda. Great customer!,2023-02-10,Instagram,Kampala,positive,love product quality fast shipping good packaging located ntinda great customer,79,11
2644,Average experience overall. Product is fine but not great. Located in Kampala. Great purchase!,2023-10-25,Google,Ntinda,neutral,average experience overall product fine great located kampala great purchase,76,10
2645,Amazing experience! The product arrived on time and in perfect condition. Great experience!,2023-02-05,Google,Muyenga,positive,amazing experience product arrived time perfect condition great experience,74,9
2646,Very disappointed. Product quality is poor and service is worse. Located in Kololo.,2023-10-01,Twitter,Bukoto,negative,disappointed product quality poor service worse located kololo,62,8
2647,Excellent customer support. They responded quickly to my questions.,2023-09-22,Website,Ntinda,positive,excellent customer support responded quickly question,53,6
2648,Okay service. Product meets basic requirements. Great product!,2023-05-21,Twitter,Kawempe,neutral,okay service product meet basic requirement great product,57,8
2649,Outstanding service! The staff was very helpful and friendly.,2024-12-22,Instagram,Makindye,positive,outstanding service staff helpful friendly,42,5
2650,Okay experience. Nothing to complain about but not impressed either.,2024-06-16,WhatsApp,Ntinda,neutral,okay experience nothing complain impressed either,49,6
2651,Okay service. Nothing special but gets the job done. Located in Kawempe. Great business!,2023-05-31,Instagram,Muyenga,neutral,okay service nothing special get job done located kawempe great business,72,11
2652,Okay service. Nothing special but gets the job done.,2023-11-14,Website,Makindye,neutral,okay service nothing special get job done,41,7
2653,"Fast delivery, good quality, fair prices. What more could you ask for?",2023-12-26,Facebook,Muyenga,positive,fast delivery good quality fair price could ask,47,8
2654,Great products at affordable prices. Very satisfied with my purchase. Located in Lubaga.,2024-11-27,Facebook,Kololo,positive,great product affordable price satisfied purchase located lubaga,64,8
2655,Product is functional. Does what it's supposed to do.,2023-08-07,Twitter,Kololo,neutral,product functional supposed,27,3
2656,Poor customer service. Staff was rude and unhelpful. Located in Kawempe.,2023-01-21,Twitter,Ntinda,negative,poor customer service staff rude unhelpful located kawempe,58,8
2657,Professional service and high-quality products. Very happy!,2024-03-31,Website,Muyenga,positive,professional service high quality product happy,47,6
2658,Not satisfied at all. Product quality is below standard.,2024-09-28,Instagram,Kawempe,negative,satisfied product quality standard,34,4
2659,Love shopping here! Always get great deals and quality products. Located in Central.,2023-10-16,Website,Bukoto,positive,love shopping always get great deal quality product located central,67,10
2660,Average experience. Product is functional and adequate. Located in Kololo.,2023-10-29,WhatsApp,Kampala,neutral,average experience product functional adequate located kololo,61,7
2661,Not satisfied with the product. Quality is below expectations.,2024-04-23,Facebook,Kampala,negative,satisfied product quality expectation,37,4
2662,Great products at affordable prices. Very satisfied with my purchase.,2024-01-21,Website,Muyenga,positive,great product affordable price satisfied purchase,49,6
2663,Overpriced compared to other shops in Nakawa area. Located in Nakawa. Great support!,2024-01-19,Instagram,Bukoto,negative,overpriced compared shop nakawa area located nakawa great support,65,9
2664,Best prices in Nakawa area. Great value for money.,2024-11-02,Instagram,Ntinda,positive,best price nakawa area great value money,40,7
2665,Great value for money. Fast delivery and excellent packaging.,2024-07-25,Website,Kololo,positive,great value money fast delivery excellent packaging,51,7
2666,Best shop in Kawempe. Quality products and great service. Located in Kampala.,2023-11-19,Twitter,Makindye,positive,best shop kawempe quality product great service located kampala,63,9
2667,Outstanding service! The staff was very helpful and friendly.,2024-04-21,Facebook,Ntinda,positive,outstanding service staff helpful friendly,42,5
2668,Average quality. Price is reasonable for what you get.,2024-12-12,WhatsApp,Kololo,neutral,average quality price reasonable get,36,5
2669,Great business with excellent customer care. Very professional.,2023-08-31,Facebook,Kawempe,positive,great business excellent customer care professional,51,6
2670,Product is okay. Nothing special but serves its purpose.,2024-04-29,Twitter,Ntinda,neutral,product okay nothing special serf purpose,41,6
2671,Great products at affordable prices. Very satisfied with my purchase.,2024-07-19,Instagram,Bukoto,positive,great product affordable price satisfied purchase,49,6
2672,Fair experience overall. Nothing exceptional but acceptable. Located in Nakawa.,2023-03-23,Instagram,Makindye,neutral,fair experience overall nothing exceptional acceptable located nakawa,69,8
2673,Top-notch quality. Exceeded my expectations completely.,2024-01-23,WhatsApp,Makindye,positive,top notch quality exceeded expectation completely,49,6
2674,Best shop in Kawempe. Quality products and great service. Located in Central.,2024-11-10,Facebook,Bukoto,positive,best shop kawempe quality product great service located central,63,9
2675,Customer service needs major improvement. Very unprofessional.,2024-04-15,Twitter,Makindye,negative,customer service need major improvement unprofessional,54,6
2676,Fair value for money. Quality is acceptable but not premium.,2023-10-06,Google,Kampala,neutral,fair value money quality acceptable premium,43,6
2677,Love the product quality. Fast shipping and good packaging.,2023-12-18,WhatsApp,Ntinda,positive,love product quality fast shipping good packaging,49,7
2678,Amazing service! The team went above and beyond to help me.,2024-04-01,Facebook,Central,positive,amazing service team went beyond help,37,6
2679,Decent quality products. Price is fair for what you receive. Located in Ntinda.,2024-05-13,WhatsApp,Central,neutral,decent quality product price fair receive located ntinda,56,8
2680,Average product quality. Meets basic needs adequately.,2023-06-11,Facebook,Nakawa,neutral,average product quality meet basic need adequately,50,7
2681,Professional service and high-quality products. Very happy! Located in Makindye.,2023-02-21,Google,Makindye,positive,professional service high quality product happy located makindye,64,8
2682,Overpriced compared to other shops in Nakawa area.,2023-03-05,Website,Lubaga,negative,overpriced compared shop nakawa area,36,5
2683,Amazing experience! The product arrived on time and in perfect condition. Located in Muyenga. Great shop!,2023-06-21,Google,Ntinda,positive,amazing experience product arrived time perfect condition located muyenga great shop,84,11
2684,Product was damaged on arrival. Poor packaging quality.,2024-07-18,Instagram,Kampala,negative,product damaged arrival poor packaging quality,46,6
2685,Okay delivery time. Product is functional and usable.,2024-02-21,WhatsApp,Kololo,neutral,okay delivery time product functional usable,44,6
2686,Very slow delivery. Took over a week to arrive in Kampala.,2023-08-29,WhatsApp,Lubaga,negative,slow delivery took week arrive kampala,38,6
2687,"Outstanding business! Professional, reliable, and customer-focused. Great business!",2023-09-24,Google,Nakawa,positive,outstanding business professional reliable customer focused great business,74,8
2688,Excellent customer support. They responded quickly to my questions. Located in Nakawa. Great store!,2024-03-30,Instagram,Makindye,positive,excellent customer support responded quickly question located nakawa great store,80,10
2689,Terrible customer service. No help when I had an issue. Located in Ntinda.,2023-04-04,WhatsApp,Lubaga,negative,terrible customer service help issue located ntinda,51,7
2690,Average quality. Nothing special but nothing wrong either.,2023-02-14,Facebook,Central,neutral,average quality nothing special nothing wrong either,52,7
2691,Average quality products. Functional but not impressive.,2024-07-11,Facebook,Kawempe,neutral,average quality product functional impressive,45,5
2692,Great prices and even better service. Highly recommend this business!,2024-01-17,Google,Central,positive,great price even better service highly recommend business,57,8
2693,Average product quality. Meets basic needs adequately. Located in Kololo. Great support!,2024-02-19,Google,Kampala,neutral,average product quality meet basic need adequately located kololo great support,79,11
2694,Product broke after just one week of use. Very poor quality. Located in Ntinda.,2023-06-12,Website,Bukoto,negative,product broke one week use poor quality located ntinda,54,9
2695,Great products at affordable prices. Very satisfied with my purchase.,2024-10-28,Twitter,Makindye,positive,great product affordable price satisfied purchase,49,6
2696,Not satisfied at all. Product quality is below standard. Great business!,2023-02-08,Facebook,Muyenga,negative,satisfied product quality standard great business,49,6
2697,Excellent business! Highly professional and reliable.,2023-04-20,Website,Bukoto,positive,excellent business highly professional reliable,47,5
2698,Amazing quality products. Will definitely buy again from this shop.,2023-09-03,Twitter,Muyenga,positive,amazing quality product definitely buy shop,43,6
2699,Okay service. Nothing special but gets the job done. Great store!,2023-08-14,Website,Lubaga,neutral,okay service nothing special get job done great store,53,9
2700,Decent value. Product works as expected.,2024-09-04,WhatsApp,Kololo,neutral,decent value product work expected,34,5
2701,Great business with excellent customer care. Very professional. Located in Makindye.,2024-01-04,Instagram,Lubaga,positive,great business excellent customer care professional located makindye,68,8
2702,Great value for money. Fast delivery and excellent packaging.,2023-09-02,Website,Muyenga,positive,great value money fast delivery excellent packaging,51,7
2703,Okay experience. Nothing to complain about but not impressed either.,2023-06-28,WhatsApp,Bukoto,neutral,okay experience nothing complain impressed either,49,6
2704,Product was damaged on arrival. Poor packaging quality.,2024-02-05,Twitter,Nakawa,negative,product damaged arrival poor packaging quality,46,6
2705,Love the product quality. Fast shipping and good packaging.,2023-07-24,Google,Ntinda,positive,love product quality fast shipping good packaging,49,7
2706,Best shopping experience! Quality products and great prices.,2024-03-06,Google,Kampala,positive,best shopping experience quality product great price,52,7
2707,Great prices and even better service. Highly recommend this business! Great service!,2023-05-17,Website,Kampala,positive,great price even better service highly recommend business great service,71,10
2708,"Outstanding business! Professional, reliable, and customer-focused. Located in Muyenga.",2024-03-30,Google,Lubaga,positive,outstanding business professional reliable customer focused located muyenga,75,8
2709,"Fast shipping, good quality, and excellent customer support.",2023-12-29,WhatsApp,Nakawa,positive,fast shipping good quality excellent customer support,53,7
2710,Excellent communication and fast delivery. Highly satisfied! Located in Bukoto.,2024-07-29,WhatsApp,Kawempe,positive,excellent communication fast delivery highly satisfied located bukoto,69,8
2711,Top quality products at reasonable prices. Highly recommended!,2024-12-02,Website,Kawempe,positive,top quality product reasonable price highly recommended,55,7
2712,Average product quality. Meets basic needs adequately.,2023-05-26,Google,Ntinda,neutral,average product quality meet basic need adequately,50,7
2713,Delivery was on time. Product is as expected. Great packaging!,2024-02-12,Twitter,Central,neutral,delivery time product expected great packaging,46,6
2714,Product is okay. Nothing special but serves its purpose. Great experience!,2023-01-27,Google,Ntinda,neutral,product okay nothing special serf purpose great experience,58,8
2715,Product is functional. Does what it's supposed to do. Located in Lubaga. Great price!,2024-09-05,Facebook,Kampala,neutral,product functional supposed located lubaga great price,54,7
2716,Standard experience. Product does what it needs to do.,2023-05-28,Twitter,Ntinda,neutral,standard experience product need,32,4
2717,Standard service. No complaints but nothing exceptional either.,2024-01-05,WhatsApp,Ntinda,neutral,standard service complaint nothing exceptional either,53,6
2718,Amazing service! The team went above and beyond to help me.,2023-12-18,Facebook,Kawempe,positive,amazing service team went beyond help,37,6
2719,Terrible customer service. No help when I had an issue.,2023-03-15,Twitter,Kampala,negative,terrible customer service help issue,36,5
2720,Excellent customer support. They responded quickly to my questions. Located in Kampala.,2023-12-30,Facebook,Bukoto,positive,excellent customer support responded quickly question located kampala,69,8
2721,Love shopping here! Always get great deals and quality products.,2023-01-23,Facebook,Ntinda,positive,love shopping always get great deal quality product,51,8
2722,Love the product quality. Fast shipping and good packaging.,2023-08-10,Google,Makindye,positive,love product quality fast shipping good packaging,49,7
2723,Very slow delivery and unresponsive customer support. Located in Lubaga.,2024-08-11,Twitter,Nakawa,negative,slow delivery unresponsive customer support located lubaga,58,7
2724,Very disappointed. Product quality is poor and service is worse. Great store!,2023-07-13,Instagram,Ntinda,negative,disappointed product quality poor service worse great store,59,8
2725,Great value for money. Fast delivery and excellent packaging. Located in Bukoto.,2023-02-07,WhatsApp,Nakawa,positive,great value money fast delivery excellent packaging located bukoto,66,9
2726,Average product quality. Meets basic expectations.,2023-05-08,WhatsApp,Ntinda,neutral,average product quality meet basic expectation,46,6
2727,Overpriced compared to other shops in Nakawa area.,2024-03-12,WhatsApp,Kawempe,negative,overpriced compared shop nakawa area,36,5
2728,Standard delivery. Product works but quality is average.,2023-06-24,Instagram,Lubaga,neutral,standard delivery product work quality average,46,6
2729,Best customer service I've experienced. Products are top quality. Great customer!,2024-03-30,Google,Kawempe,positive,best customer service experienced product top quality great customer,68,9
2730,Love the product quality. Fast shipping and good packaging.,2024-01-03,Google,Kololo,positive,love product quality fast shipping good packaging,49,7
2731,Delivery was delayed multiple times. Very frustrating experience.,2024-10-22,Facebook,Kampala,negative,delivery delayed multiple time frustrating experience,53,6
2732,Great business with excellent customer care. Very professional. Located in Lubaga.,2024-07-23,WhatsApp,Bukoto,positive,great business excellent customer care professional located lubaga,66,8
2733,Excellent products and service. Best in the area!,2024-08-25,Instagram,Kawempe,positive,excellent product service best area,35,5
2734,Best customer service I've experienced. Products are top quality. Located in Bukoto.,2024-12-29,Twitter,Lubaga,positive,best customer service experienced product top quality located bukoto,68,9
2735,"Fast shipping, good quality, and excellent customer support.",2024-01-12,Twitter,Ntinda,positive,fast shipping good quality excellent customer support,53,7
2736,Amazing experience! The product arrived on time and in perfect condition.,2023-05-02,Facebook,Nakawa,positive,amazing experience product arrived time perfect condition,57,7
2737,Love the product quality. Fast shipping and good packaging.,2024-01-25,Website,Nakawa,positive,love product quality fast shipping good packaging,49,7
2738,Great value for money. Fast delivery and excellent packaging. Located in Ntinda.,2023-11-15,Instagram,Central,positive,great value money fast delivery excellent packaging located ntinda,66,9
2739,Top-notch quality. Exceeded my expectations completely. Located in Ntinda.,2023-03-20,Instagram,Kawempe,positive,top notch quality exceeded expectation completely located ntinda,64,8
2740,Great prices and even better service. Highly recommend this business!,2023-10-16,Google,Central,positive,great price even better service highly recommend business,57,8
2741,Terrible experience. Would not recommend this business to anyone.,2024-09-28,Instagram,Central,negative,terrible experience would recommend business anyone,51,6
2742,Standard business service. Acceptable but not exceptional.,2024-01-16,Twitter,Makindye,neutral,standard business service acceptable exceptional,48,5
2743,Great service! Very fast delivery in Kampala. Highly recommend!,2023-10-26,WhatsApp,Kawempe,positive,great service fast delivery kampala highly recommend,52,7
2744,Fair value for money. Quality is acceptable but not premium.,2024-08-14,Facebook,Ntinda,neutral,fair value money quality acceptable premium,43,6
2745,Quick response time and excellent customer care. Highly recommended!,2023-12-11,Twitter,Makindye,positive,quick response time excellent customer care highly recommended,62,8
2746,Amazing service! The team went above and beyond to help me. Located in Bukoto.,2024-05-19,Website,Bukoto,positive,amazing service team went beyond help located bukoto,52,8
2747,Professional service and high-quality products. Very happy!,2024-02-17,Google,Ntinda,positive,professional service high quality product happy,47,6
2748,Product is fine. Meets expectations without exceeding them.,2023-04-02,Facebook,Nakawa,neutral,product fine meet expectation without exceeding,47,6
2749,"Fast shipping, good quality, and excellent customer support.",2024-11-26,WhatsApp,Muyenga,positive,fast shipping good quality excellent customer support,53,7
2750,Standard service. No complaints but nothing exceptional either.,2023-09-18,Facebook,Lubaga,neutral,standard service complaint nothing exceptional either,53,6
2751,Best customer service I've experienced. Products are top quality. Located in Kampala. Great delivery!,2023-05-26,Twitter,Ntinda,positive,best customer service experienced product top quality located kampala great delivery,84,11
2752,"Outstanding business! Professional, reliable, and customer-focused.",2023-01-20,Instagram,Kawempe,positive,outstanding business professional reliable customer focused,59,6
2753,Best shopping experience! Quality products and great prices. Great shipping!,2023-08-25,Facebook,Lubaga,positive,best shopping experience quality product great price great shipping,67,9
2754,Excellent customer support. They responded quickly to my questions. Located in Ntinda.,2024-04-12,Twitter,Kampala,positive,excellent customer support responded quickly question located ntinda,68,8
2755,Okay delivery time. Product is functional and usable. Located in Nakawa.,2023-09-12,Google,Kampala,neutral,okay delivery time product functional usable located nakawa,59,8
2756,Amazing quality products. Will definitely buy again from this shop.,2023-03-06,Instagram,Muyenga,positive,amazing quality product definitely buy shop,43,6
2757,Okay delivery time. Product is functional and usable.,2024-05-06,Website,Lubaga,neutral,okay delivery time product functional usable,44,6
2758,Product was defective but they refused to refund. Bad business.,2024-11-01,Website,Nakawa,negative,product defective refused refund bad business,45,6
2759,"Outstanding business! Professional, reliable, and customer-focused.",2023-02-21,Website,Central,positive,outstanding business professional reliable customer focused,59,6
2760,Product is functional. Does what it's supposed to do.,2024-01-29,Website,Kololo,neutral,product functional supposed,27,3
2761,Standard quality. Nothing to complain about or praise.,2023-07-24,WhatsApp,Ntinda,neutral,standard quality nothing complain praise,40,5
2762,Product was damaged on arrival. Poor packaging quality. Great quality!,2023-08-11,Google,Kawempe,negative,product damaged arrival poor packaging quality great quality,60,8
2763,Best shop in Kawempe. Quality products and great service.,2023-01-07,Instagram,Kawempe,positive,best shop kawempe quality product great service,47,7
2764,Very disappointed with the quality. Not worth the money paid.,2023-09-17,Google,Bukoto,negative,disappointed quality worth money paid,37,5
2765,Excellent business! Highly professional and reliable. Great packaging!,2024-10-01,Google,Kololo,positive,excellent business highly professional reliable great packaging,63,7
2766,Product is functional. Does what it's supposed to do.,2023-01-30,Website,Muyenga,neutral,product functional supposed,27,3
2767,Not satisfied at all. Product quality is below standard.,2024-09-01,Google,Muyenga,negative,satisfied product quality standard,34,4
2768,Excellent business! Highly professional and reliable. Located in Central.,2024-12-23,Twitter,Lubaga,positive,excellent business highly professional reliable located central,63,7
2769,Amazing quality products. Will definitely buy again from this shop. Great packaging!,2023-02-28,Instagram,Lubaga,positive,amazing quality product definitely buy shop great packaging,59,8
2770,Excellent customer support. They responded quickly to my questions.,2023-02-16,Twitter,Central,positive,excellent customer support responded quickly question,53,6
2771,Great prices and even better service. Highly recommend this business!,2023-04-19,Instagram,Kampala,positive,great price even better service highly recommend business,57,8
2772,Okay service. Nothing special but gets the job done. Located in Kololo. Great staff!,2024-06-21,Google,Bukoto,neutral,okay service nothing special get job done located kololo great staff,68,11
2773,Outstanding service! The staff was very helpful and friendly.,2024-05-15,Website,Ntinda,positive,outstanding service staff helpful friendly,42,5
2774,Amazing service! The team went above and beyond to help me. Located in Makindye.,2024-11-01,Facebook,Makindye,positive,amazing service team went beyond help located makindye,54,8
2775,Best customer service I've experienced. Products are top quality.,2023-04-04,Instagram,Kololo,positive,best customer service experienced product top quality,53,7
2776,Fair prices and acceptable quality. Nothing outstanding. Located in Kololo. Great restaurant!,2024-10-18,Google,Muyenga,neutral,fair price acceptable quality nothing outstanding located kololo great restaurant,81,10
2777,Quick response time and excellent customer care. Highly recommended! Located in Kawempe.,2024-04-18,WhatsApp,Makindye,positive,quick response time excellent customer care highly recommended located kawempe,78,10
2778,Terrible customer service. No help when I had an issue.,2023-02-10,Facebook,Central,negative,terrible customer service help issue,36,5
2779,"Fast delivery, good quality, fair prices. What more could you ask for? Located in Kololo. Great product!",2024-09-07,Twitter,Nakawa,positive,fast delivery good quality fair price could ask located kololo great product,76,12
2780,Best customer service I've experienced. Products are top quality. Located in Kawempe.,2024-02-12,Instagram,Kawempe,positive,best customer service experienced product top quality located kawempe,69,9
2781,Fair experience overall. Nothing exceptional but acceptable.,2024-10-04,Website,Kololo,neutral,fair experience overall nothing exceptional acceptable,54,6
2782,Love the product quality. Fast shipping and good packaging.,2023-10-22,Instagram,Ntinda,positive,love product quality fast shipping good packaging,49,7
2783,Great products at affordable prices. Very satisfied with my purchase.,2024-05-03,Website,Central,positive,great product affordable price satisfied purchase,49,6
2784,Amazing quality products. Will definitely buy again from this shop. Located in Kololo.,2024-01-26,Google,Nakawa,positive,amazing quality product definitely buy shop located kololo,58,8
2785,"Fast shipping, good quality, and excellent customer support.",2023-02-15,Instagram,Lubaga,positive,fast shipping good quality excellent customer support,53,7
2786,Great business with excellent customer care. Very professional.,2023-12-15,Facebook,Nakawa,positive,great business excellent customer care professional,51,6
2787,Very slow delivery. Took over a week to arrive in Kampala.,2023-01-04,Website,Kampala,negative,slow delivery took week arrive kampala,38,6
2788,Best prices in Nakawa area. Great value for money. Great business!,2023-07-28,Twitter,Kampala,positive,best price nakawa area great value money great business,55,9
2789,Decent quality products. Price is fair for what you receive. Located in Makindye.,2024-08-13,Facebook,Kawempe,neutral,decent quality product price fair receive located makindye,58,8
2790,Product is fine. Meets expectations without exceeding them.,2024-10-11,Facebook,Ntinda,neutral,product fine meet expectation without exceeding,47,6
2791,Excellent business! Highly professional and reliable.,2023-04-27,WhatsApp,Central,positive,excellent business highly professional reliable,47,5
2792,Great products at affordable prices. Very satisfied with my purchase.,2023-11-09,Google,Nakawa,positive,great product affordable price satisfied purchase,49,6
2793,Product is okay. Nothing special but serves its purpose.,2024-11-07,Facebook,Makindye,neutral,product okay nothing special serf purpose,41,6
2794,Disappointing experience. Would not recommend this shop.,2024-02-21,Twitter,Kawempe,negative,disappointing experience would recommend shop,45,5
2795,Okay service. Product meets basic requirements. Located in Central.,2023-12-22,Instagram,Kampala,neutral,okay service product meet basic requirement located central,59,8
2796,Best prices in Nakawa area. Great value for money.,2023-09-26,Twitter,Kawempe,positive,best price nakawa area great value money,40,7
2797,Very slow delivery. Took over a week to arrive in Kampala.,2023-12-26,Instagram,Kololo,negative,slow delivery took week arrive kampala,38,6
2798,Average quality. Nothing special but nothing wrong either.,2024-11-21,Google,Kawempe,neutral,average quality nothing special nothing wrong either,52,7
2799,Great products at affordable prices. Very satisfied with my purchase. Great staff!,2023-01-24,Instagram,Nakawa,positive,great product affordable price satisfied purchase great staff,61,8
2800,Would not buy from here again. Poor experience overall.,2023-03-22,WhatsApp,Lubaga,negative,would buy poor experience overall,33,5
2801,Product is functional. Does what it's supposed to do. Located in Muyenga.,2024-06-23,Facebook,Kawempe,neutral,product functional supposed located muyenga,43,5
2802,Okay service. Product meets basic requirements. Great shop!,2023-07-24,Instagram,Kampala,neutral,okay service product meet basic requirement great shop,54,8
2803,Standard business service. Acceptable but not exceptional.,2023-05-29,Google,Nakawa,neutral,standard business service acceptable exceptional,48,5
2804,Best shop in Kawempe. Quality products and great service. Located in Kampala.,2023-05-15,Instagram,Kololo,positive,best shop kawempe quality product great service located kampala,63,9
2805,Poor value for money. Better options available elsewhere.,2023-07-13,Twitter,Bukoto,negative,poor value money better option available elsewhere,50,7
2806,Product arrived damaged and customer service refused to help. Great product!,2023-11-16,Google,Kololo,negative,product arrived damaged customer service refused help great product,67,9
2807,Average experience overall. Product is fine but not great. Located in Kampala.,2023-02-21,Twitter,Ntinda,neutral,average experience overall product fine great located kampala,61,8
2808,Overpriced products with low quality. Not good value for money. Located in Kampala.,2024-08-22,Instagram,Muyenga,negative,overpriced product low quality good value money located kampala,63,9
2809,Very slow delivery. Took over a week to arrive in Kampala.,2023-06-11,Facebook,Kampala,negative,slow delivery took week arrive kampala,38,6
2810,Poor quality products. Broke within days of purchase.,2024-09-03,Twitter,Makindye,negative,poor quality product broke within day purchase,46,7
2811,Best prices in Nakawa area. Great value for money.,2024-02-26,Facebook,Makindye,positive,best price nakawa area great value money,40,7
2812,Excellent business! Highly professional and reliable. Great price!,2024-05-31,Instagram,Muyenga,positive,excellent business highly professional reliable great price,59,7
2813,Top quality products at reasonable prices. Highly recommended! Great quality!,2024-11-06,Facebook,Ntinda,positive,top quality product reasonable price highly recommended great quality,69,9
2814,Worst shopping experience. Poor quality and terrible service. Located in Bukoto. Great purchase!,2024-11-30,Google,Bukoto,negative,worst shopping experience poor quality terrible service located bukoto great purchase,85,11
2815,Top-notch quality. Exceeded my expectations completely.,2024-01-22,Website,Kololo,positive,top notch quality exceeded expectation completely,49,6
2816,Very disappointed with the quality. Not worth the money paid.,2023-11-26,Website,Kampala,negative,disappointed quality worth money paid,37,5
2817,Excellent customer support. They responded quickly to my questions.,2023-12-14,Instagram,Lubaga,positive,excellent customer support responded quickly question,53,6
2818,Outstanding quality and service. Will definitely shop here again.,2023-01-16,Website,Makindye,positive,outstanding quality service definitely shop,43,5
2819,Professional service and high-quality products. Very happy! Great packaging!,2024-07-29,Facebook,Kololo,positive,professional service high quality product happy great packaging,63,8
2820,"Fast delivery, good quality, fair prices. What more could you ask for? Located in Nakawa.",2024-04-10,Google,Kampala,positive,fast delivery good quality fair price could ask located nakawa,62,10
2821,"Outstanding business! Professional, reliable, and customer-focused. Great support!",2024-03-06,Twitter,Kawempe,positive,outstanding business professional reliable customer focused great support,73,8
2822,Overpriced products with low quality. Not good value for money.,2023-04-02,Website,Bukoto,negative,overpriced product low quality good value money,47,7
2823,Excellent communication and fast delivery. Highly satisfied!,2023-06-02,Google,Nakawa,positive,excellent communication fast delivery highly satisfied,54,6
2824,Amazing service! The team went above and beyond to help me. Great service!,2024-11-11,Website,Ntinda,positive,amazing service team went beyond help great service,51,8
2825,Average quality. Price is reasonable for what you get.,2024-09-15,Website,Lubaga,neutral,average quality price reasonable get,36,5
2826,Best shopping experience! Quality products and great prices. Located in Bukoto.,2023-04-20,Facebook,Kampala,positive,best shopping experience quality product great price located bukoto,67,9
2827,Okay service. Nothing special but gets the job done.,2024-01-19,WhatsApp,Lubaga,neutral,okay service nothing special get job done,41,7
2828,Amazing service! The team went above and beyond to help me. Great customer!,2023-10-26,Google,Ntinda,positive,amazing service team went beyond help great customer,52,8
2829,Amazing experience! The product arrived on time and in perfect condition.,2024-07-07,Google,Central,positive,amazing experience product arrived time perfect condition,57,7
2830,Fair prices and acceptable quality. Nothing outstanding. Great purchase!,2024-03-30,Google,Nakawa,neutral,fair price acceptable quality nothing outstanding great purchase,64,8
2831,Okay delivery time. Product is functional and usable. Located in Central.,2023-04-10,Twitter,Central,neutral,okay delivery time product functional usable located central,60,8
2832,Fair prices and acceptable quality. Nothing outstanding. Great packaging!,2024-07-05,Facebook,Ntinda,neutral,fair price acceptable quality nothing outstanding great packaging,65,8
2833,Great experience from start to finish. Will shop here again!,2023-03-30,Google,Kampala,positive,great experience start finish shop,34,5
2834,Best shop in Kawempe. Quality products and great service. Great shipping!,2024-09-02,Google,Kololo,positive,best shop kawempe quality product great service great shipping,62,9
2835,Excellent products and service. Best in the area! Located in Ntinda.,2024-01-04,Instagram,Kampala,positive,excellent product service best area located ntinda,50,7
2836,Product was damaged on arrival. Poor packaging quality. Located in Nakawa.,2023-03-02,Website,Muyenga,negative,product damaged arrival poor packaging quality located nakawa,61,8
2837,Very slow delivery. Took over a week to arrive in Kampala.,2024-04-20,Google,Central,negative,slow delivery took week arrive kampala,38,6
2838,Amazing experience! The product arrived on time and in perfect condition.,2023-05-09,Instagram,Nakawa,positive,amazing experience product arrived time perfect condition,57,7
2839,Best customer service I've experienced. Products are top quality. Located in Makindye.,2024-11-16,Website,Lubaga,positive,best customer service experienced product top quality located makindye,70,9
2840,Customer service was unresponsive. Had to wait days for a reply.,2024-11-11,Twitter,Kawempe,negative,customer service unresponsive wait day reply,44,6
2841,Overpriced compared to other shops in Nakawa area.,2024-03-10,Twitter,Kololo,negative,overpriced compared shop nakawa area,36,5
2842,Love shopping here! Always get great deals and quality products. Located in Nakawa.,2023-02-18,Google,Kampala,positive,love shopping always get great deal quality product located nakawa,66,10
2843,Best prices in Nakawa area. Great value for money.,2024-07-23,Google,Central,positive,best price nakawa area great value money,40,7
2844,Outstanding quality and service. Will definitely shop here again. Located in Kampala. Great staff!,2024-01-06,WhatsApp,Kawempe,positive,outstanding quality service definitely shop located kampala great staff,71,9
2845,Very disappointed. Product quality is poor and service is worse.,2024-03-20,Google,Makindye,negative,disappointed product quality poor service worse,47,6
2846,Very slow delivery. Took over a week to arrive in Kampala. Great product!,2023-08-12,Instagram,Kampala,negative,slow delivery took week arrive kampala great product,52,8
2847,Excellent customer support. They responded quickly to my questions.,2023-01-04,Twitter,Nakawa,positive,excellent customer support responded quickly question,53,6
2848,Great experience overall. Will be a returning customer. Great order!,2024-03-28,WhatsApp,Nakawa,positive,great experience overall returning customer great order,55,7
2849,Best customer service I've experienced. Products are top quality. Located in Kampala. Great staff!,2024-10-21,Facebook,Muyenga,positive,best customer service experienced product top quality located kampala great staff,81,11
2850,Product works as expected. No major issues or complaints.,2024-11-04,WhatsApp,Muyenga,neutral,product work expected major issue complaint,43,6
2851,Not satisfied with the product. Quality is below expectations.,2023-07-08,Twitter,Kampala,negative,satisfied product quality expectation,37,4
2852,Decent service. No major complaints but nothing impressive.,2023-09-26,Google,Muyenga,neutral,decent service major complaint nothing impressive,49,6
2853,Amazing quality products. Will definitely buy again from this shop.,2024-02-04,Facebook,Muyenga,positive,amazing quality product definitely buy shop,43,6
2854,Top-notch quality. Exceeded my expectations completely. Located in Muyenga.,2024-11-13,Website,Kololo,positive,top notch quality exceeded expectation completely located muyenga,65,8
2855,Excellent customer support. They responded quickly to my questions.,2023-08-23,Instagram,Muyenga,positive,excellent customer support responded quickly question,53,6
2856,Great value for money. Fast delivery and excellent packaging.,2024-09-13,Website,Lubaga,positive,great value money fast delivery excellent packaging,51,7
2857,Best shop in Kawempe. Quality products and great service. Great shop!,2024-05-23,Google,Kampala,positive,best shop kawempe quality product great service great shop,58,9
2858,Product is okay. Nothing special but serves its purpose.,2024-10-12,WhatsApp,Bukoto,neutral,product okay nothing special serf purpose,41,6
2859,Decent value. Product works as expected.,2024-10-21,Google,Muyenga,neutral,decent value product work expected,34,5
2860,Okay experience. Nothing to complain about but not impressed either.,2023-11-30,Google,Muyenga,neutral,okay experience nothing complain impressed either,49,6
2861,Best shop in Kawempe. Quality products and great service. Located in Nakawa. Great customer!,2023-02-13,Google,Kololo,positive,best shop kawempe quality product great service located nakawa great customer,77,11
2862,Decent service. No major complaints but nothing impressive.,2024-05-22,Facebook,Nakawa,neutral,decent service major complaint nothing impressive,49,6
2863,Excellent products and service. Best in the area! Great customer!,2024-03-23,Instagram,Muyenga,positive,excellent product service best area great customer,50,7
2864,Top quality products at reasonable prices. Highly recommended! Located in Kampala.,2024-07-01,Google,Bukoto,positive,top quality product reasonable price highly recommended located kampala,71,9
2865,Okay service. Nothing special but gets the job done.,2024-06-23,Facebook,Lubaga,neutral,okay service nothing special get job done,41,7
2866,Customer service needs major improvement. Very unprofessional.,2023-08-16,Instagram,Kawempe,negative,customer service need major improvement unprofessional,54,6
2867,Average quality. Nothing special but nothing wrong either. Located in Lubaga.,2023-08-13,Facebook,Central,neutral,average quality nothing special nothing wrong either located lubaga,67,9
2868,Quick response time and excellent customer care. Highly recommended! Located in Kololo.,2024-04-06,Twitter,Kawempe,positive,quick response time excellent customer care highly recommended located kololo,77,10
2869,Love shopping here! Always get great deals and quality products. Located in Central. Great store!,2024-11-07,Twitter,Muyenga,positive,love shopping always get great deal quality product located central great store,79,12
2870,Standard experience. Product does what it needs to do.,2023-10-15,Website,Central,neutral,standard experience product need,32,4
2871,Great value for money. Fast delivery and excellent packaging. Great staff!,2023-01-16,Website,Ntinda,positive,great value money fast delivery excellent packaging great staff,63,9
2872,Love the product quality. Fast shipping and good packaging.,2023-04-22,Instagram,Ntinda,positive,love product quality fast shipping good packaging,49,7
2873,Top quality products at reasonable prices. Highly recommended! Located in Kawempe.,2024-05-16,Google,Bukoto,positive,top quality product reasonable price highly recommended located kawempe,71,9
2874,Quick response time and excellent customer care. Highly recommended! Located in Bukoto.,2024-07-31,Website,Kampala,positive,quick response time excellent customer care highly recommended located bukoto,77,10
2875,Best shop in Kawempe. Quality products and great service. Located in Makindye.,2024-05-16,WhatsApp,Lubaga,positive,best shop kawempe quality product great service located makindye,64,9
2876,Great service! Very fast delivery in Kampala. Highly recommend!,2023-03-29,Website,Muyenga,positive,great service fast delivery kampala highly recommend,52,7
2877,Excellent products and service. Best in the area!,2023-03-15,Website,Kampala,positive,excellent product service best area,35,5
2878,Excellent products and service. Best in the area! Located in Lubaga.,2024-08-18,Website,Kawempe,positive,excellent product service best area located lubaga,50,7
2879,Best customer service I've experienced. Products are top quality.,2024-05-20,Instagram,Muyenga,positive,best customer service experienced product top quality,53,7
2880,Amazing quality products. Will definitely buy again from this shop.,2024-09-01,Instagram,Kawempe,positive,amazing quality product definitely buy shop,43,6
2881,Product didn't work as expected. Waste of money.,2023-09-09,Website,Lubaga,negative,product work expected waste money,33,5
2882,Average quality. Nothing special but nothing wrong either. Located in Bukoto. Great order!,2024-09-07,Google,Central,neutral,average quality nothing special nothing wrong either located bukoto great order,79,11
2883,Great service! Very fast delivery in Kampala. Highly recommend! Great experience!,2023-10-10,Instagram,Central,positive,great service fast delivery kampala highly recommend great experience,69,9
2884,Top-notch quality. Exceeded my expectations completely. Great purchase!,2023-09-04,Instagram,Bukoto,positive,top notch quality exceeded expectation completely great purchase,64,8
2885,Standard business service. Acceptable but not exceptional.,2023-06-02,Google,Central,neutral,standard business service acceptable exceptional,48,5
2886,Very disappointed. Product quality is poor and service is worse.,2023-06-06,Instagram,Kawempe,negative,disappointed product quality poor service worse,47,6
2887,Outstanding quality and service. Will definitely shop here again. Located in Kololo.,2024-08-05,Google,Makindye,positive,outstanding quality service definitely shop located kololo,58,7
2888,Amazing experience! The product arrived on time and in perfect condition. Located in Central. Great packaging!,2023-10-08,Instagram,Kampala,positive,amazing experience product arrived time perfect condition located central great packaging,89,11
2889,Very slow delivery. Took over a week to arrive in Kampala. Located in Bukoto.,2024-12-27,Google,Central,negative,slow delivery took week arrive kampala located bukoto,53,8
2890,Okay service. Nothing special but gets the job done. Great store!,2024-05-22,Facebook,Muyenga,neutral,okay service nothing special get job done great store,53,9
2891,Love shopping here! Always get great deals and quality products.,2023-03-11,Google,Central,positive,love shopping always get great deal quality product,51,8
2892,Very slow delivery and unresponsive customer support. Located in Muyenga.,2024-10-20,Google,Makindye,negative,slow delivery unresponsive customer support located muyenga,59,7
2893,Product arrived damaged and customer service refused to help.,2023-07-07,Google,Kololo,negative,product arrived damaged customer service refused help,53,7
2894,Best shopping experience! Quality products and great prices. Located in Nakawa. Great staff!,2023-01-23,Facebook,Kampala,positive,best shopping experience quality product great price located nakawa great staff,79,11
2895,"Outstanding business! Professional, reliable, and customer-focused.",2023-10-07,Twitter,Ntinda,positive,outstanding business professional reliable customer focused,59,6
2896,Best shopping experience! Quality products and great prices. Located in Makindye.,2023-11-25,Google,Bukoto,positive,best shopping experience quality product great price located makindye,69,9
2897,Great business with excellent customer care. Very professional.,2023-04-11,Google,Bukoto,positive,great business excellent customer care professional,51,6
2898,Decent value. Product works as expected.,2024-12-02,Facebook,Muyenga,neutral,decent value product work expected,34,5
2899,Okay experience. Nothing to complain about but not impressed either.,2023-03-02,Instagram,Kampala,neutral,okay experience nothing complain impressed either,49,6
2900,Excellent business! Highly professional and reliable.,2024-07-04,Facebook,Kawempe,positive,excellent business highly professional reliable,47,5
2901,Fair experience overall. Nothing exceptional but acceptable.,2024-10-28,Website,Makindye,neutral,fair experience overall nothing exceptional acceptable,54,6
2902,Love shopping here! Always get great deals and quality products.,2023-07-26,Website,Kololo,positive,love shopping always get great deal quality product,51,8
2903,Product works fine. Decent quality for the price paid. Located in Bukoto.,2023-10-15,Website,Muyenga,neutral,product work fine decent quality price paid located bukoto,58,9
2904,Standard delivery time. Product quality is average. Great service!,2024-05-06,Facebook,Muyenga,neutral,standard delivery time product quality average great service,60,8
2905,Love the product quality. Fast shipping and good packaging. Located in Bukoto.,2024-10-20,Instagram,Bukoto,positive,love product quality fast shipping good packaging located bukoto,64,9
2906,Average quality. Price is reasonable for what you get.,2024-02-24,Facebook,Nakawa,neutral,average quality price reasonable get,36,5
2907,Slow response time and poor communication from the business.,2023-04-05,WhatsApp,Kawempe,negative,slow response time poor communication business,46,6
2908,Love the product quality. Fast shipping and good packaging.,2024-10-18,Instagram,Makindye,positive,love product quality fast shipping good packaging,49,7
2909,"Fast shipping, good quality, and excellent customer support.",2024-08-14,WhatsApp,Ntinda,positive,fast shipping good quality excellent customer support,53,7
2910,Fair prices and acceptable quality. Nothing outstanding. Located in Lubaga.,2024-12-05,WhatsApp,Central,neutral,fair price acceptable quality nothing outstanding located lubaga,64,8
2911,Love the product quality. Fast shipping and good packaging.,2023-01-05,Twitter,Ntinda,positive,love product quality fast shipping good packaging,49,7
2912,Great experience overall. Will be a returning customer.,2024-08-22,Instagram,Muyenga,positive,great experience overall returning customer,43,5
2913,"Outstanding business! Professional, reliable, and customer-focused.",2024-02-14,Website,Kampala,positive,outstanding business professional reliable customer focused,59,6
2914,Top-notch quality. Exceeded my expectations completely. Located in Central.,2024-01-02,Twitter,Muyenga,positive,top notch quality exceeded expectation completely located central,65,8
2915,Average quality. Price is reasonable for what you get.,2023-03-19,Google,Bukoto,neutral,average quality price reasonable get,36,5
2916,Professional service and high-quality products. Very happy! Great staff!,2024-09-07,WhatsApp,Nakawa,positive,professional service high quality product happy great staff,59,8
2917,Product is functional. Does what it's supposed to do.,2023-11-12,Google,Kololo,neutral,product functional supposed,27,3
2918,"Fast shipping, good quality, and excellent customer support.",2023-11-12,Instagram,Kawempe,positive,fast shipping good quality excellent customer support,53,7
2919,Great prices and even better service. Highly recommend this business!,2023-02-01,Facebook,Muyenga,positive,great price even better service highly recommend business,57,8
2920,Best prices in Nakawa area. Great value for money. Great order!,2023-08-03,Instagram,Muyenga,positive,best price nakawa area great value money great order,52,9
2921,Top-notch quality. Exceeded my expectations completely. Located in Lubaga.,2023-08-16,Website,Ntinda,positive,top notch quality exceeded expectation completely located lubaga,64,8
2922,Product arrived damaged and customer service refused to help.,2023-03-05,Twitter,Makindye,negative,product arrived damaged customer service refused help,53,7
2923,Excellent products and service. Best in the area!,2024-05-12,Instagram,Kampala,positive,excellent product service best area,35,5
2924,Great value for money. Fast delivery and excellent packaging. Located in Muyenga. Great restaurant!,2023-12-15,Google,Kololo,positive,great value money fast delivery excellent packaging located muyenga great restaurant,84,11
2925,Fair value for money. Quality is acceptable but not premium.,2024-12-16,Website,Kampala,neutral,fair value money quality acceptable premium,43,6
2926,Great experience overall. Will be a returning customer.,2023-07-12,Instagram,Lubaga,positive,great experience overall returning customer,43,5
2927,Top-notch quality. Exceeded my expectations completely.,2024-04-28,Website,Muyenga,positive,top notch quality exceeded expectation completely,49,6
2928,Average product quality. Meets basic needs adequately.,2024-10-05,Facebook,Central,neutral,average product quality meet basic need adequately,50,7
2929,Best customer service I've experienced. Products are top quality.,2023-10-05,Twitter,Kampala,positive,best customer service experienced product top quality,53,7
2930,Love shopping here! Always get great deals and quality products.,2023-12-13,Twitter,Ntinda,positive,love shopping always get great deal quality product,51,8
2931,Customer service is terrible. No one responds to complaints.,2023-07-07,Facebook,Kampala,negative,customer service terrible one responds complaint,48,6
2932,Decent service. No major complaints but nothing impressive. Located in Makindye.,2023-07-07,Website,Kololo,neutral,decent service major complaint nothing impressive located makindye,66,8
2933,Very slow delivery and unresponsive customer support.,2024-04-20,Instagram,Kampala,negative,slow delivery unresponsive customer support,43,5
2934,Best shop in Kawempe. Quality products and great service.,2023-10-25,Google,Nakawa,positive,best shop kawempe quality product great service,47,7
2935,Outstanding quality and service. Will definitely shop here again. Located in Ntinda.,2024-04-27,Facebook,Ntinda,positive,outstanding quality service definitely shop located ntinda,58,7
2936,Outstanding quality and service. Will definitely shop here again. Located in Kampala.,2023-09-16,Website,Makindye,positive,outstanding quality service definitely shop located kampala,59,7
2937,Standard delivery time. Product quality is average.,2023-02-10,Google,Makindye,neutral,standard delivery time product quality average,46,6
2938,Amazing experience! The product arrived on time and in perfect condition.,2024-03-04,Instagram,Lubaga,positive,amazing experience product arrived time perfect condition,57,7
2939,Excellent communication and fast delivery. Highly satisfied! Located in Nakawa.,2023-08-09,Instagram,Nakawa,positive,excellent communication fast delivery highly satisfied located nakawa,69,8
2940,"Fast delivery, good quality, fair prices. What more could you ask for?",2024-05-10,Twitter,Ntinda,positive,fast delivery good quality fair price could ask,47,8
2941,Product is okay. Nothing special but serves its purpose.,2023-11-04,Facebook,Kawempe,neutral,product okay nothing special serf purpose,41,6
2942,Outstanding service! The staff was very helpful and friendly.,2024-04-08,Instagram,Makindye,positive,outstanding service staff helpful friendly,42,5
2943,Excellent business! Highly professional and reliable. Located in Lubaga.,2024-01-20,WhatsApp,Nakawa,positive,excellent business highly professional reliable located lubaga,62,7
2944,Very satisfied with my purchase. Great quality and fast delivery. Great staff!,2023-05-25,Instagram,Muyenga,positive,satisfied purchase great quality fast delivery great staff,58,8
2945,Great service! Very fast delivery in Kampala. Highly recommend! Great product!,2024-06-21,Google,Kololo,positive,great service fast delivery kampala highly recommend great product,66,9
2946,Love shopping here! Always get great deals and quality products. Great quality!,2023-09-13,Google,Muyenga,positive,love shopping always get great deal quality product great quality,65,10
2947,Professional service and high-quality products. Very happy!,2023-04-30,Facebook,Ntinda,positive,professional service high quality product happy,47,6
2948,Amazing service! The team went above and beyond to help me. Great packaging!,2023-01-06,Google,Ntinda,positive,amazing service team went beyond help great packaging,53,8
2949,Product arrived damaged and customer service refused to help.,2023-08-27,Facebook,Central,negative,product arrived damaged customer service refused help,53,7
2950,Very satisfied with my purchase. Great quality and fast delivery.,2023-01-19,Twitter,Muyenga,positive,satisfied purchase great quality fast delivery,46,6
2951,Product works as expected. No major issues or complaints. Great service!,2023-08-19,WhatsApp,Makindye,neutral,product work expected major issue complaint great service,57,8
2952,Great business with excellent customer care. Very professional. Located in Bukoto. Great delivery!,2023-07-11,Website,Bukoto,positive,great business excellent customer care professional located bukoto great delivery,81,10
2953,Product was defective but they refused to refund. Bad business.,2023-09-15,WhatsApp,Central,negative,product defective refused refund bad business,45,6
2954,Decent quality products. Price is fair for what you receive. Located in Kawempe.,2024-06-15,Google,Lubaga,neutral,decent quality product price fair receive located kawempe,57,8
2955,Standard delivery time. Product quality is average.,2024-07-01,Google,Nakawa,neutral,standard delivery time product quality average,46,6
2956,Very satisfied with my purchase. Great quality and fast delivery. Great customer!,2024-08-11,Facebook,Makindye,positive,satisfied purchase great quality fast delivery great customer,61,8
2957,Standard experience. Product does what it needs to do. Located in Ntinda. Great shop!,2024-07-14,Website,Central,neutral,standard experience product need located ntinda great shop,58,8
2958,Great business with excellent customer care. Very professional.,2024-05-16,Google,Central,positive,great business excellent customer care professional,51,6
2959,Decent quality products. Price is fair for what you receive.,2023-10-07,Facebook,Kawempe,neutral,decent quality product price fair receive,41,6
2960,Very disappointed. Product quality is poor and service is worse.,2024-01-06,Facebook,Kampala,negative,disappointed product quality poor service worse,47,6
2961,Best customer service I've experienced. Products are top quality. Located in Ntinda. Great service!,2024-07-10,Facebook,Kampala,positive,best customer service experienced product top quality located ntinda great service,82,11
2962,Excellent communication and fast delivery. Highly satisfied!,2024-07-01,Instagram,Kawempe,positive,excellent communication fast delivery highly satisfied,54,6
2963,Great experience from start to finish. Will shop here again! Located in Makindye.,2023-04-07,Twitter,Muyenga,positive,great experience start finish shop located makindye,51,7
2964,Love the product quality. Fast shipping and good packaging. Located in Kampala.,2024-11-12,Google,Central,positive,love product quality fast shipping good packaging located kampala,65,9
2965,Best prices in Nakawa area. Great value for money. Located in Kampala.,2024-07-29,Twitter,Kololo,positive,best price nakawa area great value money located kampala,56,9
2966,Great products at affordable prices. Very satisfied with my purchase. Great quality!,2023-09-24,Facebook,Ntinda,positive,great product affordable price satisfied purchase great quality,63,8
2967,Fair experience overall. Nothing exceptional but acceptable.,2023-01-08,WhatsApp,Lubaga,neutral,fair experience overall nothing exceptional acceptable,54,6
2968,Great experience overall. Will be a returning customer.,2023-05-12,Instagram,Kampala,positive,great experience overall returning customer,43,5
2969,Professional service and high-quality products. Very happy! Located in Kawempe.,2024-09-03,Website,Ntinda,positive,professional service high quality product happy located kawempe,63,8
2970,Great experience from start to finish. Will shop here again! Located in Bukoto. Great customer!,2023-06-08,Website,Lubaga,positive,great experience start finish shop located bukoto great customer,64,9
2971,Overpriced compared to other shops in Nakawa area.,2024-07-26,Website,Central,negative,overpriced compared shop nakawa area,36,5
2972,Product quality was disappointing. Not as described on the website. Located in Kololo.,2024-07-08,WhatsApp,Nakawa,negative,product quality disappointing described website located kololo,62,7
2973,Great business with excellent customer care. Very professional. Great restaurant!,2024-07-16,Website,Kampala,positive,great business excellent customer care professional great restaurant,68,8
2974,Excellent business! Highly professional and reliable.,2024-08-16,Website,Muyenga,positive,excellent business highly professional reliable,47,5
2975,Professional service and high-quality products. Very happy!,2024-03-02,Facebook,Makindye,positive,professional service high quality product happy,47,6
2976,Great service! Very fast delivery in Kampala. Highly recommend!,2024-07-25,Facebook,Makindye,positive,great service fast delivery kampala highly recommend,52,7
2977,Best customer service I've experienced. Products are top quality.,2024-11-03,Instagram,Central,positive,best customer service experienced product top quality,53,7
2978,Love the product quality. Fast shipping and good packaging. Located in Nakawa. Great support!,2023-10-04,Website,Ntinda,positive,love product quality fast shipping good packaging located nakawa great support,78,11
2979,Great business with excellent customer care. Very professional. Located in Kololo.,2024-07-11,Instagram,Makindye,positive,great business excellent customer care professional located kololo,66,8
2980,Outstanding quality and service. Will definitely shop here again. Located in Kawempe.,2023-01-17,Website,Nakawa,positive,outstanding quality service definitely shop located kawempe,59,7
2981,Average product quality. Meets basic needs adequately.,2024-01-30,Google,Makindye,neutral,average product quality meet basic need adequately,50,7
2982,Professional service and high-quality products. Very happy!,2023-09-29,Google,Lubaga,positive,professional service high quality product happy,47,6
2983,Delivery was on time. Product is as expected.,2023-07-16,Instagram,Ntinda,neutral,delivery time product expected,30,4
2984,Love shopping here! Always get great deals and quality products. Located in Kawempe.,2024-11-21,Website,Muyenga,positive,love shopping always get great deal quality product located kawempe,67,10
2985,Standard service. No complaints but nothing exceptional either.,2023-02-28,Twitter,Kampala,neutral,standard service complaint nothing exceptional either,53,6
2986,Customer service is terrible. No one responds to complaints. Great service!,2024-04-22,Instagram,Kololo,negative,customer service terrible one responds complaint great service,62,8
2987,Outstanding service! The staff was very helpful and friendly. Located in Makindye.,2024-02-28,Google,Kawempe,positive,outstanding service staff helpful friendly located makindye,59,7
2988,Okay product quality. Price matches the value received. Located in Muyenga. Great shop!,2024-11-12,Instagram,Ntinda,neutral,okay product quality price match value received located muyenga great shop,74,11
2989,Best shop in Kawempe. Quality products and great service.,2024-01-11,Instagram,Kampala,positive,best shop kawempe quality product great service,47,7
2990,Great experience overall. Will be a returning customer.,2023-10-03,Twitter,Nakawa,positive,great experience overall returning customer,43,5
2991,Product is functional. Does what it's supposed to do.,2023-12-15,WhatsApp,Bukoto,neutral,product functional supposed,27,3
2992,Best shopping experience! Quality products and great prices.,2024-07-30,Twitter,Kampala,positive,best shopping experience quality product great price,52,7
2993,Decent value. Product works as expected. Located in Muyenga.,2024-06-01,Website,Lubaga,neutral,decent value product work expected located muyenga,50,7
2994,Professional service and high-quality products. Very happy! Located in Central.,2024-09-10,Website,Muyenga,positive,professional service high quality product happy located central,63,8
2995,Very disappointed with the quality. Not worth the money paid. Great customer!,2024-07-10,Twitter,Muyenga,negative,disappointed quality worth money paid great customer,52,7
2996,Product quality was disappointing. Not as described on the website.,2024-03-30,WhatsApp,Kampala,negative,product quality disappointing described website,47,5
2997,Very satisfied with my purchase. Great quality and fast delivery. Located in Ntinda.,2023-01-18,Website,Kampala,positive,satisfied purchase great quality fast delivery located ntinda,61,8
2998,Worst shopping experience. Poor quality and terrible service. Located in Lubaga.,2023-06-17,Google,Lubaga,negative,worst shopping experience poor quality terrible service located lubaga,70,9
2999,Great experience from start to finish. Will shop here again!,2024-05-13,Instagram,Kololo,positive,great experience start finish shop,34,5
3000,Great business with excellent customer care. Very professional. Located in Kawempe.,2023-04-06,Google,Ntinda,positive,great business excellent customer care professional located kawempe,67,8
3001,Love shopping here! Always get great deals and quality products.,2023-02-14,Facebook,Lubaga,positive,love shopping always get great deal quality product,51,8
3002,Excellent products and service. Best in the area! Located in Ntinda.,2024-07-17,Google,Lubaga,positive,excellent product service best area located ntinda,50,7
3003,Excellent products and service. Best in the area!,2024-10-06,Google,Nakawa,positive,excellent product service best area,35,5
3004,Love shopping here! Always get great deals and quality products.,2023-03-12,Website,Lubaga,positive,love shopping always get great deal quality product,51,8
3005,Great experience from start to finish. Will shop here again! Great order!,2023-10-31,Website,Lubaga,positive,great experience start finish shop great order,46,7
3006,Love shopping here! Always get great deals and quality products. Great price!,2023-06-22,Instagram,Nakawa,positive,love shopping always get great deal quality product great price,63,10
3007,"Outstanding business! Professional, reliable, and customer-focused.",2023-07-25,WhatsApp,Lubaga,positive,outstanding business professional reliable customer focused,59,6
3008,Love shopping here! Always get great deals and quality products.,2023-02-15,Instagram,Makindye,positive,love shopping always get great deal quality product,51,8
3009,Top-notch quality. Exceeded my expectations completely.,2024-05-23,Google,Kawempe,positive,top notch quality exceeded expectation completely,49,6
3010,Great products at affordable prices. Very satisfied with my purchase.,2023-07-30,Instagram,Kololo,positive,great product affordable price satisfied purchase,49,6
3011,Amazing experience! The product arrived on time and in perfect condition.,2023-12-28,Google,Kololo,positive,amazing experience product arrived time perfect condition,57,7
3012,Decent quality products. Price is fair for what you receive.,2023-03-14,WhatsApp,Makindye,neutral,decent quality product price fair receive,41,6
3013,Top-notch quality. Exceeded my expectations completely.,2024-12-02,Website,Lubaga,positive,top notch quality exceeded expectation completely,49,6
3014,Best prices in Nakawa area. Great value for money. Located in Muyenga.,2024-06-02,Facebook,Kawempe,positive,best price nakawa area great value money located muyenga,56,9
3015,Average experience. Product is functional and adequate.,2024-11-20,Facebook,Kololo,neutral,average experience product functional adequate,46,5
3016,Great experience overall. Will be a returning customer.,2023-10-10,Instagram,Nakawa,positive,great experience overall returning customer,43,5
3017,Average product quality. Meets basic expectations. Located in Ntinda.,2023-10-18,Instagram,Kawempe,neutral,average product quality meet basic expectation located ntinda,61,8
3018,"Fast delivery, good quality, fair prices. What more could you ask for?",2024-08-20,Google,Bukoto,positive,fast delivery good quality fair price could ask,47,8
3019,Average experience. Product is functional and adequate. Located in Bukoto. Great restaurant!,2024-09-18,WhatsApp,Kololo,neutral,average experience product functional adequate located bukoto great restaurant,78,9
3020,Outstanding quality and service. Will definitely shop here again. Great experience!,2024-01-05,Google,Kololo,positive,outstanding quality service definitely shop great experience,60,7
3021,Overpriced compared to other shops in Nakawa area. Located in Lubaga.,2024-12-07,Instagram,Kololo,negative,overpriced compared shop nakawa area located lubaga,51,7
3022,Best shopping experience! Quality products and great prices.,2023-01-17,Website,Kololo,positive,best shopping experience quality product great price,52,7
3023,Great experience from start to finish. Will shop here again! Located in Nakawa.,2024-01-24,Facebook,Ntinda,positive,great experience start finish shop located nakawa,49,7
3024,Great products at affordable prices. Very satisfied with my purchase. Located in Lubaga. Great shipping!,2024-05-10,Website,Bukoto,positive,great product affordable price satisfied purchase located lubaga great shipping,79,10
3025,Best shop in Kawempe. Quality products and great service. Located in Nakawa. Great restaurant!,2024-08-20,Website,Nakawa,positive,best shop kawempe quality product great service located nakawa great restaurant,79,11
3026,Amazing quality products. Will definitely buy again from this shop.,2023-05-04,Google,Kololo,positive,amazing quality product definitely buy shop,43,6
3027,Excellent customer support. They responded quickly to my questions. Located in Kampala.,2023-11-17,WhatsApp,Muyenga,positive,excellent customer support responded quickly question located kampala,69,8
3028,Great business with excellent customer care. Very professional.,2024-04-01,Instagram,Kololo,positive,great business excellent customer care professional,51,6
3029,Great prices and even better service. Highly recommend this business!,2023-06-07,Facebook,Ntinda,positive,great price even better service highly recommend business,57,8
3030,Love the product quality. Fast shipping and good packaging.,2024-11-12,Instagram,Muyenga,positive,love product quality fast shipping good packaging,49,7
3031,Amazing experience! The product arrived on time and in perfect condition.,2023-09-02,Facebook,Ntinda,positive,amazing experience product arrived time perfect condition,57,7
3032,Best customer service I've experienced. Products are top quality.,2023-06-04,WhatsApp,Kololo,positive,best customer service experienced product top quality,53,7
3033,Best shopping experience! Quality products and great prices.,2023-05-09,Facebook,Central,positive,best shopping experience quality product great price,52,7
3034,Customer service is terrible. No one responds to complaints. Located in Lubaga.,2023-06-06,Google,Bukoto,negative,customer service terrible one responds complaint located lubaga,63,8
3035,Great business with excellent customer care. Very professional.,2023-09-07,Google,Ntinda,positive,great business excellent customer care professional,51,6
3036,Great experience from start to finish. Will shop here again! Located in Muyenga.,2023-03-18,WhatsApp,Makindye,positive,great experience start finish shop located muyenga,50,7
3037,Excellent products and service. Best in the area!,2024-01-18,Google,Makindye,positive,excellent product service best area,35,5
3038,Great service! Very fast delivery in Kampala. Highly recommend! Located in Bukoto.,2023-09-17,Instagram,Lubaga,positive,great service fast delivery kampala highly recommend located bukoto,67,9
3039,Poor packaging led to damaged goods. Very unprofessional.,2024-06-18,WhatsApp,Kololo,negative,poor packaging led damaged good unprofessional,46,6
3040,Great business with excellent customer care. Very professional. Great packaging!,2023-03-13,Google,Kampala,positive,great business excellent customer care professional great packaging,67,8
3041,Average product quality. Meets basic needs adequately. Great store!,2024-08-15,WhatsApp,Makindye,neutral,average product quality meet basic need adequately great store,62,9
3042,Overpriced products with low quality. Not good value for money. Great support!,2023-11-08,Website,Kololo,negative,overpriced product low quality good value money great support,61,9
3043,Very satisfied with my purchase. Great quality and fast delivery. Located in Bukoto.,2024-01-31,Website,Kololo,positive,satisfied purchase great quality fast delivery located bukoto,61,8
3044,Outstanding quality and service. Will definitely shop here again. Located in Kawempe.,2024-05-17,Website,Muyenga,positive,outstanding quality service definitely shop located kawempe,59,7
3045,Great prices and even better service. Highly recommend this business! Located in Central.,2024-04-28,Website,Makindye,positive,great price even better service highly recommend business located central,73,10
3046,Love shopping here! Always get great deals and quality products.,2023-07-04,Website,Nakawa,positive,love shopping always get great deal quality product,51,8
3047,Average product quality. Meets basic needs adequately.,2023-07-02,WhatsApp,Nakawa,neutral,average product quality meet basic need adequately,50,7
3048,Okay delivery time. Product is functional and usable.,2023-11-29,Instagram,Kawempe,neutral,okay delivery time product functional usable,44,6
3049,Poor quality products. Broke within days of purchase.,2023-01-21,WhatsApp,Bukoto,negative,poor quality product broke within day purchase,46,7
3050,Quick response time and excellent customer care. Highly recommended! Great staff!,2023-06-08,Facebook,Lubaga,positive,quick response time excellent customer care highly recommended great staff,74,10
3051,Love shopping here! Always get great deals and quality products. Great product!,2023-09-08,Twitter,Kampala,positive,love shopping always get great deal quality product great product,65,10
3052,Amazing service! The team went above and beyond to help me.,2024-06-17,Instagram,Muyenga,positive,amazing service team went beyond help,37,6
3053,Very satisfied with my purchase. Great quality and fast delivery. Located in Kololo.,2023-07-12,Instagram,Kawempe,positive,satisfied purchase great quality fast delivery located kololo,61,8
3054,Delivery was on time. Product is as expected. Located in Muyenga.,2024-04-26,Instagram,Ntinda,neutral,delivery time product expected located muyenga,46,6
3055,Outstanding quality and service. Will definitely shop here again.,2023-07-30,Facebook,Makindye,positive,outstanding quality service definitely shop,43,5
3056,Would not buy from here again. Poor experience overall. Great business!,2023-06-07,Twitter,Kololo,negative,would buy poor experience overall great business,48,7
3057,Disappointing experience. Would not recommend this shop.,2023-04-06,Facebook,Ntinda,negative,disappointing experience would recommend shop,45,5
3058,Overpriced compared to other shops in Nakawa area.,2024-11-25,Twitter,Kawempe,negative,overpriced compared shop nakawa area,36,5
3059,Great experience overall. Will be a returning customer.,2024-06-19,Facebook,Central,positive,great experience overall returning customer,43,5
3060,Product was defective but they refused to refund. Bad business. Great delivery!,2023-01-03,Google,Makindye,negative,product defective refused refund bad business great delivery,60,8
3061,Average experience. Product is functional and adequate. Located in Central.,2024-11-23,Instagram,Muyenga,neutral,average experience product functional adequate located central,62,7
3062,Fair prices and acceptable quality. Nothing outstanding.,2024-07-23,WhatsApp,Kampala,neutral,fair price acceptable quality nothing outstanding,49,6
3063,"Fast shipping, good quality, and excellent customer support. Great staff!",2023-12-12,WhatsApp,Kampala,positive,fast shipping good quality excellent customer support great staff,65,9
3064,Product arrived damaged and customer service refused to help. Great support!,2024-02-18,Twitter,Central,negative,product arrived damaged customer service refused help great support,67,9
3065,Overpriced compared to other shops in Nakawa area.,2023-04-11,Instagram,Kampala,negative,overpriced compared shop nakawa area,36,5
3066,Great service! Very fast delivery in Kampala. Highly recommend! Located in Ntinda. Great shop!,2023-04-02,Google,Kampala,positive,great service fast delivery kampala highly recommend located ntinda great shop,78,11
3067,Excellent products and service. Best in the area!,2023-12-02,Website,Ntinda,positive,excellent product service best area,35,5
3068,Best customer service I've experienced. Products are top quality. Great shipping!,2023-04-23,WhatsApp,Bukoto,positive,best customer service experienced product top quality great shipping,68,9
3069,Outstanding quality and service. Will definitely shop here again. Located in Ntinda.,2024-10-31,Facebook,Kampala,positive,outstanding quality service definitely shop located ntinda,58,7
3070,Great products at affordable prices. Very satisfied with my purchase. Located in Kampala.,2023-02-04,Facebook,Kampala,positive,great product affordable price satisfied purchase located kampala,65,8
3071,Outstanding service! The staff was very helpful and friendly.,2023-02-15,Instagram,Ntinda,positive,outstanding service staff helpful friendly,42,5
3072,Not satisfied with the product. Quality is below expectations. Great delivery!,2023-06-13,Instagram,Makindye,negative,satisfied product quality expectation great delivery,52,6
3073,Product quality was disappointing. Not as described on the website. Great price!,2023-08-15,WhatsApp,Kololo,negative,product quality disappointing described website great price,59,7
3074,Product was defective but they refused to refund. Bad business.,2024-06-10,Instagram,Kampala,negative,product defective refused refund bad business,45,6
3075,Best customer service I've experienced. Products are top quality. Located in Central.,2024-01-20,Instagram,Kampala,positive,best customer service experienced product top quality located central,69,9
3076,"Fast delivery, good quality, fair prices. What more could you ask for?",2024-08-04,Facebook,Lubaga,positive,fast delivery good quality fair price could ask,47,8
3077,Amazing service! The team went above and beyond to help me.,2023-07-17,Twitter,Muyenga,positive,amazing service team went beyond help,37,6
3078,Poor quality products. Broke within days of purchase.,2024-01-22,Instagram,Lubaga,negative,poor quality product broke within day purchase,46,7
3079,Great business with excellent customer care. Very professional.,2023-11-16,WhatsApp,Kampala,positive,great business excellent customer care professional,51,6
3080,Decent value. Product works as expected.,2023-01-14,Instagram,Kololo,neutral,decent value product work expected,34,5
3081,Great business with excellent customer care. Very professional. Located in Kawempe.,2024-09-10,Twitter,Lubaga,positive,great business excellent customer care professional located kawempe,67,8
3082,Standard service. No complaints but nothing exceptional either.,2023-12-29,Instagram,Central,neutral,standard service complaint nothing exceptional either,53,6
3083,Top-notch quality. Exceeded my expectations completely. Located in Bukoto. Great staff!,2023-04-07,Website,Nakawa,positive,top notch quality exceeded expectation completely located bukoto great staff,76,10
3084,Product arrived damaged and customer service refused to help.,2024-05-07,Facebook,Kololo,negative,product arrived damaged customer service refused help,53,7
3085,Standard service. No complaints but nothing exceptional either.,2023-02-13,Website,Muyenga,neutral,standard service complaint nothing exceptional either,53,6
3086,Love shopping here! Always get great deals and quality products.,2023-11-07,Facebook,Kampala,positive,love shopping always get great deal quality product,51,8
3087,Not satisfied at all. Product quality is below standard. Located in Kampala.,2024-10-17,WhatsApp,Kampala,negative,satisfied product quality standard located kampala,50,6
3088,Excellent products and service. Best in the area! Located in Central.,2024-09-28,Facebook,Muyenga,positive,excellent product service best area located central,51,7
3089,Product is okay. Nothing special but serves its purpose.,2024-10-14,Google,Kawempe,neutral,product okay nothing special serf purpose,41,6
3090,Excellent communication and fast delivery. Highly satisfied!,2024-03-13,Facebook,Bukoto,positive,excellent communication fast delivery highly satisfied,54,6
3091,Standard delivery. Product works but quality is average.,2023-05-14,Twitter,Kawempe,neutral,standard delivery product work quality average,46,6
3092,Outstanding service! The staff was very helpful and friendly.,2024-02-08,Google,Muyenga,positive,outstanding service staff helpful friendly,42,5
3093,Best shop in Kawempe. Quality products and great service. Great support!,2023-09-01,Website,Makindye,positive,best shop kawempe quality product great service great support,61,9
3094,Product quality was disappointing. Not as described on the website. Located in Lubaga.,2024-11-05,Twitter,Muyenga,negative,product quality disappointing described website located lubaga,62,7
3095,Top quality products at reasonable prices. Highly recommended! Located in Ntinda.,2023-09-08,Google,Bukoto,positive,top quality product reasonable price highly recommended located ntinda,70,9
3096,"Outstanding business! Professional, reliable, and customer-focused.",2024-09-17,WhatsApp,Central,positive,outstanding business professional reliable customer focused,59,6
3097,Great value for money. Fast delivery and excellent packaging. Great shipping!,2024-01-30,Instagram,Bukoto,positive,great value money fast delivery excellent packaging great shipping,66,9
3098,Standard quality. Nothing to complain about or praise.,2023-04-30,Google,Bukoto,neutral,standard quality nothing complain praise,40,5
3099,Decent quality products. Price is fair for what you receive. Located in Muyenga.,2023-10-14,Instagram,Bukoto,neutral,decent quality product price fair receive located muyenga,57,8
3100,Excellent products and service. Best in the area!,2023-09-23,WhatsApp,Kawempe,positive,excellent product service best area,35,5
3101,Overpriced compared to other shops in Nakawa area. Great price!,2024-04-22,WhatsApp,Kawempe,negative,overpriced compared shop nakawa area great price,48,7
3102,Best shop in Kawempe. Quality products and great service. Located in Bukoto.,2024-06-23,Website,Kawempe,positive,best shop kawempe quality product great service located bukoto,62,9
3103,Fair experience overall. Nothing exceptional but acceptable.,2024-06-21,Twitter,Makindye,neutral,fair experience overall nothing exceptional acceptable,54,6
3104,Great products at affordable prices. Very satisfied with my purchase.,2023-01-26,Website,Muyenga,positive,great product affordable price satisfied purchase,49,6
3105,Product works fine. Decent quality for the price paid.,2024-08-17,Twitter,Bukoto,neutral,product work fine decent quality price paid,43,7
3106,Standard service. No complaints but nothing exceptional either.,2023-05-14,Twitter,Ntinda,neutral,standard service complaint nothing exceptional either,53,6
3107,Amazing service! The team went above and beyond to help me.,2023-07-07,Website,Lubaga,positive,amazing service team went beyond help,37,6
3108,Amazing service! The team went above and beyond to help me.,2024-05-25,Instagram,Nakawa,positive,amazing service team went beyond help,37,6
3109,Delivery was delayed multiple times. Very frustrating experience. Great delivery!,2024-11-02,Google,Makindye,negative,delivery delayed multiple time frustrating experience great delivery,68,8
3110,Quick response time and excellent customer care. Highly recommended! Located in Kawempe.,2023-03-23,Twitter,Kampala,positive,quick response time excellent customer care highly recommended located kawempe,78,10
3111,Very satisfied with my purchase. Great quality and fast delivery. Located in Kawempe.,2023-11-19,Google,Lubaga,positive,satisfied purchase great quality fast delivery located kawempe,62,8
3112,Not satisfied at all. Product quality is below standard.,2023-11-15,Facebook,Lubaga,negative,satisfied product quality standard,34,4
3113,Outstanding quality and service. Will definitely shop here again.,2024-03-10,Website,Ntinda,positive,outstanding quality service definitely shop,43,5
3114,Amazing service! The team went above and beyond to help me.,2024-02-26,Instagram,Makindye,positive,amazing service team went beyond help,37,6
3115,"Fast delivery, good quality, fair prices. What more could you ask for? Located in Bukoto.",2023-05-27,WhatsApp,Central,positive,fast delivery good quality fair price could ask located bukoto,62,10
3116,Product was defective but they refused to refund. Bad business. Great purchase!,2023-05-25,Website,Kampala,negative,product defective refused refund bad business great purchase,60,8
3117,Great experience overall. Will be a returning customer.,2023-05-15,Facebook,Nakawa,positive,great experience overall returning customer,43,5
3118,Excellent products and service. Best in the area! Great support!,2024-01-29,Instagram,Muyenga,positive,excellent product service best area great support,49,7
3119,Amazing experience! The product arrived on time and in perfect condition. Located in Lubaga.,2023-12-04,Website,Nakawa,positive,amazing experience product arrived time perfect condition located lubaga,72,9
3120,Love the product quality. Fast shipping and good packaging.,2024-10-13,Instagram,Lubaga,positive,love product quality fast shipping good packaging,49,7
3121,Okay product quality. Price matches the value received.,2024-11-02,Twitter,Kololo,neutral,okay product quality price match value received,47,7
3122,Professional service and high-quality products. Very happy! Located in Central. Great order!,2023-02-17,Twitter,Kawempe,positive,professional service high quality product happy located central great order,75,10
3123,Decent value. Product works as expected.,2024-11-20,Twitter,Lubaga,neutral,decent value product work expected,34,5
3124,Average experience. Product is functional and adequate. Great store!,2023-02-23,Instagram,Muyenga,neutral,average experience product functional adequate great store,58,7
3125,Great experience from start to finish. Will shop here again!,2024-11-03,Instagram,Kololo,positive,great experience start finish shop,34,5
3126,Great business with excellent customer care. Very professional.,2023-11-06,Facebook,Bukoto,positive,great business excellent customer care professional,51,6
3127,Outstanding quality and service. Will definitely shop here again. Located in Nakawa.,2023-12-11,Facebook,Kololo,positive,outstanding quality service definitely shop located nakawa,58,7
3128,Standard quality. Nothing to complain about or praise.,2023-04-06,Google,Kawempe,neutral,standard quality nothing complain praise,40,5
3129,Excellent business! Highly professional and reliable.,2024-09-05,Twitter,Nakawa,positive,excellent business highly professional reliable,47,5
3130,Okay product quality. Price matches the value received. Located in Kampala. Great order!,2024-10-15,Twitter,Nakawa,neutral,okay product quality price match value received located kampala great order,75,11
3131,Love shopping here! Always get great deals and quality products.,2023-06-16,Twitter,Muyenga,positive,love shopping always get great deal quality product,51,8
3132,"Fast shipping, good quality, and excellent customer support.",2023-03-27,Google,Nakawa,positive,fast shipping good quality excellent customer support,53,7
3133,Great experience overall. Will be a returning customer.,2023-02-23,WhatsApp,Ntinda,positive,great experience overall returning customer,43,5
3134,Okay experience. Nothing to complain about but not impressed either. Located in Central.,2023-02-23,WhatsApp,Lubaga,neutral,okay experience nothing complain impressed either located central,65,8
3135,Standard delivery time. Product quality is average. Located in Kampala. Great purchase!,2024-11-05,WhatsApp,Ntinda,neutral,standard delivery time product quality average located kampala great purchase,77,10
3136,Top-notch quality. Exceeded my expectations completely.,2023-03-29,Twitter,Ntinda,positive,top notch quality exceeded expectation completely,49,6
3137,Decent service. No major complaints but nothing impressive.,2023-09-07,Google,Lubaga,neutral,decent service major complaint nothing impressive,49,6
3138,Best prices in Nakawa area. Great value for money. Great order!,2023-09-21,Twitter,Ntinda,positive,best price nakawa area great value money great order,52,9
3139,Product is functional. Does what it's supposed to do. Located in Kampala.,2023-11-26,Facebook,Kawempe,neutral,product functional supposed located kampala,43,5
3140,Excellent communication and fast delivery. Highly satisfied! Great service!,2023-04-26,WhatsApp,Ntinda,positive,excellent communication fast delivery highly satisfied great service,68,8
3141,Great prices and even better service. Highly recommend this business!,2024-12-11,WhatsApp,Central,positive,great price even better service highly recommend business,57,8
3142,Best shopping experience! Quality products and great prices. Great quality!,2023-04-25,Google,Kololo,positive,best shopping experience quality product great price great quality,66,9
3143,Best shopping experience! Quality products and great prices. Located in Bukoto.,2024-03-05,Website,Makindye,positive,best shopping experience quality product great price located bukoto,67,9
3144,Average product quality. Meets basic expectations.,2024-02-15,WhatsApp,Kampala,neutral,average product quality meet basic expectation,46,6
3145,Outstanding service! The staff was very helpful and friendly. Located in Ntinda.,2023-06-07,Google,Kololo,positive,outstanding service staff helpful friendly located ntinda,57,7
3146,Decent service. No major complaints but nothing impressive. Great order!,2024-11-26,Instagram,Central,neutral,decent service major complaint nothing impressive great order,61,8
3147,Average quality products. Functional but not impressive.,2023-04-07,Google,Ntinda,neutral,average quality product functional impressive,45,5
3148,Great business with excellent customer care. Very professional.,2024-04-06,Facebook,Lubaga,positive,great business excellent customer care professional,51,6
3149,Outstanding quality and service. Will definitely shop here again. Located in Kampala.,2024-11-16,WhatsApp,Kawempe,positive,outstanding quality service definitely shop located kampala,59,7
3150,Excellent business! Highly professional and reliable. Located in Muyenga. Great shipping!,2024-09-19,Google,Makindye,positive,excellent business highly professional reliable located muyenga great shipping,78,9
3151,Delivery issues. Package arrived late and damaged. Located in Kampala.,2024-06-15,Google,Kololo,negative,delivery issue package arrived late damaged located kampala,59,8
3152,Amazing service! The team went above and beyond to help me. Located in Kololo.,2024-11-09,Facebook,Lubaga,positive,amazing service team went beyond help located kololo,52,8
3153,Very disappointed with the quality. Not worth the money paid.,2023-03-19,Website,Nakawa,negative,disappointed quality worth money paid,37,5
3154,Excellent customer support. They responded quickly to my questions.,2023-09-21,Facebook,Ntinda,positive,excellent customer support responded quickly question,53,6
3155,Great business with excellent customer care. Very professional.,2023-08-10,Website,Kawempe,positive,great business excellent customer care professional,51,6
3156,Great products at affordable prices. Very satisfied with my purchase. Located in Kololo.,2023-05-13,Instagram,Kampala,positive,great product affordable price satisfied purchase located kololo,64,8
3157,Average product quality. Meets basic expectations. Located in Kololo.,2023-07-12,Facebook,Nakawa,neutral,average product quality meet basic expectation located kololo,61,8
3158,Product works fine. Decent quality for the price paid.,2023-11-26,Google,Ntinda,neutral,product work fine decent quality price paid,43,7
3159,Average quality products. Functional but not impressive. Great delivery!,2024-02-23,Website,Kawempe,neutral,average quality product functional impressive great delivery,60,7
3160,Great business with excellent customer care. Very professional.,2023-02-02,Website,Bukoto,positive,great business excellent customer care professional,51,6
3161,Standard service. No complaints but nothing exceptional either. Great purchase!,2023-03-02,Google,Bukoto,neutral,standard service complaint nothing exceptional either great purchase,68,8
3162,Excellent communication and fast delivery. Highly satisfied!,2023-12-18,Facebook,Kampala,positive,excellent communication fast delivery highly satisfied,54,6
3163,Amazing quality products. Will definitely buy again from this shop.,2024-05-10,Google,Kololo,positive,amazing quality product definitely buy shop,43,6
3164,Professional service and high-quality products. Very happy! Located in Lubaga.,2024-01-19,Facebook,Lubaga,positive,professional service high quality product happy located lubaga,62,8
3165,Product is functional. Does what it's supposed to do.,2023-10-23,WhatsApp,Kawempe,neutral,product functional supposed,27,3
3166,"Outstanding business! Professional, reliable, and customer-focused.",2023-07-21,Twitter,Kawempe,positive,outstanding business professional reliable customer focused,59,6
3167,Excellent business! Highly professional and reliable.,2024-01-28,WhatsApp,Kawempe,positive,excellent business highly professional reliable,47,5
3168,Poor value for money. Better options available elsewhere. Located in Central.,2024-03-22,Facebook,Lubaga,negative,poor value money better option available elsewhere located central,66,9
3169,Fair value for money. Quality is acceptable but not premium.,2023-06-01,Website,Central,neutral,fair value money quality acceptable premium,43,6
3170,Great products at affordable prices. Very satisfied with my purchase.,2024-06-17,Facebook,Makindye,positive,great product affordable price satisfied purchase,49,6
3171,Professional service and high-quality products. Very happy!,2024-07-27,Twitter,Kawempe,positive,professional service high quality product happy,47,6
3172,Best prices in Nakawa area. Great value for money.,2023-05-01,Facebook,Ntinda,positive,best price nakawa area great value money,40,7
3173,Customer service was unresponsive. Had to wait days for a reply. Great experience!,2024-11-12,WhatsApp,Kololo,negative,customer service unresponsive wait day reply great experience,61,8
3174,Great business with excellent customer care. Very professional.,2024-03-31,Website,Nakawa,positive,great business excellent customer care professional,51,6
3175,Would not buy from here again. Poor experience overall.,2024-05-21,Facebook,Muyenga,negative,would buy poor experience overall,33,5
3176,Love the product quality. Fast shipping and good packaging.,2023-03-17,Facebook,Kololo,positive,love product quality fast shipping good packaging,49,7
3177,Professional service and high-quality products. Very happy!,2023-09-09,Facebook,Kawempe,positive,professional service high quality product happy,47,6
3178,"Fast delivery, good quality, fair prices. What more could you ask for? Located in Kololo.",2024-12-22,Instagram,Kampala,positive,fast delivery good quality fair price could ask located kololo,62,10
3179,Top-notch quality. Exceeded my expectations completely. Located in Muyenga.,2024-05-03,Google,Ntinda,positive,top notch quality exceeded expectation completely located muyenga,65,8
3180,Great business with excellent customer care. Very professional.,2023-11-09,Google,Bukoto,positive,great business excellent customer care professional,51,6
3181,Disappointing experience. Would not recommend this shop.,2023-03-17,Facebook,Bukoto,negative,disappointing experience would recommend shop,45,5
3182,Fair experience overall. Nothing exceptional but acceptable.,2023-10-07,Website,Nakawa,neutral,fair experience overall nothing exceptional acceptable,54,6
3183,Top quality products at reasonable prices. Highly recommended! Great order!,2024-10-15,Twitter,Central,positive,top quality product reasonable price highly recommended great order,67,9
3184,Quick response time and excellent customer care. Highly recommended!,2024-03-05,Website,Kawempe,positive,quick response time excellent customer care highly recommended,62,8
3185,Amazing service! The team went above and beyond to help me.,2023-09-10,WhatsApp,Muyenga,positive,amazing service team went beyond help,37,6
3186,Standard delivery. Product works but quality is average. Located in Nakawa.,2023-12-22,Google,Ntinda,neutral,standard delivery product work quality average located nakawa,61,8
3187,Amazing service! The team went above and beyond to help me. Great order!,2023-11-02,Facebook,Muyenga,positive,amazing service team went beyond help great order,49,8
3188,Product works as expected. No major issues or complaints. Located in Kololo.,2023-11-29,Instagram,Kololo,neutral,product work expected major issue complaint located kololo,58,8
3189,Great value for money. Fast delivery and excellent packaging. Located in Nakawa.,2023-05-04,Facebook,Kololo,positive,great value money fast delivery excellent packaging located nakawa,66,9
3190,Standard delivery time. Product quality is average.,2024-02-12,WhatsApp,Kawempe,neutral,standard delivery time product quality average,46,6
3191,Amazing experience! The product arrived on time and in perfect condition.,2024-09-21,Google,Central,positive,amazing experience product arrived time perfect condition,57,7
3192,Best customer service I've experienced. Products are top quality.,2023-11-14,WhatsApp,Central,positive,best customer service experienced product top quality,53,7
3193,"Outstanding business! Professional, reliable, and customer-focused. Located in Central. Great service!",2023-06-30,Instagram,Lubaga,positive,outstanding business professional reliable customer focused located central great service,89,10
3194,Quick response time and excellent customer care. Highly recommended! Great experience!,2023-09-03,Facebook,Central,positive,quick response time excellent customer care highly recommended great experience,79,10
3195,Excellent communication and fast delivery. Highly satisfied! Great store!,2024-12-24,Twitter,Muyenga,positive,excellent communication fast delivery highly satisfied great store,66,8
3196,Best shop in Kawempe. Quality products and great service.,2023-01-15,Twitter,Kampala,positive,best shop kawempe quality product great service,47,7
3197,Excellent business! Highly professional and reliable.,2023-03-17,Website,Bukoto,positive,excellent business highly professional reliable,47,5
3198,Product works as expected. No major issues or complaints.,2023-08-12,Facebook,Ntinda,neutral,product work expected major issue complaint,43,6
3199,Great value for money. Fast delivery and excellent packaging.,2024-04-14,Twitter,Ntinda,positive,great value money fast delivery excellent packaging,51,7
3200,"Outstanding business! Professional, reliable, and customer-focused. Located in Lubaga.",2024-07-12,Website,Muyenga,positive,outstanding business professional reliable customer focused located lubaga,74,8
3201,Amazing quality products. Will definitely buy again from this shop. Located in Makindye.,2023-08-26,Facebook,Muyenga,positive,amazing quality product definitely buy shop located makindye,60,8
3202,Great value for money. Fast delivery and excellent packaging. Located in Muyenga. Great experience!,2024-03-31,Twitter,Ntinda,positive,great value money fast delivery excellent packaging located muyenga great experience,84,11
3203,Delivery issues. Package arrived late and damaged. Located in Ntinda. Great delivery!,2023-09-25,Facebook,Central,negative,delivery issue package arrived late damaged located ntinda great delivery,73,10
3204,Product quality was disappointing. Not as described on the website. Located in Kololo.,2023-07-08,Website,Central,negative,product quality disappointing described website located kololo,62,7
3205,Okay service. Nothing special but gets the job done.,2024-02-26,Facebook,Muyenga,neutral,okay service nothing special get job done,41,7
3206,Not satisfied with the product. Quality is below expectations.,2024-06-29,WhatsApp,Makindye,negative,satisfied product quality expectation,37,4
3207,Love shopping here! Always get great deals and quality products. Located in Nakawa.,2023-02-05,Instagram,Lubaga,positive,love shopping always get great deal quality product located nakawa,66,10
3208,Outstanding service! The staff was very helpful and friendly. Located in Nakawa.,2024-07-13,Facebook,Lubaga,positive,outstanding service staff helpful friendly located nakawa,57,7
3209,Delivery was on time. Product is as expected.,2024-12-27,Facebook,Bukoto,neutral,delivery time product expected,30,4
3210,Decent value. Product works as expected.,2024-08-09,Facebook,Bukoto,neutral,decent value product work expected,34,5
3211,Okay service. Nothing special but gets the job done.,2023-05-10,Instagram,Lubaga,neutral,okay service nothing special get job done,41,7
3212,Professional service and high-quality products. Very happy!,2024-04-07,Instagram,Bukoto,positive,professional service high quality product happy,47,6
3213,Love shopping here! Always get great deals and quality products.,2024-11-14,Instagram,Central,positive,love shopping always get great deal quality product,51,8
3214,Love shopping here! Always get great deals and quality products.,2023-05-23,Website,Makindye,positive,love shopping always get great deal quality product,51,8
3215,Best shopping experience! Quality products and great prices.,2024-06-08,Google,Kawempe,positive,best shopping experience quality product great price,52,7
3216,Product quality was disappointing. Not as described on the website.,2024-04-14,Website,Lubaga,negative,product quality disappointing described website,47,5
3217,Amazing quality products. Will definitely buy again from this shop.,2024-04-23,Facebook,Bukoto,positive,amazing quality product definitely buy shop,43,6
3218,"Outstanding business! Professional, reliable, and customer-focused.",2024-02-14,Google,Muyenga,positive,outstanding business professional reliable customer focused,59,6
3219,Best shop in Kawempe. Quality products and great service. Located in Kawempe.,2024-05-19,Facebook,Kampala,positive,best shop kawempe quality product great service located kawempe,63,9
3220,Fair experience overall. Nothing exceptional but acceptable. Great purchase!,2024-03-06,WhatsApp,Lubaga,neutral,fair experience overall nothing exceptional acceptable great purchase,69,8
3221,Love shopping here! Always get great deals and quality products.,2024-02-19,Website,Kampala,positive,love shopping always get great deal quality product,51,8
3222,Amazing quality products. Will definitely buy again from this shop. Located in Kololo.,2024-11-27,Website,Central,positive,amazing quality product definitely buy shop located kololo,58,8
3223,Best shopping experience! Quality products and great prices.,2023-05-16,Facebook,Nakawa,positive,best shopping experience quality product great price,52,7
3224,Love the product quality. Fast shipping and good packaging. Great store!,2024-10-21,Website,Makindye,positive,love product quality fast shipping good packaging great store,61,9
3225,Excellent customer support. They responded quickly to my questions. Located in Nakawa. Great staff!,2024-03-25,Google,Kawempe,positive,excellent customer support responded quickly question located nakawa great staff,80,10
3226,Best prices in Nakawa area. Great value for money.,2024-01-08,Google,Central,positive,best price nakawa area great value money,40,7
3227,Overpriced compared to other shops in Nakawa area.,2023-09-09,Website,Central,negative,overpriced compared shop nakawa area,36,5
3228,Product quality was disappointing. Not as described on the website.,2023-04-16,Facebook,Makindye,negative,product quality disappointing described website,47,5
3229,Average quality products. Functional but not impressive. Located in Bukoto.,2023-09-18,WhatsApp,Muyenga,neutral,average quality product functional impressive located bukoto,60,7
3230,Excellent business! Highly professional and reliable.,2023-08-17,Website,Central,positive,excellent business highly professional reliable,47,5
3231,Best customer service I've experienced. Products are top quality. Great quality!,2023-03-07,WhatsApp,Ntinda,positive,best customer service experienced product top quality great quality,67,9
3232,Professional service and high-quality products. Very happy! Located in Bukoto. Great support!,2024-05-25,WhatsApp,Muyenga,positive,professional service high quality product happy located bukoto great support,76,10
3233,Okay experience. Nothing to complain about but not impressed either.,2023-12-23,Website,Lubaga,neutral,okay experience nothing complain impressed either,49,6
3234,Great service! Very fast delivery in Kampala. Highly recommend!,2023-09-04,Google,Kololo,positive,great service fast delivery kampala highly recommend,52,7
3235,Disappointing experience. Would not recommend this shop. Located in Kawempe.,2024-09-17,Website,Kololo,negative,disappointing experience would recommend shop located kawempe,61,7
3236,Okay experience. Nothing to complain about but not impressed either. Located in Ntinda.,2024-07-22,Twitter,Kololo,neutral,okay experience nothing complain impressed either located ntinda,64,8
3237,"Fast shipping, good quality, and excellent customer support. Great price!",2024-06-19,Google,Kampala,positive,fast shipping good quality excellent customer support great price,65,9
3238,Great experience overall. Will be a returning customer.,2023-10-10,Instagram,Nakawa,positive,great experience overall returning customer,43,5
3239,Amazing quality products. Will definitely buy again from this shop. Located in Kololo.,2024-02-25,WhatsApp,Nakawa,positive,amazing quality product definitely buy shop located kololo,58,8
3240,Best prices in Nakawa area. Great value for money. Located in Kawempe.,2023-07-03,WhatsApp,Central,positive,best price nakawa area great value money located kawempe,56,9
3241,Excellent business! Highly professional and reliable.,2023-10-26,Instagram,Nakawa,positive,excellent business highly professional reliable,47,5
3242,Great value for money. Fast delivery and excellent packaging.,2023-01-21,Google,Makindye,positive,great value money fast delivery excellent packaging,51,7
3243,Great products at affordable prices. Very satisfied with my purchase.,2023-08-15,WhatsApp,Bukoto,positive,great product affordable price satisfied purchase,49,6
3244,Love the product quality. Fast shipping and good packaging.,2024-09-16,Twitter,Kawempe,positive,love product quality fast shipping good packaging,49,7
3245,"Fast delivery, good quality, fair prices. What more could you ask for?",2023-11-03,Twitter,Kampala,positive,fast delivery good quality fair price could ask,47,8
3246,Decent value. Product works as expected.,2023-03-13,WhatsApp,Nakawa,neutral,decent value product work expected,34,5
3247,Best shopping experience! Quality products and great prices.,2023-02-09,Google,Muyenga,positive,best shopping experience quality product great price,52,7
3248,Quick response time and excellent customer care. Highly recommended!,2024-04-10,Twitter,Central,positive,quick response time excellent customer care highly recommended,62,8
3249,Great products at affordable prices. Very satisfied with my purchase.,2024-03-14,Facebook,Muyenga,positive,great product affordable price satisfied purchase,49,6
3250,Fair value for money. Quality is acceptable but not premium. Great customer!,2024-10-28,WhatsApp,Central,neutral,fair value money quality acceptable premium great customer,58,8
3251,Great business with excellent customer care. Very professional. Located in Bukoto.,2024-07-24,WhatsApp,Nakawa,positive,great business excellent customer care professional located bukoto,66,8
3252,Great service! Very fast delivery in Kampala. Highly recommend! Great quality!,2023-06-06,Twitter,Muyenga,positive,great service fast delivery kampala highly recommend great quality,66,9
3253,Decent service. No major complaints but nothing impressive.,2023-10-20,Facebook,Muyenga,neutral,decent service major complaint nothing impressive,49,6
3254,Amazing service! The team went above and beyond to help me.,2023-08-31,Instagram,Makindye,positive,amazing service team went beyond help,37,6
3255,Product arrived damaged and customer service refused to help.,2023-10-13,Google,Bukoto,negative,product arrived damaged customer service refused help,53,7
3256,Quick response time and excellent customer care. Highly recommended! Located in Muyenga.,2024-03-28,WhatsApp,Kampala,positive,quick response time excellent customer care highly recommended located muyenga,78,10
3257,Best shopping experience! Quality products and great prices.,2023-08-25,WhatsApp,Ntinda,positive,best shopping experience quality product great price,52,7
3258,Okay service. Product meets basic requirements.,2023-08-17,Twitter,Bukoto,neutral,okay service product meet basic requirement,43,6
3259,Standard experience. Product does what it needs to do.,2023-12-05,WhatsApp,Central,neutral,standard experience product need,32,4
3260,Excellent customer support. They responded quickly to my questions.,2024-09-08,WhatsApp,Makindye,positive,excellent customer support responded quickly question,53,6
3261,Very satisfied with my purchase. Great quality and fast delivery. Great delivery!,2023-06-30,WhatsApp,Muyenga,positive,satisfied purchase great quality fast delivery great delivery,61,8
3262,Customer service was unresponsive. Had to wait days for a reply. Located in Lubaga.,2024-02-10,WhatsApp,Nakawa,negative,customer service unresponsive wait day reply located lubaga,59,8
3263,Decent service. No major complaints but nothing impressive. Located in Lubaga.,2024-06-05,WhatsApp,Bukoto,neutral,decent service major complaint nothing impressive located lubaga,64,8
3264,Product arrived damaged and customer service refused to help.,2023-04-22,Facebook,Ntinda,negative,product arrived damaged customer service refused help,53,7
3265,Average experience overall. Product is fine but not great.,2023-07-22,WhatsApp,Nakawa,neutral,average experience overall product fine great,45,6
3266,Great prices and even better service. Highly recommend this business! Located in Kawempe.,2024-12-04,Instagram,Nakawa,positive,great price even better service highly recommend business located kawempe,73,10
3267,Product was defective but they refused to refund. Bad business.,2023-04-05,Google,Kampala,negative,product defective refused refund bad business,45,6
3268,Fair prices and acceptable quality. Nothing outstanding.,2023-06-23,Instagram,Central,neutral,fair price acceptable quality nothing outstanding,49,6
3269,Top quality products at reasonable prices. Highly recommended! Great staff!,2024-09-08,WhatsApp,Central,positive,top quality product reasonable price highly recommended great staff,67,9
3270,Love the product quality. Fast shipping and good packaging. Located in Nakawa. Great experience!,2023-05-21,Twitter,Lubaga,positive,love product quality fast shipping good packaging located nakawa great experience,81,11
3271,Decent service. No major complaints but nothing impressive.,2024-05-19,Website,Central,neutral,decent service major complaint nothing impressive,49,6
3272,Best customer service I've experienced. Products are top quality.,2023-05-04,Twitter,Muyenga,positive,best customer service experienced product top quality,53,7
3273,Average quality. Nothing special but nothing wrong either. Located in Lubaga. Great quality!,2024-11-20,Facebook,Kampala,neutral,average quality nothing special nothing wrong either located lubaga great quality,81,11
3274,Terrible experience. Would not recommend this business to anyone. Located in Kololo.,2023-07-24,WhatsApp,Makindye,negative,terrible experience would recommend business anyone located kololo,66,8
3275,Outstanding quality and service. Will definitely shop here again.,2023-05-21,Google,Bukoto,positive,outstanding quality service definitely shop,43,5
3276,Poor value for money. Better options available elsewhere.,2023-08-14,WhatsApp,Bukoto,negative,poor value money better option available elsewhere,50,7
3277,Standard quality. Nothing to complain about or praise. Great business!,2024-08-19,WhatsApp,Kololo,neutral,standard quality nothing complain praise great business,55,7
3278,Average experience overall. Product is fine but not great.,2023-08-28,Website,Makindye,neutral,average experience overall product fine great,45,6
3279,Very disappointed with the quality. Not worth the money paid.,2024-07-02,Instagram,Central,negative,disappointed quality worth money paid,37,5
3280,Product didn't work as expected. Waste of money.,2024-11-19,Facebook,Muyenga,negative,product work expected waste money,33,5
3281,Love the product quality. Fast shipping and good packaging.,2023-04-01,Google,Muyenga,positive,love product quality fast shipping good packaging,49,7
3282,Great products at affordable prices. Very satisfied with my purchase.,2024-05-17,Google,Ntinda,positive,great product affordable price satisfied purchase,49,6
3283,Average experience. Product is functional and adequate.,2024-09-23,Twitter,Kampala,neutral,average experience product functional adequate,46,5
3284,Very slow delivery and unresponsive customer support. Located in Kololo. Great price!,2023-10-23,Website,Bukoto,negative,slow delivery unresponsive customer support located kololo great price,70,9
3285,Best shopping experience! Quality products and great prices. Located in Muyenga. Great shop!,2023-06-05,Instagram,Kololo,positive,best shopping experience quality product great price located muyenga great shop,79,11
3286,Great experience overall. Will be a returning customer.,2024-07-14,Instagram,Ntinda,positive,great experience overall returning customer,43,5
3287,Amazing service! The team went above and beyond to help me.,2024-03-05,Website,Makindye,positive,amazing service team went beyond help,37,6
3288,Best customer service I've experienced. Products are top quality. Great quality!,2023-02-23,Website,Kampala,positive,best customer service experienced product top quality great quality,67,9
3289,Average experience. Product is functional and adequate. Great support!,2024-12-11,Website,Kampala,neutral,average experience product functional adequate great support,60,7
3290,Great experience from start to finish. Will shop here again! Located in Bukoto. Great shop!,2023-05-06,WhatsApp,Lubaga,positive,great experience start finish shop located bukoto great shop,60,9
3291,Customer service needs major improvement. Very unprofessional. Located in Kololo. Great shop!,2023-03-26,WhatsApp,Ntinda,negative,customer service need major improvement unprofessional located kololo great shop,80,10
3292,Average quality products. Functional but not impressive. Located in Nakawa.,2024-09-10,Google,Kawempe,neutral,average quality product functional impressive located nakawa,60,7
3293,Excellent customer support. They responded quickly to my questions.,2023-02-23,Twitter,Kololo,positive,excellent customer support responded quickly question,53,6
3294,Fair experience overall. Nothing exceptional but acceptable.,2024-06-19,Google,Central,neutral,fair experience overall nothing exceptional acceptable,54,6
3295,Top-notch quality. Exceeded my expectations completely. Located in Muyenga.,2023-07-11,Twitter,Central,positive,top notch quality exceeded expectation completely located muyenga,65,8
3296,Okay experience. Nothing to complain about but not impressed either. Located in Nakawa.,2024-02-04,Facebook,Kawempe,neutral,okay experience nothing complain impressed either located nakawa,64,8
3297,Top quality products at reasonable prices. Highly recommended!,2024-06-29,Google,Ntinda,positive,top quality product reasonable price highly recommended,55,7
3298,Great experience overall. Will be a returning customer. Located in Central.,2023-08-08,Twitter,Muyenga,positive,great experience overall returning customer located central,59,7
3299,Love shopping here! Always get great deals and quality products. Located in Central.,2023-08-03,WhatsApp,Kololo,positive,love shopping always get great deal quality product located central,67,10
3300,Disappointing experience. Would not recommend this shop.,2024-02-16,Facebook,Central,negative,disappointing experience would recommend shop,45,5
3301,Amazing experience! The product arrived on time and in perfect condition.,2023-11-06,Google,Kololo,positive,amazing experience product arrived time perfect condition,57,7
3302,Great business with excellent customer care. Very professional.,2023-07-18,Instagram,Muyenga,positive,great business excellent customer care professional,51,6
3303,Best prices in Nakawa area. Great value for money.,2024-04-01,Website,Central,positive,best price nakawa area great value money,40,7
3304,Product was different from what was advertised. Misleading description. Located in Bukoto.,2024-08-21,Facebook,Central,negative,product different advertised misleading description located bukoto,66,7
3305,Excellent business! Highly professional and reliable. Located in Makindye.,2023-02-20,WhatsApp,Kololo,positive,excellent business highly professional reliable located makindye,64,7
3306,Delivery was delayed multiple times. Very frustrating experience.,2023-11-20,Facebook,Lubaga,negative,delivery delayed multiple time frustrating experience,53,6
3307,Great experience from start to finish. Will shop here again! Located in Central.,2023-06-16,Instagram,Central,positive,great experience start finish shop located central,50,7
3308,Standard delivery. Product works but quality is average.,2023-01-16,Twitter,Muyenga,neutral,standard delivery product work quality average,46,6
3309,Great experience from start to finish. Will shop here again!,2024-09-01,WhatsApp,Muyenga,positive,great experience start finish shop,34,5
3310,Excellent customer support. They responded quickly to my questions.,2024-08-31,WhatsApp,Kampala,positive,excellent customer support responded quickly question,53,6
3311,Outstanding quality and service. Will definitely shop here again.,2023-06-03,Facebook,Lubaga,positive,outstanding quality service definitely shop,43,5
3312,Best prices in Nakawa area. Great value for money.,2024-02-05,Website,Kawempe,positive,best price nakawa area great value money,40,7
3313,Product was different from what was advertised. Misleading description. Great product!,2023-09-18,Instagram,Kawempe,negative,product different advertised misleading description great product,65,7
3314,Excellent communication and fast delivery. Highly satisfied!,2023-12-19,Facebook,Central,positive,excellent communication fast delivery highly satisfied,54,6
3315,Great experience overall. Will be a returning customer. Located in Nakawa.,2024-04-11,Google,Central,positive,great experience overall returning customer located nakawa,58,7
3316,Great products at affordable prices. Very satisfied with my purchase. Located in Muyenga.,2023-11-14,Twitter,Central,positive,great product affordable price satisfied purchase located muyenga,65,8
3317,Great prices and even better service. Highly recommend this business! Located in Kololo.,2023-05-15,Facebook,Muyenga,positive,great price even better service highly recommend business located kololo,72,10
3318,"Fast delivery, good quality, fair prices. What more could you ask for?",2024-05-24,WhatsApp,Muyenga,positive,fast delivery good quality fair price could ask,47,8
3319,Delivery was on time. Product is as expected. Located in Muyenga. Great staff!,2024-07-01,Instagram,Central,neutral,delivery time product expected located muyenga great staff,58,8
3320,Overpriced compared to other shops in Nakawa area. Great customer!,2024-06-20,Facebook,Kampala,negative,overpriced compared shop nakawa area great customer,51,7
3321,Great value for money. Fast delivery and excellent packaging.,2023-04-23,Website,Bukoto,positive,great value money fast delivery excellent packaging,51,7
3322,Professional service and high-quality products. Very happy!,2023-11-01,Google,Ntinda,positive,professional service high quality product happy,47,6
3323,Amazing quality products. Will definitely buy again from this shop.,2023-07-04,Website,Muyenga,positive,amazing quality product definitely buy shop,43,6
3324,Amazing quality products. Will definitely buy again from this shop.,2023-08-04,Instagram,Lubaga,positive,amazing quality product definitely buy shop,43,6
3325,Quick response time and excellent customer care. Highly recommended! Great quality!,2024-01-14,Google,Kawempe,positive,quick response time excellent customer care highly recommended great quality,76,10
3326,Great service! Very fast delivery in Kampala. Highly recommend!,2024-12-27,Website,Nakawa,positive,great service fast delivery kampala highly recommend,52,7
3327,Top-notch quality. Exceeded my expectations completely.,2023-11-15,WhatsApp,Makindye,positive,top notch quality exceeded expectation completely,49,6
3328,Quick response time and excellent customer care. Highly recommended!,2024-02-24,Facebook,Lubaga,positive,quick response time excellent customer care highly recommended,62,8
3329,Very satisfied with my purchase. Great quality and fast delivery. Located in Kampala.,2024-08-16,Instagram,Nakawa,positive,satisfied purchase great quality fast delivery located kampala,62,8
3330,Best shop in Kawempe. Quality products and great service.,2024-03-16,Google,Ntinda,positive,best shop kawempe quality product great service,47,7
3331,Great service! Very fast delivery in Kampala. Highly recommend!,2024-01-27,WhatsApp,Ntinda,positive,great service fast delivery kampala highly recommend,52,7
3332,Top-notch quality. Exceeded my expectations completely. Located in Kawempe.,2024-12-16,Instagram,Kawempe,positive,top notch quality exceeded expectation completely located kawempe,65,8
3333,Excellent customer support. They responded quickly to my questions. Great product!,2023-12-06,WhatsApp,Makindye,positive,excellent customer support responded quickly question great product,67,8
3334,Great products at affordable prices. Very satisfied with my purchase. Located in Muyenga. Great staff!,2023-08-27,Facebook,Kawempe,positive,great product affordable price satisfied purchase located muyenga great staff,77,10
3335,Amazing service! The team went above and beyond to help me. Located in Kampala.,2024-05-18,Instagram,Lubaga,positive,amazing service team went beyond help located kampala,53,8
3336,Best shopping experience! Quality products and great prices. Great order!,2024-06-16,Instagram,Kawempe,positive,best shopping experience quality product great price great order,64,9
3337,Terrible experience. Would not recommend this business to anyone. Located in Kampala.,2023-08-08,Website,Bukoto,negative,terrible experience would recommend business anyone located kampala,67,8
3338,Not satisfied at all. Product quality is below standard.,2023-09-28,Facebook,Muyenga,negative,satisfied product quality standard,34,4
3339,Great products at affordable prices. Very satisfied with my purchase.,2024-07-10,Instagram,Kawempe,positive,great product affordable price satisfied purchase,49,6
3340,Standard business service. Acceptable but not exceptional. Great quality!,2023-08-01,WhatsApp,Ntinda,neutral,standard business service acceptable exceptional great quality,62,7
3341,Outstanding quality and service. Will definitely shop here again.,2024-06-28,WhatsApp,Central,positive,outstanding quality service definitely shop,43,5
3342,Fair experience overall. Nothing exceptional but acceptable.,2024-08-29,Facebook,Lubaga,neutral,fair experience overall nothing exceptional acceptable,54,6
3343,Excellent customer support. They responded quickly to my questions.,2024-03-11,WhatsApp,Muyenga,positive,excellent customer support responded quickly question,53,6
3344,Amazing service! The team went above and beyond to help me.,2024-02-18,Instagram,Muyenga,positive,amazing service team went beyond help,37,6
3345,Amazing experience! The product arrived on time and in perfect condition.,2023-11-16,Instagram,Lubaga,positive,amazing experience product arrived time perfect condition,57,7
3346,Amazing service! The team went above and beyond to help me.,2024-01-03,Instagram,Kawempe,positive,amazing service team went beyond help,37,6
3347,Average experience overall. Product is fine but not great.,2024-05-18,Facebook,Kololo,neutral,average experience overall product fine great,45,6
3348,Top-notch quality. Exceeded my expectations completely.,2023-01-05,Twitter,Makindye,positive,top notch quality exceeded expectation completely,49,6
3349,Top quality products at reasonable prices. Highly recommended! Located in Kololo.,2024-05-13,Twitter,Ntinda,positive,top quality product reasonable price highly recommended located kololo,70,9
3350,Okay delivery time. Product is functional and usable.,2024-03-20,Facebook,Lubaga,neutral,okay delivery time product functional usable,44,6
3351,Great service! Very fast delivery in Kampala. Highly recommend!,2024-06-21,Google,Nakawa,positive,great service fast delivery kampala highly recommend,52,7
3352,Excellent customer support. They responded quickly to my questions. Located in Kampala.,2023-09-27,Website,Lubaga,positive,excellent customer support responded quickly question located kampala,69,8
3353,Love the product quality. Fast shipping and good packaging.,2023-06-23,Website,Kampala,positive,love product quality fast shipping good packaging,49,7
3354,Excellent customer support. They responded quickly to my questions.,2024-09-22,Facebook,Muyenga,positive,excellent customer support responded quickly question,53,6
3355,Love shopping here! Always get great deals and quality products. Located in Bukoto.,2023-03-14,Facebook,Central,positive,love shopping always get great deal quality product located bukoto,66,10
3356,Outstanding quality and service. Will definitely shop here again. Great packaging!,2024-12-15,Google,Kololo,positive,outstanding quality service definitely shop great packaging,59,7
3357,"Fast delivery, good quality, fair prices. What more could you ask for?",2023-02-05,Website,Nakawa,positive,fast delivery good quality fair price could ask,47,8
3358,Excellent communication and fast delivery. Highly satisfied! Located in Bukoto. Great packaging!,2023-12-15,Facebook,Kololo,positive,excellent communication fast delivery highly satisfied located bukoto great packaging,85,10
3359,Product is functional. Does what it's supposed to do.,2024-04-25,Google,Lubaga,neutral,product functional supposed,27,3
3360,Great business with excellent customer care. Very professional. Located in Kawempe. Great shop!,2023-10-21,WhatsApp,Kawempe,positive,great business excellent customer care professional located kawempe great shop,78,10
3361,Poor quality products. Broke within days of purchase.,2023-11-14,WhatsApp,Muyenga,negative,poor quality product broke within day purchase,46,7
3362,Best shopping experience! Quality products and great prices.,2024-12-07,WhatsApp,Makindye,positive,best shopping experience quality product great price,52,7
3363,Best customer service I've experienced. Products are top quality.,2024-01-13,WhatsApp,Muyenga,positive,best customer service experienced product top quality,53,7
3364,Product is fine. Meets expectations without exceeding them. Located in Bukoto.,2024-12-08,WhatsApp,Nakawa,neutral,product fine meet expectation without exceeding located bukoto,62,8
3365,Great prices and even better service. Highly recommend this business!,2023-06-21,WhatsApp,Nakawa,positive,great price even better service highly recommend business,57,8
3366,Customer service was unresponsive. Had to wait days for a reply. Great order!,2023-03-05,Google,Central,negative,customer service unresponsive wait day reply great order,56,8
3367,Great business with excellent customer care. Very professional.,2024-06-11,Twitter,Lubaga,positive,great business excellent customer care professional,51,6
3368,Product arrived damaged and customer service refused to help.,2024-11-22,Website,Ntinda,negative,product arrived damaged customer service refused help,53,7
3369,Okay service. Nothing special but gets the job done. Located in Makindye. Great shipping!,2024-07-14,WhatsApp,Kampala,neutral,okay service nothing special get job done located makindye great shipping,73,11
3370,Top quality products at reasonable prices. Highly recommended! Located in Kololo.,2023-03-27,WhatsApp,Bukoto,positive,top quality product reasonable price highly recommended located kololo,70,9
3371,Best prices in Nakawa area. Great value for money. Located in Bukoto.,2023-07-15,WhatsApp,Nakawa,positive,best price nakawa area great value money located bukoto,55,9
3372,Great value for money. Fast delivery and excellent packaging. Located in Lubaga.,2023-08-01,Google,Ntinda,positive,great value money fast delivery excellent packaging located lubaga,66,9
3373,Fair experience overall. Nothing exceptional but acceptable.,2024-03-03,Instagram,Lubaga,neutral,fair experience overall nothing exceptional acceptable,54,6
3374,Top-notch quality. Exceeded my expectations completely. Located in Bukoto. Great order!,2024-06-22,Instagram,Kawempe,positive,top notch quality exceeded expectation completely located bukoto great order,76,10
3375,Great experience overall. Will be a returning customer.,2023-04-23,Twitter,Lubaga,positive,great experience overall returning customer,43,5
3376,Average quality. Nothing special but nothing wrong either. Located in Kawempe.,2023-09-05,Google,Bukoto,neutral,average quality nothing special nothing wrong either located kawempe,68,9
3377,Poor quality products. Broke within days of purchase. Located in Bukoto.,2024-03-08,Facebook,Kololo,negative,poor quality product broke within day purchase located bukoto,61,9
3378,Product works as expected. No major issues or complaints.,2024-11-02,Twitter,Makindye,neutral,product work expected major issue complaint,43,6
3379,Fair prices and acceptable quality. Nothing outstanding.,2024-11-17,Google,Bukoto,neutral,fair price acceptable quality nothing outstanding,49,6
3380,Product is functional. Does what it's supposed to do.,2024-05-17,Website,Makindye,neutral,product functional supposed,27,3
3381,Okay experience. Nothing to complain about but not impressed either.,2024-12-20,Facebook,Muyenga,neutral,okay experience nothing complain impressed either,49,6
3382,Love shopping here! Always get great deals and quality products. Located in Bukoto.,2023-07-15,Facebook,Makindye,positive,love shopping always get great deal quality product located bukoto,66,10
3383,Best prices in Nakawa area. Great value for money. Great business!,2023-10-25,Instagram,Muyenga,positive,best price nakawa area great value money great business,55,9
3384,Outstanding service! The staff was very helpful and friendly.,2024-01-28,WhatsApp,Kampala,positive,outstanding service staff helpful friendly,42,5
3385,Terrible customer service. No help when I had an issue.,2024-09-09,Facebook,Central,negative,terrible customer service help issue,36,5
3386,Great experience from start to finish. Will shop here again! Great product!,2024-06-23,Website,Kawempe,positive,great experience start finish shop great product,48,7
3387,Best prices in Nakawa area. Great value for money. Located in Kawempe.,2023-02-14,Instagram,Lubaga,positive,best price nakawa area great value money located kawempe,56,9
3388,Best prices in Nakawa area. Great value for money. Located in Bukoto.,2023-07-12,Website,Nakawa,positive,best price nakawa area great value money located bukoto,55,9
3389,Best prices in Nakawa area. Great value for money.,2024-03-11,Twitter,Muyenga,positive,best price nakawa area great value money,40,7
3390,Overpriced compared to other shops in Nakawa area. Located in Muyenga.,2024-05-09,Website,Kampala,negative,overpriced compared shop nakawa area located muyenga,52,7
3391,Excellent communication and fast delivery. Highly satisfied! Located in Bukoto. Great order!,2023-08-28,Twitter,Lubaga,positive,excellent communication fast delivery highly satisfied located bukoto great order,81,10
3392,Poor value for money. Better options available elsewhere. Located in Lubaga.,2023-09-02,Website,Makindye,negative,poor value money better option available elsewhere located lubaga,65,9
3393,Product was defective but they refused to refund. Bad business.,2024-01-27,Instagram,Ntinda,negative,product defective refused refund bad business,45,6
3394,Okay experience. Nothing to complain about but not impressed either.,2023-11-09,Website,Kampala,neutral,okay experience nothing complain impressed either,49,6
3395,Okay experience. Nothing to complain about but not impressed either. Great support!,2023-05-22,Facebook,Central,neutral,okay experience nothing complain impressed either great support,63,8
3396,Best customer service I've experienced. Products are top quality.,2023-05-07,WhatsApp,Kawempe,positive,best customer service experienced product top quality,53,7
3397,Okay delivery time. Product is functional and usable. Located in Central.,2024-07-24,Google,Nakawa,neutral,okay delivery time product functional usable located central,60,8
3398,Excellent communication and fast delivery. Highly satisfied!,2024-06-11,Google,Muyenga,positive,excellent communication fast delivery highly satisfied,54,6
3399,Best prices in Nakawa area. Great value for money.,2024-08-29,Google,Bukoto,positive,best price nakawa area great value money,40,7
3400,Very satisfied with my purchase. Great quality and fast delivery. Located in Ntinda.,2023-02-13,Instagram,Central,positive,satisfied purchase great quality fast delivery located ntinda,61,8
3401,Average quality products. Functional but not impressive. Great shop!,2024-06-14,Google,Central,neutral,average quality product functional impressive great shop,56,7
3402,Best prices in Nakawa area. Great value for money.,2024-06-19,WhatsApp,Central,positive,best price nakawa area great value money,40,7
3403,Delivery issues. Package arrived late and damaged. Located in Bukoto.,2024-02-09,Website,Muyenga,negative,delivery issue package arrived late damaged located bukoto,58,8
3404,Excellent customer support. They responded quickly to my questions. Great shipping!,2024-10-07,Website,Nakawa,positive,excellent customer support responded quickly question great shipping,68,8
3405,Fair experience overall. Nothing exceptional but acceptable.,2023-11-05,Instagram,Bukoto,neutral,fair experience overall nothing exceptional acceptable,54,6
3406,Not satisfied at all. Product quality is below standard.,2024-03-01,Website,Makindye,negative,satisfied product quality standard,34,4
3407,Very satisfied with my purchase. Great quality and fast delivery.,2024-07-31,WhatsApp,Bukoto,positive,satisfied purchase great quality fast delivery,46,6
3408,Top quality products at reasonable prices. Highly recommended!,2024-01-21,Website,Kololo,positive,top quality product reasonable price highly recommended,55,7
3409,Amazing experience! The product arrived on time and in perfect condition.,2023-01-30,Instagram,Ntinda,positive,amazing experience product arrived time perfect condition,57,7
3410,Product is fine. Meets expectations without exceeding them.,2024-02-10,Twitter,Kawempe,neutral,product fine meet expectation without exceeding,47,6
3411,Great products at affordable prices. Very satisfied with my purchase. Located in Makindye.,2023-08-14,Instagram,Kololo,positive,great product affordable price satisfied purchase located makindye,66,8
3412,Professional service and high-quality products. Very happy! Located in Central.,2023-11-25,Twitter,Nakawa,positive,professional service high quality product happy located central,63,8
3413,Very slow delivery. Took over a week to arrive in Kampala.,2023-01-31,Twitter,Makindye,negative,slow delivery took week arrive kampala,38,6
3414,Excellent customer support. They responded quickly to my questions.,2024-08-02,Instagram,Kawempe,positive,excellent customer support responded quickly question,53,6
3415,Great value for money. Fast delivery and excellent packaging.,2024-12-19,Instagram,Nakawa,positive,great value money fast delivery excellent packaging,51,7
3416,Best customer service I've experienced. Products are top quality. Located in Makindye.,2023-04-22,Facebook,Central,positive,best customer service experienced product top quality located makindye,70,9
3417,"Fast delivery, good quality, fair prices. What more could you ask for?",2024-02-18,Facebook,Kampala,positive,fast delivery good quality fair price could ask,47,8
3418,Product was defective but they refused to refund. Bad business.,2023-08-14,Google,Kololo,negative,product defective refused refund bad business,45,6
3419,Product is functional. Does what it's supposed to do.,2023-09-01,Instagram,Kampala,neutral,product functional supposed,27,3
3420,Product works as expected. No major issues or complaints.,2023-07-24,WhatsApp,Kololo,neutral,product work expected major issue complaint,43,6
3421,Great business with excellent customer care. Very professional. Located in Nakawa.,2023-03-24,WhatsApp,Nakawa,positive,great business excellent customer care professional located nakawa,66,8
3422,Great business with excellent customer care. Very professional.,2023-01-01,Facebook,Nakawa,positive,great business excellent customer care professional,51,6
3423,Great service! Very fast delivery in Kampala. Highly recommend!,2023-06-23,Website,Central,positive,great service fast delivery kampala highly recommend,52,7
3424,Fair value for money. Quality is acceptable but not premium.,2023-12-31,Website,Kawempe,neutral,fair value money quality acceptable premium,43,6
3425,Love the product quality. Fast shipping and good packaging. Located in Central.,2024-02-02,Instagram,Ntinda,positive,love product quality fast shipping good packaging located central,65,9
3426,Professional service and high-quality products. Very happy!,2023-04-09,Twitter,Nakawa,positive,professional service high quality product happy,47,6
3427,Fair prices and acceptable quality. Nothing outstanding. Located in Ntinda.,2023-10-18,Twitter,Kampala,neutral,fair price acceptable quality nothing outstanding located ntinda,64,8
3428,Great experience from start to finish. Will shop here again!,2024-08-08,Instagram,Nakawa,positive,great experience start finish shop,34,5
3429,Product quality was disappointing. Not as described on the website.,2024-07-21,WhatsApp,Kawempe,negative,product quality disappointing described website,47,5
3430,Great products at affordable prices. Very satisfied with my purchase.,2024-06-01,Twitter,Nakawa,positive,great product affordable price satisfied purchase,49,6
3431,Excellent products and service. Best in the area! Located in Kawempe. Great quality!,2023-11-25,Twitter,Muyenga,positive,excellent product service best area located kawempe great quality,65,9
3432,Great value for money. Fast delivery and excellent packaging.,2024-01-07,Google,Central,positive,great value money fast delivery excellent packaging,51,7
3433,Standard quality. Nothing to complain about or praise. Great business!,2023-03-10,Website,Muyenga,neutral,standard quality nothing complain praise great business,55,7
3434,Top quality products at reasonable prices. Highly recommended!,2024-11-03,Facebook,Nakawa,positive,top quality product reasonable price highly recommended,55,7
3435,Top quality products at reasonable prices. Highly recommended!,2024-07-20,WhatsApp,Makindye,positive,top quality product reasonable price highly recommended,55,7
3436,Top-notch quality. Exceeded my expectations completely.,2024-09-03,Twitter,Central,positive,top notch quality exceeded expectation completely,49,6
3437,Product works fine. Decent quality for the price paid.,2023-03-13,Google,Ntinda,neutral,product work fine decent quality price paid,43,7
3438,"Fast delivery, good quality, fair prices. What more could you ask for? Located in Makindye.",2023-09-04,Twitter,Bukoto,positive,fast delivery good quality fair price could ask located makindye,64,10
3439,Top-notch quality. Exceeded my expectations completely.,2023-05-31,Website,Bukoto,positive,top notch quality exceeded expectation completely,49,6
3440,Customer service was unresponsive. Had to wait days for a reply. Located in Bukoto. Great business!,2023-12-16,WhatsApp,Kampala,negative,customer service unresponsive wait day reply located bukoto great business,74,10
3441,Great value for money. Fast delivery and excellent packaging.,2023-12-06,Website,Muyenga,positive,great value money fast delivery excellent packaging,51,7
3442,Great products at affordable prices. Very satisfied with my purchase. Located in Kampala. Great experience!,2024-07-14,Instagram,Bukoto,positive,great product affordable price satisfied purchase located kampala great experience,82,10
3443,Amazing service! The team went above and beyond to help me. Located in Ntinda.,2023-03-31,Twitter,Central,positive,amazing service team went beyond help located ntinda,52,8
3444,Great experience from start to finish. Will shop here again! Located in Nakawa.,2023-09-01,Instagram,Kololo,positive,great experience start finish shop located nakawa,49,7
3445,Outstanding service! The staff was very helpful and friendly.,2023-09-17,Google,Lubaga,positive,outstanding service staff helpful friendly,42,5
3446,Amazing service! The team went above and beyond to help me.,2024-10-22,WhatsApp,Kampala,positive,amazing service team went beyond help,37,6
3447,"Fast delivery, good quality, fair prices. What more could you ask for? Great shop!",2024-06-20,Instagram,Lubaga,positive,fast delivery good quality fair price could ask great shop,58,10
3448,Excellent business! Highly professional and reliable.,2023-10-07,Website,Lubaga,positive,excellent business highly professional reliable,47,5
3449,Top-notch quality. Exceeded my expectations completely. Located in Central.,2024-05-16,WhatsApp,Central,positive,top notch quality exceeded expectation completely located central,65,8
3450,Okay experience. Nothing to complain about but not impressed either.,2023-10-25,Google,Ntinda,neutral,okay experience nothing complain impressed either,49,6
3451,Poor customer service. Staff was rude and unhelpful. Located in Lubaga.,2024-09-20,Instagram,Central,negative,poor customer service staff rude unhelpful located lubaga,57,8
3452,Outstanding service! The staff was very helpful and friendly. Located in Kawempe. Great quality!,2023-06-16,Facebook,Kawempe,positive,outstanding service staff helpful friendly located kawempe great quality,72,9
3453,Top quality products at reasonable prices. Highly recommended!,2023-05-12,Website,Bukoto,positive,top quality product reasonable price highly recommended,55,7
3454,"Fast delivery, good quality, fair prices. What more could you ask for?",2024-03-23,Facebook,Nakawa,positive,fast delivery good quality fair price could ask,47,8
3455,Poor customer service. Staff was rude and unhelpful. Located in Nakawa. Great quality!,2023-04-12,Instagram,Bukoto,negative,poor customer service staff rude unhelpful located nakawa great quality,71,10
3456,Top quality products at reasonable prices. Highly recommended! Located in Ntinda.,2023-01-11,WhatsApp,Kawempe,positive,top quality product reasonable price highly recommended located ntinda,70,9
3457,Best prices in Nakawa area. Great value for money.,2023-09-19,WhatsApp,Central,positive,best price nakawa area great value money,40,7
3458,Fair experience overall. Nothing exceptional but acceptable.,2024-03-03,Google,Bukoto,neutral,fair experience overall nothing exceptional acceptable,54,6
3459,Decent value. Product works as expected. Great shop!,2024-08-07,Facebook,Makindye,neutral,decent value product work expected great shop,45,7
3460,Great experience from start to finish. Will shop here again!,2023-02-04,Instagram,Muyenga,positive,great experience start finish shop,34,5
3461,Best customer service I've experienced. Products are top quality.,2024-01-19,Instagram,Kampala,positive,best customer service experienced product top quality,53,7
3462,Love the product quality. Fast shipping and good packaging. Located in Bukoto.,2024-03-23,Facebook,Central,positive,love product quality fast shipping good packaging located bukoto,64,9
3463,Poor packaging led to damaged goods. Very unprofessional. Located in Kawempe.,2023-12-06,Instagram,Kawempe,negative,poor packaging led damaged good unprofessional located kawempe,62,8
3464,Excellent communication and fast delivery. Highly satisfied!,2023-04-17,Facebook,Kampala,positive,excellent communication fast delivery highly satisfied,54,6
3465,Amazing experience! The product arrived on time and in perfect condition.,2023-01-09,Google,Ntinda,positive,amazing experience product arrived time perfect condition,57,7
3466,Okay delivery time. Product is functional and usable. Great packaging!,2023-06-05,Facebook,Makindye,neutral,okay delivery time product functional usable great packaging,60,8
3467,Love the product quality. Fast shipping and good packaging. Located in Ntinda.,2023-10-17,Facebook,Lubaga,positive,love product quality fast shipping good packaging located ntinda,64,9
3468,Very disappointed with the quality. Not worth the money paid. Located in Bukoto. Great purchase!,2024-12-12,Google,Bukoto,negative,disappointed quality worth money paid located bukoto great purchase,67,9
3469,Standard quality. Nothing to complain about or praise. Located in Kampala.,2023-12-04,Website,Kampala,neutral,standard quality nothing complain praise located kampala,56,7
3470,Standard quality. Nothing to complain about or praise. Great experience!,2023-01-29,Google,Muyenga,neutral,standard quality nothing complain praise great experience,57,7
3471,Top quality products at reasonable prices. Highly recommended!,2023-06-08,Website,Kawempe,positive,top quality product reasonable price highly recommended,55,7
3472,Product works as expected. No major issues or complaints. Located in Makindye.,2023-01-16,Google,Bukoto,neutral,product work expected major issue complaint located makindye,60,8
3473,Love the product quality. Fast shipping and good packaging. Great product!,2023-07-29,Instagram,Ntinda,positive,love product quality fast shipping good packaging great product,63,9
3474,Best shop in Kawempe. Quality products and great service.,2023-10-06,Facebook,Lubaga,positive,best shop kawempe quality product great service,47,7
3475,Best shop in Kawempe. Quality products and great service.,2023-03-18,Facebook,Bukoto,positive,best shop kawempe quality product great service,47,7
3476,Great experience from start to finish. Will shop here again! Located in Lubaga. Great restaurant!,2023-05-01,Instagram,Kololo,positive,great experience start finish shop located lubaga great restaurant,66,9
3477,Standard delivery time. Product quality is average.,2023-08-21,Website,Kawempe,neutral,standard delivery time product quality average,46,6
3478,Okay service. Nothing special but gets the job done. Great order!,2023-10-06,Google,Muyenga,neutral,okay service nothing special get job done great order,53,9
3479,Product was defective but they refused to refund. Bad business.,2024-03-26,Twitter,Muyenga,negative,product defective refused refund bad business,45,6
3480,Product arrived damaged and customer service refused to help.,2024-01-29,Website,Nakawa,negative,product arrived damaged customer service refused help,53,7
3481,Fair experience overall. Nothing exceptional but acceptable.,2024-05-26,Instagram,Makindye,neutral,fair experience overall nothing exceptional acceptable,54,6
3482,Amazing service! The team went above and beyond to help me. Great quality!,2023-11-22,Instagram,Ntinda,positive,amazing service team went beyond help great quality,51,8
3483,Outstanding quality and service. Will definitely shop here again.,2024-01-05,Instagram,Central,positive,outstanding quality service definitely shop,43,5
3484,Okay delivery time. Product is functional and usable.,2024-06-06,WhatsApp,Central,neutral,okay delivery time product functional usable,44,6
3485,Standard delivery time. Product quality is average. Located in Kampala. Great restaurant!,2023-02-27,Website,Central,neutral,standard delivery time product quality average located kampala great restaurant,79,10
3486,Very satisfied with my purchase. Great quality and fast delivery.,2023-02-02,Website,Nakawa,positive,satisfied purchase great quality fast delivery,46,6
3487,Love the product quality. Fast shipping and good packaging.,2024-08-23,Instagram,Kololo,positive,love product quality fast shipping good packaging,49,7
3488,Best shopping experience! Quality products and great prices.,2023-11-26,Twitter,Kawempe,positive,best shopping experience quality product great price,52,7
3489,Great experience from start to finish. Will shop here again! Located in Kawempe.,2024-07-24,Twitter,Kampala,positive,great experience start finish shop located kawempe,50,7
3490,Top quality products at reasonable prices. Highly recommended!,2023-11-29,Instagram,Makindye,positive,top quality product reasonable price highly recommended,55,7
3491,Best customer service I've experienced. Products are top quality.,2024-05-08,Facebook,Ntinda,positive,best customer service experienced product top quality,53,7
3492,Standard business service. Acceptable but not exceptional.,2024-06-04,Website,Nakawa,neutral,standard business service acceptable exceptional,48,5
3493,Poor quality products. Broke within days of purchase.,2023-01-26,Twitter,Kawempe,negative,poor quality product broke within day purchase,46,7
3494,Outstanding quality and service. Will definitely shop here again.,2024-06-19,Website,Ntinda,positive,outstanding quality service definitely shop,43,5
3495,Delivery issues. Package arrived late and damaged. Great shipping!,2024-12-03,Twitter,Makindye,negative,delivery issue package arrived late damaged great shipping,58,8
3496,Okay service. Product meets basic requirements. Great restaurant!,2023-09-21,Instagram,Central,neutral,okay service product meet basic requirement great restaurant,60,8
3497,Product is fine. Meets expectations without exceeding them.,2024-09-23,Website,Bukoto,neutral,product fine meet expectation without exceeding,47,6
3498,Great products at affordable prices. Very satisfied with my purchase. Located in Bukoto.,2023-09-24,WhatsApp,Lubaga,positive,great product affordable price satisfied purchase located bukoto,64,8
3499,Product works as expected. No major issues or complaints.,2024-08-17,WhatsApp,Kololo,neutral,product work expected major issue complaint,43,6
3500,Quick response time and excellent customer care. Highly recommended!,2024-10-18,Twitter,Muyenga,positive,quick response time excellent customer care highly recommended,62,8
3501,Great service! Very fast delivery in Kampala. Highly recommend! Located in Ntinda.,2024-06-22,Facebook,Kampala,positive,great service fast delivery kampala highly recommend located ntinda,67,9
3502,Quick response time and excellent customer care. Highly recommended! Located in Makindye. Great packaging!,2023-06-12,WhatsApp,Nakawa,positive,quick response time excellent customer care highly recommended located makindye great packaging,95,12
3503,Product is functional. Does what it's supposed to do.,2024-12-15,Instagram,Central,neutral,product functional supposed,27,3
3504,Fair experience overall. Nothing exceptional but acceptable.,2023-10-01,Website,Kololo,neutral,fair experience overall nothing exceptional acceptable,54,6
3505,Outstanding service! The staff was very helpful and friendly.,2023-04-20,Twitter,Kololo,positive,outstanding service staff helpful friendly,42,5
3506,Amazing service! The team went above and beyond to help me.,2024-01-01,WhatsApp,Kampala,positive,amazing service team went beyond help,37,6
3507,Great prices and even better service. Highly recommend this business!,2023-12-01,WhatsApp,Kampala,positive,great price even better service highly recommend business,57,8
3508,Excellent communication and fast delivery. Highly satisfied! Great staff!,2023-12-23,WhatsApp,Ntinda,positive,excellent communication fast delivery highly satisfied great staff,66,8
3509,Product arrived damaged and customer service refused to help. Located in Kampala.,2024-09-27,Google,Ntinda,negative,product arrived damaged customer service refused help located kampala,69,9
3510,Great service! Very fast delivery in Kampala. Highly recommend!,2023-01-09,Twitter,Bukoto,positive,great service fast delivery kampala highly recommend,52,7
3511,Very satisfied with my purchase. Great quality and fast delivery.,2024-11-06,Facebook,Muyenga,positive,satisfied purchase great quality fast delivery,46,6
3512,Average quality. Price is reasonable for what you get.,2023-12-04,WhatsApp,Kampala,neutral,average quality price reasonable get,36,5
3513,Excellent products and service. Best in the area!,2024-03-31,Twitter,Kololo,positive,excellent product service best area,35,5
3514,Standard business service. Acceptable but not exceptional. Located in Central. Great store!,2023-10-30,Website,Ntinda,neutral,standard business service acceptable exceptional located central great store,76,9
3515,Great experience overall. Will be a returning customer. Located in Kampala.,2023-09-02,Google,Muyenga,positive,great experience overall returning customer located kampala,59,7
3516,Best shop in Kawempe. Quality products and great service. Located in Central.,2024-12-09,Facebook,Makindye,positive,best shop kawempe quality product great service located central,63,9
3517,Great service! Very fast delivery in Kampala. Highly recommend! Great price!,2024-06-30,Google,Central,positive,great service fast delivery kampala highly recommend great price,64,9
3518,Decent service. No major complaints but nothing impressive.,2023-03-10,Google,Lubaga,neutral,decent service major complaint nothing impressive,49,6
3519,Professional service and high-quality products. Very happy! Located in Kawempe.,2024-06-11,WhatsApp,Bukoto,positive,professional service high quality product happy located kawempe,63,8
3520,Top-notch quality. Exceeded my expectations completely.,2024-07-30,Facebook,Kawempe,positive,top notch quality exceeded expectation completely,49,6
3521,Poor packaging led to damaged goods. Very unprofessional. Located in Kawempe.,2023-04-04,Google,Kawempe,negative,poor packaging led damaged good unprofessional located kawempe,62,8
3522,Outstanding service! The staff was very helpful and friendly.,2023-12-03,WhatsApp,Makindye,positive,outstanding service staff helpful friendly,42,5
3523,Love shopping here! Always get great deals and quality products. Located in Ntinda.,2023-12-18,Google,Bukoto,positive,love shopping always get great deal quality product located ntinda,66,10
3524,Amazing service! The team went above and beyond to help me. Located in Kawempe.,2023-09-19,Website,Nakawa,positive,amazing service team went beyond help located kawempe,53,8
3525,Would not buy from here again. Poor experience overall.,2023-12-04,Twitter,Central,negative,would buy poor experience overall,33,5
3526,Love shopping here! Always get great deals and quality products. Great quality!,2024-08-14,Facebook,Kawempe,positive,love shopping always get great deal quality product great quality,65,10
3527,Great products at affordable prices. Very satisfied with my purchase. Located in Bukoto.,2024-11-17,Google,Ntinda,positive,great product affordable price satisfied purchase located bukoto,64,8
3528,Great products at affordable prices. Very satisfied with my purchase.,2024-07-21,Facebook,Kampala,positive,great product affordable price satisfied purchase,49,6
3529,Average experience overall. Product is fine but not great. Located in Bukoto.,2023-03-18,Facebook,Central,neutral,average experience overall product fine great located bukoto,60,8
3530,Love the product quality. Fast shipping and good packaging.,2024-05-02,WhatsApp,Kawempe,positive,love product quality fast shipping good packaging,49,7
3531,Standard delivery. Product works but quality is average.,2023-10-05,Website,Bukoto,neutral,standard delivery product work quality average,46,6
3532,Product was defective but they refused to refund. Bad business.,2023-10-07,Facebook,Central,negative,product defective refused refund bad business,45,6
3533,Great prices and even better service. Highly recommend this business!,2023-07-26,Twitter,Kawempe,positive,great price even better service highly recommend business,57,8
3534,Very satisfied with my purchase. Great quality and fast delivery. Great support!,2023-11-14,Website,Bukoto,positive,satisfied purchase great quality fast delivery great support,60,8
3535,Great service! Very fast delivery in Kampala. Highly recommend!,2024-05-20,Twitter,Nakawa,positive,great service fast delivery kampala highly recommend,52,7
3536,Terrible experience. Would not recommend this business to anyone.,2024-04-09,Google,Nakawa,negative,terrible experience would recommend business anyone,51,6
3537,Standard delivery time. Product quality is average.,2024-05-07,Twitter,Kawempe,neutral,standard delivery time product quality average,46,6
3538,Terrible customer service. No help when I had an issue. Great restaurant!,2023-11-22,Website,Makindye,negative,terrible customer service help issue great restaurant,53,7
3539,Amazing experience! The product arrived on time and in perfect condition.,2023-03-03,Twitter,Kololo,positive,amazing experience product arrived time perfect condition,57,7
3540,Best customer service I've experienced. Products are top quality. Located in Nakawa.,2023-01-21,Twitter,Lubaga,positive,best customer service experienced product top quality located nakawa,68,9
3541,Fair value for money. Quality is acceptable but not premium.,2023-01-16,Website,Nakawa,neutral,fair value money quality acceptable premium,43,6
3542,Okay product quality. Price matches the value received. Located in Lubaga.,2023-11-28,WhatsApp,Muyenga,neutral,okay product quality price match value received located lubaga,62,9
3543,Great value for money. Fast delivery and excellent packaging. Great product!,2024-10-10,Website,Makindye,positive,great value money fast delivery excellent packaging great product,65,9
3544,Best shop in Kawempe. Quality products and great service.,2024-07-30,Instagram,Muyenga,positive,best shop kawempe quality product great service,47,7
3545,Best customer service I've experienced. Products are top quality. Located in Makindye.,2023-07-10,Facebook,Kololo,positive,best customer service experienced product top quality located makindye,70,9
3546,"Outstanding business! Professional, reliable, and customer-focused.",2023-07-24,Instagram,Makindye,positive,outstanding business professional reliable customer focused,59,6
3547,Great value for money. Fast delivery and excellent packaging.,2024-03-15,Google,Kololo,positive,great value money fast delivery excellent packaging,51,7
3548,Best prices in Nakawa area. Great value for money. Located in Muyenga.,2023-11-13,Facebook,Central,positive,best price nakawa area great value money located muyenga,56,9
3549,Standard delivery. Product works but quality is average. Great packaging!,2023-02-05,Website,Bukoto,neutral,standard delivery product work quality average great packaging,62,8
3550,Outstanding service! The staff was very helpful and friendly. Located in Muyenga.,2024-08-03,Google,Ntinda,positive,outstanding service staff helpful friendly located muyenga,58,7
3551,Standard business service. Acceptable but not exceptional.,2023-08-05,Google,Lubaga,neutral,standard business service acceptable exceptional,48,5
3552,Average experience overall. Product is fine but not great.,2024-08-09,WhatsApp,Kampala,neutral,average experience overall product fine great,45,6
3553,Great prices and even better service. Highly recommend this business! Located in Muyenga.,2023-12-14,Website,Bukoto,positive,great price even better service highly recommend business located muyenga,73,10
3554,Quick response time and excellent customer care. Highly recommended!,2023-01-02,WhatsApp,Lubaga,positive,quick response time excellent customer care highly recommended,62,8
3555,Average product quality. Meets basic expectations.,2023-07-24,Instagram,Nakawa,neutral,average product quality meet basic expectation,46,6
3556,Great experience overall. Will be a returning customer. Located in Muyenga.,2024-06-07,Website,Lubaga,positive,great experience overall returning customer located muyenga,59,7
3557,Excellent customer support. They responded quickly to my questions. Located in Kawempe.,2023-01-18,WhatsApp,Kololo,positive,excellent customer support responded quickly question located kawempe,69,8
3558,Product is fine. Meets expectations without exceeding them.,2023-01-12,Instagram,Kampala,neutral,product fine meet expectation without exceeding,47,6
3559,Excellent products and service. Best in the area! Great delivery!,2024-01-19,Instagram,Lubaga,positive,excellent product service best area great delivery,50,7
3560,Professional service and high-quality products. Very happy! Great restaurant!,2024-11-08,Website,Lubaga,positive,professional service high quality product happy great restaurant,64,8
3561,Outstanding quality and service. Will definitely shop here again.,2024-08-27,WhatsApp,Kololo,positive,outstanding quality service definitely shop,43,5
3562,Love the product quality. Fast shipping and good packaging.,2023-07-21,Twitter,Kololo,positive,love product quality fast shipping good packaging,49,7
3563,"Fast shipping, good quality, and excellent customer support.",2023-05-07,Google,Nakawa,positive,fast shipping good quality excellent customer support,53,7
3564,Excellent business! Highly professional and reliable.,2024-12-25,Instagram,Kawempe,positive,excellent business highly professional reliable,47,5
3565,Love shopping here! Always get great deals and quality products.,2024-11-20,Twitter,Kampala,positive,love shopping always get great deal quality product,51,8
3566,Product works as expected. No major issues or complaints.,2023-09-16,WhatsApp,Kololo,neutral,product work expected major issue complaint,43,6
3567,Poor packaging led to damaged goods. Very unprofessional. Located in Kawempe.,2023-08-28,WhatsApp,Kampala,negative,poor packaging led damaged good unprofessional located kawempe,62,8
3568,Best shop in Kawempe. Quality products and great service. Great customer!,2024-06-14,Facebook,Muyenga,positive,best shop kawempe quality product great service great customer,62,9
3569,Top quality products at reasonable prices. Highly recommended! Great packaging!,2024-10-17,Twitter,Nakawa,positive,top quality product reasonable price highly recommended great packaging,71,9
3570,Average product quality. Meets basic expectations. Great delivery!,2024-09-07,Google,Lubaga,neutral,average product quality meet basic expectation great delivery,61,8
3571,Poor customer service. Staff was rude and unhelpful.,2024-07-22,Twitter,Bukoto,negative,poor customer service staff rude unhelpful,42,6
3572,Great products at affordable prices. Very satisfied with my purchase.,2024-04-08,Facebook,Nakawa,positive,great product affordable price satisfied purchase,49,6
3573,Excellent business! Highly professional and reliable.,2024-10-21,Instagram,Kololo,positive,excellent business highly professional reliable,47,5
3574,Delivery was on time. Product is as expected.,2024-10-04,Twitter,Kampala,neutral,delivery time product expected,30,4
3575,Great experience overall. Will be a returning customer. Located in Lubaga.,2023-10-14,Instagram,Muyenga,positive,great experience overall returning customer located lubaga,58,7
3576,Product didn't work as expected. Waste of money.,2024-11-20,Instagram,Lubaga,negative,product work expected waste money,33,5
3577,Product works fine. Decent quality for the price paid. Great staff!,2023-01-30,WhatsApp,Kampala,neutral,product work fine decent quality price paid great staff,55,9
3578,Very satisfied with my purchase. Great quality and fast delivery.,2023-05-25,Website,Kawempe,positive,satisfied purchase great quality fast delivery,46,6
3579,"Outstanding business! Professional, reliable, and customer-focused. Great quality!",2024-12-19,Instagram,Nakawa,positive,outstanding business professional reliable customer focused great quality,73,8
3580,"Fast delivery, good quality, fair prices. What more could you ask for? Located in Central. Great store!",2023-08-02,Twitter,Kololo,positive,fast delivery good quality fair price could ask located central great store,75,12
3581,Standard experience. Product does what it needs to do. Located in Makindye.,2023-09-28,Facebook,Muyenga,neutral,standard experience product need located makindye,49,6
3582,Top quality products at reasonable prices. Highly recommended!,2023-01-09,Instagram,Kololo,positive,top quality product reasonable price highly recommended,55,7
3583,Okay service. Nothing special but gets the job done. Located in Makindye.,2024-05-22,Facebook,Muyenga,neutral,okay service nothing special get job done located makindye,58,9
3584,Standard service. No complaints but nothing exceptional either. Located in Kololo.,2024-09-07,Website,Lubaga,neutral,standard service complaint nothing exceptional either located kololo,68,8
3585,Decent service. No major complaints but nothing impressive.,2023-08-20,WhatsApp,Ntinda,neutral,decent service major complaint nothing impressive,49,6
3586,Top-notch quality. Exceeded my expectations completely.,2024-12-13,Instagram,Makindye,positive,top notch quality exceeded expectation completely,49,6
3587,Overpriced products with low quality. Not good value for money. Great business!,2023-11-25,Instagram,Lubaga,negative,overpriced product low quality good value money great business,62,9
3588,Top-notch quality. Exceeded my expectations completely.,2024-06-28,WhatsApp,Makindye,positive,top notch quality exceeded expectation completely,49,6
3589,Great experience overall. Will be a returning customer.,2024-10-23,Twitter,Nakawa,positive,great experience overall returning customer,43,5
3590,Product was defective but they refused to refund. Bad business.,2024-01-13,WhatsApp,Kawempe,negative,product defective refused refund bad business,45,6
3591,Best customer service I've experienced. Products are top quality. Great price!,2024-05-04,Facebook,Kampala,positive,best customer service experienced product top quality great price,65,9
3592,Product broke after just one week of use. Very poor quality.,2024-01-26,Instagram,Ntinda,negative,product broke one week use poor quality,39,7
3593,Fair prices and acceptable quality. Nothing outstanding.,2023-11-25,Website,Nakawa,neutral,fair price acceptable quality nothing outstanding,49,6
3594,Outstanding quality and service. Will definitely shop here again.,2024-05-17,Website,Lubaga,positive,outstanding quality service definitely shop,43,5
3595,Product is fine. Meets expectations without exceeding them.,2024-03-09,Google,Makindye,neutral,product fine meet expectation without exceeding,47,6
3596,Love shopping here! Always get great deals and quality products. Great service!,2023-07-07,Google,Bukoto,positive,love shopping always get great deal quality product great service,65,10
3597,Great value for money. Fast delivery and excellent packaging. Great store!,2023-10-11,Website,Kawempe,positive,great value money fast delivery excellent packaging great store,63,9
3598,Okay service. Nothing special but gets the job done.,2023-06-06,Facebook,Bukoto,neutral,okay service nothing special get job done,41,7
3599,Product works fine. Decent quality for the price paid.,2023-05-05,Instagram,Makindye,neutral,product work fine decent quality price paid,43,7
3600,Delivery was delayed multiple times. Very frustrating experience.,2024-11-11,Twitter,Kololo,negative,delivery delayed multiple time frustrating experience,53,6
3601,Love shopping here! Always get great deals and quality products.,2024-02-25,Twitter,Lubaga,positive,love shopping always get great deal quality product,51,8
3602,Professional service and high-quality products. Very happy!,2023-11-15,Twitter,Lubaga,positive,professional service high quality product happy,47,6
3603,Outstanding service! The staff was very helpful and friendly.,2024-05-22,Website,Central,positive,outstanding service staff helpful friendly,42,5
3604,Excellent business! Highly professional and reliable. Great packaging!,2023-04-11,Google,Nakawa,positive,excellent business highly professional reliable great packaging,63,7
3605,Fair experience overall. Nothing exceptional but acceptable.,2024-01-15,Twitter,Central,neutral,fair experience overall nothing exceptional acceptable,54,6
3606,Best shop in Kawempe. Quality products and great service.,2023-08-19,Google,Lubaga,positive,best shop kawempe quality product great service,47,7
3607,"Fast delivery, good quality, fair prices. What more could you ask for? Located in Kololo.",2023-12-10,Website,Kawempe,positive,fast delivery good quality fair price could ask located kololo,62,10
3608,Average product quality. Meets basic expectations.,2023-02-02,Website,Kawempe,neutral,average product quality meet basic expectation,46,6
3609,Fair prices and acceptable quality. Nothing outstanding. Great product!,2023-10-02,Twitter,Nakawa,neutral,fair price acceptable quality nothing outstanding great product,63,8
3610,Excellent products and service. Best in the area! Located in Nakawa.,2023-06-03,Instagram,Kampala,positive,excellent product service best area located nakawa,50,7
3611,Great value for money. Fast delivery and excellent packaging.,2023-03-22,Facebook,Kawempe,positive,great value money fast delivery excellent packaging,51,7
3612,Delivery was delayed multiple times. Very frustrating experience.,2024-09-18,Facebook,Bukoto,negative,delivery delayed multiple time frustrating experience,53,6
3613,"Fast shipping, good quality, and excellent customer support.",2023-04-14,WhatsApp,Ntinda,positive,fast shipping good quality excellent customer support,53,7
3614,Excellent products and service. Best in the area! Located in Makindye.,2023-01-24,Google,Bukoto,positive,excellent product service best area located makindye,52,7
3615,Love the product quality. Fast shipping and good packaging. Located in Muyenga. Great business!,2024-06-20,Website,Kawempe,positive,love product quality fast shipping good packaging located muyenga great business,80,11
3616,Average product quality. Meets basic needs adequately.,2023-10-28,Google,Central,neutral,average product quality meet basic need adequately,50,7
3617,Amazing experience! The product arrived on time and in perfect condition. Located in Kololo.,2023-12-24,Google,Nakawa,positive,amazing experience product arrived time perfect condition located kololo,72,9
3618,Product is fine. Meets expectations without exceeding them. Located in Makindye.,2024-06-18,Google,Kololo,neutral,product fine meet expectation without exceeding located makindye,64,8
3619,Great experience overall. Will be a returning customer. Great service!,2024-10-26,Google,Makindye,positive,great experience overall returning customer great service,57,7
3620,Product is fine. Meets expectations without exceeding them. Located in Nakawa.,2024-02-07,Facebook,Ntinda,neutral,product fine meet expectation without exceeding located nakawa,62,8
3621,Amazing experience! The product arrived on time and in perfect condition. Located in Kawempe.,2023-12-02,WhatsApp,Central,positive,amazing experience product arrived time perfect condition located kawempe,73,9
3622,Great business with excellent customer care. Very professional.,2023-11-19,Google,Kololo,positive,great business excellent customer care professional,51,6
3623,Great value for money. Fast delivery and excellent packaging. Located in Kawempe.,2024-09-26,Website,Bukoto,positive,great value money fast delivery excellent packaging located kawempe,67,9
3624,Excellent products and service. Best in the area!,2023-08-06,Facebook,Lubaga,positive,excellent product service best area,35,5
3625,Love the product quality. Fast shipping and good packaging.,2024-07-25,Google,Bukoto,positive,love product quality fast shipping good packaging,49,7
3626,"Outstanding business! Professional, reliable, and customer-focused.",2023-07-08,Facebook,Kololo,positive,outstanding business professional reliable customer focused,59,6
3627,"Fast shipping, good quality, and excellent customer support.",2023-11-13,Instagram,Central,positive,fast shipping good quality excellent customer support,53,7
3628,Product was damaged on arrival. Poor packaging quality.,2023-12-30,WhatsApp,Kololo,negative,product damaged arrival poor packaging quality,46,6
3629,Customer service was unresponsive. Had to wait days for a reply. Great product!,2024-01-16,Instagram,Kampala,negative,customer service unresponsive wait day reply great product,58,8
3630,Amazing service! The team went above and beyond to help me.,2023-09-23,Google,Kololo,positive,amazing service team went beyond help,37,6
3631,Love the product quality. Fast shipping and good packaging. Located in Muyenga.,2024-03-31,Google,Ntinda,positive,love product quality fast shipping good packaging located muyenga,65,9
3632,Best shopping experience! Quality products and great prices.,2023-07-23,Facebook,Kololo,positive,best shopping experience quality product great price,52,7
3633,Product works as expected. No major issues or complaints. Located in Lubaga.,2024-02-01,Website,Bukoto,neutral,product work expected major issue complaint located lubaga,58,8
3634,Best shop in Kawempe. Quality products and great service. Great delivery!,2024-12-26,Twitter,Ntinda,positive,best shop kawempe quality product great service great delivery,62,9
3635,Amazing service! The team went above and beyond to help me.,2024-03-07,Facebook,Kawempe,positive,amazing service team went beyond help,37,6
3636,Average experience. Product is functional and adequate. Located in Central.,2023-06-22,Instagram,Makindye,neutral,average experience product functional adequate located central,62,7
3637,Amazing quality products. Will definitely buy again from this shop.,2024-05-15,Twitter,Central,positive,amazing quality product definitely buy shop,43,6
3638,Average product quality. Meets basic needs adequately.,2023-08-06,Twitter,Central,neutral,average product quality meet basic need adequately,50,7
3639,Overpriced products with low quality. Not good value for money.,2023-06-12,Instagram,Kololo,negative,overpriced product low quality good value money,47,7
3640,"Outstanding business! Professional, reliable, and customer-focused. Great store!",2023-10-21,Website,Kampala,positive,outstanding business professional reliable customer focused great store,71,8
3641,Standard quality. Nothing to complain about or praise.,2023-11-06,Website,Muyenga,neutral,standard quality nothing complain praise,40,5
3642,Very slow delivery. Took over a week to arrive in Kampala.,2024-02-09,WhatsApp,Makindye,negative,slow delivery took week arrive kampala,38,6
3643,"Fast delivery, good quality, fair prices. What more could you ask for? Great experience!",2024-09-09,Twitter,Kololo,positive,fast delivery good quality fair price could ask great experience,64,10
3644,Okay experience. Nothing to complain about but not impressed either.,2023-09-22,Facebook,Kampala,neutral,okay experience nothing complain impressed either,49,6
3645,Amazing service! The team went above and beyond to help me.,2023-03-15,Twitter,Central,positive,amazing service team went beyond help,37,6
3646,Overpriced compared to other shops in Nakawa area.,2024-12-22,Facebook,Bukoto,negative,overpriced compared shop nakawa area,36,5
3647,Amazing service! The team went above and beyond to help me.,2023-04-12,Google,Muyenga,positive,amazing service team went beyond help,37,6
3648,Terrible customer service. No help when I had an issue.,2023-03-05,WhatsApp,Bukoto,negative,terrible customer service help issue,36,5
3649,Customer service is terrible. No one responds to complaints. Located in Lubaga.,2023-11-10,WhatsApp,Central,negative,customer service terrible one responds complaint located lubaga,63,8
3650,Great experience from start to finish. Will shop here again! Great experience!,2024-11-30,Facebook,Lubaga,positive,great experience start finish shop great experience,51,7
3651,Top quality products at reasonable prices. Highly recommended! Located in Central.,2024-12-20,Google,Kawempe,positive,top quality product reasonable price highly recommended located central,71,9
3652,Product is okay. Nothing special but serves its purpose.,2023-06-10,Twitter,Ntinda,neutral,product okay nothing special serf purpose,41,6
3653,Great value for money. Fast delivery and excellent packaging. Located in Lubaga.,2023-06-14,Website,Ntinda,positive,great value money fast delivery excellent packaging located lubaga,66,9
3654,Excellent business! Highly professional and reliable.,2023-11-07,Google,Kawempe,positive,excellent business highly professional reliable,47,5
3655,Poor customer service. Staff was rude and unhelpful. Located in Nakawa. Great product!,2023-06-19,Google,Ntinda,negative,poor customer service staff rude unhelpful located nakawa great product,71,10
3656,Excellent communication and fast delivery. Highly satisfied!,2024-03-10,Google,Kampala,positive,excellent communication fast delivery highly satisfied,54,6
3657,Amazing quality products. Will definitely buy again from this shop. Located in Kampala.,2023-07-29,Instagram,Lubaga,positive,amazing quality product definitely buy shop located kampala,59,8
3658,Best shop in Kawempe. Quality products and great service.,2023-12-07,Instagram,Central,positive,best shop kawempe quality product great service,47,7
3659,Decent quality products. Price is fair for what you receive. Located in Lubaga. Great support!,2024-04-15,Google,Kololo,neutral,decent quality product price fair receive located lubaga great support,70,10
3660,Great experience overall. Will be a returning customer.,2023-06-25,Twitter,Makindye,positive,great experience overall returning customer,43,5
3661,Top quality products at reasonable prices. Highly recommended!,2023-04-02,Twitter,Bukoto,positive,top quality product reasonable price highly recommended,55,7
3662,Excellent business! Highly professional and reliable.,2023-05-07,WhatsApp,Bukoto,positive,excellent business highly professional reliable,47,5
3663,Overpriced products with low quality. Not good value for money.,2024-08-03,Facebook,Muyenga,negative,overpriced product low quality good value money,47,7
3664,Great value for money. Fast delivery and excellent packaging. Great shipping!,2024-04-07,Twitter,Kololo,positive,great value money fast delivery excellent packaging great shipping,66,9
3665,Very satisfied with my purchase. Great quality and fast delivery.,2024-02-13,WhatsApp,Makindye,positive,satisfied purchase great quality fast delivery,46,6
3666,Product was defective but they refused to refund. Bad business.,2023-04-15,WhatsApp,Muyenga,negative,product defective refused refund bad business,45,6
3667,Standard business service. Acceptable but not exceptional.,2024-01-20,WhatsApp,Central,neutral,standard business service acceptable exceptional,48,5
3668,Outstanding quality and service. Will definitely shop here again. Located in Kampala.,2024-06-29,Website,Central,positive,outstanding quality service definitely shop located kampala,59,7
3669,Outstanding quality and service. Will definitely shop here again.,2023-08-24,Twitter,Bukoto,positive,outstanding quality service definitely shop,43,5
3670,Great prices and even better service. Highly recommend this business! Located in Nakawa.,2023-09-05,Facebook,Kololo,positive,great price even better service highly recommend business located nakawa,72,10
3671,Standard delivery time. Product quality is average. Located in Nakawa.,2024-11-12,Website,Kawempe,neutral,standard delivery time product quality average located nakawa,61,8
3672,Outstanding service! The staff was very helpful and friendly. Located in Makindye.,2023-10-18,Twitter,Bukoto,positive,outstanding service staff helpful friendly located makindye,59,7
3673,Okay experience. Nothing to complain about but not impressed either.,2023-10-21,Instagram,Kampala,neutral,okay experience nothing complain impressed either,49,6
3674,Product was damaged on arrival. Poor packaging quality.,2023-11-14,WhatsApp,Kololo,negative,product damaged arrival poor packaging quality,46,6
3675,Quick response time and excellent customer care. Highly recommended!,2024-09-04,Facebook,Lubaga,positive,quick response time excellent customer care highly recommended,62,8
3676,Best shopping experience! Quality products and great prices. Great service!,2023-11-23,Google,Kawempe,positive,best shopping experience quality product great price great service,66,9
3677,Excellent business! Highly professional and reliable.,2024-05-21,Twitter,Kololo,positive,excellent business highly professional reliable,47,5
3678,Product is okay. Nothing special but serves its purpose. Located in Nakawa.,2023-10-03,WhatsApp,Central,neutral,product okay nothing special serf purpose located nakawa,56,8
3679,Amazing service! The team went above and beyond to help me.,2024-02-12,Google,Makindye,positive,amazing service team went beyond help,37,6
3680,Great experience from start to finish. Will shop here again!,2023-10-23,Instagram,Muyenga,positive,great experience start finish shop,34,5
3681,Product works fine. Decent quality for the price paid.,2024-08-13,Twitter,Kawempe,neutral,product work fine decent quality price paid,43,7
3682,Average quality products. Functional but not impressive.,2024-11-09,Google,Muyenga,neutral,average quality product functional impressive,45,5
3683,"Fast delivery, good quality, fair prices. What more could you ask for?",2024-09-11,Instagram,Lubaga,positive,fast delivery good quality fair price could ask,47,8
3684,Excellent communication and fast delivery. Highly satisfied! Great shop!,2023-09-22,Google,Makindye,positive,excellent communication fast delivery highly satisfied great shop,65,8
3685,Top quality products at reasonable prices. Highly recommended! Located in Ntinda. Great service!,2023-03-29,Google,Lubaga,positive,top quality product reasonable price highly recommended located ntinda great service,84,11
3686,Great experience overall. Will be a returning customer. Great restaurant!,2024-07-16,Facebook,Kololo,positive,great experience overall returning customer great restaurant,60,7
3687,Great products at affordable prices. Very satisfied with my purchase. Great store!,2024-07-03,Twitter,Muyenga,positive,great product affordable price satisfied purchase great store,61,8
3688,Best prices in Nakawa area. Great value for money. Located in Kawempe. Great packaging!,2024-05-30,Twitter,Kampala,positive,best price nakawa area great value money located kawempe great packaging,72,11
3689,Would not buy from here again. Poor experience overall.,2024-07-05,Instagram,Kampala,negative,would buy poor experience overall,33,5
3690,Excellent customer support. They responded quickly to my questions.,2024-11-30,Website,Kololo,positive,excellent customer support responded quickly question,53,6
3691,Disappointing experience. Would not recommend this shop. Great experience!,2024-09-17,WhatsApp,Kawempe,negative,disappointing experience would recommend shop great experience,62,7
3692,Product works fine. Decent quality for the price paid. Located in Kawempe.,2024-11-07,Website,Bukoto,neutral,product work fine decent quality price paid located kawempe,59,9
3693,Okay service. Nothing special but gets the job done.,2023-10-15,Twitter,Kampala,neutral,okay service nothing special get job done,41,7
3694,Professional service and high-quality products. Very happy!,2023-03-06,Google,Kawempe,positive,professional service high quality product happy,47,6
3695,Fair prices and acceptable quality. Nothing outstanding.,2024-08-31,Twitter,Muyenga,neutral,fair price acceptable quality nothing outstanding,49,6
3696,Very slow delivery. Took over a week to arrive in Kampala.,2023-01-29,WhatsApp,Central,negative,slow delivery took week arrive kampala,38,6
3697,Best shop in Kawempe. Quality products and great service.,2023-01-08,Website,Central,positive,best shop kawempe quality product great service,47,7
3698,Product broke after just one week of use. Very poor quality.,2023-03-02,Google,Nakawa,negative,product broke one week use poor quality,39,7
3699,"Outstanding business! Professional, reliable, and customer-focused. Located in Makindye.",2023-05-17,Facebook,Nakawa,positive,outstanding business professional reliable customer focused located makindye,76,8
3700,Outstanding service! The staff was very helpful and friendly. Great order!,2024-08-05,Google,Makindye,positive,outstanding service staff helpful friendly great order,54,7
3701,Best shop in Kawempe. Quality products and great service.,2023-02-19,Facebook,Muyenga,positive,best shop kawempe quality product great service,47,7
3702,Top quality products at reasonable prices. Highly recommended!,2024-10-12,Twitter,Kawempe,positive,top quality product reasonable price highly recommended,55,7
3703,Great value for money. Fast delivery and excellent packaging.,2023-11-06,WhatsApp,Bukoto,positive,great value money fast delivery excellent packaging,51,7
3704,Great experience overall. Will be a returning customer. Located in Makindye.,2024-07-26,Twitter,Central,positive,great experience overall returning customer located makindye,60,7
3705,Outstanding service! The staff was very helpful and friendly.,2024-03-05,Google,Lubaga,positive,outstanding service staff helpful friendly,42,5
3706,Love the product quality. Fast shipping and good packaging.,2024-02-29,WhatsApp,Muyenga,positive,love product quality fast shipping good packaging,49,7
3707,"Fast delivery, good quality, fair prices. What more could you ask for?",2024-09-01,Instagram,Ntinda,positive,fast delivery good quality fair price could ask,47,8
3708,Decent service. No major complaints but nothing impressive.,2024-11-12,Twitter,Central,neutral,decent service major complaint nothing impressive,49,6
3709,Customer service needs major improvement. Very unprofessional.,2023-06-15,Website,Ntinda,negative,customer service need major improvement unprofessional,54,6
3710,Average experience overall. Product is fine but not great. Great staff!,2023-06-21,Instagram,Bukoto,neutral,average experience overall product fine great great staff,57,8
3711,Excellent customer support. They responded quickly to my questions. Great experience!,2023-08-28,WhatsApp,Bukoto,positive,excellent customer support responded quickly question great experience,70,8
3712,Great business with excellent customer care. Very professional. Located in Kawempe.,2024-02-21,Facebook,Kawempe,positive,great business excellent customer care professional located kawempe,67,8
3713,Excellent communication and fast delivery. Highly satisfied! Located in Kampala.,2023-01-02,Facebook,Kawempe,positive,excellent communication fast delivery highly satisfied located kampala,70,8
3714,Product was damaged on arrival. Poor packaging quality.,2023-12-09,Facebook,Kololo,negative,product damaged arrival poor packaging quality,46,6
3715,Excellent business! Highly professional and reliable. Located in Nakawa.,2024-08-22,Google,Kampala,positive,excellent business highly professional reliable located nakawa,62,7
3716,Best customer service I've experienced. Products are top quality.,2023-10-20,Website,Central,positive,best customer service experienced product top quality,53,7
3717,Great value for money. Fast delivery and excellent packaging. Located in Makindye.,2024-05-05,Google,Lubaga,positive,great value money fast delivery excellent packaging located makindye,68,9
3718,Product didn't work as expected. Waste of money.,2024-03-14,Instagram,Kololo,negative,product work expected waste money,33,5
3719,Top-notch quality. Exceeded my expectations completely.,2023-08-27,WhatsApp,Kawempe,positive,top notch quality exceeded expectation completely,49,6
3720,Best customer service I've experienced. Products are top quality.,2023-09-16,Instagram,Lubaga,positive,best customer service experienced product top quality,53,7
3721,Top quality products at reasonable prices. Highly recommended! Located in Nakawa.,2024-01-25,Twitter,Muyenga,positive,top quality product reasonable price highly recommended located nakawa,70,9
3722,Outstanding quality and service. Will definitely shop here again. Located in Kampala.,2024-01-12,Twitter,Kampala,positive,outstanding quality service definitely shop located kampala,59,7
3723,Standard quality. Nothing to complain about or praise. Located in Makindye.,2023-08-05,Instagram,Kawempe,neutral,standard quality nothing complain praise located makindye,57,7
3724,Love the product quality. Fast shipping and good packaging.,2023-10-21,Twitter,Ntinda,positive,love product quality fast shipping good packaging,49,7
3725,Amazing experience! The product arrived on time and in perfect condition.,2024-03-08,Website,Nakawa,positive,amazing experience product arrived time perfect condition,57,7
3726,Best shop in Kawempe. Quality products and great service.,2024-04-04,Instagram,Central,positive,best shop kawempe quality product great service,47,7
3727,Great experience from start to finish. Will shop here again!,2024-03-15,Instagram,Makindye,positive,great experience start finish shop,34,5
3728,Top-notch quality. Exceeded my expectations completely.,2023-04-15,Facebook,Kawempe,positive,top notch quality exceeded expectation completely,49,6
3729,Standard delivery time. Product quality is average.,2024-01-31,Website,Makindye,neutral,standard delivery time product quality average,46,6
3730,Amazing experience! The product arrived on time and in perfect condition. Located in Muyenga.,2023-06-13,Website,Ntinda,positive,amazing experience product arrived time perfect condition located muyenga,73,9
3731,Fair value for money. Quality is acceptable but not premium. Great product!,2023-08-21,Website,Ntinda,neutral,fair value money quality acceptable premium great product,57,8
3732,Not satisfied at all. Product quality is below standard.,2024-08-29,Google,Muyenga,negative,satisfied product quality standard,34,4
3733,Best prices in Nakawa area. Great value for money. Located in Makindye.,2023-10-11,Website,Lubaga,positive,best price nakawa area great value money located makindye,57,9
3734,Terrible customer service. No help when I had an issue. Great price!,2024-08-06,Facebook,Nakawa,negative,terrible customer service help issue great price,48,7
3735,Fair experience overall. Nothing exceptional but acceptable.,2023-11-23,Twitter,Kololo,neutral,fair experience overall nothing exceptional acceptable,54,6
3736,Outstanding quality and service. Will definitely shop here again.,2024-10-06,WhatsApp,Ntinda,positive,outstanding quality service definitely shop,43,5
3737,Excellent communication and fast delivery. Highly satisfied! Located in Bukoto.,2024-05-28,Google,Nakawa,positive,excellent communication fast delivery highly satisfied located bukoto,69,8
3738,Average quality products. Functional but not impressive.,2023-11-01,Facebook,Kawempe,neutral,average quality product functional impressive,45,5
3739,Excellent customer support. They responded quickly to my questions. Located in Kololo. Great shipping!,2023-10-09,WhatsApp,Kawempe,positive,excellent customer support responded quickly question located kololo great shipping,83,10
3740,Best shop in Kawempe. Quality products and great service. Located in Makindye.,2023-07-17,Google,Muyenga,positive,best shop kawempe quality product great service located makindye,64,9
3741,Love shopping here! Always get great deals and quality products. Great order!,2023-09-08,Twitter,Muyenga,positive,love shopping always get great deal quality product great order,63,10
3742,Very satisfied with my purchase. Great quality and fast delivery. Located in Kawempe.,2024-10-05,Instagram,Kampala,positive,satisfied purchase great quality fast delivery located kawempe,62,8
3743,"Fast shipping, good quality, and excellent customer support. Located in Ntinda.",2023-10-18,WhatsApp,Central,positive,fast shipping good quality excellent customer support located ntinda,68,9
3744,Terrible experience. Would not recommend this business to anyone.,2023-02-20,Google,Muyenga,negative,terrible experience would recommend business anyone,51,6
3745,Best prices in Nakawa area. Great value for money.,2024-11-08,Twitter,Lubaga,positive,best price nakawa area great value money,40,7
3746,"Fast delivery, good quality, fair prices. What more could you ask for? Great delivery!",2024-04-15,Facebook,Kawempe,positive,fast delivery good quality fair price could ask great delivery,62,10
3747,Delivery was on time. Product is as expected.,2024-01-07,Instagram,Central,neutral,delivery time product expected,30,4
3748,Love the product quality. Fast shipping and good packaging.,2024-08-06,Facebook,Lubaga,positive,love product quality fast shipping good packaging,49,7
3749,"Outstanding business! Professional, reliable, and customer-focused.",2024-11-22,Facebook,Kololo,positive,outstanding business professional reliable customer focused,59,6
3750,Best shop in Kawempe. Quality products and great service. Located in Lubaga.,2024-01-23,Twitter,Ntinda,positive,best shop kawempe quality product great service located lubaga,62,9
3751,Very satisfied with my purchase. Great quality and fast delivery. Located in Central. Great price!,2023-04-03,Instagram,Kampala,positive,satisfied purchase great quality fast delivery located central great price,74,10
3752,Standard delivery time. Product quality is average.,2024-09-25,Facebook,Lubaga,neutral,standard delivery time product quality average,46,6
3753,Poor value for money. Better options available elsewhere.,2023-11-02,Facebook,Muyenga,negative,poor value money better option available elsewhere,50,7
3754,Standard service. No complaints but nothing exceptional either.,2024-08-01,Instagram,Central,neutral,standard service complaint nothing exceptional either,53,6
3755,Love shopping here! Always get great deals and quality products. Located in Muyenga.,2024-11-25,Twitter,Kololo,positive,love shopping always get great deal quality product located muyenga,67,10
3756,Product works fine. Decent quality for the price paid.,2024-02-11,Google,Lubaga,neutral,product work fine decent quality price paid,43,7
3757,Amazing quality products. Will definitely buy again from this shop.,2023-03-21,Website,Muyenga,positive,amazing quality product definitely buy shop,43,6
3758,Professional service and high-quality products. Very happy! Located in Kawempe. Great order!,2023-10-07,Instagram,Kawempe,positive,professional service high quality product happy located kawempe great order,75,10
3759,Product broke after just one week of use. Very poor quality. Great staff!,2023-03-06,Facebook,Kololo,negative,product broke one week use poor quality great staff,51,9
3760,Very satisfied with my purchase. Great quality and fast delivery. Located in Bukoto.,2023-09-07,Google,Makindye,positive,satisfied purchase great quality fast delivery located bukoto,61,8
3761,Great experience from start to finish. Will shop here again! Located in Kawempe.,2023-12-17,Instagram,Kampala,positive,great experience start finish shop located kawempe,50,7
3762,Great products at affordable prices. Very satisfied with my purchase.,2024-01-05,Google,Kawempe,positive,great product affordable price satisfied purchase,49,6
3763,Excellent customer support. They responded quickly to my questions.,2023-04-12,Website,Makindye,positive,excellent customer support responded quickly question,53,6
3764,Poor value for money. Better options available elsewhere. Located in Lubaga.,2024-10-25,Website,Lubaga,negative,poor value money better option available elsewhere located lubaga,65,9
3765,Professional service and high-quality products. Very happy!,2024-11-20,Website,Kampala,positive,professional service high quality product happy,47,6
3766,Customer service is terrible. No one responds to complaints.,2023-09-05,Website,Nakawa,negative,customer service terrible one responds complaint,48,6
3767,Best customer service I've experienced. Products are top quality. Located in Ntinda. Great support!,2024-07-03,Instagram,Nakawa,positive,best customer service experienced product top quality located ntinda great support,82,11
3768,Great experience from start to finish. Will shop here again! Located in Muyenga.,2024-08-11,Instagram,Kololo,positive,great experience start finish shop located muyenga,50,7
3769,Great products at affordable prices. Very satisfied with my purchase.,2023-12-05,Facebook,Lubaga,positive,great product affordable price satisfied purchase,49,6
3770,Product is okay. Nothing special but serves its purpose.,2023-08-10,Instagram,Ntinda,neutral,product okay nothing special serf purpose,41,6
3771,Great service! Very fast delivery in Kampala. Highly recommend! Located in Muyenga.,2024-09-17,Facebook,Bukoto,positive,great service fast delivery kampala highly recommend located muyenga,68,9
3772,Amazing quality products. Will definitely buy again from this shop. Located in Lubaga.,2024-12-05,Twitter,Kololo,positive,amazing quality product definitely buy shop located lubaga,58,8
3773,Excellent products and service. Best in the area! Located in Bukoto.,2024-10-24,Twitter,Nakawa,positive,excellent product service best area located bukoto,50,7
3774,Standard experience. Product does what it needs to do.,2024-05-16,Instagram,Muyenga,neutral,standard experience product need,32,4
3775,Great products at affordable prices. Very satisfied with my purchase. Great service!,2023-10-16,Twitter,Kololo,positive,great product affordable price satisfied purchase great service,63,8
3776,"Fast shipping, good quality, and excellent customer support.",2023-08-23,Twitter,Makindye,positive,fast shipping good quality excellent customer support,53,7
3777,Average product quality. Meets basic needs adequately.,2024-10-25,Instagram,Kampala,neutral,average product quality meet basic need adequately,50,7
3778,Poor quality products. Broke within days of purchase. Located in Lubaga.,2023-11-17,Google,Nakawa,negative,poor quality product broke within day purchase located lubaga,61,9
3779,"Fast delivery, good quality, fair prices. What more could you ask for? Great service!",2023-07-20,WhatsApp,Bukoto,positive,fast delivery good quality fair price could ask great service,61,10
3780,Decent quality products. Price is fair for what you receive. Great quality!,2023-07-08,Website,Kawempe,neutral,decent quality product price fair receive great quality,55,8
3781,Standard delivery. Product works but quality is average.,2024-07-18,Website,Bukoto,neutral,standard delivery product work quality average,46,6
3782,Great service! Very fast delivery in Kampala. Highly recommend! Located in Ntinda.,2024-09-22,WhatsApp,Kololo,positive,great service fast delivery kampala highly recommend located ntinda,67,9
3783,Amazing experience! The product arrived on time and in perfect condition. Located in Kawempe. Great store!,2023-10-08,Facebook,Kololo,positive,amazing experience product arrived time perfect condition located kawempe great store,85,11
3784,Amazing service! The team went above and beyond to help me. Great store!,2024-03-10,WhatsApp,Ntinda,positive,amazing service team went beyond help great store,49,8
3785,"Fast delivery, good quality, fair prices. What more could you ask for? Great shop!",2023-01-03,Google,Kololo,positive,fast delivery good quality fair price could ask great shop,58,10
3786,Great experience overall. Will be a returning customer.,2024-12-07,WhatsApp,Lubaga,positive,great experience overall returning customer,43,5
3787,Outstanding service! The staff was very helpful and friendly. Located in Lubaga. Great price!,2024-12-26,Website,Kampala,positive,outstanding service staff helpful friendly located lubaga great price,69,9
3788,Best shop in Kawempe. Quality products and great service. Located in Kololo.,2024-04-23,Twitter,Makindye,positive,best shop kawempe quality product great service located kololo,62,9
3789,"Outstanding business! Professional, reliable, and customer-focused.",2024-01-09,Instagram,Bukoto,positive,outstanding business professional reliable customer focused,59,6
3790,Product works fine. Decent quality for the price paid. Located in Lubaga.,2023-11-13,WhatsApp,Bukoto,neutral,product work fine decent quality price paid located lubaga,58,9
3791,Delivery issues. Package arrived late and damaged.,2023-01-25,Instagram,Central,negative,delivery issue package arrived late damaged,43,6
3792,Great experience from start to finish. Will shop here again! Located in Central. Great quality!,2024-10-09,Facebook,Ntinda,positive,great experience start finish shop located central great quality,64,9
3793,Professional service and high-quality products. Very happy!,2023-01-12,Website,Ntinda,positive,professional service high quality product happy,47,6
3794,Product is fine. Meets expectations without exceeding them. Located in Lubaga.,2024-08-22,Facebook,Lubaga,neutral,product fine meet expectation without exceeding located lubaga,62,8
3795,Poor value for money. Better options available elsewhere. Located in Lubaga.,2023-12-14,Facebook,Makindye,negative,poor value money better option available elsewhere located lubaga,65,9
3796,Decent value. Product works as expected.,2024-08-25,Website,Lubaga,neutral,decent value product work expected,34,5
3797,Love the product quality. Fast shipping and good packaging. Located in Ntinda. Great order!,2024-05-11,Instagram,Central,positive,love product quality fast shipping good packaging located ntinda great order,76,11
3798,Best shop in Kawempe. Quality products and great service. Located in Kawempe. Great staff!,2023-02-25,Instagram,Makindye,positive,best shop kawempe quality product great service located kawempe great staff,75,11
3799,Professional service and high-quality products. Very happy!,2024-01-02,Facebook,Muyenga,positive,professional service high quality product happy,47,6
3800,Very satisfied with my purchase. Great quality and fast delivery.,2023-09-18,WhatsApp,Kawempe,positive,satisfied purchase great quality fast delivery,46,6
3801,Very disappointed. Product quality is poor and service is worse. Located in Kololo.,2023-02-08,Twitter,Kololo,negative,disappointed product quality poor service worse located kololo,62,8
3802,Product didn't work as expected. Waste of money. Located in Makindye.,2024-06-19,Instagram,Nakawa,negative,product work expected waste money located makindye,50,7
3803,Customer service was unresponsive. Had to wait days for a reply. Located in Makindye.,2023-08-27,Google,Bukoto,negative,customer service unresponsive wait day reply located makindye,61,8
3804,"Outstanding business! Professional, reliable, and customer-focused.",2024-09-19,WhatsApp,Makindye,positive,outstanding business professional reliable customer focused,59,6
3805,Excellent business! Highly professional and reliable.,2024-05-14,Facebook,Kawempe,positive,excellent business highly professional reliable,47,5
3806,Great experience from start to finish. Will shop here again!,2023-08-08,Website,Lubaga,positive,great experience start finish shop,34,5
3807,Great products at affordable prices. Very satisfied with my purchase. Great shop!,2024-02-02,Facebook,Lubaga,positive,great product affordable price satisfied purchase great shop,60,8
3808,Professional service and high-quality products. Very happy! Located in Muyenga.,2024-06-13,Instagram,Muyenga,positive,professional service high quality product happy located muyenga,63,8
3809,Poor packaging led to damaged goods. Very unprofessional. Located in Kampala.,2024-10-23,WhatsApp,Ntinda,negative,poor packaging led damaged good unprofessional located kampala,62,8
3810,Amazing quality products. Will definitely buy again from this shop. Located in Central.,2023-02-11,Google,Kampala,positive,amazing quality product definitely buy shop located central,59,8
3811,"Fast shipping, good quality, and excellent customer support.",2024-08-23,Instagram,Nakawa,positive,fast shipping good quality excellent customer support,53,7
3812,Overpriced compared to other shops in Nakawa area. Located in Bukoto. Great business!,2023-06-17,Instagram,Kampala,negative,overpriced compared shop nakawa area located bukoto great business,66,9
3813,Best shop in Kawempe. Quality products and great service.,2023-12-29,Website,Lubaga,positive,best shop kawempe quality product great service,47,7
3814,Excellent business! Highly professional and reliable. Great packaging!,2024-09-28,Google,Ntinda,positive,excellent business highly professional reliable great packaging,63,7
3815,Very satisfied with my purchase. Great quality and fast delivery. Great business!,2024-11-17,Twitter,Makindye,positive,satisfied purchase great quality fast delivery great business,61,8
3816,Outstanding service! The staff was very helpful and friendly. Located in Kampala.,2023-03-14,Twitter,Nakawa,positive,outstanding service staff helpful friendly located kampala,58,7
3817,Fair experience overall. Nothing exceptional but acceptable. Located in Central.,2024-08-20,Facebook,Makindye,neutral,fair experience overall nothing exceptional acceptable located central,70,8
3818,Overpriced compared to other shops in Nakawa area. Great customer!,2023-11-10,Instagram,Nakawa,negative,overpriced compared shop nakawa area great customer,51,7
3819,Amazing experience! The product arrived on time and in perfect condition.,2023-03-16,Google,Bukoto,positive,amazing experience product arrived time perfect condition,57,7
3820,Quick response time and excellent customer care. Highly recommended!,2023-01-17,Twitter,Ntinda,positive,quick response time excellent customer care highly recommended,62,8
3821,Decent service. No major complaints but nothing impressive. Located in Lubaga.,2023-11-07,Facebook,Central,neutral,decent service major complaint nothing impressive located lubaga,64,8
3822,"Fast delivery, good quality, fair prices. What more could you ask for?",2024-09-11,Instagram,Kawempe,positive,fast delivery good quality fair price could ask,47,8
3823,Great experience from start to finish. Will shop here again!,2024-01-02,Facebook,Kawempe,positive,great experience start finish shop,34,5
3824,"Outstanding business! Professional, reliable, and customer-focused. Located in Central.",2023-04-07,WhatsApp,Kawempe,positive,outstanding business professional reliable customer focused located central,75,8
3825,Excellent communication and fast delivery. Highly satisfied!,2024-07-01,Google,Kawempe,positive,excellent communication fast delivery highly satisfied,54,6
3826,Top-notch quality. Exceeded my expectations completely. Great order!,2024-09-27,Google,Kampala,positive,top notch quality exceeded expectation completely great order,61,8
3827,Amazing service! The team went above and beyond to help me.,2024-11-05,Instagram,Lubaga,positive,amazing service team went beyond help,37,6
3828,Amazing experience! The product arrived on time and in perfect condition. Located in Nakawa.,2024-02-17,Facebook,Bukoto,positive,amazing experience product arrived time perfect condition located nakawa,72,9
3829,Love shopping here! Always get great deals and quality products.,2024-01-27,Instagram,Lubaga,positive,love shopping always get great deal quality product,51,8
3830,Love shopping here! Always get great deals and quality products. Located in Kololo. Great experience!,2024-04-06,Google,Makindye,positive,love shopping always get great deal quality product located kololo great experience,83,12
3831,Great prices and even better service. Highly recommend this business! Great price!,2023-12-07,Instagram,Kololo,positive,great price even better service highly recommend business great price,69,10
3832,Average product quality. Meets basic expectations.,2023-12-18,Twitter,Nakawa,neutral,average product quality meet basic expectation,46,6
3833,Okay service. Nothing special but gets the job done.,2023-04-06,Google,Kawempe,neutral,okay service nothing special get job done,41,7
3834,Product is okay. Nothing special but serves its purpose. Located in Kawempe.,2024-03-19,WhatsApp,Central,neutral,product okay nothing special serf purpose located kawempe,57,8
3835,Great value for money. Fast delivery and excellent packaging. Great staff!,2024-06-09,Website,Kampala,positive,great value money fast delivery excellent packaging great staff,63,9
3836,Fair experience overall. Nothing exceptional but acceptable.,2023-04-21,Twitter,Nakawa,neutral,fair experience overall nothing exceptional acceptable,54,6
3837,Excellent products and service. Best in the area!,2023-10-25,Facebook,Ntinda,positive,excellent product service best area,35,5
3838,Professional service and high-quality products. Very happy! Located in Kawempe.,2023-11-19,Google,Kawempe,positive,professional service high quality product happy located kawempe,63,8
3839,Top-notch quality. Exceeded my expectations completely.,2024-04-09,Facebook,Central,positive,top notch quality exceeded expectation completely,49,6
3840,Very satisfied with my purchase. Great quality and fast delivery.,2024-02-23,Website,Bukoto,positive,satisfied purchase great quality fast delivery,46,6
3841,Great service! Very fast delivery in Kampala. Highly recommend!,2024-09-30,Facebook,Kampala,positive,great service fast delivery kampala highly recommend,52,7
3842,Top-notch quality. Exceeded my expectations completely.,2024-04-16,Google,Kololo,positive,top notch quality exceeded expectation completely,49,6
3843,Worst shopping experience. Poor quality and terrible service. Located in Kampala.,2023-12-08,WhatsApp,Nakawa,negative,worst shopping experience poor quality terrible service located kampala,71,9
3844,Decent value. Product works as expected.,2023-08-24,Website,Muyenga,neutral,decent value product work expected,34,5
3845,Great products at affordable prices. Very satisfied with my purchase.,2023-02-06,Website,Kampala,positive,great product affordable price satisfied purchase,49,6
3846,Product is fine. Meets expectations without exceeding them. Located in Ntinda.,2024-12-16,Website,Central,neutral,product fine meet expectation without exceeding located ntinda,62,8
3847,Average quality. Price is reasonable for what you get. Located in Muyenga.,2023-07-16,Instagram,Muyenga,neutral,average quality price reasonable get located muyenga,52,7
3848,Excellent products and service. Best in the area! Great order!,2024-10-12,Facebook,Ntinda,positive,excellent product service best area great order,47,7
3849,Very disappointed with the quality. Not worth the money paid. Great staff!,2023-02-21,Website,Bukoto,negative,disappointed quality worth money paid great staff,49,7
3850,Okay experience. Nothing to complain about but not impressed either.,2023-09-14,Facebook,Nakawa,neutral,okay experience nothing complain impressed either,49,6
3851,Outstanding service! The staff was very helpful and friendly. Great packaging!,2024-08-25,Twitter,Lubaga,positive,outstanding service staff helpful friendly great packaging,58,7
3852,Customer service is terrible. No one responds to complaints.,2024-04-16,Google,Kawempe,negative,customer service terrible one responds complaint,48,6
3853,Great products at affordable prices. Very satisfied with my purchase.,2023-07-27,Instagram,Lubaga,positive,great product affordable price satisfied purchase,49,6
3854,Quick response time and excellent customer care. Highly recommended!,2024-12-01,Facebook,Ntinda,positive,quick response time excellent customer care highly recommended,62,8
3855,Average product quality. Meets basic expectations.,2023-05-20,Twitter,Lubaga,neutral,average product quality meet basic expectation,46,6
3856,Professional service and high-quality products. Very happy!,2024-07-19,Twitter,Bukoto,positive,professional service high quality product happy,47,6
3857,Best shop in Kawempe. Quality products and great service. Great delivery!,2023-09-28,Instagram,Kololo,positive,best shop kawempe quality product great service great delivery,62,9
3858,Decent quality products. Price is fair for what you receive.,2023-11-12,Facebook,Makindye,neutral,decent quality product price fair receive,41,6
3859,Love the product quality. Fast shipping and good packaging. Located in Nakawa.,2024-09-24,Twitter,Ntinda,positive,love product quality fast shipping good packaging located nakawa,64,9
3860,Fair experience overall. Nothing exceptional but acceptable. Located in Lubaga.,2023-12-07,Facebook,Kololo,neutral,fair experience overall nothing exceptional acceptable located lubaga,69,8
3861,Average experience overall. Product is fine but not great. Located in Lubaga.,2024-05-25,Website,Ntinda,neutral,average experience overall product fine great located lubaga,60,8
3862,Great products at affordable prices. Very satisfied with my purchase.,2024-06-11,Twitter,Ntinda,positive,great product affordable price satisfied purchase,49,6
3863,Great experience overall. Will be a returning customer.,2024-09-17,WhatsApp,Ntinda,positive,great experience overall returning customer,43,5
3864,Excellent products and service. Best in the area! Located in Kololo.,2023-09-26,Google,Makindye,positive,excellent product service best area located kololo,50,7
3865,Amazing quality products. Will definitely buy again from this shop. Located in Ntinda. Great shop!,2024-07-24,Website,Kawempe,positive,amazing quality product definitely buy shop located ntinda great shop,69,10
3866,Amazing quality products. Will definitely buy again from this shop.,2024-06-05,Instagram,Makindye,positive,amazing quality product definitely buy shop,43,6
3867,Quick response time and excellent customer care. Highly recommended!,2024-05-01,Website,Bukoto,positive,quick response time excellent customer care highly recommended,62,8
3868,Top-notch quality. Exceeded my expectations completely. Located in Kawempe.,2024-06-17,Instagram,Muyenga,positive,top notch quality exceeded expectation completely located kawempe,65,8
3869,Product was defective but they refused to refund. Bad business. Located in Nakawa. Great purchase!,2024-02-29,Google,Bukoto,negative,product defective refused refund bad business located nakawa great purchase,75,10
3870,Very satisfied with my purchase. Great quality and fast delivery. Great experience!,2024-11-23,Google,Ntinda,positive,satisfied purchase great quality fast delivery great experience,63,8
3871,Average product quality. Meets basic expectations. Located in Central. Great delivery!,2023-06-15,WhatsApp,Central,neutral,average product quality meet basic expectation located central great delivery,77,10
3872,"Outstanding business! Professional, reliable, and customer-focused.",2024-11-30,Google,Makindye,positive,outstanding business professional reliable customer focused,59,6
3873,Very satisfied with my purchase. Great quality and fast delivery. Great service!,2023-01-14,Facebook,Ntinda,positive,satisfied purchase great quality fast delivery great service,60,8
3874,Excellent customer support. They responded quickly to my questions.,2023-06-29,Facebook,Nakawa,positive,excellent customer support responded quickly question,53,6
3875,Fair prices and acceptable quality. Nothing outstanding.,2024-10-17,Twitter,Lubaga,neutral,fair price acceptable quality nothing outstanding,49,6
3876,Best customer service I've experienced. Products are top quality. Great service!,2024-07-25,Facebook,Nakawa,positive,best customer service experienced product top quality great service,67,9
3877,Excellent business! Highly professional and reliable.,2023-07-27,Website,Muyenga,positive,excellent business highly professional reliable,47,5
3878,Excellent customer support. They responded quickly to my questions.,2024-11-24,WhatsApp,Central,positive,excellent customer support responded quickly question,53,6
3879,Standard quality. Nothing to complain about or praise. Located in Kampala.,2023-04-21,Facebook,Nakawa,neutral,standard quality nothing complain praise located kampala,56,7
3880,Great value for money. Fast delivery and excellent packaging.,2023-02-28,Instagram,Nakawa,positive,great value money fast delivery excellent packaging,51,7
3881,Great experience from start to finish. Will shop here again!,2024-04-27,Google,Nakawa,positive,great experience start finish shop,34,5
3882,Okay experience. Nothing to complain about but not impressed either.,2024-03-03,Instagram,Lubaga,neutral,okay experience nothing complain impressed either,49,6
3883,Top-notch quality. Exceeded my expectations completely.,2023-05-28,Facebook,Kololo,positive,top notch quality exceeded expectation completely,49,6
3884,Amazing service! The team went above and beyond to help me.,2023-12-25,Website,Kololo,positive,amazing service team went beyond help,37,6
3885,Great prices and even better service. Highly recommend this business! Located in Muyenga.,2024-10-20,Facebook,Kampala,positive,great price even better service highly recommend business located muyenga,73,10
3886,Love the product quality. Fast shipping and good packaging. Located in Lubaga.,2023-07-04,Facebook,Bukoto,positive,love product quality fast shipping good packaging located lubaga,64,9
3887,Love the product quality. Fast shipping and good packaging. Great product!,2024-05-16,WhatsApp,Ntinda,positive,love product quality fast shipping good packaging great product,63,9
3888,Top quality products at reasonable prices. Highly recommended!,2023-09-28,Google,Bukoto,positive,top quality product reasonable price highly recommended,55,7
3889,Standard service. No complaints but nothing exceptional either. Located in Central.,2024-04-28,Facebook,Makindye,neutral,standard service complaint nothing exceptional either located central,69,8
3890,Product works fine. Decent quality for the price paid. Located in Lubaga.,2023-11-28,Facebook,Lubaga,neutral,product work fine decent quality price paid located lubaga,58,9
3891,Best customer service I've experienced. Products are top quality.,2023-06-23,Twitter,Lubaga,positive,best customer service experienced product top quality,53,7
3892,Standard delivery. Product works but quality is average. Located in Makindye.,2023-03-10,WhatsApp,Kololo,neutral,standard delivery product work quality average located makindye,63,8
3893,Excellent customer support. They responded quickly to my questions.,2024-08-13,Instagram,Central,positive,excellent customer support responded quickly question,53,6
3894,Professional service and high-quality products. Very happy!,2024-11-10,Google,Makindye,positive,professional service high quality product happy,47,6
3895,Product quality was disappointing. Not as described on the website.,2024-06-17,Facebook,Kawempe,negative,product quality disappointing described website,47,5
3896,Best prices in Nakawa area. Great value for money. Located in Makindye.,2023-05-12,Google,Makindye,positive,best price nakawa area great value money located makindye,57,9
3897,Amazing experience! The product arrived on time and in perfect condition.,2023-01-02,Facebook,Bukoto,positive,amazing experience product arrived time perfect condition,57,7
3898,"Outstanding business! Professional, reliable, and customer-focused.",2023-12-11,Google,Bukoto,positive,outstanding business professional reliable customer focused,59,6
3899,Top-notch quality. Exceeded my expectations completely.,2024-06-13,Google,Central,positive,top notch quality exceeded expectation completely,49,6
3900,Best shop in Kawempe. Quality products and great service. Located in Kampala.,2023-10-16,Website,Kololo,positive,best shop kawempe quality product great service located kampala,63,9
3901,Great products at affordable prices. Very satisfied with my purchase.,2023-07-23,Twitter,Kawempe,positive,great product affordable price satisfied purchase,49,6
3902,Standard experience. Product does what it needs to do. Located in Kawempe. Great product!,2023-12-03,Instagram,Central,neutral,standard experience product need located kawempe great product,62,8
3903,Great prices and even better service. Highly recommend this business!,2023-10-06,Twitter,Lubaga,positive,great price even better service highly recommend business,57,8
3904,Great experience overall. Will be a returning customer. Great staff!,2023-06-18,Google,Bukoto,positive,great experience overall returning customer great staff,55,7
3905,Best prices in Nakawa area. Great value for money.,2023-10-26,WhatsApp,Nakawa,positive,best price nakawa area great value money,40,7
3906,Product broke after just one week of use. Very poor quality.,2024-04-09,Instagram,Kawempe,negative,product broke one week use poor quality,39,7
3907,Great service! Very fast delivery in Kampala. Highly recommend! Located in Nakawa.,2023-01-19,Google,Kololo,positive,great service fast delivery kampala highly recommend located nakawa,67,9
3908,Very satisfied with my purchase. Great quality and fast delivery. Located in Kawempe.,2024-12-04,Facebook,Nakawa,positive,satisfied purchase great quality fast delivery located kawempe,62,8
3909,Product works as expected. No major issues or complaints. Great business!,2024-12-17,Instagram,Kololo,neutral,product work expected major issue complaint great business,58,8
3910,Average product quality. Meets basic expectations. Located in Lubaga.,2024-10-31,Google,Bukoto,neutral,average product quality meet basic expectation located lubaga,61,8
3911,Best prices in Nakawa area. Great value for money.,2024-10-03,Facebook,Ntinda,positive,best price nakawa area great value money,40,7
3912,Average quality products. Functional but not impressive. Located in Ntinda.,2024-01-13,WhatsApp,Bukoto,neutral,average quality product functional impressive located ntinda,60,7
3913,Amazing experience! The product arrived on time and in perfect condition. Located in Kololo. Great restaurant!,2024-10-21,Twitter,Ntinda,positive,amazing experience product arrived time perfect condition located kololo great restaurant,89,11
3914,Okay service. Nothing special but gets the job done. Located in Central.,2023-06-24,WhatsApp,Kololo,neutral,okay service nothing special get job done located central,57,9
3915,Excellent customer support. They responded quickly to my questions.,2024-01-07,Facebook,Kawempe,positive,excellent customer support responded quickly question,53,6
3916,"Fast delivery, good quality, fair prices. What more could you ask for? Located in Muyenga.",2024-02-22,Website,Ntinda,positive,fast delivery good quality fair price could ask located muyenga,63,10
3917,Best shop in Kawempe. Quality products and great service.,2023-10-26,Twitter,Muyenga,positive,best shop kawempe quality product great service,47,7
3918,Excellent products and service. Best in the area!,2023-01-21,Facebook,Kololo,positive,excellent product service best area,35,5
3919,Best shopping experience! Quality products and great prices.,2024-01-04,Facebook,Lubaga,positive,best shopping experience quality product great price,52,7
3920,Love shopping here! Always get great deals and quality products. Great service!,2023-04-03,WhatsApp,Lubaga,positive,love shopping always get great deal quality product great service,65,10
3921,Product works fine. Decent quality for the price paid. Great experience!,2024-11-13,Twitter,Central,neutral,product work fine decent quality price paid great experience,60,9
3922,Top quality products at reasonable prices. Highly recommended!,2023-01-18,Website,Bukoto,positive,top quality product reasonable price highly recommended,55,7
3923,"Fast shipping, good quality, and excellent customer support.",2024-08-17,Twitter,Nakawa,positive,fast shipping good quality excellent customer support,53,7
3924,Great experience from start to finish. Will shop here again!,2023-08-18,Instagram,Ntinda,positive,great experience start finish shop,34,5
3925,Delivery issues. Package arrived late and damaged. Located in Makindye.,2023-11-09,Instagram,Kampala,negative,delivery issue package arrived late damaged located makindye,60,8
3926,Great products at affordable prices. Very satisfied with my purchase.,2024-03-09,Twitter,Nakawa,positive,great product affordable price satisfied purchase,49,6
3927,Love shopping here! Always get great deals and quality products. Located in Central.,2023-05-12,Twitter,Makindye,positive,love shopping always get great deal quality product located central,67,10
3928,Great products at affordable prices. Very satisfied with my purchase.,2023-11-16,Instagram,Nakawa,positive,great product affordable price satisfied purchase,49,6
3929,"Outstanding business! Professional, reliable, and customer-focused.",2023-07-09,Twitter,Kololo,positive,outstanding business professional reliable customer focused,59,6
3930,Okay delivery time. Product is functional and usable.,2024-11-01,WhatsApp,Kawempe,neutral,okay delivery time product functional usable,44,6
3931,Standard delivery. Product works but quality is average. Located in Kampala.,2023-06-24,Website,Lubaga,neutral,standard delivery product work quality average located kampala,62,8
3932,Best customer service I've experienced. Products are top quality. Located in Makindye.,2024-11-18,Twitter,Makindye,positive,best customer service experienced product top quality located makindye,70,9
3933,Very satisfied with my purchase. Great quality and fast delivery. Located in Muyenga.,2024-06-25,Instagram,Central,positive,satisfied purchase great quality fast delivery located muyenga,62,8
3934,Excellent business! Highly professional and reliable. Great shipping!,2023-11-28,Google,Kololo,positive,excellent business highly professional reliable great shipping,62,7
3935,Okay product quality. Price matches the value received.,2023-11-15,Facebook,Ntinda,neutral,okay product quality price match value received,47,7
3936,Overpriced compared to other shops in Nakawa area.,2023-06-01,Facebook,Bukoto,negative,overpriced compared shop nakawa area,36,5
3937,Amazing service! The team went above and beyond to help me. Located in Kampala.,2024-01-16,Twitter,Muyenga,positive,amazing service team went beyond help located kampala,53,8
3938,Okay service. Product meets basic requirements. Located in Ntinda.,2024-12-21,Google,Makindye,neutral,okay service product meet basic requirement located ntinda,58,8
3939,Excellent products and service. Best in the area!,2024-08-02,Twitter,Kawempe,positive,excellent product service best area,35,5
3940,Product broke after just one week of use. Very poor quality. Located in Nakawa.,2024-06-17,WhatsApp,Kololo,negative,product broke one week use poor quality located nakawa,54,9
3941,Terrible customer service. No help when I had an issue.,2024-05-21,Website,Nakawa,negative,terrible customer service help issue,36,5
3942,Very satisfied with my purchase. Great quality and fast delivery. Located in Lubaga.,2023-03-16,Facebook,Kampala,positive,satisfied purchase great quality fast delivery located lubaga,61,8
3943,Great experience from start to finish. Will shop here again! Great support!,2024-04-17,Google,Lubaga,positive,great experience start finish shop great support,48,7
3944,Best customer service I've experienced. Products are top quality. Great staff!,2023-11-07,Website,Nakawa,positive,best customer service experienced product top quality great staff,65,9
3945,Top quality products at reasonable prices. Highly recommended! Great quality!,2024-12-05,Website,Nakawa,positive,top quality product reasonable price highly recommended great quality,69,9
3946,"Fast shipping, good quality, and excellent customer support. Located in Nakawa.",2024-09-17,Instagram,Bukoto,positive,fast shipping good quality excellent customer support located nakawa,68,9
3947,Product is okay. Nothing special but serves its purpose.,2023-02-24,Facebook,Bukoto,neutral,product okay nothing special serf purpose,41,6
3948,Excellent products and service. Best in the area! Located in Kampala.,2024-03-30,Google,Kampala,positive,excellent product service best area located kampala,51,7
3949,Product was different from what was advertised. Misleading description. Located in Bukoto.,2023-11-17,Facebook,Ntinda,negative,product different advertised misleading description located bukoto,66,7
3950,Very disappointed. Product quality is poor and service is worse. Great customer!,2024-06-16,Google,Muyenga,negative,disappointed product quality poor service worse great customer,62,8
3951,Okay delivery time. Product is functional and usable. Located in Kampala.,2024-07-17,Website,Central,neutral,okay delivery time product functional usable located kampala,60,8
3952,Amazing experience! The product arrived on time and in perfect condition. Great customer!,2024-05-13,WhatsApp,Makindye,positive,amazing experience product arrived time perfect condition great customer,72,9
3953,Best customer service I've experienced. Products are top quality. Great quality!,2024-08-12,Twitter,Kololo,positive,best customer service experienced product top quality great quality,67,9
3954,Decent quality products. Price is fair for what you receive.,2024-02-18,Facebook,Nakawa,neutral,decent quality product price fair receive,41,6
3955,Love the product quality. Fast shipping and good packaging.,2023-12-09,WhatsApp,Makindye,positive,love product quality fast shipping good packaging,49,7
3956,Poor quality products. Broke within days of purchase.,2024-02-20,Instagram,Bukoto,negative,poor quality product broke within day purchase,46,7
3957,"Outstanding business! Professional, reliable, and customer-focused. Located in Nakawa.",2024-01-24,Facebook,Kampala,positive,outstanding business professional reliable customer focused located nakawa,74,8
3958,Okay product quality. Price matches the value received.,2023-06-15,Twitter,Bukoto,neutral,okay product quality price match value received,47,7
3959,Outstanding quality and service. Will definitely shop here again. Located in Central.,2023-05-17,WhatsApp,Kampala,positive,outstanding quality service definitely shop located central,59,7
3960,Best shopping experience! Quality products and great prices. Located in Bukoto. Great packaging!,2023-02-21,Twitter,Makindye,positive,best shopping experience quality product great price located bukoto great packaging,83,11
3961,Excellent customer support. They responded quickly to my questions. Located in Nakawa.,2023-01-16,Instagram,Kampala,positive,excellent customer support responded quickly question located nakawa,68,8
3962,Great experience from start to finish. Will shop here again! Located in Kampala.,2024-10-08,Website,Kampala,positive,great experience start finish shop located kampala,50,7
3963,Okay delivery time. Product is functional and usable.,2023-06-18,WhatsApp,Kawempe,neutral,okay delivery time product functional usable,44,6
3964,Great products at affordable prices. Very satisfied with my purchase.,2023-04-26,Twitter,Kololo,positive,great product affordable price satisfied purchase,49,6
3965,Standard delivery time. Product quality is average.,2023-01-13,Website,Bukoto,neutral,standard delivery time product quality average,46,6
3966,Product works as expected. No major issues or complaints.,2024-09-08,Facebook,Lubaga,neutral,product work expected major issue complaint,43,6
3967,Top quality products at reasonable prices. Highly recommended!,2024-07-10,Google,Kololo,positive,top quality product reasonable price highly recommended,55,7
3968,Product is fine. Meets expectations without exceeding them. Located in Lubaga.,2024-09-03,Website,Muyenga,neutral,product fine meet expectation without exceeding located lubaga,62,8
3969,Poor packaging led to damaged goods. Very unprofessional. Great service!,2024-04-20,Website,Kampala,negative,poor packaging led damaged good unprofessional great service,60,8
3970,Excellent products and service. Best in the area!,2024-01-18,Google,Ntinda,positive,excellent product service best area,35,5
3971,Very satisfied with my purchase. Great quality and fast delivery. Great shipping!,2023-12-31,Google,Kololo,positive,satisfied purchase great quality fast delivery great shipping,61,8
3972,Top quality products at reasonable prices. Highly recommended! Located in Kampala. Great shop!,2023-03-06,WhatsApp,Central,positive,top quality product reasonable price highly recommended located kampala great shop,82,11
3973,Excellent business! Highly professional and reliable. Located in Bukoto.,2024-10-25,Instagram,Kawempe,positive,excellent business highly professional reliable located bukoto,62,7
3974,Outstanding quality and service. Will definitely shop here again. Great price!,2023-04-07,Google,Kololo,positive,outstanding quality service definitely shop great price,55,7
3975,Love shopping here! Always get great deals and quality products.,2024-09-25,Google,Kampala,positive,love shopping always get great deal quality product,51,8
3976,Decent quality products. Price is fair for what you receive.,2024-11-04,Google,Lubaga,neutral,decent quality product price fair receive,41,6
3977,Okay delivery time. Product is functional and usable.,2024-12-23,Website,Muyenga,neutral,okay delivery time product functional usable,44,6
3978,Customer service was unresponsive. Had to wait days for a reply.,2024-08-12,WhatsApp,Ntinda,negative,customer service unresponsive wait day reply,44,6
3979,Love shopping here! Always get great deals and quality products.,2024-05-10,Website,Bukoto,positive,love shopping always get great deal quality product,51,8
3980,Excellent communication and fast delivery. Highly satisfied!,2023-05-14,Google,Kawempe,positive,excellent communication fast delivery highly satisfied,54,6
3981,Worst shopping experience. Poor quality and terrible service. Located in Kawempe. Great staff!,2023-05-30,WhatsApp,Lubaga,negative,worst shopping experience poor quality terrible service located kawempe great staff,83,11
3982,Love the product quality. Fast shipping and good packaging. Located in Kampala. Great shipping!,2023-12-11,WhatsApp,Kampala,positive,love product quality fast shipping good packaging located kampala great shipping,80,11
3983,Excellent business! Highly professional and reliable. Located in Central.,2024-06-12,Facebook,Central,positive,excellent business highly professional reliable located central,63,7
3984,Fair value for money. Quality is acceptable but not premium.,2023-10-05,WhatsApp,Kawempe,neutral,fair value money quality acceptable premium,43,6
3985,Great prices and even better service. Highly recommend this business! Great product!,2023-06-08,Twitter,Kampala,positive,great price even better service highly recommend business great product,71,10
3986,Love shopping here! Always get great deals and quality products. Located in Kawempe.,2023-11-02,Twitter,Kampala,positive,love shopping always get great deal quality product located kawempe,67,10
3987,Great experience overall. Will be a returning customer.,2023-09-30,Instagram,Makindye,positive,great experience overall returning customer,43,5
3988,Disappointing experience. Would not recommend this shop.,2024-10-23,Facebook,Kololo,negative,disappointing experience would recommend shop,45,5
3989,Outstanding service! The staff was very helpful and friendly. Located in Kampala.,2023-07-05,Instagram,Kololo,positive,outstanding service staff helpful friendly located kampala,58,7
3990,Great products at affordable prices. Very satisfied with my purchase.,2023-10-15,Instagram,Lubaga,positive,great product affordable price satisfied purchase,49,6
3991,Professional service and high-quality products. Very happy! Located in Ntinda. Great delivery!,2024-01-18,Twitter,Muyenga,positive,professional service high quality product happy located ntinda great delivery,77,10
3992,Product quality was disappointing. Not as described on the website.,2024-01-27,WhatsApp,Nakawa,negative,product quality disappointing described website,47,5
3993,Excellent customer support. They responded quickly to my questions.,2024-10-07,Website,Ntinda,positive,excellent customer support responded quickly question,53,6
3994,Customer service is terrible. No one responds to complaints.,2024-02-29,Instagram,Bukoto,negative,customer service terrible one responds complaint,48,6
3995,"Fast delivery, good quality, fair prices. What more could you ask for? Great product!",2023-03-05,WhatsApp,Central,positive,fast delivery good quality fair price could ask great product,61,10
3996,Great service! Very fast delivery in Kampala. Highly recommend! Great shop!,2023-05-14,Facebook,Kawempe,positive,great service fast delivery kampala highly recommend great shop,63,9
3997,Amazing experience! The product arrived on time and in perfect condition. Located in Central.,2023-01-21,WhatsApp,Central,positive,amazing experience product arrived time perfect condition located central,73,9
3998,Okay product quality. Price matches the value received.,2024-09-21,WhatsApp,Muyenga,neutral,okay product quality price match value received,47,7
3999,Decent quality products. Price is fair for what you receive.,2023-12-05,Website,Kawempe,neutral,decent quality product price fair receive,41,6
4000,Amazing experience! The product arrived on time and in perfect condition. Located in Kawempe.,2024-03-14,Facebook,Muyenga,positive,amazing experience product arrived time perfect condition located kawempe,73,9
4001,Outstanding service! The staff was very helpful and friendly.,2023-08-07,Website,Bukoto,positive,outstanding service staff helpful friendly,42,5
4002,Excellent customer support. They responded quickly to my questions.,2023-02-28,Website,Muyenga,positive,excellent customer support responded quickly question,53,6
4003,"Fast delivery, good quality, fair prices. What more could you ask for? Located in Kololo.",2024-02-18,WhatsApp,Nakawa,positive,fast delivery good quality fair price could ask located kololo,62,10
4004,Amazing service! The team went above and beyond to help me. Located in Muyenga.,2023-03-14,Website,Muyenga,positive,amazing service team went beyond help located muyenga,53,8
4005,Love the product quality. Fast shipping and good packaging.,2024-11-02,Google,Kawempe,positive,love product quality fast shipping good packaging,49,7
4006,Excellent communication and fast delivery. Highly satisfied!,2023-09-18,Facebook,Nakawa,positive,excellent communication fast delivery highly satisfied,54,6
4007,Standard quality. Nothing to complain about or praise. Located in Central.,2023-07-04,Facebook,Lubaga,neutral,standard quality nothing complain praise located central,56,7
4008,Terrible customer service. No help when I had an issue.,2023-01-22,WhatsApp,Nakawa,negative,terrible customer service help issue,36,5
4009,Great business with excellent customer care. Very professional. Located in Makindye. Great shop!,2023-12-24,WhatsApp,Bukoto,positive,great business excellent customer care professional located makindye great shop,79,10
4010,Not satisfied at all. Product quality is below standard. Great store!,2023-12-11,Twitter,Bukoto,negative,satisfied product quality standard great store,46,6
4011,Top-notch quality. Exceeded my expectations completely. Located in Lubaga.,2023-05-13,Website,Bukoto,positive,top notch quality exceeded expectation completely located lubaga,64,8
4012,Great service! Very fast delivery in Kampala. Highly recommend!,2024-11-18,Google,Muyenga,positive,great service fast delivery kampala highly recommend,52,7
4013,Outstanding service! The staff was very helpful and friendly.,2023-01-26,Website,Kawempe,positive,outstanding service staff helpful friendly,42,5
4014,Delivery issues. Package arrived late and damaged. Great restaurant!,2023-09-05,Twitter,Bukoto,negative,delivery issue package arrived late damaged great restaurant,60,8
4015,Amazing experience! The product arrived on time and in perfect condition.,2024-07-30,Website,Kampala,positive,amazing experience product arrived time perfect condition,57,7
4016,Decent service. No major complaints but nothing impressive.,2024-08-13,Twitter,Bukoto,neutral,decent service major complaint nothing impressive,49,6
4017,"Fast shipping, good quality, and excellent customer support. Located in Kampala. Great shipping!",2024-03-10,Google,Nakawa,positive,fast shipping good quality excellent customer support located kampala great shipping,84,11
4018,"Outstanding business! Professional, reliable, and customer-focused.",2023-04-02,Twitter,Lubaga,positive,outstanding business professional reliable customer focused,59,6
4019,Standard delivery time. Product quality is average.,2023-10-14,Instagram,Nakawa,neutral,standard delivery time product quality average,46,6
4020,Decent value. Product works as expected.,2024-08-08,Facebook,Ntinda,neutral,decent value product work expected,34,5
4021,Great service! Very fast delivery in Kampala. Highly recommend!,2023-03-11,Twitter,Lubaga,positive,great service fast delivery kampala highly recommend,52,7
4022,Great prices and even better service. Highly recommend this business! Located in Lubaga. Great restaurant!,2023-12-15,WhatsApp,Lubaga,positive,great price even better service highly recommend business located lubaga great restaurant,89,12
4023,Best shopping experience! Quality products and great prices.,2024-09-12,Facebook,Lubaga,positive,best shopping experience quality product great price,52,7
4024,Outstanding quality and service. Will definitely shop here again.,2023-03-01,Website,Central,positive,outstanding quality service definitely shop,43,5
4025,Amazing quality products. Will definitely buy again from this shop. Located in Nakawa.,2024-10-05,Website,Central,positive,amazing quality product definitely buy shop located nakawa,58,8
4026,Delivery issues. Package arrived late and damaged.,2024-11-24,Twitter,Makindye,negative,delivery issue package arrived late damaged,43,6
4027,Fair experience overall. Nothing exceptional but acceptable.,2024-08-22,Instagram,Central,neutral,fair experience overall nothing exceptional acceptable,54,6
4028,Great business with excellent customer care. Very professional.,2023-09-13,Twitter,Nakawa,positive,great business excellent customer care professional,51,6
4029,Poor packaging led to damaged goods. Very unprofessional.,2023-04-07,Facebook,Kampala,negative,poor packaging led damaged good unprofessional,46,6
4030,Outstanding service! The staff was very helpful and friendly.,2023-03-20,Website,Bukoto,positive,outstanding service staff helpful friendly,42,5
4031,Best shopping experience! Quality products and great prices. Located in Kawempe.,2023-02-14,Facebook,Kololo,positive,best shopping experience quality product great price located kawempe,68,9
4032,Best shop in Kawempe. Quality products and great service.,2023-01-09,Twitter,Makindye,positive,best shop kawempe quality product great service,47,7
4033,Best prices in Nakawa area. Great value for money.,2024-02-06,Instagram,Kampala,positive,best price nakawa area great value money,40,7
4034,Great experience overall. Will be a returning customer. Located in Kampala.,2023-03-22,Facebook,Bukoto,positive,great experience overall returning customer located kampala,59,7
4035,Great value for money. Fast delivery and excellent packaging. Located in Muyenga.,2024-10-16,Instagram,Makindye,positive,great value money fast delivery excellent packaging located muyenga,67,9
4036,Standard delivery time. Product quality is average. Located in Makindye.,2024-06-18,Facebook,Muyenga,neutral,standard delivery time product quality average located makindye,63,8
4037,Delivery issues. Package arrived late and damaged. Great staff!,2023-05-03,Google,Lubaga,negative,delivery issue package arrived late damaged great staff,55,8
4038,Very satisfied with my purchase. Great quality and fast delivery. Located in Kawempe. Great shipping!,2023-08-03,Google,Makindye,positive,satisfied purchase great quality fast delivery located kawempe great shipping,77,10
4039,Top quality products at reasonable prices. Highly recommended!,2024-07-21,Google,Makindye,positive,top quality product reasonable price highly recommended,55,7
4040,Quick response time and excellent customer care. Highly recommended!,2024-02-10,Facebook,Makindye,positive,quick response time excellent customer care highly recommended,62,8
4041,Okay delivery time. Product is functional and usable. Located in Nakawa.,2024-11-16,Google,Makindye,neutral,okay delivery time product functional usable located nakawa,59,8
4042,Best customer service I've experienced. Products are top quality.,2023-01-01,WhatsApp,Central,positive,best customer service experienced product top quality,53,7
4043,Very satisfied with my purchase. Great quality and fast delivery.,2023-10-19,Google,Makindye,positive,satisfied purchase great quality fast delivery,46,6
4044,Professional service and high-quality products. Very happy! Great delivery!,2023-05-20,Twitter,Kololo,positive,professional service high quality product happy great delivery,62,8
4045,Best customer service I've experienced. Products are top quality.,2023-08-09,Twitter,Bukoto,positive,best customer service experienced product top quality,53,7
4046,Average experience overall. Product is fine but not great. Located in Muyenga.,2023-01-27,Google,Makindye,neutral,average experience overall product fine great located muyenga,61,8
4047,Professional service and high-quality products. Very happy!,2023-07-17,Instagram,Bukoto,positive,professional service high quality product happy,47,6
4048,Worst shopping experience. Poor quality and terrible service. Located in Kawempe.,2023-09-19,Facebook,Lubaga,negative,worst shopping experience poor quality terrible service located kawempe,71,9
4049,Top-notch quality. Exceeded my expectations completely.,2023-12-16,Facebook,Kololo,positive,top notch quality exceeded expectation completely,49,6
4050,Terrible customer service. No help when I had an issue. Located in Kololo.,2023-03-17,Google,Central,negative,terrible customer service help issue located kololo,51,7
4051,Excellent products and service. Best in the area!,2024-07-18,WhatsApp,Lubaga,positive,excellent product service best area,35,5
4052,Decent quality products. Price is fair for what you receive. Located in Kawempe.,2023-03-15,Twitter,Kawempe,neutral,decent quality product price fair receive located kawempe,57,8
4053,Delivery issues. Package arrived late and damaged.,2024-05-13,Facebook,Ntinda,negative,delivery issue package arrived late damaged,43,6
4054,Average experience. Product is functional and adequate. Located in Bukoto.,2023-12-09,WhatsApp,Kawempe,neutral,average experience product functional adequate located bukoto,61,7
4055,Best prices in Nakawa area. Great value for money. Located in Central.,2024-05-13,Twitter,Nakawa,positive,best price nakawa area great value money located central,56,9
4056,Slow response time and poor communication from the business.,2023-11-10,Instagram,Nakawa,negative,slow response time poor communication business,46,6
4057,Disappointing experience. Would not recommend this shop.,2023-11-04,Facebook,Nakawa,negative,disappointing experience would recommend shop,45,5
4058,Great business with excellent customer care. Very professional. Located in Bukoto.,2024-04-15,Facebook,Muyenga,positive,great business excellent customer care professional located bukoto,66,8
4059,Amazing quality products. Will definitely buy again from this shop.,2024-09-10,Facebook,Kampala,positive,amazing quality product definitely buy shop,43,6
4060,Product quality was disappointing. Not as described on the website.,2023-01-23,Google,Kawempe,negative,product quality disappointing described website,47,5
4061,Delivery issues. Package arrived late and damaged. Located in Nakawa.,2023-10-31,Website,Central,negative,delivery issue package arrived late damaged located nakawa,58,8
4062,Excellent products and service. Best in the area!,2023-04-25,WhatsApp,Muyenga,positive,excellent product service best area,35,5
4063,Average quality products. Functional but not impressive.,2023-06-29,Google,Kololo,neutral,average quality product functional impressive,45,5
4064,Best customer service I've experienced. Products are top quality.,2023-09-30,Instagram,Ntinda,positive,best customer service experienced product top quality,53,7
4065,Product is fine. Meets expectations without exceeding them. Located in Nakawa.,2023-10-04,Website,Makindye,neutral,product fine meet expectation without exceeding located nakawa,62,8
4066,Decent quality products. Price is fair for what you receive. Located in Nakawa.,2024-11-01,Facebook,Kampala,neutral,decent quality product price fair receive located nakawa,56,8
4067,Best prices in Nakawa area. Great value for money.,2024-08-31,Facebook,Makindye,positive,best price nakawa area great value money,40,7
4068,Great experience from start to finish. Will shop here again!,2024-12-28,Website,Ntinda,positive,great experience start finish shop,34,5
4069,Best prices in Nakawa area. Great value for money.,2023-09-19,WhatsApp,Bukoto,positive,best price nakawa area great value money,40,7
4070,Very disappointed. Product quality is poor and service is worse. Great business!,2024-10-09,Instagram,Nakawa,negative,disappointed product quality poor service worse great business,62,8
4071,Great prices and even better service. Highly recommend this business!,2023-10-21,Facebook,Makindye,positive,great price even better service highly recommend business,57,8
4072,Best shop in Kawempe. Quality products and great service. Located in Bukoto.,2024-01-22,Instagram,Kampala,positive,best shop kawempe quality product great service located bukoto,62,9
4073,"Outstanding business! Professional, reliable, and customer-focused.",2023-06-12,Instagram,Muyenga,positive,outstanding business professional reliable customer focused,59,6
4074,Great experience overall. Will be a returning customer. Great delivery!,2023-11-13,Instagram,Ntinda,positive,great experience overall returning customer great delivery,58,7
4075,Delivery was on time. Product is as expected. Located in Lubaga.,2024-10-14,Facebook,Kololo,neutral,delivery time product expected located lubaga,45,6
4076,"Fast shipping, good quality, and excellent customer support.",2024-11-03,WhatsApp,Muyenga,positive,fast shipping good quality excellent customer support,53,7
4077,Great value for money. Fast delivery and excellent packaging. Located in Kawempe.,2023-09-03,Facebook,Makindye,positive,great value money fast delivery excellent packaging located kawempe,67,9
4078,Amazing quality products. Will definitely buy again from this shop.,2023-07-21,Google,Makindye,positive,amazing quality product definitely buy shop,43,6
4079,Top quality products at reasonable prices. Highly recommended!,2024-07-09,Website,Makindye,positive,top quality product reasonable price highly recommended,55,7
4080,Love the product quality. Fast shipping and good packaging. Located in Muyenga.,2023-05-25,WhatsApp,Lubaga,positive,love product quality fast shipping good packaging located muyenga,65,9
4081,"Fast shipping, good quality, and excellent customer support.",2023-12-23,Google,Ntinda,positive,fast shipping good quality excellent customer support,53,7
4082,Very satisfied with my purchase. Great quality and fast delivery. Great business!,2024-01-04,Twitter,Nakawa,positive,satisfied purchase great quality fast delivery great business,61,8
4083,Amazing quality products. Will definitely buy again from this shop. Located in Lubaga.,2024-04-03,Twitter,Muyenga,positive,amazing quality product definitely buy shop located lubaga,58,8
4084,Great experience overall. Will be a returning customer.,2023-06-06,Website,Bukoto,positive,great experience overall returning customer,43,5
4085,Great prices and even better service. Highly recommend this business! Great shop!,2023-09-13,Facebook,Makindye,positive,great price even better service highly recommend business great shop,68,10
4086,Great products at affordable prices. Very satisfied with my purchase.,2023-04-26,Website,Lubaga,positive,great product affordable price satisfied purchase,49,6
4087,Not satisfied at all. Product quality is below standard.,2024-07-28,Facebook,Kawempe,negative,satisfied product quality standard,34,4
4088,Okay service. Nothing special but gets the job done.,2023-12-27,Google,Central,neutral,okay service nothing special get job done,41,7
4089,"Outstanding business! Professional, reliable, and customer-focused. Great service!",2023-05-14,Instagram,Lubaga,positive,outstanding business professional reliable customer focused great service,73,8
4090,Terrible customer service. No help when I had an issue. Located in Central.,2024-10-09,Twitter,Central,negative,terrible customer service help issue located central,52,7
4091,Product quality was disappointing. Not as described on the website. Great store!,2024-02-11,WhatsApp,Lubaga,negative,product quality disappointing described website great store,59,7
4092,Okay experience. Nothing to complain about but not impressed either.,2023-11-20,Facebook,Ntinda,neutral,okay experience nothing complain impressed either,49,6
4093,Love the product quality. Fast shipping and good packaging.,2023-07-25,Facebook,Kampala,positive,love product quality fast shipping good packaging,49,7
4094,Amazing service! The team went above and beyond to help me.,2024-05-27,Instagram,Kawempe,positive,amazing service team went beyond help,37,6
4095,Best prices in Nakawa area. Great value for money. Located in Muyenga. Great store!,2023-01-31,Instagram,Ntinda,positive,best price nakawa area great value money located muyenga great store,68,11
4096,Very disappointed. Product quality is poor and service is worse. Located in Lubaga.,2024-07-26,Twitter,Kawempe,negative,disappointed product quality poor service worse located lubaga,62,8
4097,Product is functional. Does what it's supposed to do.,2023-07-31,Facebook,Kololo,neutral,product functional supposed,27,3
4098,Okay experience. Nothing to complain about but not impressed either.,2024-01-23,Google,Ntinda,neutral,okay experience nothing complain impressed either,49,6
4099,"Fast shipping, good quality, and excellent customer support. Located in Nakawa.",2024-11-02,WhatsApp,Ntinda,positive,fast shipping good quality excellent customer support located nakawa,68,9
4100,Overpriced products with low quality. Not good value for money. Located in Makindye. Great support!,2023-04-14,Website,Kololo,negative,overpriced product low quality good value money located makindye great support,78,11
4101,Delivery was delayed multiple times. Very frustrating experience. Located in Makindye.,2024-02-15,WhatsApp,Lubaga,negative,delivery delayed multiple time frustrating experience located makindye,70,8
4102,Great products at affordable prices. Very satisfied with my purchase. Great purchase!,2024-10-19,Google,Kololo,positive,great product affordable price satisfied purchase great purchase,64,8
4103,Product is fine. Meets expectations without exceeding them.,2024-08-08,Google,Kawempe,neutral,product fine meet expectation without exceeding,47,6
4104,Amazing quality products. Will definitely buy again from this shop.,2024-05-29,Website,Nakawa,positive,amazing quality product definitely buy shop,43,6
4105,Love shopping here! Always get great deals and quality products. Located in Central. Great business!,2024-12-10,Google,Kawempe,positive,love shopping always get great deal quality product located central great business,82,12
4106,Great business with excellent customer care. Very professional.,2023-06-24,Website,Kololo,positive,great business excellent customer care professional,51,6
4107,Very satisfied with my purchase. Great quality and fast delivery.,2024-08-26,Twitter,Ntinda,positive,satisfied purchase great quality fast delivery,46,6
4108,Amazing service! The team went above and beyond to help me.,2023-03-25,Instagram,Kampala,positive,amazing service team went beyond help,37,6
4109,Product works as expected. No major issues or complaints. Located in Kawempe. Great service!,2024-06-24,Google,Muyenga,neutral,product work expected major issue complaint located kawempe great service,73,10
4110,Excellent products and service. Best in the area!,2024-11-17,WhatsApp,Muyenga,positive,excellent product service best area,35,5
4111,Product arrived damaged and customer service refused to help.,2023-07-20,WhatsApp,Bukoto,negative,product arrived damaged customer service refused help,53,7
4112,Outstanding quality and service. Will definitely shop here again. Great packaging!,2023-09-26,Website,Bukoto,positive,outstanding quality service definitely shop great packaging,59,7
4113,Excellent business! Highly professional and reliable.,2024-12-04,Twitter,Bukoto,positive,excellent business highly professional reliable,47,5
4114,Average product quality. Meets basic expectations.,2023-10-09,WhatsApp,Makindye,neutral,average product quality meet basic expectation,46,6
4115,Best prices in Nakawa area. Great value for money. Great shop!,2024-06-06,Website,Central,positive,best price nakawa area great value money great shop,51,9
4116,Standard delivery. Product works but quality is average.,2024-08-07,Instagram,Kampala,neutral,standard delivery product work quality average,46,6
4117,Okay service. Nothing special but gets the job done.,2023-01-07,Twitter,Kololo,neutral,okay service nothing special get job done,41,7
4118,Standard delivery time. Product quality is average.,2024-04-21,Google,Kololo,neutral,standard delivery time product quality average,46,6
4119,Excellent products and service. Best in the area!,2024-04-15,Website,Lubaga,positive,excellent product service best area,35,5
4120,Standard service. No complaints but nothing exceptional either.,2023-06-02,Facebook,Kololo,neutral,standard service complaint nothing exceptional either,53,6
4121,Best customer service I've experienced. Products are top quality.,2023-05-16,Google,Bukoto,positive,best customer service experienced product top quality,53,7
4122,Standard delivery. Product works but quality is average. Located in Kololo.,2023-07-26,Google,Kawempe,neutral,standard delivery product work quality average located kololo,61,8
4123,Excellent communication and fast delivery. Highly satisfied!,2024-08-27,Google,Kampala,positive,excellent communication fast delivery highly satisfied,54,6
4124,Great value for money. Fast delivery and excellent packaging. Located in Kololo.,2024-04-12,Twitter,Muyenga,positive,great value money fast delivery excellent packaging located kololo,66,9
4125,Quick response time and excellent customer care. Highly recommended! Great packaging!,2023-11-16,Website,Muyenga,positive,quick response time excellent customer care highly recommended great packaging,78,10
4126,Standard quality. Nothing to complain about or praise.,2024-07-30,Facebook,Kololo,neutral,standard quality nothing complain praise,40,5
4127,"Fast shipping, good quality, and excellent customer support. Great order!",2024-12-21,WhatsApp,Ntinda,positive,fast shipping good quality excellent customer support great order,65,9
4128,Poor quality products. Broke within days of purchase.,2023-04-08,Twitter,Kampala,negative,poor quality product broke within day purchase,46,7
4129,Excellent communication and fast delivery. Highly satisfied! Located in Muyenga.,2024-07-16,Website,Makindye,positive,excellent communication fast delivery highly satisfied located muyenga,70,8
4130,Okay service. Product meets basic requirements.,2024-09-11,Facebook,Lubaga,neutral,okay service product meet basic requirement,43,6
4131,Excellent products and service. Best in the area! Located in Muyenga. Great shop!,2023-02-15,Instagram,Ntinda,positive,excellent product service best area located muyenga great shop,62,9
4132,Excellent products and service. Best in the area! Located in Lubaga.,2023-08-25,Website,Central,positive,excellent product service best area located lubaga,50,7
4133,Best customer service I've experienced. Products are top quality. Great business!,2023-09-12,Google,Kololo,positive,best customer service experienced product top quality great business,68,9
4134,Amazing quality products. Will definitely buy again from this shop. Located in Central.,2023-08-07,WhatsApp,Kampala,positive,amazing quality product definitely buy shop located central,59,8
4135,"Outstanding business! Professional, reliable, and customer-focused. Great customer!",2024-06-20,Instagram,Makindye,positive,outstanding business professional reliable customer focused great customer,74,8
4136,Love the product quality. Fast shipping and good packaging. Located in Central.,2024-03-07,Google,Makindye,positive,love product quality fast shipping good packaging located central,65,9
4137,Average product quality. Meets basic needs adequately.,2023-06-22,WhatsApp,Kampala,neutral,average product quality meet basic need adequately,50,7
4138,Great value for money. Fast delivery and excellent packaging.,2024-03-23,Instagram,Kawempe,positive,great value money fast delivery excellent packaging,51,7
4139,Great value for money. Fast delivery and excellent packaging. Great price!,2023-11-20,Google,Ntinda,positive,great value money fast delivery excellent packaging great price,63,9
4140,Best shop in Kawempe. Quality products and great service.,2024-10-06,Google,Central,positive,best shop kawempe quality product great service,47,7
4141,Product broke after just one week of use. Very poor quality. Located in Lubaga.,2023-11-13,WhatsApp,Muyenga,negative,product broke one week use poor quality located lubaga,54,9
4142,Very disappointed with the quality. Not worth the money paid.,2024-08-30,Google,Makindye,negative,disappointed quality worth money paid,37,5
4143,Product was defective but they refused to refund. Bad business.,2024-05-27,Twitter,Lubaga,negative,product defective refused refund bad business,45,6
4144,Outstanding service! The staff was very helpful and friendly.,2023-10-01,Twitter,Lubaga,positive,outstanding service staff helpful friendly,42,5
4145,Love shopping here! Always get great deals and quality products. Located in Muyenga.,2023-08-23,Twitter,Nakawa,positive,love shopping always get great deal quality product located muyenga,67,10
4146,"Outstanding business! Professional, reliable, and customer-focused.",2024-06-01,Facebook,Lubaga,positive,outstanding business professional reliable customer focused,59,6
4147,Very satisfied with my purchase. Great quality and fast delivery.,2024-05-12,Google,Lubaga,positive,satisfied purchase great quality fast delivery,46,6
4148,Excellent communication and fast delivery. Highly satisfied! Great shop!,2024-02-13,Facebook,Ntinda,positive,excellent communication fast delivery highly satisfied great shop,65,8
4149,Amazing quality products. Will definitely buy again from this shop.,2023-09-06,Twitter,Makindye,positive,amazing quality product definitely buy shop,43,6
4150,Love shopping here! Always get great deals and quality products. Located in Central.,2024-03-25,Twitter,Muyenga,positive,love shopping always get great deal quality product located central,67,10
4151,Average product quality. Meets basic expectations. Great product!,2024-04-18,Facebook,Muyenga,neutral,average product quality meet basic expectation great product,60,8
4152,Average product quality. Meets basic needs adequately. Located in Bukoto.,2023-03-01,Facebook,Bukoto,neutral,average product quality meet basic need adequately located bukoto,65,9
4153,Excellent business! Highly professional and reliable. Located in Muyenga. Great staff!,2024-01-03,Twitter,Central,positive,excellent business highly professional reliable located muyenga great staff,75,9
4154,Best prices in Nakawa area. Great value for money.,2023-07-06,Website,Bukoto,positive,best price nakawa area great value money,40,7
4155,Standard experience. Product does what it needs to do.,2023-12-18,Facebook,Bukoto,neutral,standard experience product need,32,4
4156,Decent quality products. Price is fair for what you receive. Great business!,2024-10-01,Instagram,Nakawa,neutral,decent quality product price fair receive great business,56,8
4157,Very satisfied with my purchase. Great quality and fast delivery. Located in Kololo.,2024-05-01,WhatsApp,Bukoto,positive,satisfied purchase great quality fast delivery located kololo,61,8
4158,Great experience overall. Will be a returning customer. Located in Kololo.,2023-07-28,WhatsApp,Muyenga,positive,great experience overall returning customer located kololo,58,7
4159,Poor value for money. Better options available elsewhere.,2023-07-20,Website,Makindye,negative,poor value money better option available elsewhere,50,7
4160,Decent quality products. Price is fair for what you receive.,2023-06-09,Twitter,Kawempe,neutral,decent quality product price fair receive,41,6
4161,Best prices in Nakawa area. Great value for money.,2024-09-24,Instagram,Kawempe,positive,best price nakawa area great value money,40,7
4162,"Outstanding business! Professional, reliable, and customer-focused.",2024-01-27,Twitter,Kampala,positive,outstanding business professional reliable customer focused,59,6
4163,Best customer service I've experienced. Products are top quality.,2024-10-10,Instagram,Central,positive,best customer service experienced product top quality,53,7
4164,Great prices and even better service. Highly recommend this business! Located in Nakawa.,2024-01-12,Website,Kololo,positive,great price even better service highly recommend business located nakawa,72,10
4165,"Fast shipping, good quality, and excellent customer support. Located in Makindye.",2023-04-11,Instagram,Kololo,positive,fast shipping good quality excellent customer support located makindye,70,9
4166,Excellent business! Highly professional and reliable.,2024-12-25,Website,Kololo,positive,excellent business highly professional reliable,47,5
4167,Average product quality. Meets basic expectations.,2023-10-21,Facebook,Makindye,neutral,average product quality meet basic expectation,46,6
4168,Poor packaging led to damaged goods. Very unprofessional. Located in Kololo.,2023-01-02,Website,Kololo,negative,poor packaging led damaged good unprofessional located kololo,61,8
4169,"Fast delivery, good quality, fair prices. What more could you ask for? Great packaging!",2023-04-11,Website,Ntinda,positive,fast delivery good quality fair price could ask great packaging,63,10
4170,Would not buy from here again. Poor experience overall.,2024-10-28,Instagram,Kawempe,negative,would buy poor experience overall,33,5
4171,Delivery was delayed multiple times. Very frustrating experience. Great order!,2024-02-10,Facebook,Lubaga,negative,delivery delayed multiple time frustrating experience great order,65,8
4172,Best prices in Nakawa area. Great value for money. Great store!,2024-12-01,Twitter,Ntinda,positive,best price nakawa area great value money great store,52,9
4173,Average quality products. Functional but not impressive.,2024-05-22,WhatsApp,Kampala,neutral,average quality product functional impressive,45,5
4174,Very slow delivery. Took over a week to arrive in Kampala.,2024-06-14,Facebook,Central,negative,slow delivery took week arrive kampala,38,6
4175,Quick response time and excellent customer care. Highly recommended!,2023-01-31,Facebook,Kawempe,positive,quick response time excellent customer care highly recommended,62,8
4176,Customer service is terrible. No one responds to complaints.,2023-05-15,Website,Kawempe,negative,customer service terrible one responds complaint,48,6
4177,Best shop in Kawempe. Quality products and great service. Located in Muyenga.,2024-09-17,Instagram,Nakawa,positive,best shop kawempe quality product great service located muyenga,63,9
4178,Excellent communication and fast delivery. Highly satisfied!,2023-12-09,WhatsApp,Central,positive,excellent communication fast delivery highly satisfied,54,6
4179,Great value for money. Fast delivery and excellent packaging.,2023-11-17,Twitter,Makindye,positive,great value money fast delivery excellent packaging,51,7
4180,Amazing service! The team went above and beyond to help me.,2024-06-27,Instagram,Lubaga,positive,amazing service team went beyond help,37,6
4181,Amazing service! The team went above and beyond to help me.,2024-02-16,Website,Lubaga,positive,amazing service team went beyond help,37,6
4182,Great experience from start to finish. Will shop here again! Great quality!,2024-03-30,Twitter,Kawempe,positive,great experience start finish shop great quality,48,7
4183,Excellent products and service. Best in the area! Located in Central.,2024-09-07,Website,Central,positive,excellent product service best area located central,51,7
4184,Great service! Very fast delivery in Kampala. Highly recommend!,2023-08-21,Google,Kawempe,positive,great service fast delivery kampala highly recommend,52,7
4185,Okay service. Nothing special but gets the job done. Great order!,2023-06-13,Instagram,Lubaga,neutral,okay service nothing special get job done great order,53,9
4186,Great business with excellent customer care. Very professional. Located in Lubaga.,2023-05-01,WhatsApp,Lubaga,positive,great business excellent customer care professional located lubaga,66,8
4187,Amazing service! The team went above and beyond to help me.,2023-11-04,WhatsApp,Kampala,positive,amazing service team went beyond help,37,6
4188,Best prices in Nakawa area. Great value for money.,2024-10-15,Google,Ntinda,positive,best price nakawa area great value money,40,7
4189,Amazing service! The team went above and beyond to help me.,2024-07-31,Instagram,Muyenga,positive,amazing service team went beyond help,37,6
4190,Standard service. No complaints but nothing exceptional either.,2024-09-03,Facebook,Lubaga,neutral,standard service complaint nothing exceptional either,53,6
4191,Excellent business! Highly professional and reliable. Located in Muyenga.,2024-01-13,Twitter,Muyenga,positive,excellent business highly professional reliable located muyenga,63,7
4192,Great value for money. Fast delivery and excellent packaging.,2024-04-17,WhatsApp,Lubaga,positive,great value money fast delivery excellent packaging,51,7
4193,Excellent customer support. They responded quickly to my questions. Located in Bukoto.,2023-11-08,WhatsApp,Nakawa,positive,excellent customer support responded quickly question located bukoto,68,8
4194,Great value for money. Fast delivery and excellent packaging. Located in Bukoto.,2023-01-22,Facebook,Bukoto,positive,great value money fast delivery excellent packaging located bukoto,66,9
4195,Love shopping here! Always get great deals and quality products. Located in Lubaga.,2023-12-04,WhatsApp,Lubaga,positive,love shopping always get great deal quality product located lubaga,66,10
4196,Best customer service I've experienced. Products are top quality.,2023-02-20,Twitter,Kololo,positive,best customer service experienced product top quality,53,7
4197,Top quality products at reasonable prices. Highly recommended! Located in Kawempe.,2024-10-15,Twitter,Nakawa,positive,top quality product reasonable price highly recommended located kawempe,71,9
4198,"Outstanding business! Professional, reliable, and customer-focused.",2024-07-28,Website,Makindye,positive,outstanding business professional reliable customer focused,59,6
4199,Top-notch quality. Exceeded my expectations completely. Located in Lubaga.,2023-09-07,WhatsApp,Nakawa,positive,top notch quality exceeded expectation completely located lubaga,64,8
4200,Professional service and high-quality products. Very happy!,2024-03-12,Facebook,Lubaga,positive,professional service high quality product happy,47,6
4201,Outstanding quality and service. Will definitely shop here again. Located in Muyenga. Great product!,2023-10-03,Website,Makindye,positive,outstanding quality service definitely shop located muyenga great product,73,9
4202,"Outstanding business! Professional, reliable, and customer-focused. Located in Kololo. Great packaging!",2023-01-05,Website,Bukoto,positive,outstanding business professional reliable customer focused located kololo great packaging,90,10
4203,Would not buy from here again. Poor experience overall.,2023-09-28,Google,Lubaga,negative,would buy poor experience overall,33,5
4204,Overpriced compared to other shops in Nakawa area.,2023-12-30,Facebook,Kampala,negative,overpriced compared shop nakawa area,36,5
4205,Love the product quality. Fast shipping and good packaging.,2024-12-29,Facebook,Kampala,positive,love product quality fast shipping good packaging,49,7
4206,Professional service and high-quality products. Very happy! Located in Kampala.,2024-08-18,Facebook,Nakawa,positive,professional service high quality product happy located kampala,63,8
4207,Best shopping experience! Quality products and great prices.,2023-06-02,Twitter,Central,positive,best shopping experience quality product great price,52,7
4208,Great value for money. Fast delivery and excellent packaging. Great delivery!,2024-07-29,Facebook,Ntinda,positive,great value money fast delivery excellent packaging great delivery,66,9
4209,Great prices and even better service. Highly recommend this business!,2023-11-08,WhatsApp,Lubaga,positive,great price even better service highly recommend business,57,8
4210,Outstanding service! The staff was very helpful and friendly. Great staff!,2023-10-10,Google,Central,positive,outstanding service staff helpful friendly great staff,54,7
4211,Great experience from start to finish. Will shop here again!,2023-03-18,WhatsApp,Makindye,positive,great experience start finish shop,34,5
4212,Love shopping here! Always get great deals and quality products.,2023-01-04,Website,Kololo,positive,love shopping always get great deal quality product,51,8
4213,Great business with excellent customer care. Very professional.,2023-12-30,WhatsApp,Ntinda,positive,great business excellent customer care professional,51,6
4214,Would not buy from here again. Poor experience overall. Located in Kololo.,2024-05-03,Google,Kawempe,negative,would buy poor experience overall located kololo,48,7
4215,Very satisfied with my purchase. Great quality and fast delivery. Located in Lubaga.,2024-01-22,Instagram,Makindye,positive,satisfied purchase great quality fast delivery located lubaga,61,8
4216,Decent value. Product works as expected. Located in Kampala.,2024-09-04,Twitter,Central,neutral,decent value product work expected located kampala,50,7
4217,Best shop in Kawempe. Quality products and great service.,2023-12-25,Facebook,Kampala,positive,best shop kawempe quality product great service,47,7
4218,Delivery was delayed multiple times. Very frustrating experience.,2024-09-12,WhatsApp,Nakawa,negative,delivery delayed multiple time frustrating experience,53,6
4219,Product was different from what was advertised. Misleading description. Great quality!,2024-10-08,WhatsApp,Lubaga,negative,product different advertised misleading description great quality,65,7
4220,Excellent products and service. Best in the area!,2024-08-30,WhatsApp,Central,positive,excellent product service best area,35,5
4221,Average experience. Product is functional and adequate. Located in Nakawa.,2023-10-19,Google,Kampala,neutral,average experience product functional adequate located nakawa,61,7
4222,Very satisfied with my purchase. Great quality and fast delivery.,2023-10-21,WhatsApp,Kampala,positive,satisfied purchase great quality fast delivery,46,6
4223,Delivery issues. Package arrived late and damaged. Located in Kawempe.,2024-01-03,Website,Central,negative,delivery issue package arrived late damaged located kawempe,59,8
4224,Standard quality. Nothing to complain about or praise. Great shipping!,2024-10-05,Instagram,Bukoto,neutral,standard quality nothing complain praise great shipping,55,7
4225,Standard service. No complaints but nothing exceptional either.,2023-12-12,WhatsApp,Lubaga,neutral,standard service complaint nothing exceptional either,53,6
4226,Customer service is terrible. No one responds to complaints. Great shipping!,2023-06-01,Instagram,Central,negative,customer service terrible one responds complaint great shipping,63,8
4227,Excellent products and service. Best in the area!,2024-09-10,Twitter,Kawempe,positive,excellent product service best area,35,5
4228,Quick response time and excellent customer care. Highly recommended! Located in Central.,2023-12-13,Instagram,Makindye,positive,quick response time excellent customer care highly recommended located central,78,10
4229,"Fast delivery, good quality, fair prices. What more could you ask for? Located in Central.",2024-05-26,Google,Kololo,positive,fast delivery good quality fair price could ask located central,63,10
4230,Outstanding quality and service. Will definitely shop here again. Located in Kampala. Great product!,2024-09-22,Website,Muyenga,positive,outstanding quality service definitely shop located kampala great product,73,9
4231,Amazing quality products. Will definitely buy again from this shop. Located in Makindye.,2023-06-22,Google,Muyenga,positive,amazing quality product definitely buy shop located makindye,60,8
4232,Love shopping here! Always get great deals and quality products. Located in Kampala.,2023-03-25,Instagram,Kawempe,positive,love shopping always get great deal quality product located kampala,67,10
4233,Best prices in Nakawa area. Great value for money. Located in Kampala.,2024-10-31,Twitter,Muyenga,positive,best price nakawa area great value money located kampala,56,9
4234,"Fast delivery, good quality, fair prices. What more could you ask for?",2023-03-14,Facebook,Ntinda,positive,fast delivery good quality fair price could ask,47,8
4235,Great service! Very fast delivery in Kampala. Highly recommend!,2023-10-05,Google,Central,positive,great service fast delivery kampala highly recommend,52,7
4236,Very satisfied with my purchase. Great quality and fast delivery. Great product!,2024-01-01,Twitter,Bukoto,positive,satisfied purchase great quality fast delivery great product,60,8
4237,Okay experience. Nothing to complain about but not impressed either.,2023-06-13,Facebook,Lubaga,neutral,okay experience nothing complain impressed either,49,6
4238,Standard delivery. Product works but quality is average.,2024-05-23,Instagram,Kampala,neutral,standard delivery product work quality average,46,6
4239,Customer service needs major improvement. Very unprofessional.,2024-02-23,WhatsApp,Central,negative,customer service need major improvement unprofessional,54,6
4240,Great business with excellent customer care. Very professional.,2024-03-26,Instagram,Kawempe,positive,great business excellent customer care professional,51,6
4241,Product is fine. Meets expectations without exceeding them.,2023-05-29,Instagram,Kololo,neutral,product fine meet expectation without exceeding,47,6
4242,Slow response time and poor communication from the business. Great shop!,2024-11-15,Facebook,Central,negative,slow response time poor communication business great shop,57,8
4243,Average quality products. Functional but not impressive.,2023-03-31,Website,Nakawa,neutral,average quality product functional impressive,45,5
4244,Standard service. No complaints but nothing exceptional either.,2023-05-16,Instagram,Ntinda,neutral,standard service complaint nothing exceptional either,53,6
4245,Quick response time and excellent customer care. Highly recommended!,2024-07-07,Twitter,Nakawa,positive,quick response time excellent customer care highly recommended,62,8
4246,Product quality was disappointing. Not as described on the website.,2024-07-26,WhatsApp,Kawempe,negative,product quality disappointing described website,47,5
4247,Love shopping here! Always get great deals and quality products. Located in Bukoto.,2024-01-02,Twitter,Makindye,positive,love shopping always get great deal quality product located bukoto,66,10
4248,Love the product quality. Fast shipping and good packaging. Located in Muyenga. Great product!,2023-04-18,Google,Central,positive,love product quality fast shipping good packaging located muyenga great product,79,11
4249,Great experience from start to finish. Will shop here again! Great packaging!,2023-02-03,Twitter,Bukoto,positive,great experience start finish shop great packaging,50,7
4250,Excellent customer support. They responded quickly to my questions.,2023-07-26,WhatsApp,Lubaga,positive,excellent customer support responded quickly question,53,6
4251,Very disappointed with the quality. Not worth the money paid.,2023-04-13,WhatsApp,Muyenga,negative,disappointed quality worth money paid,37,5
4252,Outstanding quality and service. Will definitely shop here again. Great staff!,2023-03-02,Instagram,Muyenga,positive,outstanding quality service definitely shop great staff,55,7
4253,Decent value. Product works as expected.,2024-01-04,Google,Lubaga,neutral,decent value product work expected,34,5
4254,Standard delivery time. Product quality is average.,2024-04-17,Google,Central,neutral,standard delivery time product quality average,46,6
4255,"Fast delivery, good quality, fair prices. What more could you ask for?",2024-09-05,Google,Muyenga,positive,fast delivery good quality fair price could ask,47,8
4256,Product was defective but they refused to refund. Bad business.,2023-10-08,Twitter,Nakawa,negative,product defective refused refund bad business,45,6
4257,Product was different from what was advertised. Misleading description.,2023-04-12,Instagram,Ntinda,negative,product different advertised misleading description,51,5
4258,Very slow delivery. Took over a week to arrive in Kampala. Great store!,2024-03-07,Google,Muyenga,negative,slow delivery took week arrive kampala great store,50,8
4259,Great service! Very fast delivery in Kampala. Highly recommend!,2024-04-16,Website,Kawempe,positive,great service fast delivery kampala highly recommend,52,7
4260,Okay experience. Nothing to complain about but not impressed either.,2023-03-27,WhatsApp,Nakawa,neutral,okay experience nothing complain impressed either,49,6
4261,Great experience from start to finish. Will shop here again! Located in Kawempe.,2023-01-06,Facebook,Bukoto,positive,great experience start finish shop located kawempe,50,7
4262,Great experience from start to finish. Will shop here again!,2024-11-04,Facebook,Kololo,positive,great experience start finish shop,34,5
4263,Fair experience overall. Nothing exceptional but acceptable. Located in Lubaga.,2024-10-28,Twitter,Makindye,neutral,fair experience overall nothing exceptional acceptable located lubaga,69,8
4264,Standard quality. Nothing to complain about or praise.,2023-09-27,Instagram,Kololo,neutral,standard quality nothing complain praise,40,5
4265,Amazing quality products. Will definitely buy again from this shop.,2024-06-25,WhatsApp,Muyenga,positive,amazing quality product definitely buy shop,43,6
4266,Best shopping experience! Quality products and great prices. Great experience!,2023-07-09,Instagram,Muyenga,positive,best shopping experience quality product great price great experience,69,9
4267,Okay service. Nothing special but gets the job done.,2024-08-25,Instagram,Nakawa,neutral,okay service nothing special get job done,41,7
4268,Best shop in Kawempe. Quality products and great service.,2023-03-20,Website,Kololo,positive,best shop kawempe quality product great service,47,7
4269,Quick response time and excellent customer care. Highly recommended!,2024-04-06,Google,Kampala,positive,quick response time excellent customer care highly recommended,62,8
4270,Standard business service. Acceptable but not exceptional.,2023-08-11,Instagram,Central,neutral,standard business service acceptable exceptional,48,5
4271,Fair value for money. Quality is acceptable but not premium. Located in Bukoto.,2023-05-16,Twitter,Lubaga,neutral,fair value money quality acceptable premium located bukoto,58,8
4272,Excellent communication and fast delivery. Highly satisfied! Located in Bukoto.,2024-01-03,Facebook,Kampala,positive,excellent communication fast delivery highly satisfied located bukoto,69,8
4273,Disappointing experience. Would not recommend this shop.,2023-12-29,Facebook,Muyenga,negative,disappointing experience would recommend shop,45,5
4274,Standard experience. Product does what it needs to do.,2023-06-30,Instagram,Kampala,neutral,standard experience product need,32,4
4275,"Fast delivery, good quality, fair prices. What more could you ask for?",2024-11-04,Instagram,Bukoto,positive,fast delivery good quality fair price could ask,47,8
4276,"Fast shipping, good quality, and excellent customer support. Great business!",2023-11-20,Instagram,Nakawa,positive,fast shipping good quality excellent customer support great business,68,9
4277,Customer service was unresponsive. Had to wait days for a reply. Located in Makindye.,2023-07-02,Google,Kololo,negative,customer service unresponsive wait day reply located makindye,61,8
4278,Standard experience. Product does what it needs to do.,2023-08-13,Google,Muyenga,neutral,standard experience product need,32,4
4279,Okay delivery time. Product is functional and usable.,2023-03-24,Facebook,Kololo,neutral,okay delivery time product functional usable,44,6
4280,Top-notch quality. Exceeded my expectations completely.,2023-10-25,Twitter,Muyenga,positive,top notch quality exceeded expectation completely,49,6
4281,Great products at affordable prices. Very satisfied with my purchase.,2024-07-04,WhatsApp,Bukoto,positive,great product affordable price satisfied purchase,49,6
4282,Okay delivery time. Product is functional and usable.,2023-04-15,WhatsApp,Central,neutral,okay delivery time product functional usable,44,6
4283,Product works fine. Decent quality for the price paid.,2023-05-02,Website,Kampala,neutral,product work fine decent quality price paid,43,7
4284,Great value for money. Fast delivery and excellent packaging. Located in Muyenga.,2023-05-20,Instagram,Kampala,positive,great value money fast delivery excellent packaging located muyenga,67,9
4285,Great value for money. Fast delivery and excellent packaging. Great packaging!,2023-11-14,Website,Central,positive,great value money fast delivery excellent packaging great packaging,67,9
4286,Standard experience. Product does what it needs to do. Located in Lubaga. Great quality!,2024-09-28,Facebook,Nakawa,neutral,standard experience product need located lubaga great quality,61,8
4287,Product works fine. Decent quality for the price paid.,2024-03-22,WhatsApp,Kawempe,neutral,product work fine decent quality price paid,43,7
4288,Best shopping experience! Quality products and great prices. Great order!,2023-02-22,WhatsApp,Kololo,positive,best shopping experience quality product great price great order,64,9
4289,Standard quality. Nothing to complain about or praise. Great shop!,2023-12-17,Website,Muyenga,neutral,standard quality nothing complain praise great shop,51,7
4290,"Fast shipping, good quality, and excellent customer support. Great price!",2023-12-07,Instagram,Lubaga,positive,fast shipping good quality excellent customer support great price,65,9
4291,Great business with excellent customer care. Very professional. Located in Ntinda. Great business!,2023-02-08,Twitter,Kololo,positive,great business excellent customer care professional located ntinda great business,81,10
4292,Okay product quality. Price matches the value received.,2023-08-03,Instagram,Makindye,neutral,okay product quality price match value received,47,7
4293,Top-notch quality. Exceeded my expectations completely.,2024-04-21,Facebook,Central,positive,top notch quality exceeded expectation completely,49,6
4294,Excellent business! Highly professional and reliable.,2023-07-10,Instagram,Kawempe,positive,excellent business highly professional reliable,47,5
4295,Okay experience. Nothing to complain about but not impressed either.,2023-06-06,WhatsApp,Nakawa,neutral,okay experience nothing complain impressed either,49,6
4296,Great experience overall. Will be a returning customer. Located in Nakawa.,2024-05-15,Website,Nakawa,positive,great experience overall returning customer located nakawa,58,7
4297,Okay product quality. Price matches the value received. Located in Central.,2024-07-02,Facebook,Nakawa,neutral,okay product quality price match value received located central,63,9
4298,Great value for money. Fast delivery and excellent packaging.,2024-12-08,Google,Ntinda,positive,great value money fast delivery excellent packaging,51,7
4299,Best shopping experience! Quality products and great prices. Located in Ntinda.,2023-12-18,Google,Muyenga,positive,best shopping experience quality product great price located ntinda,67,9
4300,Amazing experience! The product arrived on time and in perfect condition.,2023-12-07,Facebook,Kawempe,positive,amazing experience product arrived time perfect condition,57,7
4301,Quick response time and excellent customer care. Highly recommended!,2023-10-15,Twitter,Muyenga,positive,quick response time excellent customer care highly recommended,62,8
4302,Standard delivery time. Product quality is average. Located in Central. Great staff!,2024-09-21,Facebook,Nakawa,neutral,standard delivery time product quality average located central great staff,74,10
4303,Love shopping here! Always get great deals and quality products. Great service!,2024-07-22,Facebook,Central,positive,love shopping always get great deal quality product great service,65,10
4304,Product is okay. Nothing special but serves its purpose.,2023-07-14,Website,Kampala,neutral,product okay nothing special serf purpose,41,6
4305,Average quality products. Functional but not impressive.,2024-05-22,Instagram,Kampala,neutral,average quality product functional impressive,45,5
4306,"Fast shipping, good quality, and excellent customer support. Great price!",2024-12-24,Instagram,Bukoto,positive,fast shipping good quality excellent customer support great price,65,9
4307,Excellent products and service. Best in the area! Located in Ntinda.,2024-05-26,Facebook,Nakawa,positive,excellent product service best area located ntinda,50,7
4308,Average product quality. Meets basic expectations.,2024-03-26,Twitter,Kampala,neutral,average product quality meet basic expectation,46,6
4309,Standard delivery. Product works but quality is average.,2023-03-04,Instagram,Lubaga,neutral,standard delivery product work quality average,46,6
4310,Best shop in Kawempe. Quality products and great service. Located in Nakawa.,2024-11-09,Instagram,Lubaga,positive,best shop kawempe quality product great service located nakawa,62,9
4311,Amazing service! The team went above and beyond to help me. Great customer!,2023-05-17,Facebook,Makindye,positive,amazing service team went beyond help great customer,52,8
4312,Excellent communication and fast delivery. Highly satisfied! Located in Bukoto.,2023-11-22,WhatsApp,Makindye,positive,excellent communication fast delivery highly satisfied located bukoto,69,8
4313,Amazing quality products. Will definitely buy again from this shop.,2023-11-09,Google,Nakawa,positive,amazing quality product definitely buy shop,43,6
4314,Product is fine. Meets expectations without exceeding them. Located in Muyenga.,2023-09-23,Website,Central,neutral,product fine meet expectation without exceeding located muyenga,63,8
4315,Excellent products and service. Best in the area!,2023-03-26,Website,Ntinda,positive,excellent product service best area,35,5
4316,Great experience from start to finish. Will shop here again!,2023-07-12,Google,Bukoto,positive,great experience start finish shop,34,5
4317,Best shopping experience! Quality products and great prices. Located in Central.,2023-11-14,WhatsApp,Lubaga,positive,best shopping experience quality product great price located central,68,9
4318,Amazing quality products. Will definitely buy again from this shop. Great shipping!,2024-05-02,Instagram,Muyenga,positive,amazing quality product definitely buy shop great shipping,58,8
4319,Excellent business! Highly professional and reliable.,2024-11-15,Website,Nakawa,positive,excellent business highly professional reliable,47,5
4320,Average product quality. Meets basic needs adequately.,2024-07-26,Twitter,Nakawa,neutral,average product quality meet basic need adequately,50,7
4321,Great business with excellent customer care. Very professional. Located in Central.,2024-04-01,Google,Ntinda,positive,great business excellent customer care professional located central,67,8
4322,Quick response time and excellent customer care. Highly recommended!,2023-09-06,Instagram,Kawempe,positive,quick response time excellent customer care highly recommended,62,8
4323,Fair experience overall. Nothing exceptional but acceptable. Located in Kololo.,2024-02-08,Facebook,Lubaga,neutral,fair experience overall nothing exceptional acceptable located kololo,69,8
4324,Love shopping here! Always get great deals and quality products.,2024-01-11,Instagram,Muyenga,positive,love shopping always get great deal quality product,51,8
4325,Love shopping here! Always get great deals and quality products.,2023-08-27,Instagram,Bukoto,positive,love shopping always get great deal quality product,51,8
4326,"Fast shipping, good quality, and excellent customer support.",2024-08-31,WhatsApp,Kawempe,positive,fast shipping good quality excellent customer support,53,7
4327,Amazing quality products. Will definitely buy again from this shop.,2024-08-26,Twitter,Muyenga,positive,amazing quality product definitely buy shop,43,6
4328,Great value for money. Fast delivery and excellent packaging. Located in Ntinda.,2024-12-05,Website,Ntinda,positive,great value money fast delivery excellent packaging located ntinda,66,9
4329,Amazing experience! The product arrived on time and in perfect condition. Great customer!,2023-12-02,WhatsApp,Bukoto,positive,amazing experience product arrived time perfect condition great customer,72,9
4330,Standard delivery. Product works but quality is average.,2024-12-06,Website,Bukoto,neutral,standard delivery product work quality average,46,6
4331,Outstanding quality and service. Will definitely shop here again. Located in Kampala.,2024-09-24,Facebook,Kampala,positive,outstanding quality service definitely shop located kampala,59,7
4332,Average quality. Nothing special but nothing wrong either. Located in Lubaga.,2023-01-06,Facebook,Lubaga,neutral,average quality nothing special nothing wrong either located lubaga,67,9
4333,Great products at affordable prices. Very satisfied with my purchase. Great order!,2024-04-14,Google,Nakawa,positive,great product affordable price satisfied purchase great order,61,8
4334,"Outstanding business! Professional, reliable, and customer-focused.",2024-08-19,Twitter,Nakawa,positive,outstanding business professional reliable customer focused,59,6
4335,Quick response time and excellent customer care. Highly recommended! Located in Nakawa.,2023-12-06,Website,Makindye,positive,quick response time excellent customer care highly recommended located nakawa,77,10
4336,Product arrived damaged and customer service refused to help. Located in Lubaga.,2024-10-13,WhatsApp,Kampala,negative,product arrived damaged customer service refused help located lubaga,68,9
4337,Very slow delivery. Took over a week to arrive in Kampala.,2024-08-29,Instagram,Ntinda,negative,slow delivery took week arrive kampala,38,6
4338,Average quality. Nothing special but nothing wrong either. Great price!,2024-03-26,Instagram,Kawempe,neutral,average quality nothing special nothing wrong either great price,64,9
4339,Disappointing experience. Would not recommend this shop. Located in Central. Great support!,2024-11-22,Instagram,Lubaga,negative,disappointing experience would recommend shop located central great support,75,9
4340,Top quality products at reasonable prices. Highly recommended!,2024-06-28,Google,Kampala,positive,top quality product reasonable price highly recommended,55,7
4341,Professional service and high-quality products. Very happy! Great shipping!,2023-06-30,Instagram,Lubaga,positive,professional service high quality product happy great shipping,62,8
4342,Standard quality. Nothing to complain about or praise.,2023-02-18,Instagram,Bukoto,neutral,standard quality nothing complain praise,40,5
4343,Very satisfied with my purchase. Great quality and fast delivery. Great price!,2023-03-18,WhatsApp,Kampala,positive,satisfied purchase great quality fast delivery great price,58,8
4344,Okay experience. Nothing to complain about but not impressed either. Great restaurant!,2024-02-14,Facebook,Lubaga,neutral,okay experience nothing complain impressed either great restaurant,66,8
4345,Great experience from start to finish. Will shop here again! Located in Nakawa.,2023-03-12,Instagram,Kawempe,positive,great experience start finish shop located nakawa,49,7
4346,Excellent communication and fast delivery. Highly satisfied!,2024-04-01,Website,Muyenga,positive,excellent communication fast delivery highly satisfied,54,6
4347,Great business with excellent customer care. Very professional. Great service!,2024-06-10,Facebook,Muyenga,positive,great business excellent customer care professional great service,65,8
4348,Excellent products and service. Best in the area! Located in Kampala.,2023-02-09,WhatsApp,Kampala,positive,excellent product service best area located kampala,51,7
4349,Product is functional. Does what it's supposed to do. Located in Makindye.,2024-04-25,Twitter,Muyenga,neutral,product functional supposed located makindye,44,5
4350,Standard business service. Acceptable but not exceptional.,2024-08-20,WhatsApp,Central,neutral,standard business service acceptable exceptional,48,5
4351,Standard quality. Nothing to complain about or praise.,2023-05-02,WhatsApp,Nakawa,neutral,standard quality nothing complain praise,40,5
4352,Great experience overall. Will be a returning customer.,2024-02-28,Google,Muyenga,positive,great experience overall returning customer,43,5
4353,Standard business service. Acceptable but not exceptional. Located in Nakawa. Great store!,2023-06-03,WhatsApp,Kololo,neutral,standard business service acceptable exceptional located nakawa great store,75,9
4354,Okay delivery time. Product is functional and usable.,2023-03-22,Instagram,Muyenga,neutral,okay delivery time product functional usable,44,6
4355,Outstanding service! The staff was very helpful and friendly.,2023-04-16,Website,Central,positive,outstanding service staff helpful friendly,42,5
4356,Great service! Very fast delivery in Kampala. Highly recommend!,2024-05-07,WhatsApp,Ntinda,positive,great service fast delivery kampala highly recommend,52,7
4357,Top-notch quality. Exceeded my expectations completely.,2023-09-14,Facebook,Kampala,positive,top notch quality exceeded expectation completely,49,6
4358,Outstanding quality and service. Will definitely shop here again.,2024-09-10,Google,Kololo,positive,outstanding quality service definitely shop,43,5
4359,Love the product quality. Fast shipping and good packaging.,2024-05-08,Google,Nakawa,positive,love product quality fast shipping good packaging,49,7
4360,Best shopping experience! Quality products and great prices.,2023-12-07,WhatsApp,Muyenga,positive,best shopping experience quality product great price,52,7
4361,Best shop in Kawempe. Quality products and great service. Great delivery!,2023-03-25,Instagram,Lubaga,positive,best shop kawempe quality product great service great delivery,62,9
4362,"Fast shipping, good quality, and excellent customer support.",2024-09-24,Website,Muyenga,positive,fast shipping good quality excellent customer support,53,7
4363,Product is fine. Meets expectations without exceeding them. Great customer!,2024-12-07,Website,Bukoto,neutral,product fine meet expectation without exceeding great customer,62,8
4364,Amazing quality products. Will definitely buy again from this shop.,2023-01-04,Google,Muyenga,positive,amazing quality product definitely buy shop,43,6
4365,Professional service and high-quality products. Very happy! Located in Kololo.,2023-02-13,WhatsApp,Kololo,positive,professional service high quality product happy located kololo,62,8
4366,Amazing experience! The product arrived on time and in perfect condition. Located in Muyenga.,2024-08-30,Website,Central,positive,amazing experience product arrived time perfect condition located muyenga,73,9
4367,Great value for money. Fast delivery and excellent packaging. Located in Nakawa.,2024-01-17,WhatsApp,Ntinda,positive,great value money fast delivery excellent packaging located nakawa,66,9
4368,Best prices in Nakawa area. Great value for money. Great quality!,2023-03-13,Google,Kampala,positive,best price nakawa area great value money great quality,54,9
4369,Love shopping here! Always get great deals and quality products.,2023-04-02,Instagram,Makindye,positive,love shopping always get great deal quality product,51,8
4370,Outstanding service! The staff was very helpful and friendly. Great order!,2024-09-20,Instagram,Makindye,positive,outstanding service staff helpful friendly great order,54,7
4371,Product quality was disappointing. Not as described on the website. Located in Kawempe. Great purchase!,2023-03-30,Twitter,Makindye,negative,product quality disappointing described website located kawempe great purchase,78,9
4372,Great experience from start to finish. Will shop here again! Located in Muyenga.,2024-09-18,Instagram,Bukoto,positive,great experience start finish shop located muyenga,50,7
4373,Excellent products and service. Best in the area! Great support!,2024-11-01,Facebook,Kololo,positive,excellent product service best area great support,49,7
4374,Average experience overall. Product is fine but not great. Located in Nakawa.,2023-08-06,Website,Muyenga,neutral,average experience overall product fine great located nakawa,60,8
4375,Product was defective but they refused to refund. Bad business.,2023-10-17,Twitter,Ntinda,negative,product defective refused refund bad business,45,6
4376,Product was defective but they refused to refund. Bad business. Located in Makindye.,2023-09-07,Instagram,Central,negative,product defective refused refund bad business located makindye,62,8
4377,Okay delivery time. Product is functional and usable. Great price!,2024-01-26,Website,Kampala,neutral,okay delivery time product functional usable great price,56,8
4378,Top quality products at reasonable prices. Highly recommended!,2024-05-05,Google,Central,positive,top quality product reasonable price highly recommended,55,7
4379,"Fast delivery, good quality, fair prices. What more could you ask for?",2023-10-19,Website,Muyenga,positive,fast delivery good quality fair price could ask,47,8
4380,Product broke after just one week of use. Very poor quality.,2023-02-19,Website,Central,negative,product broke one week use poor quality,39,7
4381,Average product quality. Meets basic needs adequately. Located in Bukoto.,2023-02-22,WhatsApp,Kampala,neutral,average product quality meet basic need adequately located bukoto,65,9
4382,Amazing service! The team went above and beyond to help me. Located in Central.,2023-11-18,Twitter,Kampala,positive,amazing service team went beyond help located central,53,8
4383,Average quality products. Functional but not impressive.,2023-02-08,Website,Central,neutral,average quality product functional impressive,45,5
4384,Average experience overall. Product is fine but not great.,2024-06-29,WhatsApp,Lubaga,neutral,average experience overall product fine great,45,6
4385,Fair experience overall. Nothing exceptional but acceptable. Great purchase!,2023-09-19,Google,Kawempe,neutral,fair experience overall nothing exceptional acceptable great purchase,69,8
4386,Decent value. Product works as expected. Located in Central.,2024-07-27,WhatsApp,Makindye,neutral,decent value product work expected located central,50,7
4387,Love shopping here! Always get great deals and quality products.,2023-10-11,Google,Lubaga,positive,love shopping always get great deal quality product,51,8
4388,Best shop in Kawempe. Quality products and great service.,2024-10-01,Website,Makindye,positive,best shop kawempe quality product great service,47,7
4389,Product broke after just one week of use. Very poor quality.,2023-07-04,WhatsApp,Kampala,negative,product broke one week use poor quality,39,7
4390,Customer service needs major improvement. Very unprofessional.,2023-10-15,Instagram,Nakawa,negative,customer service need major improvement unprofessional,54,6
4391,Great value for money. Fast delivery and excellent packaging. Great packaging!,2023-12-19,Google,Ntinda,positive,great value money fast delivery excellent packaging great packaging,67,9
4392,"Fast delivery, good quality, fair prices. What more could you ask for?",2024-05-05,Google,Muyenga,positive,fast delivery good quality fair price could ask,47,8
4393,Excellent business! Highly professional and reliable.,2024-02-17,Facebook,Kawempe,positive,excellent business highly professional reliable,47,5
4394,Average product quality. Meets basic expectations.,2023-11-14,WhatsApp,Kawempe,neutral,average product quality meet basic expectation,46,6
4395,"Fast shipping, good quality, and excellent customer support. Located in Makindye.",2023-04-22,Website,Bukoto,positive,fast shipping good quality excellent customer support located makindye,70,9
4396,Product was defective but they refused to refund. Bad business. Great packaging!,2024-06-20,WhatsApp,Makindye,negative,product defective refused refund bad business great packaging,61,8
4397,Customer service is terrible. No one responds to complaints. Located in Kampala.,2023-04-04,Google,Nakawa,negative,customer service terrible one responds complaint located kampala,64,8
4398,Great products at affordable prices. Very satisfied with my purchase. Great customer!,2024-12-13,Facebook,Lubaga,positive,great product affordable price satisfied purchase great customer,64,8
4399,Very disappointed with the quality. Not worth the money paid.,2024-11-16,Google,Lubaga,negative,disappointed quality worth money paid,37,5
4400,Average quality. Price is reasonable for what you get. Great experience!,2024-05-19,Instagram,Central,neutral,average quality price reasonable get great experience,53,7
4401,Decent quality products. Price is fair for what you receive.,2023-01-21,Instagram,Kawempe,neutral,decent quality product price fair receive,41,6
4402,Amazing service! The team went above and beyond to help me.,2023-05-01,Website,Muyenga,positive,amazing service team went beyond help,37,6
4403,Excellent communication and fast delivery. Highly satisfied! Located in Makindye.,2023-10-16,Twitter,Ntinda,positive,excellent communication fast delivery highly satisfied located makindye,71,8
4404,Best shopping experience! Quality products and great prices.,2024-04-12,Google,Kololo,positive,best shopping experience quality product great price,52,7
4405,Amazing quality products. Will definitely buy again from this shop.,2024-03-01,WhatsApp,Kampala,positive,amazing quality product definitely buy shop,43,6
4406,Great business with excellent customer care. Very professional.,2023-02-12,Website,Muyenga,positive,great business excellent customer care professional,51,6
4407,Great experience overall. Will be a returning customer. Great product!,2023-07-28,Website,Lubaga,positive,great experience overall returning customer great product,57,7
4408,"Fast shipping, good quality, and excellent customer support.",2024-03-05,Facebook,Central,positive,fast shipping good quality excellent customer support,53,7
4409,Great experience overall. Will be a returning customer.,2024-08-19,Twitter,Muyenga,positive,great experience overall returning customer,43,5
4410,Great business with excellent customer care. Very professional. Located in Kololo.,2023-10-07,Facebook,Kawempe,positive,great business excellent customer care professional located kololo,66,8
4411,Excellent business! Highly professional and reliable.,2023-02-18,Instagram,Kawempe,positive,excellent business highly professional reliable,47,5
4412,Terrible customer service. No help when I had an issue.,2024-02-08,Twitter,Bukoto,negative,terrible customer service help issue,36,5
4413,Amazing quality products. Will definitely buy again from this shop. Located in Makindye.,2024-03-02,WhatsApp,Lubaga,positive,amazing quality product definitely buy shop located makindye,60,8
4414,Great experience from start to finish. Will shop here again! Located in Muyenga.,2023-12-11,WhatsApp,Bukoto,positive,great experience start finish shop located muyenga,50,7
4415,Excellent products and service. Best in the area!,2024-02-12,Instagram,Central,positive,excellent product service best area,35,5
4416,Okay experience. Nothing to complain about but not impressed either.,2024-07-22,Facebook,Kampala,neutral,okay experience nothing complain impressed either,49,6
4417,Okay product quality. Price matches the value received.,2024-03-18,Twitter,Kawempe,neutral,okay product quality price match value received,47,7
4418,Product broke after just one week of use. Very poor quality. Located in Kampala. Great shipping!,2023-01-14,Website,Kampala,negative,product broke one week use poor quality located kampala great shipping,70,11
4419,Fair value for money. Quality is acceptable but not premium.,2024-03-06,Facebook,Muyenga,neutral,fair value money quality acceptable premium,43,6
4420,"Fast delivery, good quality, fair prices. What more could you ask for?",2024-10-30,Google,Makindye,positive,fast delivery good quality fair price could ask,47,8
4421,Excellent products and service. Best in the area!,2024-09-08,Facebook,Bukoto,positive,excellent product service best area,35,5
4422,Amazing experience! The product arrived on time and in perfect condition.,2024-12-30,Website,Lubaga,positive,amazing experience product arrived time perfect condition,57,7
4423,Average product quality. Meets basic needs adequately.,2023-11-10,WhatsApp,Kawempe,neutral,average product quality meet basic need adequately,50,7
4424,Okay service. Product meets basic requirements. Located in Ntinda.,2024-03-16,Facebook,Bukoto,neutral,okay service product meet basic requirement located ntinda,58,8
4425,Very satisfied with my purchase. Great quality and fast delivery.,2023-09-30,Google,Kololo,positive,satisfied purchase great quality fast delivery,46,6
4426,Outstanding service! The staff was very helpful and friendly.,2024-12-15,Twitter,Central,positive,outstanding service staff helpful friendly,42,5
4427,Great value for money. Fast delivery and excellent packaging. Great experience!,2024-12-11,Instagram,Lubaga,positive,great value money fast delivery excellent packaging great experience,68,9
4428,Okay delivery time. Product is functional and usable.,2024-09-29,Google,Kampala,neutral,okay delivery time product functional usable,44,6
4429,Very disappointed. Product quality is poor and service is worse.,2024-10-01,Google,Bukoto,negative,disappointed product quality poor service worse,47,6
4430,Amazing quality products. Will definitely buy again from this shop.,2023-06-07,Twitter,Makindye,positive,amazing quality product definitely buy shop,43,6
4431,Amazing experience! The product arrived on time and in perfect condition.,2024-09-15,Website,Kololo,positive,amazing experience product arrived time perfect condition,57,7
4432,Delivery was delayed multiple times. Very frustrating experience. Located in Nakawa.,2023-11-11,WhatsApp,Kawempe,negative,delivery delayed multiple time frustrating experience located nakawa,68,8
4433,Best customer service I've experienced. Products are top quality. Great restaurant!,2023-05-18,Facebook,Kampala,positive,best customer service experienced product top quality great restaurant,70,9
4434,Quick response time and excellent customer care. Highly recommended!,2024-07-01,WhatsApp,Kawempe,positive,quick response time excellent customer care highly recommended,62,8
4435,Very satisfied with my purchase. Great quality and fast delivery. Located in Kololo. Great customer!,2023-03-19,Facebook,Lubaga,positive,satisfied purchase great quality fast delivery located kololo great customer,76,10
4436,Delivery was on time. Product is as expected.,2023-08-30,Instagram,Kampala,neutral,delivery time product expected,30,4
4437,"Outstanding business! Professional, reliable, and customer-focused.",2023-11-16,Website,Kololo,positive,outstanding business professional reliable customer focused,59,6
4438,Product quality was disappointing. Not as described on the website. Located in Muyenga.,2023-12-13,Instagram,Bukoto,negative,product quality disappointing described website located muyenga,63,7
4439,Poor packaging led to damaged goods. Very unprofessional. Located in Central.,2024-02-28,WhatsApp,Bukoto,negative,poor packaging led damaged good unprofessional located central,62,8
4440,Standard service. No complaints but nothing exceptional either.,2023-08-30,Website,Kampala,neutral,standard service complaint nothing exceptional either,53,6
4441,Outstanding quality and service. Will definitely shop here again.,2023-10-05,Google,Lubaga,positive,outstanding quality service definitely shop,43,5
4442,Excellent communication and fast delivery. Highly satisfied! Located in Nakawa. Great restaurant!,2024-12-18,Twitter,Ntinda,positive,excellent communication fast delivery highly satisfied located nakawa great restaurant,86,10
4443,Average experience. Product is functional and adequate.,2024-11-03,Twitter,Central,neutral,average experience product functional adequate,46,5
4444,Delivery was on time. Product is as expected. Located in Nakawa. Great customer!,2024-10-20,WhatsApp,Muyenga,neutral,delivery time product expected located nakawa great customer,60,8
4445,Top quality products at reasonable prices. Highly recommended!,2024-09-05,Google,Nakawa,positive,top quality product reasonable price highly recommended,55,7
4446,Top-notch quality. Exceeded my expectations completely.,2023-11-24,Instagram,Ntinda,positive,top notch quality exceeded expectation completely,49,6
4447,Best prices in Nakawa area. Great value for money.,2024-01-20,Instagram,Muyenga,positive,best price nakawa area great value money,40,7
4448,Amazing experience! The product arrived on time and in perfect condition. Great quality!,2023-07-12,Website,Central,positive,amazing experience product arrived time perfect condition great quality,71,9
4449,Great business with excellent customer care. Very professional.,2023-02-08,Instagram,Ntinda,positive,great business excellent customer care professional,51,6
4450,Love shopping here! Always get great deals and quality products.,2024-09-09,Facebook,Kololo,positive,love shopping always get great deal quality product,51,8
4451,Great business with excellent customer care. Very professional.,2023-05-27,Instagram,Nakawa,positive,great business excellent customer care professional,51,6
4452,Love the product quality. Fast shipping and good packaging.,2024-12-13,WhatsApp,Nakawa,positive,love product quality fast shipping good packaging,49,7
4453,Okay service. Nothing special but gets the job done. Located in Makindye.,2023-05-20,Instagram,Kampala,neutral,okay service nothing special get job done located makindye,58,9
4454,"Fast shipping, good quality, and excellent customer support. Located in Nakawa.",2024-09-22,Facebook,Kololo,positive,fast shipping good quality excellent customer support located nakawa,68,9
4455,Standard service. No complaints but nothing exceptional either.,2023-08-13,Facebook,Kawempe,neutral,standard service complaint nothing exceptional either,53,6
4456,Love the product quality. Fast shipping and good packaging.,2024-12-26,Facebook,Ntinda,positive,love product quality fast shipping good packaging,49,7
4457,"Fast shipping, good quality, and excellent customer support. Located in Central. Great business!",2023-07-13,WhatsApp,Bukoto,positive,fast shipping good quality excellent customer support located central great business,84,11
4458,Best shop in Kawempe. Quality products and great service. Located in Ntinda. Great shipping!,2023-01-31,Google,Lubaga,positive,best shop kawempe quality product great service located ntinda great shipping,77,11
4459,Love shopping here! Always get great deals and quality products.,2023-04-08,WhatsApp,Ntinda,positive,love shopping always get great deal quality product,51,8
4460,Product works as expected. No major issues or complaints. Great price!,2023-11-19,WhatsApp,Kawempe,neutral,product work expected major issue complaint great price,55,8
4461,Standard service. No complaints but nothing exceptional either. Located in Muyenga.,2023-03-11,Instagram,Ntinda,neutral,standard service complaint nothing exceptional either located muyenga,69,8
4462,Great experience overall. Will be a returning customer. Located in Ntinda.,2024-10-01,Twitter,Nakawa,positive,great experience overall returning customer located ntinda,58,7
4463,Would not buy from here again. Poor experience overall. Great support!,2023-09-17,Website,Central,negative,would buy poor experience overall great support,47,7
4464,"Fast shipping, good quality, and excellent customer support. Great store!",2024-11-25,Facebook,Makindye,positive,fast shipping good quality excellent customer support great store,65,9
4465,Okay service. Product meets basic requirements.,2024-10-11,Website,Ntinda,neutral,okay service product meet basic requirement,43,6
4466,Poor quality products. Broke within days of purchase. Located in Kampala.,2023-08-13,Facebook,Nakawa,negative,poor quality product broke within day purchase located kampala,62,9
4467,Great value for money. Fast delivery and excellent packaging.,2023-11-05,WhatsApp,Kawempe,positive,great value money fast delivery excellent packaging,51,7
4468,Standard business service. Acceptable but not exceptional. Located in Nakawa.,2024-05-20,Google,Nakawa,neutral,standard business service acceptable exceptional located nakawa,63,7
4469,Very satisfied with my purchase. Great quality and fast delivery. Located in Ntinda.,2024-10-26,Twitter,Lubaga,positive,satisfied purchase great quality fast delivery located ntinda,61,8
4470,Excellent customer support. They responded quickly to my questions.,2023-09-22,Website,Kololo,positive,excellent customer support responded quickly question,53,6
4471,Best customer service I've experienced. Products are top quality.,2023-04-16,Twitter,Kampala,positive,best customer service experienced product top quality,53,7
4472,Delivery was on time. Product is as expected. Located in Ntinda. Great price!,2023-09-25,Facebook,Ntinda,neutral,delivery time product expected located ntinda great price,57,8
4473,"Fast delivery, good quality, fair prices. What more could you ask for?",2023-10-24,Instagram,Kololo,positive,fast delivery good quality fair price could ask,47,8
4474,Excellent customer support. They responded quickly to my questions. Great packaging!,2024-10-19,Instagram,Kololo,positive,excellent customer support responded quickly question great packaging,69,8
4475,Terrible customer service. No help when I had an issue. Located in Lubaga.,2024-05-03,WhatsApp,Kololo,negative,terrible customer service help issue located lubaga,51,7
4476,Outstanding quality and service. Will definitely shop here again. Located in Nakawa.,2024-11-22,Google,Makindye,positive,outstanding quality service definitely shop located nakawa,58,7
4477,Product works as expected. No major issues or complaints.,2024-09-21,Website,Kampala,neutral,product work expected major issue complaint,43,6
4478,Amazing experience! The product arrived on time and in perfect condition.,2023-10-31,Facebook,Makindye,positive,amazing experience product arrived time perfect condition,57,7
4479,Delivery issues. Package arrived late and damaged.,2023-11-16,Instagram,Kololo,negative,delivery issue package arrived late damaged,43,6
4480,Very disappointed. Product quality is poor and service is worse.,2023-06-10,Google,Lubaga,negative,disappointed product quality poor service worse,47,6
4481,Standard delivery time. Product quality is average.,2024-01-30,WhatsApp,Ntinda,neutral,standard delivery time product quality average,46,6
4482,Product is functional. Does what it's supposed to do. Great shop!,2023-12-07,Twitter,Kawempe,neutral,product functional supposed great shop,38,5
4483,Outstanding service! The staff was very helpful and friendly. Great restaurant!,2023-07-04,Google,Kawempe,positive,outstanding service staff helpful friendly great restaurant,59,7
4484,Love the product quality. Fast shipping and good packaging. Located in Ntinda. Great delivery!,2023-09-21,Google,Kawempe,positive,love product quality fast shipping good packaging located ntinda great delivery,79,11
4485,Excellent products and service. Best in the area!,2023-10-10,WhatsApp,Bukoto,positive,excellent product service best area,35,5
4486,Terrible customer service. No help when I had an issue.,2023-07-30,Website,Makindye,negative,terrible customer service help issue,36,5
4487,Slow response time and poor communication from the business. Great packaging!,2023-03-13,WhatsApp,Kampala,negative,slow response time poor communication business great packaging,62,8
4488,Average experience overall. Product is fine but not great.,2024-11-13,Website,Nakawa,neutral,average experience overall product fine great,45,6
4489,Excellent products and service. Best in the area!,2023-04-05,Facebook,Lubaga,positive,excellent product service best area,35,5
4490,Top quality products at reasonable prices. Highly recommended!,2023-12-07,Facebook,Central,positive,top quality product reasonable price highly recommended,55,7
4491,Professional service and high-quality products. Very happy! Located in Kawempe.,2023-12-26,Twitter,Kawempe,positive,professional service high quality product happy located kawempe,63,8
4492,Great value for money. Fast delivery and excellent packaging.,2023-03-03,WhatsApp,Muyenga,positive,great value money fast delivery excellent packaging,51,7
4493,Product didn't work as expected. Waste of money.,2024-12-31,WhatsApp,Kololo,negative,product work expected waste money,33,5
4494,Love the product quality. Fast shipping and good packaging.,2023-07-22,Twitter,Kampala,positive,love product quality fast shipping good packaging,49,7
4495,Fair experience overall. Nothing exceptional but acceptable.,2024-08-03,Twitter,Kawempe,neutral,fair experience overall nothing exceptional acceptable,54,6
4496,Best shop in Kawempe. Quality products and great service. Located in Kololo.,2023-12-21,Instagram,Bukoto,positive,best shop kawempe quality product great service located kololo,62,9
4497,Average quality products. Functional but not impressive.,2024-05-07,Google,Kawempe,neutral,average quality product functional impressive,45,5
4498,Great business with excellent customer care. Very professional.,2023-05-20,Facebook,Kawempe,positive,great business excellent customer care professional,51,6
4499,Fair value for money. Quality is acceptable but not premium.,2024-12-01,Google,Kololo,neutral,fair value money quality acceptable premium,43,6
4500,Excellent communication and fast delivery. Highly satisfied! Located in Ntinda.,2023-04-05,Google,Muyenga,positive,excellent communication fast delivery highly satisfied located ntinda,69,8
4501,Great business with excellent customer care. Very professional.,2023-06-19,Facebook,Nakawa,positive,great business excellent customer care professional,51,6
4502,Excellent customer support. They responded quickly to my questions. Located in Muyenga.,2024-02-22,WhatsApp,Central,positive,excellent customer support responded quickly question located muyenga,69,8
4503,Okay experience. Nothing to complain about but not impressed either.,2024-09-06,WhatsApp,Muyenga,neutral,okay experience nothing complain impressed either,49,6
4504,Top quality products at reasonable prices. Highly recommended! Located in Central. Great staff!,2023-05-19,Facebook,Central,positive,top quality product reasonable price highly recommended located central great staff,83,11
4505,Best prices in Nakawa area. Great value for money.,2024-12-27,Google,Central,positive,best price nakawa area great value money,40,7
4506,Great products at affordable prices. Very satisfied with my purchase. Located in Nakawa.,2023-12-12,Facebook,Lubaga,positive,great product affordable price satisfied purchase located nakawa,64,8
4507,"Fast shipping, good quality, and excellent customer support. Located in Kampala. Great quality!",2024-09-03,Google,Nakawa,positive,fast shipping good quality excellent customer support located kampala great quality,83,11
4508,Excellent customer support. They responded quickly to my questions.,2023-02-05,Facebook,Ntinda,positive,excellent customer support responded quickly question,53,6
4509,Standard delivery. Product works but quality is average. Great experience!,2024-11-08,Instagram,Muyenga,neutral,standard delivery product work quality average great experience,63,8
4510,Excellent business! Highly professional and reliable. Located in Ntinda.,2024-01-01,Instagram,Ntinda,positive,excellent business highly professional reliable located ntinda,62,7
4511,Excellent customer support. They responded quickly to my questions.,2023-06-17,Google,Muyenga,positive,excellent customer support responded quickly question,53,6
4512,Love shopping here! Always get great deals and quality products.,2023-12-17,Google,Bukoto,positive,love shopping always get great deal quality product,51,8
4513,Love the product quality. Fast shipping and good packaging. Located in Kawempe.,2023-07-24,WhatsApp,Kololo,positive,love product quality fast shipping good packaging located kawempe,65,9
4514,Professional service and high-quality products. Very happy!,2024-07-15,Twitter,Kololo,positive,professional service high quality product happy,47,6
4515,Great value for money. Fast delivery and excellent packaging. Located in Bukoto.,2023-12-21,Twitter,Kawempe,positive,great value money fast delivery excellent packaging located bukoto,66,9
4516,Product was different from what was advertised. Misleading description.,2023-06-29,WhatsApp,Muyenga,negative,product different advertised misleading description,51,5
4517,Very slow delivery. Took over a week to arrive in Kampala. Located in Bukoto. Great quality!,2023-01-08,Website,Lubaga,negative,slow delivery took week arrive kampala located bukoto great quality,67,10
4518,Product was different from what was advertised. Misleading description. Located in Makindye.,2023-02-02,Google,Lubaga,negative,product different advertised misleading description located makindye,68,7
4519,Outstanding service! The staff was very helpful and friendly. Located in Ntinda.,2024-04-13,Twitter,Central,positive,outstanding service staff helpful friendly located ntinda,57,7
4520,Decent service. No major complaints but nothing impressive.,2024-02-21,Website,Bukoto,neutral,decent service major complaint nothing impressive,49,6
4521,Outstanding service! The staff was very helpful and friendly. Great purchase!,2023-01-01,WhatsApp,Kampala,positive,outstanding service staff helpful friendly great purchase,57,7
4522,Best prices in Nakawa area. Great value for money. Great customer!,2023-01-05,Twitter,Kololo,positive,best price nakawa area great value money great customer,55,9
4523,Product works fine. Decent quality for the price paid.,2023-11-26,Website,Ntinda,neutral,product work fine decent quality price paid,43,7
4524,Average experience overall. Product is fine but not great.,2024-09-21,Google,Kampala,neutral,average experience overall product fine great,45,6
4525,Excellent communication and fast delivery. Highly satisfied!,2023-03-25,Website,Central,positive,excellent communication fast delivery highly satisfied,54,6
4526,Excellent communication and fast delivery. Highly satisfied!,2023-03-17,Google,Kololo,positive,excellent communication fast delivery highly satisfied,54,6
4527,Outstanding quality and service. Will definitely shop here again.,2024-07-27,Website,Lubaga,positive,outstanding quality service definitely shop,43,5
4528,Excellent products and service. Best in the area! Located in Kololo.,2024-01-05,Google,Makindye,positive,excellent product service best area located kololo,50,7
4529,Not satisfied at all. Product quality is below standard. Located in Bukoto.,2023-12-31,Google,Bukoto,negative,satisfied product quality standard located bukoto,49,6
4530,Decent value. Product works as expected.,2023-02-02,Twitter,Central,neutral,decent value product work expected,34,5
4531,Best shop in Kawempe. Quality products and great service. Great customer!,2024-04-03,Twitter,Nakawa,positive,best shop kawempe quality product great service great customer,62,9
4532,"Fast delivery, good quality, fair prices. What more could you ask for?",2024-12-04,WhatsApp,Kololo,positive,fast delivery good quality fair price could ask,47,8
4533,Okay service. Product meets basic requirements.,2024-01-01,Instagram,Central,neutral,okay service product meet basic requirement,43,6
4534,Best shop in Kawempe. Quality products and great service.,2024-01-07,Facebook,Kawempe,positive,best shop kawempe quality product great service,47,7
4535,Okay service. Nothing special but gets the job done. Located in Ntinda. Great support!,2024-11-02,Website,Makindye,neutral,okay service nothing special get job done located ntinda great support,70,11
4536,Great experience overall. Will be a returning customer. Located in Bukoto.,2023-01-19,Google,Nakawa,positive,great experience overall returning customer located bukoto,58,7
4537,Amazing quality products. Will definitely buy again from this shop.,2024-11-22,Twitter,Kawempe,positive,amazing quality product definitely buy shop,43,6
4538,Great service! Very fast delivery in Kampala. Highly recommend!,2024-01-18,WhatsApp,Kampala,positive,great service fast delivery kampala highly recommend,52,7
4539,Very slow delivery. Took over a week to arrive in Kampala.,2024-06-14,Website,Kololo,negative,slow delivery took week arrive kampala,38,6
4540,Amazing service! The team went above and beyond to help me. Great shipping!,2024-06-18,Instagram,Muyenga,positive,amazing service team went beyond help great shipping,52,8
4541,Great prices and even better service. Highly recommend this business!,2024-03-08,Website,Muyenga,positive,great price even better service highly recommend business,57,8
4542,Great service! Very fast delivery in Kampala. Highly recommend! Located in Makindye.,2023-03-14,Twitter,Muyenga,positive,great service fast delivery kampala highly recommend located makindye,69,9
4543,Great experience from start to finish. Will shop here again!,2023-10-07,Google,Kampala,positive,great experience start finish shop,34,5
4544,Delivery was on time. Product is as expected.,2023-02-24,Website,Nakawa,neutral,delivery time product expected,30,4
4545,Product is functional. Does what it's supposed to do.,2024-05-30,Website,Kololo,neutral,product functional supposed,27,3
4546,Product was defective but they refused to refund. Bad business. Located in Ntinda.,2023-02-15,Instagram,Kawempe,negative,product defective refused refund bad business located ntinda,60,8
4547,Great business with excellent customer care. Very professional.,2024-03-03,Facebook,Kololo,positive,great business excellent customer care professional,51,6
4548,Outstanding service! The staff was very helpful and friendly.,2024-12-27,Website,Lubaga,positive,outstanding service staff helpful friendly,42,5
4549,Great service! Very fast delivery in Kampala. Highly recommend!,2023-03-15,Facebook,Kololo,positive,great service fast delivery kampala highly recommend,52,7
4550,Average experience overall. Product is fine but not great.,2024-02-02,Twitter,Bukoto,neutral,average experience overall product fine great,45,6
4551,Amazing experience! The product arrived on time and in perfect condition. Located in Kawempe.,2023-05-14,Google,Ntinda,positive,amazing experience product arrived time perfect condition located kawempe,73,9
4552,Not satisfied with the product. Quality is below expectations. Located in Central.,2024-05-16,WhatsApp,Muyenga,negative,satisfied product quality expectation located central,53,6
4553,Best prices in Nakawa area. Great value for money.,2023-06-05,Facebook,Muyenga,positive,best price nakawa area great value money,40,7
4554,Product is okay. Nothing special but serves its purpose. Great store!,2024-02-20,Facebook,Ntinda,neutral,product okay nothing special serf purpose great store,53,8
4555,Amazing experience! The product arrived on time and in perfect condition. Located in Kawempe. Great delivery!,2023-06-30,Google,Kololo,positive,amazing experience product arrived time perfect condition located kawempe great delivery,88,11
4556,Best customer service I've experienced. Products are top quality.,2023-12-17,Instagram,Kololo,positive,best customer service experienced product top quality,53,7
4557,"Fast delivery, good quality, fair prices. What more could you ask for?",2023-09-10,Google,Ntinda,positive,fast delivery good quality fair price could ask,47,8
4558,Excellent customer support. They responded quickly to my questions.,2024-12-13,Website,Muyenga,positive,excellent customer support responded quickly question,53,6
4559,Amazing quality products. Will definitely buy again from this shop. Located in Lubaga.,2024-05-11,WhatsApp,Bukoto,positive,amazing quality product definitely buy shop located lubaga,58,8
4560,Excellent communication and fast delivery. Highly satisfied! Located in Makindye.,2023-10-19,WhatsApp,Lubaga,positive,excellent communication fast delivery highly satisfied located makindye,71,8
4561,Best shopping experience! Quality products and great prices. Great experience!,2024-02-12,Website,Central,positive,best shopping experience quality product great price great experience,69,9
4562,Quick response time and excellent customer care. Highly recommended! Great business!,2023-03-02,Google,Bukoto,positive,quick response time excellent customer care highly recommended great business,77,10
4563,Product was different from what was advertised. Misleading description.,2024-04-10,Website,Lubaga,negative,product different advertised misleading description,51,5
4564,Standard business service. Acceptable but not exceptional.,2023-07-08,Instagram,Ntinda,neutral,standard business service acceptable exceptional,48,5
4565,Okay delivery time. Product is functional and usable. Great quality!,2024-08-18,Website,Kawempe,neutral,okay delivery time product functional usable great quality,58,8
4566,Product arrived damaged and customer service refused to help.,2023-07-01,Facebook,Bukoto,negative,product arrived damaged customer service refused help,53,7
4567,Disappointing experience. Would not recommend this shop. Located in Ntinda.,2023-02-06,Instagram,Kololo,negative,disappointing experience would recommend shop located ntinda,60,7
4568,Standard delivery time. Product quality is average. Located in Makindye.,2023-04-30,Twitter,Muyenga,neutral,standard delivery time product quality average located makindye,63,8
4569,Amazing experience! The product arrived on time and in perfect condition.,2024-06-25,Google,Makindye,positive,amazing experience product arrived time perfect condition,57,7
4570,Excellent customer support. They responded quickly to my questions.,2024-01-18,Facebook,Makindye,positive,excellent customer support responded quickly question,53,6
4571,Okay service. Product meets basic requirements. Located in Makindye.,2023-04-20,Google,Nakawa,neutral,okay service product meet basic requirement located makindye,60,8
4572,Okay experience. Nothing to complain about but not impressed either.,2024-08-21,Website,Central,neutral,okay experience nothing complain impressed either,49,6
4573,Standard service. No complaints but nothing exceptional either. Great business!,2024-08-08,Facebook,Central,neutral,standard service complaint nothing exceptional either great business,68,8
4574,Standard experience. Product does what it needs to do.,2023-10-01,WhatsApp,Nakawa,neutral,standard experience product need,32,4
4575,Great business with excellent customer care. Very professional.,2024-11-10,Google,Muyenga,positive,great business excellent customer care professional,51,6
4576,Great products at affordable prices. Very satisfied with my purchase.,2024-06-24,Instagram,Ntinda,positive,great product affordable price satisfied purchase,49,6
4577,"Fast shipping, good quality, and excellent customer support. Located in Ntinda.",2023-11-21,Instagram,Central,positive,fast shipping good quality excellent customer support located ntinda,68,9
4578,Product arrived damaged and customer service refused to help. Located in Ntinda.,2024-06-19,Google,Kawempe,negative,product arrived damaged customer service refused help located ntinda,68,9
4579,Top quality products at reasonable prices. Highly recommended! Located in Makindye.,2023-04-28,WhatsApp,Nakawa,positive,top quality product reasonable price highly recommended located makindye,72,9
4580,Great products at affordable prices. Very satisfied with my purchase. Great staff!,2023-05-30,Website,Ntinda,positive,great product affordable price satisfied purchase great staff,61,8
4581,Great experience from start to finish. Will shop here again! Located in Ntinda.,2024-12-14,Instagram,Kawempe,positive,great experience start finish shop located ntinda,49,7
4582,Product broke after just one week of use. Very poor quality. Located in Lubaga.,2024-10-08,WhatsApp,Lubaga,negative,product broke one week use poor quality located lubaga,54,9
4583,Professional service and high-quality products. Very happy! Located in Kampala.,2024-04-17,Website,Kampala,positive,professional service high quality product happy located kampala,63,8
4584,Fair value for money. Quality is acceptable but not premium.,2023-03-27,Google,Kampala,neutral,fair value money quality acceptable premium,43,6
4585,Top-notch quality. Exceeded my expectations completely. Great purchase!,2023-10-01,Facebook,Central,positive,top notch quality exceeded expectation completely great purchase,64,8
4586,Love the product quality. Fast shipping and good packaging. Great shop!,2024-08-16,Google,Lubaga,positive,love product quality fast shipping good packaging great shop,60,9
4587,Very satisfied with my purchase. Great quality and fast delivery.,2023-02-21,Instagram,Ntinda,positive,satisfied purchase great quality fast delivery,46,6
4588,Average quality products. Functional but not impressive.,2023-11-03,Twitter,Ntinda,neutral,average quality product functional impressive,45,5
4589,Great service! Very fast delivery in Kampala. Highly recommend! Located in Kololo.,2023-09-15,Instagram,Kololo,positive,great service fast delivery kampala highly recommend located kololo,67,9
4590,Great experience from start to finish. Will shop here again! Great store!,2023-10-25,Google,Central,positive,great experience start finish shop great store,46,7
4591,"Fast shipping, good quality, and excellent customer support. Great store!",2024-08-24,Website,Ntinda,positive,fast shipping good quality excellent customer support great store,65,9
4592,Very satisfied with my purchase. Great quality and fast delivery. Located in Kampala.,2024-12-26,Instagram,Ntinda,positive,satisfied purchase great quality fast delivery located kampala,62,8
4593,Outstanding service! The staff was very helpful and friendly.,2024-02-28,Instagram,Ntinda,positive,outstanding service staff helpful friendly,42,5
4594,Okay experience. Nothing to complain about but not impressed either.,2024-02-11,Google,Nakawa,neutral,okay experience nothing complain impressed either,49,6
4595,Great experience overall. Will be a returning customer.,2023-04-23,Facebook,Ntinda,positive,great experience overall returning customer,43,5
4596,Would not buy from here again. Poor experience overall.,2024-03-19,WhatsApp,Lubaga,negative,would buy poor experience overall,33,5
4597,Top quality products at reasonable prices. Highly recommended!,2024-12-22,Facebook,Muyenga,positive,top quality product reasonable price highly recommended,55,7
4598,Not satisfied with the product. Quality is below expectations. Located in Kololo.,2024-10-20,Facebook,Ntinda,negative,satisfied product quality expectation located kololo,52,6
4599,Best shopping experience! Quality products and great prices. Great packaging!,2023-02-14,Twitter,Muyenga,positive,best shopping experience quality product great price great packaging,68,9
4600,Decent quality products. Price is fair for what you receive.,2023-04-13,Google,Ntinda,neutral,decent quality product price fair receive,41,6
4601,Very satisfied with my purchase. Great quality and fast delivery. Great price!,2023-03-19,Twitter,Nakawa,positive,satisfied purchase great quality fast delivery great price,58,8
4602,Product is okay. Nothing special but serves its purpose.,2024-04-04,Facebook,Ntinda,neutral,product okay nothing special serf purpose,41,6
4603,"Fast shipping, good quality, and excellent customer support. Great delivery!",2023-06-11,Google,Muyenga,positive,fast shipping good quality excellent customer support great delivery,68,9
4604,Very disappointed with the quality. Not worth the money paid. Located in Lubaga.,2024-08-11,Instagram,Central,negative,disappointed quality worth money paid located lubaga,52,7
4605,"Fast shipping, good quality, and excellent customer support. Great store!",2024-11-26,Google,Kololo,positive,fast shipping good quality excellent customer support great store,65,9
4606,"Fast shipping, good quality, and excellent customer support. Located in Lubaga.",2023-03-01,Twitter,Makindye,positive,fast shipping good quality excellent customer support located lubaga,68,9
4607,Delivery was delayed multiple times. Very frustrating experience. Great shipping!,2023-02-20,Twitter,Muyenga,negative,delivery delayed multiple time frustrating experience great shipping,68,8
4608,Great value for money. Fast delivery and excellent packaging.,2024-03-01,Instagram,Kawempe,positive,great value money fast delivery excellent packaging,51,7
4609,Fair prices and acceptable quality. Nothing outstanding.,2023-05-20,Facebook,Central,neutral,fair price acceptable quality nothing outstanding,49,6
4610,Amazing quality products. Will definitely buy again from this shop.,2024-03-06,Instagram,Ntinda,positive,amazing quality product definitely buy shop,43,6
4611,Outstanding service! The staff was very helpful and friendly. Great shop!,2024-10-10,Instagram,Central,positive,outstanding service staff helpful friendly great shop,53,7
4612,Great products at affordable prices. Very satisfied with my purchase.,2024-08-22,Twitter,Makindye,positive,great product affordable price satisfied purchase,49,6
4613,Product is okay. Nothing special but serves its purpose.,2023-07-05,WhatsApp,Kampala,neutral,product okay nothing special serf purpose,41,6
4614,Very satisfied with my purchase. Great quality and fast delivery. Located in Makindye.,2024-04-17,Instagram,Ntinda,positive,satisfied purchase great quality fast delivery located makindye,63,8
4615,Quick response time and excellent customer care. Highly recommended! Located in Makindye.,2023-02-22,WhatsApp,Lubaga,positive,quick response time excellent customer care highly recommended located makindye,79,10
4616,Customer service needs major improvement. Very unprofessional.,2023-08-22,Website,Kampala,negative,customer service need major improvement unprofessional,54,6
4617,Standard quality. Nothing to complain about or praise. Located in Kawempe.,2023-03-30,Google,Lubaga,neutral,standard quality nothing complain praise located kawempe,56,7
4618,Excellent communication and fast delivery. Highly satisfied!,2023-04-10,Facebook,Muyenga,positive,excellent communication fast delivery highly satisfied,54,6
4619,Best shopping experience! Quality products and great prices.,2024-04-28,Twitter,Central,positive,best shopping experience quality product great price,52,7
4620,Customer service needs major improvement. Very unprofessional.,2023-04-16,WhatsApp,Makindye,negative,customer service need major improvement unprofessional,54,6
4621,Poor customer service. Staff was rude and unhelpful.,2023-03-19,Twitter,Ntinda,negative,poor customer service staff rude unhelpful,42,6
4622,Amazing experience! The product arrived on time and in perfect condition.,2023-07-17,WhatsApp,Muyenga,positive,amazing experience product arrived time perfect condition,57,7
4623,Product is fine. Meets expectations without exceeding them. Located in Central.,2024-09-24,Facebook,Kawempe,neutral,product fine meet expectation without exceeding located central,63,8
4624,Excellent customer support. They responded quickly to my questions.,2023-04-24,Instagram,Kololo,positive,excellent customer support responded quickly question,53,6
4625,Great products at affordable prices. Very satisfied with my purchase. Located in Nakawa.,2023-11-22,Facebook,Nakawa,positive,great product affordable price satisfied purchase located nakawa,64,8
4626,Decent service. No major complaints but nothing impressive. Great price!,2023-04-07,Website,Ntinda,neutral,decent service major complaint nothing impressive great price,61,8
4627,Great experience overall. Will be a returning customer. Located in Muyenga.,2023-12-30,Instagram,Kawempe,positive,great experience overall returning customer located muyenga,59,7
4628,Product didn't work as expected. Waste of money. Located in Ntinda.,2024-09-05,Google,Central,negative,product work expected waste money located ntinda,48,7
4629,Amazing experience! The product arrived on time and in perfect condition.,2024-06-26,Instagram,Ntinda,positive,amazing experience product arrived time perfect condition,57,7
4630,Great business with excellent customer care. Very professional. Great order!,2024-06-05,Website,Bukoto,positive,great business excellent customer care professional great order,63,8
4631,Product is fine. Meets expectations without exceeding them. Located in Bukoto.,2024-12-08,WhatsApp,Central,neutral,product fine meet expectation without exceeding located bukoto,62,8
4632,Standard delivery. Product works but quality is average. Located in Central.,2024-08-04,Twitter,Muyenga,neutral,standard delivery product work quality average located central,62,8
4633,Top quality products at reasonable prices. Highly recommended!,2023-01-06,WhatsApp,Ntinda,positive,top quality product reasonable price highly recommended,55,7
4634,Standard service. No complaints but nothing exceptional either. Located in Muyenga.,2024-04-07,Google,Lubaga,neutral,standard service complaint nothing exceptional either located muyenga,69,8
4635,Quick response time and excellent customer care. Highly recommended!,2023-11-01,Twitter,Bukoto,positive,quick response time excellent customer care highly recommended,62,8
4636,Great value for money. Fast delivery and excellent packaging. Located in Lubaga.,2024-11-17,Google,Kampala,positive,great value money fast delivery excellent packaging located lubaga,66,9
4637,Top quality products at reasonable prices. Highly recommended!,2024-10-21,Facebook,Bukoto,positive,top quality product reasonable price highly recommended,55,7
4638,Great products at affordable prices. Very satisfied with my purchase.,2024-06-03,Twitter,Kololo,positive,great product affordable price satisfied purchase,49,6
4639,Best prices in Nakawa area. Great value for money.,2024-02-20,Website,Ntinda,positive,best price nakawa area great value money,40,7
4640,Great products at affordable prices. Very satisfied with my purchase. Located in Bukoto. Great experience!,2024-05-13,Twitter,Lubaga,positive,great product affordable price satisfied purchase located bukoto great experience,81,10
4641,Okay service. Nothing special but gets the job done. Located in Nakawa.,2023-06-22,Twitter,Ntinda,neutral,okay service nothing special get job done located nakawa,56,9
4642,Amazing experience! The product arrived on time and in perfect condition. Great store!,2024-02-15,Facebook,Makindye,positive,amazing experience product arrived time perfect condition great store,69,9
4643,Great service! Very fast delivery in Kampala. Highly recommend! Great customer!,2023-01-06,Facebook,Kololo,positive,great service fast delivery kampala highly recommend great customer,67,9
4644,Customer service was unresponsive. Had to wait days for a reply.,2023-12-11,Instagram,Bukoto,negative,customer service unresponsive wait day reply,44,6
4645,"Outstanding business! Professional, reliable, and customer-focused. Located in Lubaga.",2024-11-18,Twitter,Lubaga,positive,outstanding business professional reliable customer focused located lubaga,74,8
4646,Top quality products at reasonable prices. Highly recommended! Great service!,2023-07-31,Instagram,Bukoto,positive,top quality product reasonable price highly recommended great service,69,9
4647,Top-notch quality. Exceeded my expectations completely.,2024-01-16,Twitter,Muyenga,positive,top notch quality exceeded expectation completely,49,6
4648,Great experience overall. Will be a returning customer.,2024-04-12,Instagram,Lubaga,positive,great experience overall returning customer,43,5
4649,Excellent communication and fast delivery. Highly satisfied!,2023-11-14,Google,Kawempe,positive,excellent communication fast delivery highly satisfied,54,6
4650,Amazing quality products. Will definitely buy again from this shop. Located in Lubaga.,2024-01-14,Instagram,Muyenga,positive,amazing quality product definitely buy shop located lubaga,58,8
4651,Average product quality. Meets basic needs adequately.,2023-01-16,Facebook,Kampala,neutral,average product quality meet basic need adequately,50,7
4652,Great experience from start to finish. Will shop here again!,2023-11-14,Instagram,Makindye,positive,great experience start finish shop,34,5
4653,Top quality products at reasonable prices. Highly recommended! Great store!,2023-05-17,WhatsApp,Kawempe,positive,top quality product reasonable price highly recommended great store,67,9
4654,Love the product quality. Fast shipping and good packaging.,2024-01-18,Instagram,Lubaga,positive,love product quality fast shipping good packaging,49,7
4655,Excellent customer support. They responded quickly to my questions. Located in Central.,2024-07-13,Google,Kawempe,positive,excellent customer support responded quickly question located central,69,8
4656,Overpriced compared to other shops in Nakawa area. Located in Kampala.,2023-06-06,Facebook,Bukoto,negative,overpriced compared shop nakawa area located kampala,52,7
4657,Poor value for money. Better options available elsewhere.,2024-04-16,Website,Nakawa,negative,poor value money better option available elsewhere,50,7
4658,Excellent business! Highly professional and reliable.,2024-11-12,Instagram,Kawempe,positive,excellent business highly professional reliable,47,5
4659,Average experience overall. Product is fine but not great. Located in Central.,2024-12-05,WhatsApp,Central,neutral,average experience overall product fine great located central,61,8
4660,Great value for money. Fast delivery and excellent packaging.,2023-05-08,Facebook,Kololo,positive,great value money fast delivery excellent packaging,51,7
4661,Delivery was delayed multiple times. Very frustrating experience.,2023-03-10,Google,Nakawa,negative,delivery delayed multiple time frustrating experience,53,6
4662,Excellent products and service. Best in the area!,2024-07-26,Facebook,Kampala,positive,excellent product service best area,35,5
4663,Product is okay. Nothing special but serves its purpose. Great shop!,2023-10-05,WhatsApp,Central,neutral,product okay nothing special serf purpose great shop,52,8
4664,Professional service and high-quality products. Very happy!,2024-02-13,Google,Kololo,positive,professional service high quality product happy,47,6
4665,Average experience overall. Product is fine but not great. Located in Kololo.,2024-04-09,Facebook,Kololo,neutral,average experience overall product fine great located kololo,60,8
4666,Amazing quality products. Will definitely buy again from this shop.,2023-06-16,Website,Kampala,positive,amazing quality product definitely buy shop,43,6
4667,Great experience from start to finish. Will shop here again!,2024-11-14,Twitter,Makindye,positive,great experience start finish shop,34,5
4668,Top-notch quality. Exceeded my expectations completely.,2024-05-01,WhatsApp,Ntinda,positive,top notch quality exceeded expectation completely,49,6
4669,Delivery was on time. Product is as expected.,2024-12-09,Twitter,Makindye,neutral,delivery time product expected,30,4
4670,Overpriced compared to other shops in Nakawa area.,2023-02-15,Instagram,Ntinda,negative,overpriced compared shop nakawa area,36,5
4671,Great experience from start to finish. Will shop here again! Great store!,2024-03-09,Google,Ntinda,positive,great experience start finish shop great store,46,7
4672,Excellent customer support. They responded quickly to my questions.,2023-10-31,Twitter,Kololo,positive,excellent customer support responded quickly question,53,6
4673,Fair experience overall. Nothing exceptional but acceptable.,2023-06-18,Instagram,Ntinda,neutral,fair experience overall nothing exceptional acceptable,54,6
4674,Excellent communication and fast delivery. Highly satisfied!,2023-10-04,Facebook,Muyenga,positive,excellent communication fast delivery highly satisfied,54,6
4675,Great experience overall. Will be a returning customer.,2023-01-28,Facebook,Central,positive,great experience overall returning customer,43,5
4676,Great business with excellent customer care. Very professional.,2024-04-11,WhatsApp,Bukoto,positive,great business excellent customer care professional,51,6
4677,Great products at affordable prices. Very satisfied with my purchase. Located in Ntinda.,2024-11-26,Twitter,Lubaga,positive,great product affordable price satisfied purchase located ntinda,64,8
4678,Great service! Very fast delivery in Kampala. Highly recommend! Located in Kololo.,2024-08-05,Google,Makindye,positive,great service fast delivery kampala highly recommend located kololo,67,9
4679,Decent value. Product works as expected.,2023-05-09,WhatsApp,Kawempe,neutral,decent value product work expected,34,5
4680,Best shopping experience! Quality products and great prices.,2023-08-19,Instagram,Lubaga,positive,best shopping experience quality product great price,52,7
4681,Great experience overall. Will be a returning customer.,2023-07-16,WhatsApp,Bukoto,positive,great experience overall returning customer,43,5
4682,Okay service. Product meets basic requirements.,2023-07-10,Google,Bukoto,neutral,okay service product meet basic requirement,43,6
4683,Great prices and even better service. Highly recommend this business! Located in Nakawa.,2024-10-02,Instagram,Nakawa,positive,great price even better service highly recommend business located nakawa,72,10
4684,Excellent communication and fast delivery. Highly satisfied! Located in Kawempe.,2024-10-30,Website,Kololo,positive,excellent communication fast delivery highly satisfied located kawempe,70,8
4685,Not satisfied at all. Product quality is below standard.,2023-11-16,Facebook,Ntinda,negative,satisfied product quality standard,34,4
4686,Product arrived damaged and customer service refused to help. Located in Muyenga.,2023-04-25,Twitter,Kololo,negative,product arrived damaged customer service refused help located muyenga,69,9
4687,Best customer service I've experienced. Products are top quality. Located in Nakawa. Great business!,2023-10-18,Website,Lubaga,positive,best customer service experienced product top quality located nakawa great business,83,11
4688,Delivery was delayed multiple times. Very frustrating experience. Great service!,2024-01-13,Google,Nakawa,negative,delivery delayed multiple time frustrating experience great service,67,8
4689,Standard delivery. Product works but quality is average.,2023-11-29,Twitter,Bukoto,neutral,standard delivery product work quality average,46,6
4690,Poor value for money. Better options available elsewhere. Located in Lubaga. Great price!,2024-09-26,WhatsApp,Bukoto,negative,poor value money better option available elsewhere located lubaga great price,77,11
4691,Standard experience. Product does what it needs to do. Located in Ntinda. Great product!,2023-11-14,Instagram,Kawempe,neutral,standard experience product need located ntinda great product,61,8
4692,Top-notch quality. Exceeded my expectations completely.,2023-04-22,Twitter,Central,positive,top notch quality exceeded expectation completely,49,6
4693,Standard experience. Product does what it needs to do.,2023-01-30,Facebook,Makindye,neutral,standard experience product need,32,4
4694,Best shopping experience! Quality products and great prices. Great quality!,2024-06-18,Instagram,Muyenga,positive,best shopping experience quality product great price great quality,66,9
4695,Outstanding service! The staff was very helpful and friendly. Located in Kampala.,2024-08-22,Instagram,Kawempe,positive,outstanding service staff helpful friendly located kampala,58,7
4696,Fair prices and acceptable quality. Nothing outstanding. Great store!,2024-09-06,Facebook,Nakawa,neutral,fair price acceptable quality nothing outstanding great store,61,8
4697,Poor quality products. Broke within days of purchase.,2023-06-23,Facebook,Kololo,negative,poor quality product broke within day purchase,46,7
4698,Best customer service I've experienced. Products are top quality. Located in Kololo. Great store!,2024-01-13,Instagram,Kololo,positive,best customer service experienced product top quality located kololo great store,80,11
4699,Product is okay. Nothing special but serves its purpose.,2023-07-23,Instagram,Kololo,neutral,product okay nothing special serf purpose,41,6
4700,Excellent products and service. Best in the area! Great customer!,2023-08-14,Facebook,Central,positive,excellent product service best area great customer,50,7
4701,Average product quality. Meets basic needs adequately. Located in Central.,2024-01-19,Google,Nakawa,neutral,average product quality meet basic need adequately located central,66,9
4702,Top quality products at reasonable prices. Highly recommended!,2024-12-13,Facebook,Nakawa,positive,top quality product reasonable price highly recommended,55,7
4703,Great prices and even better service. Highly recommend this business!,2023-02-08,Facebook,Ntinda,positive,great price even better service highly recommend business,57,8
4704,Excellent business! Highly professional and reliable.,2023-08-04,WhatsApp,Ntinda,positive,excellent business highly professional reliable,47,5
4705,Okay product quality. Price matches the value received. Located in Ntinda.,2024-09-30,WhatsApp,Kololo,neutral,okay product quality price match value received located ntinda,62,9
4706,Best prices in Nakawa area. Great value for money. Great service!,2023-11-27,Facebook,Central,positive,best price nakawa area great value money great service,54,9
4707,Decent quality products. Price is fair for what you receive. Located in Central.,2024-10-10,Google,Kampala,neutral,decent quality product price fair receive located central,57,8
4708,Excellent customer support. They responded quickly to my questions. Located in Kawempe.,2024-08-22,Website,Bukoto,positive,excellent customer support responded quickly question located kawempe,69,8
4709,Product was different from what was advertised. Misleading description. Great service!,2023-01-06,WhatsApp,Bukoto,negative,product different advertised misleading description great service,65,7
4710,Great service! Very fast delivery in Kampala. Highly recommend! Great product!,2023-03-10,Facebook,Bukoto,positive,great service fast delivery kampala highly recommend great product,66,9
4711,Best shop in Kawempe. Quality products and great service.,2023-01-14,Website,Kololo,positive,best shop kawempe quality product great service,47,7
4712,Excellent business! Highly professional and reliable.,2024-08-21,Website,Makindye,positive,excellent business highly professional reliable,47,5
4713,Okay experience. Nothing to complain about but not impressed either. Located in Ntinda.,2024-04-26,Google,Ntinda,neutral,okay experience nothing complain impressed either located ntinda,64,8
4714,Product works as expected. No major issues or complaints. Great customer!,2024-12-06,Google,Bukoto,neutral,product work expected major issue complaint great customer,58,8
4715,Delivery was delayed multiple times. Very frustrating experience.,2024-06-24,Google,Kampala,negative,delivery delayed multiple time frustrating experience,53,6
4716,Not satisfied with the product. Quality is below expectations.,2024-09-18,Website,Lubaga,negative,satisfied product quality expectation,37,4
4717,Great experience overall. Will be a returning customer.,2024-10-10,Google,Nakawa,positive,great experience overall returning customer,43,5
4718,Okay experience. Nothing to complain about but not impressed either.,2024-01-07,Google,Bukoto,neutral,okay experience nothing complain impressed either,49,6
4719,Best prices in Nakawa area. Great value for money.,2024-01-08,WhatsApp,Kampala,positive,best price nakawa area great value money,40,7
4720,Quick response time and excellent customer care. Highly recommended! Located in Lubaga.,2023-10-20,Twitter,Kololo,positive,quick response time excellent customer care highly recommended located lubaga,77,10
4721,Great products at affordable prices. Very satisfied with my purchase. Great price!,2023-06-18,Facebook,Lubaga,positive,great product affordable price satisfied purchase great price,61,8
4722,Great value for money. Fast delivery and excellent packaging. Great shop!,2023-11-20,Google,Ntinda,positive,great value money fast delivery excellent packaging great shop,62,9
4723,Professional service and high-quality products. Very happy! Great price!,2024-09-07,WhatsApp,Lubaga,positive,professional service high quality product happy great price,59,8
4724,Great products at affordable prices. Very satisfied with my purchase. Located in Makindye.,2023-05-31,Instagram,Kampala,positive,great product affordable price satisfied purchase located makindye,66,8
4725,Great experience overall. Will be a returning customer.,2024-08-23,Twitter,Ntinda,positive,great experience overall returning customer,43,5
4726,Amazing quality products. Will definitely buy again from this shop.,2024-08-01,Instagram,Kawempe,positive,amazing quality product definitely buy shop,43,6
4727,Decent service. No major complaints but nothing impressive.,2023-11-06,Twitter,Nakawa,neutral,decent service major complaint nothing impressive,49,6
4728,Great experience from start to finish. Will shop here again! Located in Nakawa.,2024-10-04,Twitter,Lubaga,positive,great experience start finish shop located nakawa,49,7
4729,Fair prices and acceptable quality. Nothing outstanding.,2024-05-13,Twitter,Makindye,neutral,fair price acceptable quality nothing outstanding,49,6
4730,Product was damaged on arrival. Poor packaging quality. Great delivery!,2023-03-12,WhatsApp,Ntinda,negative,product damaged arrival poor packaging quality great delivery,61,8
4731,Best customer service I've experienced. Products are top quality. Located in Muyenga.,2023-10-22,Facebook,Lubaga,positive,best customer service experienced product top quality located muyenga,69,9
4732,Overpriced compared to other shops in Nakawa area.,2024-05-10,Google,Kololo,negative,overpriced compared shop nakawa area,36,5
4733,Product is okay. Nothing special but serves its purpose.,2023-08-10,Facebook,Kampala,neutral,product okay nothing special serf purpose,41,6
4734,Great experience overall. Will be a returning customer.,2024-11-09,Facebook,Kawempe,positive,great experience overall returning customer,43,5
4735,Standard service. No complaints but nothing exceptional either.,2024-06-26,WhatsApp,Kampala,neutral,standard service complaint nothing exceptional either,53,6
4736,Excellent business! Highly professional and reliable.,2024-03-08,Twitter,Nakawa,positive,excellent business highly professional reliable,47,5
4737,Professional service and high-quality products. Very happy!,2024-09-25,WhatsApp,Kampala,positive,professional service high quality product happy,47,6
4738,Delivery was on time. Product is as expected. Located in Kampala.,2023-01-23,WhatsApp,Central,neutral,delivery time product expected located kampala,46,6
4739,Product works fine. Decent quality for the price paid.,2024-11-12,Google,Bukoto,neutral,product work fine decent quality price paid,43,7
4740,"Outstanding business! Professional, reliable, and customer-focused.",2023-02-17,Instagram,Kololo,positive,outstanding business professional reliable customer focused,59,6
4741,Fair value for money. Quality is acceptable but not premium. Located in Bukoto. Great staff!,2024-07-26,WhatsApp,Lubaga,neutral,fair value money quality acceptable premium located bukoto great staff,70,10
4742,Standard service. No complaints but nothing exceptional either.,2024-06-22,WhatsApp,Kampala,neutral,standard service complaint nothing exceptional either,53,6
4743,Great service! Very fast delivery in Kampala. Highly recommend! Located in Ntinda.,2024-11-02,Instagram,Kawempe,positive,great service fast delivery kampala highly recommend located ntinda,67,9
4744,"Fast delivery, good quality, fair prices. What more could you ask for? Great experience!",2024-06-24,Google,Nakawa,positive,fast delivery good quality fair price could ask great experience,64,10
4745,Excellent business! Highly professional and reliable. Great staff!,2023-01-14,Website,Muyenga,positive,excellent business highly professional reliable great staff,59,7
4746,"Fast delivery, good quality, fair prices. What more could you ask for?",2024-04-24,Facebook,Kampala,positive,fast delivery good quality fair price could ask,47,8
4747,Top-notch quality. Exceeded my expectations completely.,2023-12-31,Facebook,Makindye,positive,top notch quality exceeded expectation completely,49,6
4748,Product works as expected. No major issues or complaints. Located in Kampala.,2024-11-11,Facebook,Bukoto,neutral,product work expected major issue complaint located kampala,59,8
4749,Great experience from start to finish. Will shop here again! Located in Kampala. Great product!,2024-09-23,Google,Nakawa,positive,great experience start finish shop located kampala great product,64,9
4750,Product didn't work as expected. Waste of money.,2023-08-26,Website,Nakawa,negative,product work expected waste money,33,5
4751,Top quality products at reasonable prices. Highly recommended! Great service!,2024-05-20,Facebook,Kawempe,positive,top quality product reasonable price highly recommended great service,69,9
4752,Fair experience overall. Nothing exceptional but acceptable. Located in Kololo.,2023-02-09,Facebook,Kampala,neutral,fair experience overall nothing exceptional acceptable located kololo,69,8
4753,Fair value for money. Quality is acceptable but not premium.,2024-11-21,Website,Bukoto,neutral,fair value money quality acceptable premium,43,6
4754,Product works fine. Decent quality for the price paid.,2023-08-04,Instagram,Muyenga,neutral,product work fine decent quality price paid,43,7
4755,Decent quality products. Price is fair for what you receive. Great price!,2024-05-10,Website,Kampala,neutral,decent quality product price fair receive great price,53,8
4756,Great service! Very fast delivery in Kampala. Highly recommend!,2024-04-01,Website,Ntinda,positive,great service fast delivery kampala highly recommend,52,7
4757,Great value for money. Fast delivery and excellent packaging. Located in Bukoto.,2023-01-29,Website,Central,positive,great value money fast delivery excellent packaging located bukoto,66,9
4758,Product works as expected. No major issues or complaints.,2024-02-09,Twitter,Kololo,neutral,product work expected major issue complaint,43,6
4759,Amazing service! The team went above and beyond to help me. Great restaurant!,2024-02-02,WhatsApp,Kololo,positive,amazing service team went beyond help great restaurant,54,8
4760,Best shop in Kawempe. Quality products and great service. Located in Central.,2023-04-04,WhatsApp,Lubaga,positive,best shop kawempe quality product great service located central,63,9
4761,Outstanding service! The staff was very helpful and friendly. Great restaurant!,2023-05-12,Instagram,Kawempe,positive,outstanding service staff helpful friendly great restaurant,59,7
4762,Great service! Very fast delivery in Kampala. Highly recommend! Located in Bukoto.,2023-12-08,Instagram,Lubaga,positive,great service fast delivery kampala highly recommend located bukoto,67,9
4763,Standard quality. Nothing to complain about or praise.,2023-06-14,Website,Muyenga,neutral,standard quality nothing complain praise,40,5
4764,Love the product quality. Fast shipping and good packaging. Great quality!,2024-01-23,Instagram,Kololo,positive,love product quality fast shipping good packaging great quality,63,9
4765,Very satisfied with my purchase. Great quality and fast delivery.,2024-01-10,Google,Kampala,positive,satisfied purchase great quality fast delivery,46,6
4766,Product works as expected. No major issues or complaints. Located in Kololo.,2024-01-03,Facebook,Muyenga,neutral,product work expected major issue complaint located kololo,58,8
4767,Average experience. Product is functional and adequate.,2024-07-31,Website,Ntinda,neutral,average experience product functional adequate,46,5
4768,Okay product quality. Price matches the value received. Great shipping!,2023-11-14,Website,Central,neutral,okay product quality price match value received great shipping,62,9
4769,Great experience from start to finish. Will shop here again!,2023-08-21,Instagram,Ntinda,positive,great experience start finish shop,34,5
4770,Great value for money. Fast delivery and excellent packaging.,2024-02-21,Twitter,Bukoto,positive,great value money fast delivery excellent packaging,51,7
4771,Great experience from start to finish. Will shop here again!,2023-01-22,WhatsApp,Makindye,positive,great experience start finish shop,34,5
4772,Great products at affordable prices. Very satisfied with my purchase.,2024-09-30,Twitter,Central,positive,great product affordable price satisfied purchase,49,6
4773,Very satisfied with my purchase. Great quality and fast delivery.,2023-05-29,Instagram,Muyenga,positive,satisfied purchase great quality fast delivery,46,6
4774,Product was different from what was advertised. Misleading description. Located in Bukoto.,2024-09-20,Website,Bukoto,negative,product different advertised misleading description located bukoto,66,7
4775,Standard delivery time. Product quality is average.,2024-07-10,Twitter,Muyenga,neutral,standard delivery time product quality average,46,6
4776,Delivery was delayed multiple times. Very frustrating experience.,2024-05-09,Google,Muyenga,negative,delivery delayed multiple time frustrating experience,53,6
4777,Outstanding quality and service. Will definitely shop here again.,2023-01-28,Facebook,Nakawa,positive,outstanding quality service definitely shop,43,5
4778,Very disappointed with the quality. Not worth the money paid. Located in Bukoto.,2023-02-12,WhatsApp,Ntinda,negative,disappointed quality worth money paid located bukoto,52,7
4779,Okay experience. Nothing to complain about but not impressed either.,2023-10-08,Twitter,Nakawa,neutral,okay experience nothing complain impressed either,49,6
4780,Very disappointed with the quality. Not worth the money paid. Great price!,2023-06-16,Instagram,Bukoto,negative,disappointed quality worth money paid great price,49,7
4781,Okay delivery time. Product is functional and usable.,2023-01-24,Twitter,Central,neutral,okay delivery time product functional usable,44,6
4782,Great prices and even better service. Highly recommend this business!,2024-03-21,Instagram,Central,positive,great price even better service highly recommend business,57,8
4783,Best prices in Nakawa area. Great value for money.,2023-04-17,WhatsApp,Kololo,positive,best price nakawa area great value money,40,7
4784,Standard business service. Acceptable but not exceptional. Located in Central.,2023-01-30,WhatsApp,Bukoto,neutral,standard business service acceptable exceptional located central,64,7
4785,Top quality products at reasonable prices. Highly recommended! Located in Ntinda. Great support!,2024-02-11,WhatsApp,Nakawa,positive,top quality product reasonable price highly recommended located ntinda great support,84,11
4786,Decent quality products. Price is fair for what you receive.,2024-11-19,Instagram,Makindye,neutral,decent quality product price fair receive,41,6
4787,Love the product quality. Fast shipping and good packaging.,2024-05-07,Instagram,Bukoto,positive,love product quality fast shipping good packaging,49,7
4788,Love the product quality. Fast shipping and good packaging. Located in Central.,2023-12-19,WhatsApp,Lubaga,positive,love product quality fast shipping good packaging located central,65,9
4789,Product is fine. Meets expectations without exceeding them. Located in Central.,2023-04-17,Google,Lubaga,neutral,product fine meet expectation without exceeding located central,63,8
4790,Terrible customer service. No help when I had an issue. Located in Makindye.,2024-04-13,Google,Kawempe,negative,terrible customer service help issue located makindye,53,7
4791,Great business with excellent customer care. Very professional.,2023-07-13,Website,Ntinda,positive,great business excellent customer care professional,51,6
4792,Delivery was on time. Product is as expected. Located in Kawempe.,2024-05-03,WhatsApp,Kawempe,neutral,delivery time product expected located kawempe,46,6
4793,Delivery was on time. Product is as expected.,2024-05-23,Twitter,Ntinda,neutral,delivery time product expected,30,4
4794,Product is okay. Nothing special but serves its purpose.,2024-02-22,Facebook,Nakawa,neutral,product okay nothing special serf purpose,41,6
4795,Product is functional. Does what it's supposed to do. Located in Ntinda.,2024-01-09,Facebook,Central,neutral,product functional supposed located ntinda,42,5
4796,Average quality. Nothing special but nothing wrong either.,2024-08-16,Twitter,Kololo,neutral,average quality nothing special nothing wrong either,52,7
4797,Outstanding service! The staff was very helpful and friendly.,2024-03-07,WhatsApp,Kawempe,positive,outstanding service staff helpful friendly,42,5
4798,Average experience overall. Product is fine but not great.,2023-02-11,Twitter,Lubaga,neutral,average experience overall product fine great,45,6
4799,Top-notch quality. Exceeded my expectations completely. Great experience!,2024-04-04,Facebook,Muyenga,positive,top notch quality exceeded expectation completely great experience,66,8
4800,Great experience overall. Will be a returning customer.,2023-02-09,Google,Ntinda,positive,great experience overall returning customer,43,5
4801,Outstanding quality and service. Will definitely shop here again.,2023-07-03,Website,Makindye,positive,outstanding quality service definitely shop,43,5
4802,"Outstanding business! Professional, reliable, and customer-focused.",2024-01-02,Website,Lubaga,positive,outstanding business professional reliable customer focused,59,6
4803,Best customer service I've experienced. Products are top quality.,2024-12-24,WhatsApp,Lubaga,positive,best customer service experienced product top quality,53,7
4804,Best shopping experience! Quality products and great prices.,2023-10-16,Facebook,Muyenga,positive,best shopping experience quality product great price,52,7
4805,Standard delivery. Product works but quality is average.,2024-07-26,Website,Lubaga,neutral,standard delivery product work quality average,46,6
4806,Average product quality. Meets basic expectations.,2024-12-21,Facebook,Ntinda,neutral,average product quality meet basic expectation,46,6
4807,Average quality. Nothing special but nothing wrong either. Located in Kampala.,2023-12-06,Facebook,Makindye,neutral,average quality nothing special nothing wrong either located kampala,68,9
4808,Amazing service! The team went above and beyond to help me.,2023-11-28,Website,Kawempe,positive,amazing service team went beyond help,37,6
4809,Excellent business! Highly professional and reliable. Located in Ntinda.,2023-01-30,Twitter,Bukoto,positive,excellent business highly professional reliable located ntinda,62,7
4810,Excellent products and service. Best in the area!,2024-04-03,WhatsApp,Kampala,positive,excellent product service best area,35,5
4811,Great service! Very fast delivery in Kampala. Highly recommend!,2023-10-15,Google,Nakawa,positive,great service fast delivery kampala highly recommend,52,7
4812,Amazing quality products. Will definitely buy again from this shop.,2024-07-31,Google,Lubaga,positive,amazing quality product definitely buy shop,43,6
4813,Great business with excellent customer care. Very professional.,2024-08-29,Twitter,Makindye,positive,great business excellent customer care professional,51,6
4814,Love shopping here! Always get great deals and quality products. Located in Bukoto. Great service!,2023-11-21,Facebook,Kampala,positive,love shopping always get great deal quality product located bukoto great service,80,12
4815,Great experience from start to finish. Will shop here again! Located in Kololo.,2023-05-06,WhatsApp,Kololo,positive,great experience start finish shop located kololo,49,7
4816,Great products at affordable prices. Very satisfied with my purchase.,2024-02-07,Google,Muyenga,positive,great product affordable price satisfied purchase,49,6
4817,Best customer service I've experienced. Products are top quality.,2023-02-22,Website,Muyenga,positive,best customer service experienced product top quality,53,7
4818,Not satisfied at all. Product quality is below standard.,2023-05-29,Facebook,Kololo,negative,satisfied product quality standard,34,4
4819,Amazing service! The team went above and beyond to help me.,2024-04-06,WhatsApp,Muyenga,positive,amazing service team went beyond help,37,6
4820,Okay delivery time. Product is functional and usable. Located in Lubaga.,2023-12-29,Website,Kawempe,neutral,okay delivery time product functional usable located lubaga,59,8
4821,Okay product quality. Price matches the value received.,2023-10-08,Google,Ntinda,neutral,okay product quality price match value received,47,7
4822,Best prices in Nakawa area. Great value for money. Great shop!,2024-05-31,Website,Ntinda,positive,best price nakawa area great value money great shop,51,9
4823,Great products at affordable prices. Very satisfied with my purchase.,2024-06-16,Twitter,Nakawa,positive,great product affordable price satisfied purchase,49,6
4824,Poor value for money. Better options available elsewhere. Located in Muyenga.,2024-04-23,WhatsApp,Nakawa,negative,poor value money better option available elsewhere located muyenga,66,9
4825,Product was different from what was advertised. Misleading description. Located in Nakawa.,2023-03-25,Website,Lubaga,negative,product different advertised misleading description located nakawa,66,7
4826,Okay experience. Nothing to complain about but not impressed either.,2024-09-17,Facebook,Kampala,neutral,okay experience nothing complain impressed either,49,6
4827,Product was different from what was advertised. Misleading description. Located in Makindye.,2023-12-30,WhatsApp,Central,negative,product different advertised misleading description located makindye,68,7
4828,Great products at affordable prices. Very satisfied with my purchase.,2023-06-01,Twitter,Ntinda,positive,great product affordable price satisfied purchase,49,6
4829,Amazing quality products. Will definitely buy again from this shop. Located in Kawempe.,2023-07-15,Instagram,Ntinda,positive,amazing quality product definitely buy shop located kawempe,59,8
4830,Product broke after just one week of use. Very poor quality.,2023-08-31,Facebook,Bukoto,negative,product broke one week use poor quality,39,7
4831,Excellent communication and fast delivery. Highly satisfied!,2023-11-08,Twitter,Kampala,positive,excellent communication fast delivery highly satisfied,54,6
4832,Quick response time and excellent customer care. Highly recommended!,2024-01-26,Google,Lubaga,positive,quick response time excellent customer care highly recommended,62,8
4833,Amazing quality products. Will definitely buy again from this shop.,2024-03-01,Facebook,Makindye,positive,amazing quality product definitely buy shop,43,6
4834,Amazing quality products. Will definitely buy again from this shop.,2024-06-24,Instagram,Ntinda,positive,amazing quality product definitely buy shop,43,6
4835,Product was defective but they refused to refund. Bad business.,2023-03-28,Facebook,Nakawa,negative,product defective refused refund bad business,45,6
4836,"Fast shipping, good quality, and excellent customer support. Located in Central.",2023-04-22,Instagram,Central,positive,fast shipping good quality excellent customer support located central,69,9
4837,Delivery issues. Package arrived late and damaged. Great staff!,2023-04-03,Instagram,Muyenga,negative,delivery issue package arrived late damaged great staff,55,8
4838,"Outstanding business! Professional, reliable, and customer-focused.",2023-09-03,Twitter,Kampala,positive,outstanding business professional reliable customer focused,59,6
4839,Best shopping experience! Quality products and great prices.,2024-07-18,Google,Lubaga,positive,best shopping experience quality product great price,52,7
4840,Excellent customer support. They responded quickly to my questions.,2023-04-16,Twitter,Ntinda,positive,excellent customer support responded quickly question,53,6
4841,"Outstanding business! Professional, reliable, and customer-focused.",2023-02-16,Google,Kampala,positive,outstanding business professional reliable customer focused,59,6
4842,Product was defective but they refused to refund. Bad business.,2024-08-24,Twitter,Kawempe,negative,product defective refused refund bad business,45,6
4843,Top-notch quality. Exceeded my expectations completely. Located in Ntinda.,2024-08-01,Facebook,Lubaga,positive,top notch quality exceeded expectation completely located ntinda,64,8
4844,Great service! Very fast delivery in Kampala. Highly recommend!,2023-10-19,WhatsApp,Kololo,positive,great service fast delivery kampala highly recommend,52,7
4845,Top quality products at reasonable prices. Highly recommended!,2023-03-13,Google,Muyenga,positive,top quality product reasonable price highly recommended,55,7
4846,Great value for money. Fast delivery and excellent packaging.,2023-08-20,Google,Kampala,positive,great value money fast delivery excellent packaging,51,7
4847,Very slow delivery. Took over a week to arrive in Kampala. Located in Central.,2024-10-02,Facebook,Makindye,negative,slow delivery took week arrive kampala located central,54,8
4848,Great products at affordable prices. Very satisfied with my purchase.,2023-02-16,Google,Kampala,positive,great product affordable price satisfied purchase,49,6
4849,Best customer service I've experienced. Products are top quality. Located in Central.,2023-10-24,Google,Nakawa,positive,best customer service experienced product top quality located central,69,9
4850,Great products at affordable prices. Very satisfied with my purchase. Located in Bukoto.,2023-07-27,Google,Kawempe,positive,great product affordable price satisfied purchase located bukoto,64,8
4851,Okay service. Product meets basic requirements. Great experience!,2023-07-28,Google,Makindye,neutral,okay service product meet basic requirement great experience,60,8
4852,Outstanding service! The staff was very helpful and friendly. Located in Central.,2023-11-30,Website,Central,positive,outstanding service staff helpful friendly located central,58,7
4853,Decent value. Product works as expected.,2024-10-04,Google,Bukoto,neutral,decent value product work expected,34,5
4854,Great prices and even better service. Highly recommend this business!,2023-09-30,Website,Ntinda,positive,great price even better service highly recommend business,57,8
4855,Best shop in Kawempe. Quality products and great service.,2023-08-06,WhatsApp,Nakawa,positive,best shop kawempe quality product great service,47,7
4856,Product was damaged on arrival. Poor packaging quality.,2023-06-13,WhatsApp,Central,negative,product damaged arrival poor packaging quality,46,6
4857,Outstanding service! The staff was very helpful and friendly. Located in Kawempe.,2024-12-29,WhatsApp,Kololo,positive,outstanding service staff helpful friendly located kawempe,58,7
4858,Terrible customer service. No help when I had an issue.,2024-09-14,Website,Kololo,negative,terrible customer service help issue,36,5
4859,"Fast shipping, good quality, and excellent customer support.",2023-09-19,Website,Muyenga,positive,fast shipping good quality excellent customer support,53,7
4860,Best prices in Nakawa area. Great value for money.,2024-07-03,Website,Makindye,positive,best price nakawa area great value money,40,7
4861,Outstanding service! The staff was very helpful and friendly. Located in Lubaga.,2024-03-20,Google,Ntinda,positive,outstanding service staff helpful friendly located lubaga,57,7
4862,Product is okay. Nothing special but serves its purpose.,2023-05-19,Facebook,Ntinda,neutral,product okay nothing special serf purpose,41,6
4863,Okay delivery time. Product is functional and usable. Great delivery!,2023-01-12,Facebook,Lubaga,neutral,okay delivery time product functional usable great delivery,59,8
4864,Excellent communication and fast delivery. Highly satisfied! Located in Makindye.,2024-12-12,Facebook,Bukoto,positive,excellent communication fast delivery highly satisfied located makindye,71,8
4865,Love the product quality. Fast shipping and good packaging.,2023-01-20,Facebook,Kawempe,positive,love product quality fast shipping good packaging,49,7
4866,Great value for money. Fast delivery and excellent packaging. Great customer!,2023-06-24,WhatsApp,Kawempe,positive,great value money fast delivery excellent packaging great customer,66,9
4867,Great value for money. Fast delivery and excellent packaging.,2023-03-05,Twitter,Central,positive,great value money fast delivery excellent packaging,51,7
4868,Best shopping experience! Quality products and great prices.,2023-11-08,Google,Nakawa,positive,best shopping experience quality product great price,52,7
4869,Best prices in Nakawa area. Great value for money.,2024-03-23,Facebook,Kololo,positive,best price nakawa area great value money,40,7
4870,"Fast delivery, good quality, fair prices. What more could you ask for? Located in Central. Great support!",2024-10-30,Website,Kawempe,positive,fast delivery good quality fair price could ask located central great support,77,12
4871,Very disappointed with the quality. Not worth the money paid.,2024-06-15,Google,Kawempe,negative,disappointed quality worth money paid,37,5
4872,"Fast shipping, good quality, and excellent customer support.",2023-07-18,WhatsApp,Ntinda,positive,fast shipping good quality excellent customer support,53,7
4873,Best customer service I've experienced. Products are top quality.,2024-05-18,Google,Kampala,positive,best customer service experienced product top quality,53,7
4874,Top quality products at reasonable prices. Highly recommended!,2024-12-30,Google,Ntinda,positive,top quality product reasonable price highly recommended,55,7
4875,Best prices in Nakawa area. Great value for money.,2023-08-04,Facebook,Lubaga,positive,best price nakawa area great value money,40,7
4876,"Fast shipping, good quality, and excellent customer support.",2024-02-10,Website,Kololo,positive,fast shipping good quality excellent customer support,53,7
4877,Average product quality. Meets basic needs adequately.,2023-05-13,Instagram,Ntinda,neutral,average product quality meet basic need adequately,50,7
4878,Standard experience. Product does what it needs to do. Located in Makindye. Great product!,2023-12-27,WhatsApp,Kampala,neutral,standard experience product need located makindye great product,63,8
4879,Great experience overall. Will be a returning customer.,2023-07-16,Website,Kampala,positive,great experience overall returning customer,43,5
4880,Okay delivery time. Product is functional and usable. Located in Muyenga.,2024-04-07,Google,Kampala,neutral,okay delivery time product functional usable located muyenga,60,8
4881,Fair prices and acceptable quality. Nothing outstanding. Great staff!,2024-02-07,Facebook,Kawempe,neutral,fair price acceptable quality nothing outstanding great staff,61,8
4882,Best shop in Kawempe. Quality products and great service. Great order!,2024-03-02,Twitter,Nakawa,positive,best shop kawempe quality product great service great order,59,9
4883,Amazing service! The team went above and beyond to help me. Great business!,2024-06-10,Instagram,Bukoto,positive,amazing service team went beyond help great business,52,8
4884,Amazing experience! The product arrived on time and in perfect condition.,2023-09-19,Google,Makindye,positive,amazing experience product arrived time perfect condition,57,7
4885,Top-notch quality. Exceeded my expectations completely. Great staff!,2023-12-10,Twitter,Central,positive,top notch quality exceeded expectation completely great staff,61,8
4886,Excellent products and service. Best in the area! Located in Ntinda.,2024-09-14,WhatsApp,Ntinda,positive,excellent product service best area located ntinda,50,7
4887,Product is okay. Nothing special but serves its purpose.,2024-10-23,Website,Makindye,neutral,product okay nothing special serf purpose,41,6
4888,Excellent communication and fast delivery. Highly satisfied! Located in Kawempe.,2023-02-28,Website,Ntinda,positive,excellent communication fast delivery highly satisfied located kawempe,70,8
4889,Average experience. Product is functional and adequate. Located in Muyenga.,2024-11-12,WhatsApp,Kampala,neutral,average experience product functional adequate located muyenga,62,7
4890,Fair prices and acceptable quality. Nothing outstanding. Great shop!,2024-03-19,Google,Lubaga,neutral,fair price acceptable quality nothing outstanding great shop,60,8
4891,Okay product quality. Price matches the value received. Great price!,2024-08-02,Website,Lubaga,neutral,okay product quality price match value received great price,59,9
4892,Fair value for money. Quality is acceptable but not premium.,2023-08-23,Website,Lubaga,neutral,fair value money quality acceptable premium,43,6
4893,Decent quality products. Price is fair for what you receive.,2023-03-25,Instagram,Muyenga,neutral,decent quality product price fair receive,41,6
4894,Very satisfied with my purchase. Great quality and fast delivery.,2023-11-24,Twitter,Nakawa,positive,satisfied purchase great quality fast delivery,46,6
4895,Not satisfied with the product. Quality is below expectations.,2023-04-21,Website,Bukoto,negative,satisfied product quality expectation,37,4
4896,Decent service. No major complaints but nothing impressive. Great customer!,2023-01-16,Website,Muyenga,neutral,decent service major complaint nothing impressive great customer,64,8
4897,Product was defective but they refused to refund. Bad business.,2023-01-16,Facebook,Kampala,negative,product defective refused refund bad business,45,6
4898,Great experience overall. Will be a returning customer. Located in Makindye.,2024-06-10,Instagram,Bukoto,positive,great experience overall returning customer located makindye,60,7
4899,Customer service was unresponsive. Had to wait days for a reply.,2023-12-27,Instagram,Lubaga,negative,customer service unresponsive wait day reply,44,6
4900,Decent value. Product works as expected. Located in Central.,2023-12-05,Facebook,Makindye,neutral,decent value product work expected located central,50,7
4901,"Fast delivery, good quality, fair prices. What more could you ask for? Located in Bukoto.",2023-09-25,Google,Kololo,positive,fast delivery good quality fair price could ask located bukoto,62,10
4902,Amazing experience! The product arrived on time and in perfect condition. Located in Kampala. Great shipping!,2024-05-16,WhatsApp,Kawempe,positive,amazing experience product arrived time perfect condition located kampala great shipping,88,11
4903,Very satisfied with my purchase. Great quality and fast delivery.,2024-10-16,Website,Kawempe,positive,satisfied purchase great quality fast delivery,46,6
4904,Love shopping here! Always get great deals and quality products. Located in Kampala.,2023-12-20,Facebook,Lubaga,positive,love shopping always get great deal quality product located kampala,67,10
4905,Excellent products and service. Best in the area!,2023-07-02,Twitter,Muyenga,positive,excellent product service best area,35,5
4906,Product works fine. Decent quality for the price paid. Great product!,2024-02-26,Facebook,Central,neutral,product work fine decent quality price paid great product,57,9
4907,Great business with excellent customer care. Very professional.,2024-02-02,Website,Lubaga,positive,great business excellent customer care professional,51,6
4908,Best shopping experience! Quality products and great prices.,2023-11-13,Facebook,Kampala,positive,best shopping experience quality product great price,52,7
4909,Excellent communication and fast delivery. Highly satisfied! Great quality!,2023-02-20,Facebook,Kampala,positive,excellent communication fast delivery highly satisfied great quality,68,8
4910,Outstanding quality and service. Will definitely shop here again.,2024-02-19,Website,Kololo,positive,outstanding quality service definitely shop,43,5
4911,Product didn't work as expected. Waste of money.,2024-02-10,Twitter,Muyenga,negative,product work expected waste money,33,5
4912,"Fast delivery, good quality, fair prices. What more could you ask for? Great purchase!",2023-12-23,Instagram,Kampala,positive,fast delivery good quality fair price could ask great purchase,62,10
4913,Excellent customer support. They responded quickly to my questions.,2024-04-10,Twitter,Kampala,positive,excellent customer support responded quickly question,53,6
4914,"Outstanding business! Professional, reliable, and customer-focused. Great store!",2024-09-23,Website,Ntinda,positive,outstanding business professional reliable customer focused great store,71,8
4915,Excellent business! Highly professional and reliable.,2023-02-15,Instagram,Muyenga,positive,excellent business highly professional reliable,47,5
4916,Decent quality products. Price is fair for what you receive.,2024-06-03,Website,Central,neutral,decent quality product price fair receive,41,6
4917,Product works fine. Decent quality for the price paid.,2023-03-18,Google,Lubaga,neutral,product work fine decent quality price paid,43,7
4918,Excellent communication and fast delivery. Highly satisfied!,2023-03-04,WhatsApp,Kawempe,positive,excellent communication fast delivery highly satisfied,54,6
4919,Decent service. No major complaints but nothing impressive. Great experience!,2023-01-28,Instagram,Muyenga,neutral,decent service major complaint nothing impressive great experience,66,8
4920,Standard delivery. Product works but quality is average. Located in Bukoto.,2024-07-26,Twitter,Kampala,neutral,standard delivery product work quality average located bukoto,61,8
4921,Average product quality. Meets basic expectations.,2023-10-05,Website,Bukoto,neutral,average product quality meet basic expectation,46,6
4922,Quick response time and excellent customer care. Highly recommended!,2024-04-07,Instagram,Nakawa,positive,quick response time excellent customer care highly recommended,62,8
4923,Great service! Very fast delivery in Kampala. Highly recommend! Great experience!,2023-10-13,Facebook,Kampala,positive,great service fast delivery kampala highly recommend great experience,69,9
4924,Best customer service I've experienced. Products are top quality. Great store!,2024-09-21,Website,Bukoto,positive,best customer service experienced product top quality great store,65,9
4925,Average quality. Nothing special but nothing wrong either. Located in Lubaga. Great packaging!,2023-02-16,WhatsApp,Central,neutral,average quality nothing special nothing wrong either located lubaga great packaging,83,11
4926,Excellent communication and fast delivery. Highly satisfied!,2024-03-07,WhatsApp,Lubaga,positive,excellent communication fast delivery highly satisfied,54,6
4927,Best prices in Nakawa area. Great value for money.,2023-06-10,WhatsApp,Lubaga,positive,best price nakawa area great value money,40,7
4928,Excellent communication and fast delivery. Highly satisfied!,2023-02-14,Google,Nakawa,positive,excellent communication fast delivery highly satisfied,54,6
4929,Very satisfied with my purchase. Great quality and fast delivery. Located in Kawempe.,2023-05-03,Facebook,Makindye,positive,satisfied purchase great quality fast delivery located kawempe,62,8
4930,"Fast shipping, good quality, and excellent customer support.",2023-11-18,WhatsApp,Kawempe,positive,fast shipping good quality excellent customer support,53,7
4931,Product arrived damaged and customer service refused to help. Located in Bukoto. Great customer!,2024-02-28,Facebook,Ntinda,negative,product arrived damaged customer service refused help located bukoto great customer,83,11
4932,Average product quality. Meets basic needs adequately. Located in Kawempe.,2023-06-06,Instagram,Kampala,neutral,average product quality meet basic need adequately located kawempe,66,9
4933,Excellent products and service. Best in the area!,2024-08-04,Facebook,Kampala,positive,excellent product service best area,35,5
4934,Amazing service! The team went above and beyond to help me.,2024-05-11,Google,Makindye,positive,amazing service team went beyond help,37,6
4935,Excellent customer support. They responded quickly to my questions.,2024-08-24,Google,Ntinda,positive,excellent customer support responded quickly question,53,6
4936,Love shopping here! Always get great deals and quality products. Located in Nakawa.,2023-06-10,WhatsApp,Kololo,positive,love shopping always get great deal quality product located nakawa,66,10
4937,Fair experience overall. Nothing exceptional but acceptable.,2023-05-21,Google,Bukoto,neutral,fair experience overall nothing exceptional acceptable,54,6
4938,Excellent customer support. They responded quickly to my questions.,2024-10-24,Facebook,Kololo,positive,excellent customer support responded quickly question,53,6
4939,Great experience overall. Will be a returning customer.,2023-11-06,WhatsApp,Kawempe,positive,great experience overall returning customer,43,5
4940,Product is okay. Nothing special but serves its purpose.,2024-03-09,Facebook,Kololo,neutral,product okay nothing special serf purpose,41,6
4941,Delivery was on time. Product is as expected. Great service!,2024-10-04,Twitter,Ntinda,neutral,delivery time product expected great service,44,6
4942,Outstanding quality and service. Will definitely shop here again.,2024-12-29,Facebook,Bukoto,positive,outstanding quality service definitely shop,43,5
4943,Great experience from start to finish. Will shop here again!,2023-06-15,Google,Nakawa,positive,great experience start finish shop,34,5
4944,Great prices and even better service. Highly recommend this business! Located in Kololo.,2024-09-20,Twitter,Nakawa,positive,great price even better service highly recommend business located kololo,72,10
4945,Excellent customer support. They responded quickly to my questions.,2023-10-11,WhatsApp,Makindye,positive,excellent customer support responded quickly question,53,6
4946,Best shop in Kawempe. Quality products and great service.,2023-08-15,Twitter,Bukoto,positive,best shop kawempe quality product great service,47,7
4947,Fair prices and acceptable quality. Nothing outstanding. Located in Central. Great product!,2023-04-04,Facebook,Nakawa,neutral,fair price acceptable quality nothing outstanding located central great product,79,10
4948,Overpriced products with low quality. Not good value for money. Located in Muyenga.,2024-02-14,WhatsApp,Muyenga,negative,overpriced product low quality good value money located muyenga,63,9
4949,Quick response time and excellent customer care. Highly recommended!,2023-09-02,Twitter,Bukoto,positive,quick response time excellent customer care highly recommended,62,8
4950,Product quality was disappointing. Not as described on the website. Great store!,2023-05-13,WhatsApp,Kawempe,negative,product quality disappointing described website great store,59,7
4951,Product was damaged on arrival. Poor packaging quality.,2023-01-05,WhatsApp,Ntinda,negative,product damaged arrival poor packaging quality,46,6
4952,Excellent customer support. They responded quickly to my questions.,2024-09-28,Google,Nakawa,positive,excellent customer support responded quickly question,53,6
4953,Amazing service! The team went above and beyond to help me.,2023-05-05,Website,Lubaga,positive,amazing service team went beyond help,37,6
4954,Product didn't work as expected. Waste of money. Great support!,2024-04-08,Instagram,Nakawa,negative,product work expected waste money great support,47,7
4955,Amazing experience! The product arrived on time and in perfect condition.,2024-09-13,Instagram,Kampala,positive,amazing experience product arrived time perfect condition,57,7
4956,Average experience overall. Product is fine but not great.,2024-07-13,Facebook,Ntinda,neutral,average experience overall product fine great,45,6
4957,Excellent communication and fast delivery. Highly satisfied! Located in Kololo.,2023-11-21,WhatsApp,Muyenga,positive,excellent communication fast delivery highly satisfied located kololo,69,8
4958,Great products at affordable prices. Very satisfied with my purchase. Located in Ntinda.,2024-10-31,Twitter,Central,positive,great product affordable price satisfied purchase located ntinda,64,8
4959,Okay experience. Nothing to complain about but not impressed either. Located in Kampala. Great shop!,2024-12-18,Google,Kampala,neutral,okay experience nothing complain impressed either located kampala great shop,76,10
4960,Product works fine. Decent quality for the price paid. Located in Lubaga.,2024-12-15,WhatsApp,Ntinda,neutral,product work fine decent quality price paid located lubaga,58,9
4961,Top quality products at reasonable prices. Highly recommended! Located in Ntinda.,2023-09-06,Twitter,Nakawa,positive,top quality product reasonable price highly recommended located ntinda,70,9
4962,Standard delivery time. Product quality is average. Located in Kawempe.,2024-05-03,Twitter,Makindye,neutral,standard delivery time product quality average located kawempe,62,8
4963,Very satisfied with my purchase. Great quality and fast delivery.,2023-11-04,Google,Kololo,positive,satisfied purchase great quality fast delivery,46,6
4964,Would not buy from here again. Poor experience overall. Located in Kampala. Great purchase!,2024-12-11,Instagram,Kampala,negative,would buy poor experience overall located kampala great purchase,64,9
4965,Great experience overall. Will be a returning customer.,2024-02-23,WhatsApp,Muyenga,positive,great experience overall returning customer,43,5
4966,Excellent communication and fast delivery. Highly satisfied!,2024-12-16,Twitter,Makindye,positive,excellent communication fast delivery highly satisfied,54,6
4967,Great business with excellent customer care. Very professional.,2023-04-16,Twitter,Kawempe,positive,great business excellent customer care professional,51,6
4968,Great service! Very fast delivery in Kampala. Highly recommend!,2024-08-07,WhatsApp,Kololo,positive,great service fast delivery kampala highly recommend,52,7
4969,Outstanding service! The staff was very helpful and friendly.,2024-07-10,Instagram,Kawempe,positive,outstanding service staff helpful friendly,42,5
4970,Outstanding quality and service. Will definitely shop here again.,2023-07-09,Website,Central,positive,outstanding quality service definitely shop,43,5
4971,Best customer service I've experienced. Products are top quality.,2023-03-09,Website,Lubaga,positive,best customer service experienced product top quality,53,7
4972,Decent service. No major complaints but nothing impressive.,2024-04-10,Website,Lubaga,neutral,decent service major complaint nothing impressive,49,6
4973,"Outstanding business! Professional, reliable, and customer-focused.",2023-06-30,WhatsApp,Nakawa,positive,outstanding business professional reliable customer focused,59,6
4974,Average quality. Price is reasonable for what you get. Located in Central. Great customer!,2024-08-28,Facebook,Lubaga,neutral,average quality price reasonable get located central great customer,67,9
4975,Best shop in Kawempe. Quality products and great service.,2023-03-26,Twitter,Kawempe,positive,best shop kawempe quality product great service,47,7
4976,Great service! Very fast delivery in Kampala. Highly recommend!,2024-03-25,Twitter,Makindye,positive,great service fast delivery kampala highly recommend,52,7
4977,Best prices in Nakawa area. Great value for money.,2024-10-13,Website,Kololo,positive,best price nakawa area great value money,40,7
4978,Average product quality. Meets basic needs adequately.,2023-08-21,Twitter,Central,neutral,average product quality meet basic need adequately,50,7
4979,Poor quality products. Broke within days of purchase.,2024-09-11,Google,Ntinda,negative,poor quality product broke within day purchase,46,7
4980,Great value for money. Fast delivery and excellent packaging.,2023-11-24,Facebook,Lubaga,positive,great value money fast delivery excellent packaging,51,7
4981,Excellent products and service. Best in the area!,2024-08-25,Website,Muyenga,positive,excellent product service best area,35,5
4982,Amazing service! The team went above and beyond to help me.,2023-12-05,Twitter,Nakawa,positive,amazing service team went beyond help,37,6
4983,"Fast shipping, good quality, and excellent customer support.",2024-04-20,Facebook,Makindye,positive,fast shipping good quality excellent customer support,53,7
4984,Outstanding service! The staff was very helpful and friendly. Located in Bukoto.,2024-12-14,Facebook,Lubaga,positive,outstanding service staff helpful friendly located bukoto,57,7
4985,"Outstanding business! Professional, reliable, and customer-focused. Great service!",2023-08-29,WhatsApp,Lubaga,positive,outstanding business professional reliable customer focused great service,73,8
4986,Standard delivery. Product works but quality is average.,2023-05-31,WhatsApp,Muyenga,neutral,standard delivery product work quality average,46,6
4987,Great prices and even better service. Highly recommend this business! Located in Central.,2024-12-15,Facebook,Lubaga,positive,great price even better service highly recommend business located central,73,10
4988,Quick response time and excellent customer care. Highly recommended! Located in Kololo. Great order!,2024-04-05,Website,Bukoto,positive,quick response time excellent customer care highly recommended located kololo great order,89,12
4989,Great business with excellent customer care. Very professional.,2023-02-26,Google,Lubaga,positive,great business excellent customer care professional,51,6
4990,Okay product quality. Price matches the value received.,2023-05-09,Twitter,Kawempe,neutral,okay product quality price match value received,47,7
4991,"Fast shipping, good quality, and excellent customer support.",2024-10-22,WhatsApp,Bukoto,positive,fast shipping good quality excellent customer support,53,7
4992,Outstanding quality and service. Will definitely shop here again. Located in Kampala.,2024-06-17,Twitter,Kawempe,positive,outstanding quality service definitely shop located kampala,59,7
4993,Decent quality products. Price is fair for what you receive.,2024-06-12,Twitter,Kampala,neutral,decent quality product price fair receive,41,6
4994,"Outstanding business! Professional, reliable, and customer-focused. Located in Kampala. Great shipping!",2023-08-27,Website,Kampala,positive,outstanding business professional reliable customer focused located kampala great shipping,90,10
4995,Best shopping experience! Quality products and great prices.,2024-12-06,WhatsApp,Nakawa,positive,best shopping experience quality product great price,52,7
4996,Product was damaged on arrival. Poor packaging quality.,2023-11-10,Facebook,Muyenga,negative,product damaged arrival poor packaging quality,46,6
4997,Love shopping here! Always get great deals and quality products.,2024-07-23,Instagram,Ntinda,positive,love shopping always get great deal quality product,51,8
4998,Standard experience. Product does what it needs to do.,2024-01-14,Facebook,Nakawa,neutral,standard experience product need,32,4
4999,Product is functional. Does what it's supposed to do.,2023-08-01,WhatsApp,Muyenga,neutral,product functional supposed,27,3
5000,Quick response time and excellent customer care. Highly recommended!,2023-01-31,Website,Central,positive,quick response time excellent customer care highly recommended,62,8
5001,"📢 Important Announcement: New Community Rules! We're excited to see our community grow, and with that in mind, we're implementing some new rules to ensure a positive and engaging environment for everyone. Please take a moment to familiarize yourself with the following guidelines:

# 1. No Spamming: 🚫

We value quality over quantity. Avoid excessive self-promotion, repetitive content, or any form of spam. Let's keep our community clutter-free and focused on meaningful discussions.

# 2. No Low Effort Posts: 📉

We encourage thoughtful contributions that add value to discussions. Please refrain from low effort, one-word, or nonsensical posts. Let's maintain a standard of quality that enriches our community experience.

# 3. No Affiliate Links Spamming: 🚷

To foster genuine interactions, we discourage the indiscriminate sharing of affiliate links. If you have a relevant link to share, please ensure it adds value to the community and adheres to our guidelines.
These rules are designed to create a vibrant and respectful community where everyone feels welcome. We appreciate your cooperation in making this community a fantastic place for all members.

Thank you for being a part of our growing community!",2024-01-17,Reddit,Online,unknown,important announcement new community rule excited see community grow mind implementing new rule ensure positive engaging environment everyone please take moment familiarize following guideline spamming value quality quantity avoid excessive self promotion repetitive content form spam let keep community clutter free focused meaningful discussion low effort post encourage thoughtful contribution add value discussion please refrain low effort one word nonsensical post let maintain standard quality enriches community experience affiliate link spamming foster genuine interaction discourage indiscriminate sharing affiliate link relevant link share please ensure add value community adheres guideline rule designed create vibrant respectful community everyone feel welcome appreciate cooperation making community fantastic place member thank part growing community,865,109
5002,"Instant funding I’ve been very disappointed with Instant Funding lately. I’ve contacted support several times regarding two serious issues — one trade was closed even though *it never hit my stop loss*, and another experienced *over $50 in slippage*. Despite multiple messages, I haven’t received any clear proof, proper explanation, or resolution.

On top of that, *95% of the trades I’ve taken have had unusually large slippage and wide spreads*, which makes it extremely difficult to manage risk effectively. I understand some slippage is normal, especially during volatile periods, but this has become a consistent problem.

Traders need to trust that their executions are fair — and right now, that trust is missing. I hope Instant Funding takes these complaints seriously and improves both support and trade execution. Until then, I would advise others to be cautious.not been a nice experience so far",2025-11-28,Reddit,Online,unknown,instant funding disappointed instant funding lately contacted support several time regarding two serious issue one trade closed even though never hit stop loss another experienced slippage despite multiple message received clear proof proper explanation resolution top trade taken unusually large slippage wide spread make extremely difficult manage risk effectively understand slippage normal especially volatile period become consistent problem trader need trust execution fair right trust missing hope instant funding take complaint seriously improves support trade execution would advise others cautious nice experience far,627,83
5003,"Looking for CSGOFast review, what do you guys think about it? [question] I’ve seen CSGOFast around forever but never actually tried it myself.  
Is it still considered a solid site these days? Not expecting to “win big”, just wondering about withdrawals, fairness, general vibe, etc.

Curious to hear from people who actually used it recently.",2025-11-28,Reddit,Online,unknown,looking csgofast review guy think question seen csgofast around forever never actually tried still considered solid site day expecting win big wondering withdrawal fairness general vibe etc curious hear people actually used recently,232,33
5004,"Has anyone tried the Air Diet app? How was your experience? I’ve been seeing the Air Diet app around and I’m thinking about giving it a try. It focuses on air fryer meal plans, light workouts, and some progress trackers.



Before I start, I wanted to ask if anyone here has actually used it.

Did it help you eat healthier?

Are the meal plans realistic?

And is the app easy to follow long-term?



I’d really appreciate any honest reviews or experiences. I’m trying to make some healthier changes and don’t want to waste time on something that doesn’t work.



Thanks in advance!",2025-11-27,Reddit,Online,unknown,anyone tried air diet app experience seeing air diet app around thinking giving try focus air fryer meal plan light workout progress tracker start wanted ask anyone actually used help eat healthier meal plan realistic app easy follow long term really appreciate honest review experience trying make healthier change want waste time something work thanks advance,361,56
5005,"Arzam shehzad reviews? Anyone heard of him? Seeing this guy Arzam Shehzad all over my youtube. He talks about ways of earning online and ties it back to deen, which i don’t really hear often. Most of what’s out there either feels off or just not something i’d be comfortable doing. I live in glasgow and am looking for something i can do from home that doesn’t pull me away from my kids or make me feel uneasy about how i’m earning. saw a few of his videos, but can never tell till someone’s been through it. so if anyone’s seen benefit in what he teaches please sh⁤are.",2025-11-27,Reddit,Online,unknown,arzam shehzad review anyone heard seeing guy arzam shehzad youtube talk way earning online tie back deen really hear often either feel something comfortable live glasgow looking something home pull away kid make feel uneasy earning saw video never tell till someone anyone seen benefit teach please,298,47
5006,"Adanola Scamming Customers Adanola are scamming customers

Note to never buy from this company! I’m one of many that have returned items and they have said they’ve not received it and refunded for only 1! Be aware!!! 

#adanola",2025-11-27,Reddit,Online,unknown,adanola scamming customer adanola scamming customer note never buy company one many returned item said received refunded aware adanola,134,19
5007,"AMORPHIS-Borderland [https://stbasbas.blogspot.com/2025/11/amorphis-borderland.html](https://stbasbas.blogspot.com/2025/11/amorphis-borderland.html)

  
they came through the fog",2025-11-27,Reddit,Online,unknown,amorphis borderland came fog,28,4
5008,"Is Wakie actually a good anonymous voice chat app to talk to strangers? My honest review after 2 years Have some thoughts built up after 2 years and over a thousand calls, so figured I'd share what's good and what sucks.
I'm an average looking guy and didn't have a real relationship until 25, had some virtual thing on Discord before but that doesn't really count. I tried tinder and hinge, got nowhere, I wasn't really into hookup culture but not gonna lie- my ego was bruised. I thought I was at least somewhat above average. Apparently not lol

I was fine with people I already knew but had trouble talking to strangers, covid made my phone anxiety worse, I'd ask people to text instead of call. When I started looking for work I realized how f*ed my social skills were.
Remembered Omegle and chatroulette, looked for alternatives without video, found some voice chats but too many horny old dudes and trolls, kept searching and found wakie where at least people had some rating system, downloaded it.

Around that time I was playing Genshin Impact and practicing voice acting, got decent at it, figured I'd test it on random calls. I was a bit nervous before my first call on the app but got used to it fast, I didnt try hard, just acted normal, people gave me positive ratings. Started trying voice stuff with girls and suprisingly it worked, lot of them added me to favorites, even dated one - didn't last but it was my first real relationship. She said I don't act the same as on the app, so I guess don't create a completely new personality if you're planning to meet someone irl, you can't keep up the character in real life unless you're some kind of actor.

Some annoying stuff- people expect you to entertain them, sometimes when I stop asking questions they don't talk and we just sit in awkward silence. Also you feel pressured to be nice for ratings.
Idk if it works for everyone but it worked for me, my social skills got better, I got a decent job where I don't stress too much but show up on calls. If you want instant convos and don't mind camera- ometv might work better, if looks are your thing- stick to video apps. Otherwise try wakie I guess, depends what you're working with.",2025-11-26,Reddit,Online,unknown,wakie actually good anonymous voice chat app talk stranger honest review year thought built year thousand call figured share good suck average looking guy real relationship virtual thing discord really count tried tinder hinge got nowhere really hookup culture gon lie ego bruised thought least somewhat average apparently lol fine people already knew trouble talking stranger covid made phone anxiety worse ask people text instead call started looking work realized social skill remembered omegle chatroulette looked alternative without video found voice chat many horny old dude troll kept searching found wakie least people rating system downloaded around time playing genshin impact practicing voice acting got decent figured test random call bit nervous first call app got used fast didnt try hard acted normal people gave positive rating started trying voice stuff girl suprisingly worked lot added favorite even dated one last first real relationship said act app guess create completely new personality planning meet someone irl keep character real life unless kind actor annoying stuff people expect entertain sometimes stop asking question talk sit awkward silence also feel pressured nice rating idk work everyone worked social skill got better got decent job stress much show call want instant convos mind camera ometv might work better look thing stick video apps otherwise try wakie guess depends working,1418,216
5009,"Edibles Arrangements I ordered 1 for my friend it was 76.00. They Charged my card twice. I called them but was told by who answered phone that she couldn't understand me and I certainly could not understand her.  So I have sent 3 emails but they still haven't even bothered to return my call, text, or email. So beware of their business practices as they have no customer service and don't even care enough to return corresponds.",2025-11-26,Reddit,Online,unknown,edible arrangement ordered friend charged card twice called told answered phone understand certainly could understand sent email still even bothered return call text email beware business practice customer service even care enough return corresponds,249,34
5010,"The one thing that finally got us real customer reviews I used to waste so much time on those automatic review texts that nobody ever answers. You know the ones. We had plenty of happy customers, but our Google reviews were barely ticking up. What finally changed things was a super simple shift: we stopped texting and started talking. Instead of sending another robotic link, we had a real person just give some of our past customers a quick, friendly call to ask about their exprience. It sounds almost too simple, but it worked. People were surprised to be asked, and they actually seemed happy to help us out by leaving a review. We found a small team in Provo, UT called StarBrite that handles this kind of personal review and referral gathering. Having them make those genuine calls for us was the fix we needed. The reviews they got felt real because they were real. If you're stuck in the same automated review loop, looking into a human approach like that mght be your answer. It was for us.",2025-11-26,Reddit,Online,unknown,one thing finally got real customer review used waste much time automatic review text nobody ever answer know one plenty happy customer google review barely ticking finally changed thing super simple shift stopped texting started talking instead sending another robotic link real person give past customer quick friendly call ask exprience sound almost simple worked people surprised asked actually seemed happy help leaving review found small team provo called starbrite handle kind personal review referral gathering make genuine call fix needed review got felt real real stuck automated review loop looking human approach like mght answer,641,96
5011,"☕ Stop Guessing: Seeking 2+ Year Ownership Stories for High-End Coffee Gear (Let's build a real durability archive) Fellow enthusiasts, are you tired of one-week reviews? I am building a dedicated, high-trust archive of **2+ year ownership stories** for expensive gear like espresso machines, grinders, and kettles.

We are tracking **maintenance costs, flaws, and long-term durability**—not just initial purchase scores.

If you own high-end **coffee gear** and have a story to share (15-min survey):

👉 [**https://forms.gle/j5fFpTQtDtuGShrBA**](https://forms.gle/j5fFpTQtDtuGShrBA)

Help us build the resource we all wish existed!",2025-11-26,Reddit,Online,unknown,stop guessing seeking year ownership story high end coffee gear let build real durability archive fellow enthusiast tired one week review building dedicated high trust archive year ownership story expensive gear like espresso machine grinder kettle tracking maintenance cost flaw long term durability initial purchase score high end coffee gear story share min survey help build resource wish existed,400,59
5012,"Weil Cornell reproductive center **I’m very disappointed with my experience at Weill Cornell Reproductive Medicine, and I think people deserve to know what to expect.**



**My doctor, Hey Joo Kang, saw me in person during my first IVF cycle, but during my second cycle I’ve only seen her through Zoom. My case is more complex — fibroids, a tilted uterus, and ovaries that are hard to visualize — so consistent, hands-on care actually matters. Instead, every appointment feels unpredictable. I constantly have to re-explain my situation to new physicians, and many appointments felt rushed or disconnected.**



**There were a few times I went in for monitoring and was supposed to receive a call with medication instructions — instructions that are time-sensitive and crucial for success. Instead, no one contacted me, and I had to call the emergency line just to get basic guidance. That should never happen at a fertility clinic of this size.**



**Communication after my second egg retrieval was just as poor. I waited over a week with no update on my embryos. When they finally called, all they said was that five were frozen — no details. I had to email out of frustration to get the information I should have been told upfront. I constantly had to advocate for myself.**



**The billing department has been the worst part of this entire experience. No one explained that a frozen transfer is much more expensive than a fresh one. No one told me that Weill Cornell is significantly more expensive than most clinics. They also never warned me that I was nearing my yearly insurance max. Instead, they let me go through an entire stimulation cycle and egg retrieval, and now — just a week before transfer — they suddenly tell me I owe $4,993 out of pocket.**



**To make matters worse, they billed my insurance in a way that used my IVF benefit limit for services that should NOT have been billed under my IVF limit, draining my $25k IVF coverage much faster than necessary. There was no transparency or accountability.**



**And what really shocked me: they refused to move forward with my transfer until the $4,993 was paid in full.**

**Most fertility clinics offer payment plans or financial flexibility, especially during active treatment — but Weill Cornell doesn’t. They offered nothing. No plan, no options, no compassion.**



**Overall, the communication is inconsistent, the care feels impersonal, and the billing department has zero empathy or transparency. After everything, I’m transferring myself — and my frozen embryos — to another clinic that is more affordable, more supportive, and truly patient-centered.**",2025-11-26,Reddit,Online,unknown,weil cornell reproductive center disappointed experience weill cornell reproductive medicine think people deserve know expect doctor hey joo kang saw person first ivf cycle second cycle seen zoom case complex fibroid tilted uterus ovary hard visualize consistent hand care actually matter instead every appointment feel unpredictable constantly explain situation new physician many appointment felt rushed disconnected time went monitoring supposed receive call medication instruction instruction time sensitive crucial success instead one contacted call emergency line get basic guidance never happen fertility clinic size communication second egg retrieval poor waited week update embryo finally called said five frozen detail email frustration get information told upfront constantly advocate billing department worst part entire experience one explained frozen transfer much expensive fresh one one told weill cornell significantly expensive clinic also never warned nearing yearly insurance max instead let entire stimulation cycle egg retrieval week transfer suddenly tell owe pocket make matter worse billed insurance way used ivf benefit limit service billed ivf limit draining ivf coverage much faster necessary transparency accountability really shocked refused move forward transfer paid full fertility clinic offer payment plan financial flexibility especially active treatment weill cornell offered nothing plan option compassion overall communication inconsistent care feel impersonal billing department zero empathy transparency everything transferring frozen embryo another clinic affordable supportive truly patient centered,1641,216
5013,"Exchange reviews for the app (Android) Guys, please leave a review, write a link to the application, I will write you a good review. [https://play.google.com/store/apps/details?id=com.project.russian](https://play.google.com/store/apps/details?id=com.project.russian)",2025-11-24,Reddit,Online,unknown,exchange review app android guy please leave review write link application write good review,92,14
5014,"FM-Brotherhood [https://stbasbas.blogspot.com/2025/11/fm-brotherhood.html](https://stbasbas.blogspot.com/2025/11/fm-brotherhood.html)

  
Superb British FM/Soul infused meloic rock",2025-11-24,Reddit,Online,unknown,brotherhood superb british soul infused meloic rock,51,7
5015,What review website can I use for my garbage bin cleaning business?,2025-11-23,Reddit,Online,unknown,review website use garbage bin cleaning business,48,7
5016,"Request for Parkfield Supplies reviews, or info on ANY waterproof phone case that isn't a scam I've been desperately trying to get a waterproof phone case now that LifeProof switched to only iPhones.

I've tried Ghosteck and they were terrible, read that both Punckcase and Casebus are scams.

Just discovered Parkfield Supplies and don't see any obvious red flags, has anyone used them?

Any other recommendations?

For reference, I'm about to leave for a month long rafting expedition. Last time I did this I had my phone in my lifejacket pocket the whole time so that I could take photos. It swam rapids with me pretty much daily and came out fine, this was with the LifeProof case. I even took my phone scuba diving with me at one point to take photos.

I'm looking for something equivalent, not ""oh if some rain gets on it or you drop it on a puddle for a sec it will probably be fine"" which seems to be the new standard for waterproofing.

Thank you!",2025-11-22,Reddit,Online,unknown,request parkfield supply review info waterproof phone case scam desperately trying get waterproof phone case lifeproof switched iphones tried ghosteck terrible read punckcase casebus scam discovered parkfield supply see obvious red flag anyone used recommendation reference leave month long rafting expedition last time phone lifejacket pocket whole time could take photo swam rapid pretty much daily came fine lifeproof case even took phone scuba diving one point take photo looking something equivalent rain get drop puddle sec probably fine seems new standard waterproofing thank,582,84
5017,"Tired of 1-week reviews? I'm building a database of authentic, 2+ year ownership stories for high-end coffee grinders. * Hello r/Reviews community,

I'm a fellow enthusiast, and like many of you, I'm frustrated by how hard it is to find real, long-term advice on expensive gear. We see plenty of reviews written one week after purchase, but those tell you nothing about bearing failures, burr replacement costs, or long-term workflow hassles at the 3-year mark.

I’m working on a community research project to fix this. The goal is to create the internet's most honest, in-depth archive of long-term ownership stories, pain points, and specific DIY fixes for the gear we invest in.

# I Need Your Story!

I am currently collecting data from owners of high-commitment coffee grinders who have used their gear for at least 2 years.

Specifically, I am targeting the following models (among others):

* Flat Burrs: \[Specific Flat Burr Model, e.g., Fellow Ode Gen 1/2\]
* Conical Burrs: \[Specific Conical Burr Model, e.g., Niche Zero\]
* Professional/High-Volume: \[Specific High-End Model, e.g., Mahlkönig EK43\]

If you own one of these (or a similar high-end machine) and have been using it for a while, your story is incredibly valuable.

# Why Share Your Story?

1. Help the next buyer: Your detailed account will save the next enthusiast serious time and money.
2. Get your pain points heard: We are structuring the data to highlight the most common failures across different brands.
3. It’s quick: I've created a short, structured Google Form that takes about 10-15 minutes to complete. It focuses on costs, maintenance, and the single biggest piece of advice you would give your past self.

# Ready to share your long-term review?

Please fill out the simple form below. I will personally review and curate every response into our initial archive.

👉 \[[https://forms.gle/ufUj98x6zBJVYJgq8\]](https://forms.gle/ufUj98x6zBJVYJgq8]) 👈",2025-11-22,Reddit,Online,unknown,tired week review building database authentic year ownership story high end coffee grinder hello review community fellow enthusiast like many frustrated hard find real long term advice expensive gear see plenty review written one week purchase tell nothing bearing failure burr replacement cost long term workflow hassle year mark working community research project fix goal create internet honest depth archive long term ownership story pain point specific diy fix gear invest need story currently collecting data owner high commitment coffee grinder used gear least year specifically targeting following model among others flat burr specific flat burr model fellow ode gen conical burr specific conical burr model niche zero professional high volume specific high end model mahlkönig one similar high end machine using story incredibly valuable share story help next buyer detailed account save next enthusiast serious time money get pain point heard structuring data highlight common failure across different brand quick created short structured google form take minute complete focus cost maintenance single biggest piece advice would give past self ready share long term review please fill simple form personally review curate every response initial archive,1262,186
5018,"Sports fan merch - AVOID Ordered a game day buffalo helmet from them on October 3rd, then a day or two later received an email claiming it takes 4-6 weeks to fulfill the order because it’s on back order. Sent an email to them inquiring about the order at the beginning of November and they said it takes 4-6 weeks. Today, (nov 21) I sent an email requesting a refund, and they said they issued the refund and to not attempt to order from their website again.

Avoid this scam company.",2025-11-22,Reddit,Online,unknown,sport fan merch avoid ordered game day buffalo helmet october day two later received email claiming take week fulfill order back order sent email inquiring order beginning november said take week today nov sent email requesting refund said issued refund attempt order website avoid scam company,294,46
5019,DONT use Petco Groomers in East Windsor,2025-11-22,Reddit,Online,unknown,dont use petco groomers east windsor,36,6
5020,"DONT use Petco Groomers in East Windsor I will never use Petco Grooming at East Windsor again. I find them to always be rude and judgmental but today - after making my appt a month ago and confirming it three times AND taking the day off of work to get my dog there, they told me they couldn’t take me because I was 11 minu I will never use Petco Grooming at East Windsor again. I find them to always be rude and judgmental but today - after confirming my appointment three times and taking the day off of work to get my dog there, they told me they couldn’t take me because I was 11 minutes late. They told me the reason was because that they were triple booked. I said well maybe you shouldn’t be triple booking in the first place to allow for some variability in peoples time. I asked them nicely a few times to try to accommodate me even if it meant coming back another day or time before Thanksgiving  and they repeatedly told me that it was not going to happen and then I shouldn’t have been late. This was after me being courteous enough to reschedule for them when they called me a few weeks ago and said that they were overbooked on my original date i was scheduled for - so I was nice enough to reschedule for them  and change my day off for them. Then because I showed up 11 minutes late ( to  allow my dog to poop outside the store rather than inside the store) they turned me away in a VERY rude and  nasty manner - because THEY are overbooked. Sounds like a time management problem on their end, not mine. They were disgraceful. The girl at the computer JENNIFER was awful  and the groomer ANNA  was disgusting. They told me that they would not see my dog ever again because I was arguing my point.  To be honest, I’m never impressed by their grooming anyway, it always looks half assed and rushed.  I guess that explains the triple booking, they’re always in too much of a rush to do a good job . The last time I took my dog home and realized that they only cut one side nails and totally forgot to do the other side. I had to bring him back and wait for them to complete the job… And they had the nerve to charge me an extra fee for extra brushing!! 
  * I will say, though, that my experiences with Grace, Hannah, and Alyssa have been positive. **",2025-11-22,Reddit,Online,unknown,dont use petco groomers east windsor never use petco grooming east windsor find always rude judgmental today making appt month ago confirming three time taking day work get dog told take minu never use petco grooming east windsor find always rude judgmental today confirming appointment three time taking day work get dog told take minute late told reason triple booked said well maybe triple booking first place allow variability people time asked nicely time try accommodate even meant coming back another day time thanksgiving repeatedly told going happen late courteous enough reschedule called week ago said overbooked original date scheduled nice enough reschedule change day showed minute late allow dog poop outside store rather inside store turned away rude nasty manner overbooked sound like time management problem end mine disgraceful girl computer jennifer awful groomer anna disgusting told would see dog ever arguing point honest never impressed grooming anyway always look half assed rushed guess explains triple booking always much rush good job last time took dog home realized cut one side nail totally forgot side bring back wait complete job nerve charge extra fee extra brushing say though experience grace hannah alyssa positive,1251,194
5021,"My honest experience using a Welzo Home Blood Test last month I wanted to share a genuine review because I was really unsure about home blood tests before I tried one. Last month I’d been dealing with low energy, random headaches, and just feeling “off.” I couldn’t get a GP appointment for weeks, so out of frustration I decided to try one of the **Welzo Home Blood Tests** 

I picked the general health panel since I didn’t know what exactly I was looking for.

Here’s my honest experience:

• The kit arrived in about 2–3 days  
• The instructions were clear, and collecting the sample wasn’t as scary as I expected  
• It took me two tries to get enough blood (this part was slightly annoying but manageable)  
• I posted it back the same day  
• Results came in around 48 hours and were surprisingly easy to understand  
• It actually highlighted low Vitamin D and borderline B12 — which I didn’t even suspect

I took the results to my GP afterwards, and he agreed the numbers made sense considering my symptoms. He recommended supplementation, and after starting it, I do feel a bit better.

This isn’t some miracle solution, but for me it was useful — especially because getting a GP appointment takes forever where I live.

If anyone else has used home blood tests, did your results match your symptoms?  
Curious to hear how others’ experiences compare.",2025-11-22,Reddit,Online,unknown,honest experience using welzo home blood test last month wanted share genuine review really unsure home blood test tried one last month dealing low energy random headache feeling get appointment week frustration decided try one welzo home blood test picked general health panel since know exactly looking honest experience kit arrived day instruction clear collecting sample scary expected took two try get enough blood part slightly annoying manageable posted back day result came around hour surprisingly easy understand actually highlighted low vitamin borderline even suspect took result afterwards agreed number made sense considering symptom recommended supplementation starting feel bit better miracle solution useful especially getting appointment take forever live anyone else used home blood test result match symptom curious hear others experience compare,866,123
5022,"7 Kings honest review 5 Stars!!! I have never written a Reddit review but I need to get the word out! I just received my second order from 7 Kings 7oh &amp; OMG I’m impressed. They ship fast, their products are potent &amp; their prices are the most reasonable I have found for such quality products.",2025-11-22,Reddit,Online,unknown,king honest review star never written reddit review need get word received second order king amp omg impressed ship fast product potent amp price reasonable found quality product,178,28
5023,📢 I Write Professional Reviews for Your Business (Google | Trustpilot | Airbnb &amp; more!),2025-11-21,Reddit,Online,unknown,write professional review business google trustpilot airbnb amp,63,8
5024,"Do NOT buy from Doletics! worst experience with online buying ever! I bought leggings from Doletics that were advertised as 100% opaque, helps reduce cellulite but they are completely sheer! You can see my skin and underwear as if I wasn’t wearing leggings. when I went to return them I wasn’t informed until the very  last step of the return process that returns are international to Germany! I had checked their site before purchasing to see their return policy and checked reviews, all of which were great. And their return policy  does not indicate that returns are international. So I purchased them. what a mistake! I asked Doletics for a prepaid return label to the Germany return address OR to provide a United States return address so I could pay for them to be returned, but they refused to do either. what a colossal waste of money and time. Don’t buy from them, they’re dishonest and their customer service is horrible. They take days, in my case, almost a whole week to get back to me about my inquiry. then they were completely unapologetic about not having  any transparency in their return policy or willingness to help with the return. The best leggings I’ve found online so far are from Fanka. those are actually opaque and help with cellulite reduction  and are without friendly/compatible.",2025-11-21,Reddit,Online,unknown,buy doletics worst experience online buying ever bought legging doletics advertised opaque help reduce cellulite completely sheer see skin underwear wearing legging went return informed last step return process return international germany checked site purchasing see return policy checked review great return policy indicate return international purchased mistake asked doletics prepaid return label germany return address provide united state return address could pay returned refused either colossal waste money time buy dishonest customer service horrible take day case almost whole week get back inquiry completely unapologetic transparency return policy willingness help return best legging found online far fanka actually opaque help cellulite reduction without friendly compatible,788,106
5025,"My experience using a red-light cap after years of bleaching  here’s what actually changed I wanted to share a genuine review because I spent months wondering if red-light therapy could help with scalp health after years of bleaching. My hair story is basically the same as a lot of people who bleach: I loved the look, but over time the top of my head started feeling weaker. My new growth felt softer and almost “thin,” not in a medical way, just noticeably different in texture and strength.

Conditioners fixed the dry ends, but nothing I tried really changed the way my *roots* felt. I didn’t want to overload my scalp with too many products, so I started looking into tools people use for basic scalp support. That’s how I ended up trying the [Welzo Red Light Cap](https://welzo.com/products/red-light-infrared-cap).

I didn’t go into it expecting miracles. I used it just because it seemed like a simple, non-chemical way to maybe encourage healthier new growth.

Here’s what actually happened over a few weeks:

**• Week 1–2:**  
Honestly, nothing dramatic. I used it while watching TV. The warmth felt relaxing, but I didn’t notice changes in my scalp or hair texture yet.

**• Week 3–4:**  
This is when I started noticing tiny differences. My roots didn’t feel as “fragile” when I touched them. When I brushed my hair, it felt like the new growth had a bit more grip instead of that overly soft, processed feel. Not thicker — just slightly stronger.

**• Week 5–6:**  
I noticed that the areas near my part line felt less delicate. My scalp also felt calmer overall. Again, nothing overnight or dramatic, but I could feel my new growth wasn’t as flimsy as before.

**• Current verdict:**  
It didn’t magically fix years of bleaching (and I didn’t expect it to), but it genuinely did something for the *texture* and *strength* of new growth. The biggest change was that the fresh hair coming in didn’t feel as fragile. It just felt “healthier,” like the scalp was happier.

Red-light therapy won’t replace good haircare routines, but as a supportive tool, I actually think it helped me in a gradual, subtle way.

**So overall:**  
If you’re expecting dramatic thickening  no.  
If you’re hoping your new growth feels stronger and your scalp feels supported  it might be worth trying.

That was my experience with the Welzo Red Light Cap, and hopefully it helps someone who’s wondering the same things I was Googling at 2AM.",2025-11-21,Reddit,Online,unknown,experience using red light cap year bleaching actually changed wanted share genuine review spent month wondering red light therapy could help scalp health year bleaching hair story basically lot people bleach loved look time top head started feeling weaker new growth felt softer almost thin medical way noticeably different texture strength conditioner fixed dry end nothing tried really changed way root felt want overload scalp many product started looking tool people use basic scalp support ended trying welzo red light cap expecting miracle used seemed like simple non chemical way maybe encourage healthier new growth actually happened week week honestly nothing dramatic used watching warmth felt relaxing notice change scalp hair texture yet week started noticing tiny difference root feel fragile touched brushed hair felt like new growth bit grip instead overly soft processed feel thicker slightly stronger week noticed area near part line felt less delicate scalp also felt calmer overall nothing overnight dramatic could feel new growth flimsy current verdict magically fix year bleaching expect genuinely something texture strength new growth biggest change fresh hair coming feel fragile felt healthier like scalp happier red light therapy replace good haircare routine supportive tool actually think helped gradual subtle way overall expecting dramatic thickening hoping new growth feel stronger scalp feel supported might worth trying experience welzo red light cap hopefully help someone wondering thing googling,1531,226
5026,"The Borz Store Hey everyone!
I’m new to Reddit and made this account just for this.
Christmas is coming up and my boyfriend is a huge Khamzat Chimaev fan. I’m from Europe and it’s really hard to find any of his merch here. I came across The Borz Store, which seems to be his official merch site, but I can’t find any real reviews.
Has anyone bought a hoodie or T-shirt from there? How’s the quality?
I’d love some help choosing the perfect gift for my boyfriend!",2025-11-21,Reddit,Online,unknown,borz store hey everyone new reddit made account christmas coming boyfriend huge khamzat chimaev fan europe really hard find merch came across borz store seems official merch site find real review anyone bought hoodie shirt quality love help choosing perfect gift boyfriend,272,42
5027,"turn podpak and podpen I wanted to leave a great review for turn as a company. Their customer service dept. was really wonderful with the help I needed for a strange occurrence with one of their products. I am in business myself, and want to applaud them for their immediate and careful assistant to a customer. I will definitely recommend their superb products to my friends. I am very happy with their help.",2025-11-20,Reddit,Online,unknown,turn podpak podpen wanted leave great review turn company customer service dept really wonderful help needed strange occurrence one product business want applaud immediate careful assistant customer definitely recommend superb product friend happy help,252,34
5028,"SwellAI.com review - NOT recommended I have been using [Swellai.com](http://Swellai.com) since the start of the year. It's a decent program to help make podcast notes, emails, social media worlds, transcripts etc.  I had to remind them to renew my minutes every month, which was annoying, but whatever, the program was good for what I needed. All of a sudden, they stopped responding to all my messages and have not topped up my minutes in a couple months. I have emailed, I have used their chat box, I have called the phone number, all to no avail. I paid for a year worth of services but they stopped providing their services and now I'm out the money and need to find a new way to do this.   
I'm frustrated, and my bank can't do anything as it's past their dispute window. 

Find a different company to help write show notes, as this one is unreliable.",2025-11-20,Reddit,Online,unknown,swellai com review recommended using swellai com since start year decent program help make podcast note email social medium world transcript etc remind renew minute every month annoying whatever program good needed sudden stopped responding message topped minute couple month emailed used chat box called phone number avail paid year worth service stopped providing service money need find new way frustrated bank anything past dispute window find different company help write show note one unreliable,501,75
5029,"Five Towns College (five clowns) is the worst college ever, do not EVER think of going, a waste of money, a waste of time, and something you WILL regret. I attended Five Towns for about two weeks before dropping out because of how bad it was. I felt like I got demoted from where I was when I graduated high school. I graduated with a 4.0 GPA, received a pretty scholarship (20k a year) from the desperate, money hungry people at five towns, and accidentally put myself in a horrible situation that I do not wish on any student with a passion for art, music, or anything else for that matter. 

My tuition for the semester was about 4k, and I only received back $1,900. It was supposed to be a 60 percent refund. The president of the college refuses to refund anymore of the money. I only attended classes for two weeks. It was not worth that much money, and I feel absolutely robbed. The happier part to my story is that I got out of five towns before it was too late. I took what I could get back and ran. Please do not put yourself in this situation, it is so disheartening. Even the women who worked in the advising office at told me that my best option was to drop out, that my full potential could not be met at five towns. 

I was so unsure about attending this college that I made myself sick about it so many times. The day that I went to register for classes and got my ID card, I got sick with some sort of stomach bug (I think it was a sign from somewhere warning me not to go.) If that sounds crazy to you, just continue reading!! I also had multiple nightmares where I was screaming that I did not want to go to five towns, and I would wake up feeling absolutely sick mentally and also throwing up from the stress. This was over the summer after I had already committed to the college, and all of my friends had big plans for themselves at great colleges. I just knew something was wrong. I did not want to go, I was absolutely killing myself over it. I couldn't do anything to change it because it was too late. My parents told me to just try it out for a semester and if I did not like it, I could transfer out. If you are considering this college, and this is what your parents are saying to you, tell them of my experience and I assure you, they will change their minds. 

To start off, the people are pushy, they do not stop calling you once you apply. Not even just emailing you. They call, text, and email like a desperate ex trying to get you back. It is so pathetic. They also push all of their programs on you and barely give you any time to think about what it is that YOU want. I felt as if I got roped into the business and audio concentration program just because it was the easiest thing for them to do for me. So many of the students there feel the same way, there is just this feeling of hopelessness that plagues everyone there. No one can have a conversation without hating on the college or saying that they want to leave.

To add about the business program, it is such a joke; unfortunately, it really is sad because the teachers are all very sweet and I honestly feel bad for them. The business program consists of mostly male athletes who are there on a scholarship, or kids who have no idea what they want to do with their lives. Do not fall for this program or the audio concentration that they make so enticing. You can get a much better education at one of the amazing SUNY schools nearby, even SUNY Farmingdale if business or even communications is what you want to go for. They also have visual arts programs that five towns offers, and they have even more variety. SUNY Stony Brook also offers music and SO MANY arts majors, it is outstanding and so wonderful. It is also MUCH cheaper than five towns, you will have an actual college experience, and the college that YOU are paying will actually invest in you instead of investing in themselves. Out of all of the friends I made there, they all also want to transfer out because they know they deserve better. One of my friends dropped out just as I did, and another one of my friends is also transferring out at the end of the semester. 

What was extremely alarming to me at my time there was how small the college was and how there are not even 1,000 students, maybe 500. I'm not really sure how the college is still running. The accreditation should be taken away. I attended a department mixer for business, and each year (freshman-senior) stood before the rest of the department year by year. The freshman class was the biggest one and as you got down to the seniors, two people stood. I felt so sick. I knew I had to get myself out of there. They explained that they ""lost"" a couple of students over the years, and of course when you put it together, these are the students that got out and realized there were better opportunities for them. Those are the lucky ones, and I am one of them. 

If you are looking for an exciting college experience with student life funded and supported, do not choose five clowns. Choose any other college, I guarantee you it will be much better. I almost wish high schools could exclude five towns from their college fairs. This should not even be an option for passionate and talented high school students getting ready to face the real world. They lie to you, they manipulate you, and they only want your money. Not to mention, five towns credits barely transfer to other colleges, so if you are thinking of just ""trying it out"" for a semester, don't. If you are at all unsure of what you want to do with your life or career, do not choose this school, you are putting yourself in a prison. You will waste your time, money, and your passion might even feel like it is dissipating. It definitely drained the life out of me.

It is a FOR PROFIT institution, read that loud and clear. All private colleges are, but what makes five clowns different is the fact that it quite literally is just money hungry people feeding on profit, not giving enough funding to the arts, and honestly not even understanding how to run a college whatsoever. They sell you on the audio program, which is a load of crap. The access students have to the studios is so limited and also nothing is ever taken seriously. The audio part also does not go on your degree. They do the bare minimum. Everything is the bare minimum. The food, the dorms, the curriculum, the student life. 

When I say that the food is BAD, I mean it. The cafeteria was smaller than the one at my high school, and the limited options were insane. I felt so bad for the kids who chose to dorm and that is their only option. If you choose to dorm at this college and have no car, you are quite literally putting yourself in a prison. Long Island is so wonderful and full of things to do, but this college is in the middle of a suburban neighborhood on LI. You cannot walk anywhere, it will take forever. 

I also know many people who are upperclassman at five towns who regret their choice to stay. They feel that they also could have gotten better educations and more opportunities elsewhere. They only stay now because they have dug themselves a hole. They put so much money into the school of credits that will barely transfer anywhere else, so they have no choice but to finish it.

At the end of the day, do not EVER choose this college. I don't care if you're confused, stuck on the money end of things, or looking for an easy way out. You deserve better. Money is not the most important thing in life, it comes and goes. Experience stays with you, the environment you are putting yourself in will mold you into who you are. Choose a good one. Choose a place that makes you feel like you can do anything, that you can reach for the stars, have opportunities, and dream. Do not put yourself in a situation where you think about what could have been. If you are not happy with your environment during such formative years, you will have trouble in the future. Life is short. Go somewhere that you can change your mind. One day you may be a STEM major and decide that you hate science and want to be immersed in the arts or humanities instead. Five Towns is not the college you can change your mind at or customize your education. Go somewhere that really supports your dream, and you will never regret that decision. I promise.",2025-11-19,Reddit,Online,unknown,five town college five clown worst college ever ever think going waste money waste time something regret attended five town two week dropping bad felt like got demoted graduated high school graduated gpa received pretty scholarship year desperate money hungry people five town accidentally put horrible situation wish student passion art music anything else matter tuition semester received back supposed percent refund president college refuse refund anymore money attended class two week worth much money feel absolutely robbed happier part story got five town late took could get back ran please put situation disheartening even woman worked advising office told best option drop full potential could met five town unsure attending college made sick many time day went register class got card got sick sort stomach bug think sign somewhere warning sound crazy continue reading also multiple nightmare screaming want five town would wake feeling absolutely sick mentally also throwing stress summer already committed college friend big plan great college knew something wrong want absolutely killing anything change late parent told try semester like could transfer considering college parent saying tell experience assure change mind start people pushy stop calling apply even emailing call text email like desperate trying get back pathetic also push program barely give time think want felt got roped business audio concentration program easiest thing many student feel way feeling hopelessness plague everyone one conversation without hating college saying want leave add business program joke unfortunately really sad teacher sweet honestly feel bad business program consists mostly male athlete scholarship kid idea want life fall program audio concentration make enticing get much better education one amazing suny school nearby even suny farmingdale business even communication want also visual art program five town offer even variety suny stony brook also offer music many art major outstanding wonderful also much cheaper five town actual college experience college paying actually invest instead investing friend made also want transfer know deserve better one friend dropped another one friend also transferring end semester extremely alarming time small college even student maybe really sure college still running accreditation taken away attended department mixer business year freshman senior stood rest department year year freshman class biggest one got senior two people stood felt sick knew get explained lost couple student year course put together student got realized better opportunity lucky one one looking exciting college experience student life funded supported choose five clown choose college guarantee much better almost wish high school could exclude five town college fair even option passionate talented high school student getting ready face real world lie manipulate want money mention five town credit barely transfer college thinking trying semester unsure want life career choose school putting prison waste time money passion might even feel like dissipating definitely drained life profit institution read loud clear private college make five clown different fact quite literally money hungry people feeding profit giving enough funding art honestly even understanding run college whatsoever sell audio program load crap access student studio limited also nothing ever taken seriously audio part also degree bare minimum everything bare minimum food dorm curriculum student life say food bad mean cafeteria smaller one high school limited option insane felt bad kid chose dorm option choose dorm college car quite literally putting prison long island wonderful full thing college middle suburban neighborhood walk anywhere take forever also know many people upperclassman five town regret choice stay feel also could gotten better education opportunity elsewhere stay dug hole put much money school credit barely transfer anywhere else choice finish end day ever choose college care confused stuck money end thing looking easy way deserve better money important thing life come go experience stay environment putting mold choose good one choose place make feel like anything reach star opportunity dream put situation think could happy environment formative year trouble future life short somewhere change mind one day may stem major decide hate science want immersed art humanity instead five town college change mind customize education somewhere really support dream never regret decision promise,4543,672
5030,"burning witches Inquisition [https://stbasbas.blogspot.com/2025/10/burning-witches-inquisition.html](https://stbasbas.blogspot.com/2025/10/burning-witches-inquisition.html)

  
Female fronted metal in the vein of Dio,Black Sabbath",2025-11-19,Reddit,Online,unknown,burning witch inquisition female fronted metal vein dio black sabbath,69,10
5031,"SameSidewalk Review I saw someone asking about SameSidewalk and wanted to weigh in.  It's a company that is able to apply the best promo deals and rates to your monthly bills ....like your electric bill, gas, internet, streaming services, etc.  (they can even find deals that are hard to score). There is no cost - it's free to use.  I had no idea there were companies who did something like this.  Glad I found them. It's a pretty great way to save money.  Just go to samesidewalk.com.",2025-11-19,Reddit,Online,unknown,samesidewalk review saw someone asking samesidewalk wanted weigh company able apply best promo deal rate monthly bill like electric bill gas internet streaming service etc even find deal hard score cost free use idea company something like glad found pretty great way save money samesidewalk com,295,46
5032,"Review of Empire Today - San Diego, CA WARNING! DO NOT USE THIS COMPANY! I wish I would have read the reviews before choosing Empire! It has not even been 2 years and the laminate planks are already coming up from the edges. I have lived in my home for 20 years and the rest of my laminate flooring (not from Empire) still remains perfect. They told me it would be $500 to fix their subpar product.",2025-11-18,Reddit,Online,unknown,review empire today san diego warning use company wish would read review choosing empire even year laminate plank already coming edge lived home year rest laminate flooring empire still remains perfect told would fix subpar product,231,36
5033,"FEICE WATCHES - Unless you know you will definitely keep the watch, avoid ordering from this company ! I ordered a Feice Midnight Reserve FM202 watch online on 27 September 2025 and paid £148 GBP as I loved the look of it.  It was shipped form Shenzhen (China) and it arrived on 10 October. When I opened it I immediately did not like it and decided to return it for a refund.  I emailed Feice and they explained the return procedure - I had to pay the shipping cost to China and any Customs duties.  I returned the watch on 18 October and paid £23.50 GBP for shipping. Nothing happened for 10 days or so I checked the courier's tracking information and found that the watch was being held by the Customs at Shenzhen for approximately two weeks. Eventually when the watch was released by Customs Feice sent me a refund of £128 GBP on 14 November, saying that there were Customs duties to pay.   

So I had to pay £23.50 GBP shipping and £20 GBP in Customs duties.  

I emailed Feice to complain about this but, as expected, they did not come back to me.

So, unless you know you will definitely keep the watch, avoid this company !",2025-11-18,Reddit,Online,unknown,feice watch unless know definitely keep watch avoid ordering company ordered feice midnight reserve watch online september paid gbp loved look shipped form shenzhen china arrived october opened immediately like decided return refund emailed feice explained return procedure pay shipping cost china custom duty returned watch october paid gbp shipping nothing happened day checked courier tracking information found watch held custom shenzhen approximately two week eventually watch released custom feice sent refund gbp november saying custom duty pay pay gbp shipping gbp custom duty emailed feice complain expected come back unless know definitely keep watch avoid company,674,97
5034,"Now You See Me 3 was interesting, but it ultimately made me disappointed, and I personally think if you haven’t watch the movie yet, don’t.",2025-11-18,Reddit,Online,unknown,see interesting ultimately made disappointed personally think watch movie yet,77,10
5035,"Now You See Me 3 was interesting, but it ultimately made me disappointed, and I personally think if you haven’t watch the movie yet, don’t.",2025-11-18,Reddit,Online,unknown,see interesting ultimately made disappointed personally think watch movie yet,77,10
5036,"Is Ace Working Holidays a Scam? I’m heavily debating going to Zante in 2026 with Ace. I’m just curious if anyone has any experiences (good or bad) to share? 


I’ve noticed that a lot of there posts have 0 comments which I find odd. 


I also want to know is there any hidden costs involved with ace? Most of the reviews are really good but I’m just nervous to pay 
£700 and be scammed.",2025-11-18,Reddit,Online,unknown,ace working holiday scam heavily debating going zante ace curious anyone experience good bad share noticed lot post comment find odd also want know hidden cost involved ace review really good nervous pay scammed,211,34
5037,Lenovo or Asus or Acer ?,2025-11-18,Reddit,Online,unknown,lenovo asus acer,16,3
5038,"Afternic Review-Slowpay Overall, the experience was pretty good (3/5 Stars) — especially upfront, where everything felt smooth and professional. The problem comes when it’s time to get paid. It seems like they make a lot of money off float, meaning they hold onto people’s money longer than necessary.

First, they didn’t have a 1099 from me. After a week with no payment, I reached out, and only then did they say they never received my information and that I needed to fill it out. I did so immediately. Now it’s been another week, and the latest excuse is that they “need to verify” the information on my 1099.

As far as I understand it, the IRS requires the issuer to obtain a completed 1099 from the recipient — signed and dated. That’s it. The issuer isn’t responsible for validating the information; verification is the payee’s responsibility.",2025-11-17,Reddit,Online,unknown,afternic review slowpay overall experience pretty good star especially upfront everything felt smooth professional problem come time get paid seems like make lot money float meaning hold onto people money longer necessary first week payment reached say never received information needed fill immediately another week latest excuse need verify information far understand irs requires issuer obtain completed recipient signed dated issuer responsible validating information verification payee responsibility,505,67
5039,"Search for live reviews has finnaly came true! No bots, real people with real reviews! Personaly Shillworks is the gem thats been missing online. First time that i got what i paid for. I did wait a couple of days for reviews unlike the bot reviews that came instantly, but man was it worth it, we skyrocketed finally with our app, thank you Shillworks! I got in early access also and they just made partnership with Unigox so def hanging on to this one. No fees on unigox,zero, like man i really got in within the golden time! And the best think of all od that i literaly paid less the i paid for bots, double! So shout out to all of us out there fighting with simmilar problem! Your welcome!",2025-11-17,Reddit,Online,unknown,search live review finnaly came true bot real people real review personaly shillworks gem thats missing online first time got paid wait couple day review unlike bot review came instantly man worth skyrocketed finally app thank shillworks got early access also made partnership unigox def hanging one fee unigox zero like man really got within golden time best think literaly paid less paid bot double shout fighting simmilar problem welcome,440,70
5040,"Hongyu Apparel is a SCAM At first, I truly believed that Hongyu Apparel would be able to execute the designer jacket I’ve been developing for my fashion line. I provided them with detailed tech packages, material information, and very clear instructions — including the fact that my garment requires attached gloves, which are a signature part of my brand identity.

After they accepted my payment and confirmed they understood the design, they suddenly told me they could not make the gloves that were clearly included in the tech pack. Since my entire line is based on garments with integrated gloves, this was extremely disappointing. I tried to give them the benefit of the doubt, thinking maybe the material choice was too difficult, so we moved forward with a second material.

Second attempt:
We selected a new fabric, and once again they failed to properly produce the gloves. I reminded them how essential the gloves are to my collection. After some back-and-forth, they told me they would try again with a simpler glove design. They attempted it — and the result was extremely poor-quality and not wearable. It looked nothing like the design I submitted.

Third attempt:
Despite the ongoing issues, they quoted me another $40, raising the cost to $180 (after already paying $140 twice), bringing my total to $420. Even after paying the additional amount, they still could not execute the gloves. I also asked for the skirt in the back to be more flowing — I sent illustrations and reference images — and they still sent me the same flat, non-flowing skirt as before.

Again, they admitted they were unable to make the gloves.
This is after multiple payments and after repeatedly promising they could.

What makes this even more frustrating is that they kept pushing me toward a bulk order — of a design they couldn’t even produce correctly.

My tech pack was detailed. My instructions were clear. I paid for the work. They repeatedly told me they could do it — and repeatedly failed to deliver the core elements of the design.

I am extremely dissatisfied with the lack of skill, inconsistency, price changes, and the misleading assurances.

⚠️ I strongly recommend avoiding Hongyu Apparel.

They take on projects they cannot complete, produce weak and inaccurate results, and continue to request payment even when they fail to execute the design.
Proceed with caution — or better yet, stay away.",2025-11-17,Reddit,Online,unknown,hongyu apparel scam first truly believed hongyu apparel would able execute designer jacket developing fashion line provided detailed tech package material information clear instruction including fact garment requires attached glove signature part brand identity accepted payment confirmed understood design suddenly told could make glove clearly included tech pack since entire line based garment integrated glove extremely disappointing tried give benefit doubt thinking maybe material choice difficult moved forward second material second attempt selected new fabric failed properly produce glove reminded essential glove collection back forth told would try simpler glove design attempted result extremely poor quality wearable looked nothing like design submitted third attempt despite ongoing issue quoted another raising cost already paying twice bringing total even paying additional amount still could execute glove also asked skirt back flowing sent illustration reference image still sent flat non flowing skirt admitted unable make glove multiple payment repeatedly promising could make even frustrating kept pushing toward bulk order design even produce correctly tech pack detailed instruction clear paid work repeatedly told could repeatedly failed deliver core element design extremely dissatisfied lack skill inconsistency price change misleading assurance strongly recommend avoiding hongyu apparel take project complete produce weak inaccurate result continue request payment even fail execute design proceed caution better yet stay away,1555,210
5041,shitty website trash asf,2025-11-17,Reddit,Online,unknown,shitty website trash asf,24,4
5042,Moomoo Review Moomoo Is a great trading platform. The cash sweep is nice! The savings Yield is excellent! This is my first experience with moomoo! And so far I am very impressed! And I have not been hit with any surprise fees like some of the other trading apps! I hate hidden fees!!!,2025-11-16,Reddit,Online,unknown,moomoo review moomoo great trading platform cash sweep nice saving yield excellent first experience moomoo far impressed hit surprise fee like trading apps hate hidden fee,171,26
5043,Moomoo Review Moomoo Is a great trading platform. The cash sweep is nice! The savings Yield is excellent! This is my first experience with moomoo! And so far I am very impressed! And I have not been hit with any surprise fees like some of the other trading apps! I hate hidden fees!!!,2025-11-16,Reddit,Online,unknown,moomoo review moomoo great trading platform cash sweep nice saving yield excellent first experience moomoo far impressed hit surprise fee like trading apps hate hidden fee,171,26
5044,"Is Moulinex good for exhausted people who don't like cooking? Hi. I'm trying to understand if the Moulinex machine (TM7 I think it's the name) will be a good match for me.

I don't like cooking. I have lunch included at work and at dinner and weekends I either skip, eat a yogurt or eat an instant ramen during the last 20 years.

Many people have told me that once you start to learn how to cook you just get better and start to like cooking, or at least stop disliking it. Well... I tried hard during 20 years (because I've always wanted to eat better) and I always eventually come back to packed instant food because I just can't keep up with it, I'm **always exhausted** and it takes too much effort and time. 


I would be interested in hearing opinions about the Moulinex TM7 from:


* People who likes cooking and has energy left at the end of the day
* People who likes cooking but is exhausted
* People who doesn't like cooking and has energy left at the end of the day
* People who doesn't like cooking and is exhausted at the end of the day (this would be my bucket) 

I want to understand if this product can help me or not.

Please leave a comment with a review and specify which category from the ones above you belong to.",2025-11-16,Reddit,Online,unknown,moulinex good exhausted people like cooking trying understand moulinex machine think name good match like cooking lunch included work dinner weekend either skip eat yogurt eat instant ramen last year many people told start learn cook get better start like cooking least stop disliking well tried hard year always wanted eat better always eventually come back packed instant food keep always exhausted take much effort time would interested hearing opinion moulinex people like cooking energy left end day people like cooking exhausted people like cooking energy left end day people like cooking exhausted end day would bucket want understand product help please leave comment review specify category one belong,710,109
5045,"Much Better Adventures - Ultimate Adventure in British Columbia and Vancouver Island I participated on the September 2025 trip. This is a new MBA trip and had only run once before in June 2025. My experience of this trip and MBA was disappointing. 

The trip itself was unenjoyable and overpriced given the experience. At times, the 'adventure'  felt more like a school trip with a treadmill of activities than a holiday. It felt like the trip had not been properly tested before being released to paying customers. 

There were numerous issues throughout the trip including rigid scheduling and an overpacked itinerary, incorrect information on MBA's website (e.g length of time and difficulty rating for hikes), an inexperienced guide, poor campsite facilities and little time to enjoy being in any place due to the tight schedule. Not to mention, being required to dry out the tents and clean out the trailer and van at the end of the trip albeit MBA did acknowledge that this had crossed the line. 

If you decide to book this trip, be aware that unless the itinerary has been changed, you are likely to spend a lot of your time putting tents up and down, packing and unpacking the trailer, packing and unpacking day packs and own luggage for each day, eating and washing up and bear prevention rather than enjoying being in each location in the present moment. It was such a shame because Canada is stunning but the cumulative negative points of this trip overshadowed what otherwise should have been a once in a lifetime holiday. 

I gave detailed feedback to MBA and eventually settled on an agreed level of compensation payment but this did take time and the 'host' supplier/MBA tried to settle at a low level initially. 

Anyone booking through MBA needs to be aware that MBA is a booking agent only which means they are responsible for the booking but not the trip.  The 'host' supplier is responsible for delivering the trip. This is set out in the t&amp;cs but not apparent on the face of MBA's website.",2025-11-15,Reddit,Online,unknown,much better adventure ultimate adventure british columbia vancouver island participated september trip new mba trip run june experience trip mba disappointing trip unenjoyable overpriced given experience time adventure felt like school trip treadmill activity holiday felt like trip properly tested released paying customer numerous issue throughout trip including rigid scheduling overpacked itinerary incorrect information mba website length time difficulty rating hike inexperienced guide poor campsite facility little time enjoy place due tight schedule mention required dry tent clean trailer van end trip albeit mba acknowledge crossed line decide book trip aware unless itinerary changed likely spend lot time putting tent packing unpacking trailer packing unpacking day pack luggage day eating washing bear prevention rather enjoying location present moment shame canada stunning cumulative negative point trip overshadowed otherwise lifetime holiday gave detailed feedback mba eventually settled agreed level compensation payment take time host supplier mba tried settle low level initially anyone booking mba need aware mba booking agent mean responsible booking trip host supplier responsible delivering trip set amp apparent face mba website,1253,172
5046,How good is this phone? [https://www.mercadolibre.com.mx/tecno-pova-7-pro-5g-ai-gaming-phone-256gb-rom-1212gb-ram-dual-sim-mediatek-dimensity-7300-ultimate-6000mah-carga-inalambrica-de-30w-pantalla-678-amoled-144hz-nfc-64mp-motor-de-juegos-hyper-negro/p/MLM55889861?pdp\_filters=item\_id:MLM2454370737#highlighted-specs](https://www.mercadolibre.com.mx/tecno-pova-7-pro-5g-ai-gaming-phone-256gb-rom-1212gb-ram-dual-sim-mediatek-dimensity-7300-ultimate-6000mah-carga-inalambrica-de-30w-pantalla-678-amoled-144hz-nfc-64mp-motor-de-juegos-hyper-negro/p/MLM55889861?pdp_filters=item_id:MLM2454370737#highlighted-specs),2025-11-15,Reddit,Online,unknown,good phone,10,2
5047,"Needed some new clothes for work and ended up browsing online again So I recently started going out more for work stuff, and I realized most of my clothes are either too casual or just old. I wanted something simple but decent enough to wear outside without spending too much.

While scrolling online, I found a site that had some really nice pieces clean shirts, light jackets, and comfy shoes that looked perfect for everyday wear. The prices were fair, but since it’s my first time seeing the brand, I’m still a bit unsure about the quality.

Has anyone here tried shopping from Voghion before? I’d love to know if their stuff is actually as good as it looks online.",2025-11-14,Reddit,Online,unknown,needed new clothes work ended browsing online recently started going work stuff realized clothes either casual old wanted something simple decent enough wear outside without spending much scrolling online found site really nice piece clean shirt light jacket comfy shoe looked perfect everyday wear price fair since first time seeing brand still bit unsure quality anyone tried shopping voghion love know stuff actually good look online,436,66
5048,"Seacoast Renovation Systems * I have lived on Galway Lane in Columbia SC for the last 22 years. I write this to strongly recommend Seacoast Renovation Systems (owned by Chris Pressley). His team did a superb job with my renovations. He and his team built me a new metal gate on the side of my house, are repairing window sills for 9 of my windows, (Lowes tried to get me to purchase entire windows for $12,000) gutted and replaced the cabinet and plumbing under my kitchen sink, and repaired my garage door. About 5 years ago, this team built an entire fence in my backyard and side yard with vinyl fencing (much better than wood). These guys are not only honest, but loyal, and they explain exactly what they are gonna do. The price was so very reasonable and not sky high. I just can't speak enough about how happy I am with the service of Scott Pressley and his team. PS, I am not paid to send reviews, and this review is completely unbiased.",2025-11-13,Reddit,Online,unknown,seacoast renovation system lived galway lane columbia last year write strongly recommend seacoast renovation system owned chris pressley team superb job renovation team built new metal gate side house repairing window sill window lowes tried get purchase entire window gutted replaced cabinet plumbing kitchen sink repaired garage door year ago team built entire fence backyard side yard vinyl fencing much better wood guy honest loyal explain exactly gon price reasonable sky high speak enough happy service scott pressley team paid send review review completely unbiased,572,85
5049,“AnActionADay” clothing — legit? Anyone bought anything from them? This brand popped up in my insta feed and it looks great but is it too good to be true especially at this price point?,2025-11-12,Reddit,Online,unknown,anactionaday clothing legit anyone bought anything brand popped insta feed look great good true especially price point,118,17
5050,Korean mineral foundation I bought the Korean Skin Care mineral foundation that claims to blend with your natural skin color. But all I get is the white foundation on my face not blending with my skin color. My face looks like a clow’s face! Anyone else having the same experience?,2025-11-12,Reddit,Online,unknown,korean mineral foundation bought korean skin care mineral foundation claim blend natural skin color get white foundation face blending skin color face look like clow face anyone else experience,193,29
5051,"Bloom Flower Delievery is a JOKE!!!! Please don't order from this business. They'll never deliver your order &amp; they don't have the flowers to do any arrangements. Again, DON'T ORDER FROM THIS PLACE!!   -100 rating",2025-11-11,Reddit,Online,unknown,bloom flower delievery joke please order business never deliver order amp flower arrangement order place rating,111,16
5052,"Sharing quick reviews of gear I’ve actually used outdoors Hey everyone!

I’ve been working on a page called Quality Tested Gear where I post quick, practical reviews of outdoor equipment I’ve actually used. My goal is to show how gear really performs after getting beat up, dropped, soaked, and used the way it’s meant to be used.

You can check it out here:
👉 tiktok.com/@quality.tested.gear￼

From there you can find my other socials, including YouTube. I’m not sponsored or selling anything, I just enjoy sharing honest feedback on gear that’s built to last. Whether it’s backpacks, tools, or outdoor accessories, I try to keep my videos short and real so people can get the info fast.

I’m mainly just trying to get a little traffic on the page and would really appreciate it if a few people here checked it out or shared some feedback. I’d love to hear what gear has held up best for you too.

Thanks for taking a minute to read this. If you’re into durable, no-nonsense outdoor gear that’s actually used and tested, I think you’ll like what I’m doing.",2025-11-11,Reddit,Online,unknown,sharing quick review gear actually used outdoors hey everyone working page called quality tested gear post quick practical review outdoor equipment actually used goal show gear really performs getting beat dropped soaked used way meant used check find social including youtube sponsored selling anything enjoy sharing honest feedback gear built last whether backpack tool outdoor accessory try keep video short real people get info fast mainly trying get little traffic page would really appreciate people checked shared feedback love hear gear held best thanks taking minute read durable nonsense outdoor gear actually used tested think like,642,96
5053,I am curious to know - How trustworthy are online review sites considered source for accurate information?,2025-11-11,Reddit,Online,unknown,curious know trustworthy online review site considered source accurate information,82,10
5054,"Do not buy tickets from Get Your Guide 
Get Your Guide completely RUINED our visit to the Frida Kahlo Museum. They sent the WRONG TICKETS — tickets that the museum couldn't even scan because they had a QR code instead of the proper BARCODE. The museum told us they NO LONGER WORK with Get Your Guide, so what exactly did we pay for?!

We were denied entry and spent OVER AN HOUR in chat with customer support, only for them to say the best they could do was a refund. WHICH IS NOT FAIR because by then, FRIDA KAHLO MUSEUM TICKETS WERE SOLD OUT FOR THE DAY. So we missed out completely.

Get Your Guide had NO idea what was going on, offered ZERO real help, and wasted our time, money, and the entire experience. They even promised to refund my Uber ride to the museum after 1 provided a screenshot of the receipt — only to message me a week later asking for ""proof"" AGAIN after I had ALREADY SENT IT.

Absolutely unacceptable. WORST service ever. If I could give 0 stars, I would. DO NOT RECOMMEND.
I will NEVER use Get Your Guide again.",2025-11-11,Reddit,Online,unknown,buy ticket get guide get guide completely ruined visit frida kahlo museum sent wrong ticket ticket museum even scan code instead proper barcode museum told longer work get guide exactly pay denied entry spent hour chat customer support say best could refund fair frida kahlo museum ticket sold day missed completely get guide idea going offered zero real help wasted time money entire experience even promised refund uber ride museum provided screenshot receipt message week later asking proof already sent absolutely unacceptable worst service ever could give star would recommend never use get guide,601,94
5055,"Rob Leins blood ,sweat and beers [https://stbasbas.blogspot.com/2021/05/rob-leins-blood-sweat-and-beers.html](https://stbasbas.blogspot.com/2021/05/rob-leins-blood-sweat-and-beers.html)

  
country rock with a twist",2025-11-11,Reddit,Online,unknown,rob leins blood sweat beer country rock twist,45,8
5056,"TEMCO LOGISTICS UPDATE: 2 weeks later after trying to reach management, and they’re still arriving. Today they stayed at my job for an hour… we don’t have Temco work orders here. Home Depot &amp; Temco hasn’t done anything about this.

Drivers are disorderly in other businesses locations. Management doesn't answer or reach out. I've been dealing with 4 drivers giving me a hard time every single morning at my job location.

Truck numbers ( 409074 &amp; 8306137 ). I really want these guys to stop coming to my place of employment. 

As a (gay) woman dealing with 4 men getting a kick out of harassing me by forcing interactions and contact with me.... I hate this company. I've also taken back my support for Home Depot due to not taking this situation seriously enough to stop these drivers.

I've tried being polite &amp; was greeted with hostility and sarcasm. In a ""What are you gonna do about it"" demeanor and undertone.

These men won't stop coming to my place of work in a disorderly fashion.",2025-11-10,Reddit,Online,unknown,temco logistics update week later trying reach management still arriving today stayed job hour temco work order home depot amp temco done anything driver disorderly business location management answer reach dealing driver giving hard time every single morning job location truck number amp really want guy stop coming place employment gay woman dealing men getting kick harassing forcing interaction contact hate company also taken back support home depot due taking situation seriously enough stop driver tried polite amp greeted hostility sarcasm gon demeanor undertone men stop coming place work disorderly fashion,617,91
5057,"Salt and Stone, Neroli and Basil Scent Purchased Salt and Stone deodorant, body wash, and body mist, in the Neroli &amp; Basil scent, totaling $94. Scent is so weak, there's literally, nothing there at all. I had high hopes, but received disappointment instead.

I'm also very skeptical of their return process. I went through the return steps, as instructed on their site, and received the following email stating:

""Your return has been submitted.
Good news—you don’t need to ship anything 🍃
In an effort to reduce waste and carbon footprint, you don’t need to return the item(s) to us. We hope that you donate or find a good home for them. We’ll issue your refund, gift card, or exchange once we process your return.

We hope that you donate or find a good home for them.""

Body Wash
Neroli &amp; Basil / 15.2 FL OZ / 450 ML
$36.00
Signature Scent Duo
Neroli &amp; Basil / 3.4 FL OZ / 100 ML
$59.00

I've never heard of such a thing. Is this real? Or am I setting myself up for a painful refund experience?",2025-11-10,Reddit,Online,unknown,salt stone neroli basil scent purchased salt stone deodorant body wash body mist neroli amp basil scent totaling scent weak literally nothing high hope received disappointment instead also skeptical return process went return step instructed site received following email stating return submitted good news need ship anything effort reduce waste carbon footprint need return item hope donate find good home issue refund gift card exchange process return hope donate find good home body wash neroli amp basil signature scent duo neroli amp basil never heard thing real setting painful refund experience,601,91
5058,"Another bad UberEats experience I was a regular UberEats user. Most recent deliverer Viktor dumped my order on someone else’s patio apparently or just kept it. He pinged me to say he had arrived, I immediately went to the door, nothing there. Clearly he didn’t ring the doorbell as requested. Called deliverer and no answer. Uber response was that this was my problem, not theirs and that he delivered the food. Fortunately my bank has a fraud department (go Chase). $150 later, no dinner and had to order elsewhere. Buyer beware!",2025-11-09,Reddit,Online,unknown,another bad ubereats experience regular ubereats user recent deliverer viktor dumped order someone else patio apparently kept pinged say arrived immediately went door nothing clearly ring doorbell requested called deliverer answer uber response problem delivered food fortunately bank fraud department chase later dinner order elsewhere buyer beware,349,47
5059,"Love letter to the movie Frankenstein 2025 As a huge fan of the book, when I saw the trailer, seeing Frankenstein's monster with features much closer to the book's description and clothing, I was excited that it would be a faithful adaptation. And for that very reason, I became increasingly disappointed as I watched it, a feeling that quickly changed when I realized that, unlike versions that simply take a book, strip it of its depth, and leave it empty, this is truly a coherent alternate version with a new vision of the story. It starts with the most obvious point: this work adds humanity to the ""monster"" and further dehumanizes the humans, not only within themselves but also in their surroundings, in how they interact with them from the very beginning. One of the reasons I loved this story is precisely because of how painful it was to see Victor so loved and the ""monster"" so utterly alone and despised, and here things are balanced.

Victor's past as the beloved son of a couple who adored each other and took him traveling the world, encouraging him to learn whatever he wanted, even if it was the damned science of alchemy, is erased. Now he is the son of a mother who, just like in the novel, loves him dearly, but a father who treats him with contempt and demands (it's not explicitly stated, but it's possible Victor isn't actually his son, and his parents married after he was born, judging by his treatment of him and the comment, ""You bear my name and represent me,"" as if it were something bestowed upon him and not rather than by birth), along with a toxic relationship marked by domestic violence with his mother. From the very beginning, Victor's surroundings become less human. He grows up shouting in everyone's face that he is a genius, the complete opposite of the Victor who worked in absolute secrecy and was humiliated by his teachers for his outdated ""scientific"" beliefs. Instead of Clerval, his dreamy and vibrant friend. You have an arms dealer. He causes the deaths of innocents and blames the monster. He refuses to create a companion so the monster won't be alone and will have a friend by his side, feeling not a trace of empathy for him. He directs cold phrases at him, like a narcissistic scientist proud of his genius despite everything, even though, unlike in the novel, he hadn't killed anything Victor knew, and that Victor did feel a minimum of empathy for the monster. Everything about Victor and his surroundings is much more dehumanized, including him.

Instead, the Monster receives a certain lesson at his birth: the acceptance of the blind old man, even after learning his story; the affection and empathy of Elizabeth; the acceptance and final apology—something beautiful to see for those who have the injustice of the novel etched in their memory. His life is still awful, traumatic, but he receives much more appreciation than in the novel, and his purity is even more evident.

Speaking of Elizabeth, she's no longer that sickly, cheerful character who loves Victor almost out of obligation, but also with immense attachment. She's become a much freer thinker, much stronger, a protagonist, with a profound appreciation for all things life (something that was already present, but her interaction with the monster adds much more meaning to that quality of hers). And with a significant ending, where she manages to see the purity of the ""monster"" as no one else was able to. She rejects Victor, rejects his pathetic attempt to beg for forgiveness while he was obviously drowning in his hatred and delusions of God.

I also noticed something that might bother many: sometimes the makeup, the reactions at certain moments. Like Victor's brother throwing the moral lesson in his face quite directly before dying, how everyone moved aside when he was carrying Elizabeth. How he reached, Victor on the ship and no one seemed to have died on that occasion, the crew waiting outside for her to finish her story and then giving her space to leave without asking questions. But it didn't really bother me; I see it more as a play than a film, and in many scenes I get the feeling that was precisely the intention. To eliminate a certain semblance of realism, of logical reactions, to obtain instead a scene linked solely to art and not to coherence. Furthermore, the detail of Frankenstein's immortality and super strength initially seemed incoherent to me, but the way they lighten the burden of immortality later becomes something with great significance. Since the ""monster"" wasn't always alone, he received affection, but the burden was no longer just loneliness, but also eternity. The option of burning at the stake to ashes no longer exists; eternity is part of the condemnation that continues to make his life a hell, lacking the raw and pervasive loneliness of his namesake.

In conclusion, I'm pleasantly surprised by this true reinterpretation of a story I've always loved, but which has always caused me a lot of suffering. If I had to say something negative, it's that I might have liked to see a lot more expressiveness from the ""monster"" in some scenes, but since it's a face made up of different parts, and generally doesn't know how to physically react to feelings, I can accept it as it is.",2025-11-09,Reddit,Online,unknown,love letter movie frankenstein huge fan book saw trailer seeing frankenstein monster feature much closer book description clothing excited would faithful adaptation reason became increasingly disappointed watched feeling quickly changed realized unlike version simply take book strip depth leave empty truly coherent alternate version new vision story start obvious point work add humanity monster dehumanizes human within also surroundings interact beginning one reason loved story precisely painful see victor loved monster utterly alone despised thing balanced victor past beloved son couple adored took traveling world encouraging learn whatever wanted even damned science alchemy erased son mother like novel love dearly father treat contempt demand explicitly stated possible victor actually son parent married born judging treatment comment bear name represent something bestowed upon rather birth along toxic relationship marked domestic violence mother beginning victor surroundings become less human grows shouting everyone face genius complete opposite victor worked absolute secrecy humiliated teacher outdated scientific belief instead clerval dreamy vibrant friend arm dealer cause death innocent blame monster refuse create companion monster alone friend side feeling trace empathy directs cold phrase like narcissistic scientist proud genius despite everything even though unlike novel killed anything victor knew victor feel minimum empathy monster everything victor surroundings much dehumanized including instead monster receives certain lesson birth acceptance blind old man even learning story affection empathy elizabeth acceptance final apology something beautiful see injustice novel etched memory life still awful traumatic receives much appreciation novel purity even evident speaking elizabeth longer sickly cheerful character love victor almost obligation also immense attachment become much freer thinker much stronger protagonist profound appreciation thing life something already present interaction monster add much meaning quality significant ending manages see purity monster one else able reject victor reject pathetic attempt beg forgiveness obviously drowning hatred delusion god also noticed something might bother many sometimes makeup reaction certain moment like victor brother throwing moral lesson face quite directly dying everyone moved aside carrying elizabeth reached victor ship one seemed died occasion crew waiting outside finish story giving space leave without asking question really bother see play film many scene get feeling precisely intention eliminate certain semblance realism logical reaction obtain instead scene linked solely art coherence furthermore detail frankenstein immortality super strength initially seemed incoherent way lighten burden immortality later becomes something great significance since monster always alone received affection burden longer loneliness also eternity option burning stake ash longer exists eternity part condemnation continues make life hell lacking raw pervasive loneliness namesake conclusion pleasantly surprised true reinterpretation story always loved always caused lot suffering say something negative might liked see lot expressiveness monster scene since face made different part generally know physically react feeling accept,3331,443
5060,"Juan &amp; Only Plumber Not Trustworthy I normally do not write negative reviews as I know that people, companies can have a bad day. My experience is one that I feel needs to be shared as it showed very untrustworthy practices. I selected Juan &amp; Only Plumber to look at our hot water heated based on reviews and posts on Reddit. While searching, I found that people experience “zip code” pricing by some companies. I have never experienced this and did not believe it until working with Juan &amp; Only Plumber in Austin. The tech was supposed to arrive between 1-4pm. I called at 4:30 to see if we needed to reschedule. I was told I would get an update ASAP. Finally at 6:20p, I got a text saying a different tech would arrive in 15min. My husband met w/ the technicians, they decided it best to replace the hot water heater. We were given a verbal quote of $3250 for replacement of the propane heater. I received a quote later that evening for $2650 that stated in 3 areas replacement of a propane heater, propane lines &amp; propane set up. I accepted the quote. In the morning, the tech texted, said he quoted incorrectly as it was not for a propane heater and would send one for the $3250 he told us. I then got the same exact quote from the night before with the only change being the price which was now $3750. I pointed this out via text to the tech. Someone from the company then texted &amp; emailed saying that I should accept or deny. No explanation of why my price jumped overnight by $1100. DO NOT TRUST THIS COMPANY.",2025-11-08,Reddit,Online,unknown,juan amp plumber trustworthy normally write negative review know people company bad day experience one feel need shared showed untrustworthy practice selected juan amp plumber look hot water heated based review post reddit searching found people experience zip code pricing company never experienced believe working juan amp plumber austin tech supposed arrive called see needed reschedule told would get update asap finally got text saying different tech would arrive husband met technician decided best replace hot water heater given verbal quote replacement propane heater received quote later evening stated area replacement propane heater propane line amp propane set accepted quote morning tech texted said quoted incorrectly propane heater would send one told got exact quote night change price pointed via text tech someone company texted amp emailed saying accept deny explanation price jumped overnight trust company,926,136
5061,"Mr. Tire, Edgewater MD: Criminal Negligence! Appallingly bad service at Mr. Tire's Edgewater, MD shop.  Took daughter's car in for a routine oil change and the tech found an oil leak we had not known about (no yellow light, no oil puddles), ignored it, put new oil in, managed to strip the threads of the drain plug so it couldn't close, and told their internal manager, who ignored it as well and let us take the car as if nothing was wrong.  Disaster was averted when she unexpectedly came home early from her nursing shift in Baltimore, driving back before all of the new oil had drained, but with the RED oil light on and the car actually beeping at her during the last few miles.  By then the sun was up and we found the overnight oil puddle in the driveway.  Criminal negligence!  We will never use Mr. Tire or their parent company Monro ever again, and neither should you!",2025-11-08,Reddit,Online,unknown,tire edgewater criminal negligence appallingly bad service tire edgewater shop took daughter car routine oil change tech found oil leak known yellow light oil puddle ignored put new oil managed strip thread drain plug close told internal manager ignored well let take car nothing wrong disaster averted unexpectedly came home early nursing shift baltimore driving back new oil drained red oil light car actually beeping last mile sun found overnight oil puddle driveway criminal negligence never use tire parent company monro ever neither,538,83
5062,"Review of EyeCandys Colored Contacts For Astigmatism  I ordered my contacts from Eye Candy's in order to enhance my already green eyes as my regular contacts had a slight blue tint. I have astigmatism and myopia (nearsightedness). I thought that Desire in green would be a touch brighter, but, as it turns out, they are tinted slightly olive green. Although I was hoping that they'd be a bit more “electric green” just for fun. Although I was initially a bit disappointed, it turns out that, after I put them on, the Desire contacts in green offset my olive green eyes perfectly.  They had the added advantage that I didn't have to try to pop any vials open because they came in a box in regular contact lens sealed “solution blister packs”. I was pleased with the quality overall, although the right contact did seem a bit more flimsy, so I handle these contacts carefully. I do plan to order again. Maybe some more fun colors next time!
https://eyecandys.com",2025-11-08,Reddit,Online,unknown,review eyecandys colored contact astigmatism ordered contact eye candy order enhance already green eye regular contact slight blue tint astigmatism myopia nearsightedness thought desire green would touch brighter turn tinted slightly olive green although hoping bit electric green fun although initially bit disappointed turn put desire contact green offset olive green eye perfectly added advantage try pop vial open came box regular contact lens sealed solution blister pack pleased quality overall although right contact seem bit flimsy handle contact carefully plan order maybe fun color next time,601,87
5063,"Arjen Lucassen Songs no one will hear [https://stbasbas.blogspot.com/2025/11/arjen-lucassen-songs-no-one-will-hear.html](https://stbasbas.blogspot.com/2025/11/arjen-lucassen-songs-no-one-will-hear.html)

  
70s prog rock inspired concept album by Dutch master",2025-11-07,Reddit,Online,unknown,arjen lucassen song one hear prog rock inspired concept album dutch master,74,12
5064,Here’s my pick of the WTF films- let me know if you’ve enjoyed them.,2025-11-06,Reddit,Online,unknown,pick wtf film let know enjoyed,30,6
5065,"Has anyone tried the SpyraThree electric water gun? Worth the hype? 
I'm looking at getting the SpyraThree and trying to figure out if it's actually worth the price or just overhyped. The price is pretty steep - like $180-200 depending on where you buy it. I've seen some cheaper alternatives on Alibaba that look similar for under $50, but I'm skeptical about quality and whether they actually work the same way.

I'm considering it because my nephew won't stop talking about it and his birthday is coming up soon, but I need to know if it's actually worth dropping that much on a water gun.

What I want to know from anyone who's actually used the SpyraThree:

Does it actually perform as advertised or is it gimmicky?

How's the durability? Will it last or break after a few uses?

Is the self-refill feature actually useful or just a novelty?

What's the water pressure/shooting speed like compared to regular water guns?

Battery life - how long does it actually last in real use?

Worth the premium over cheaper electric water guns?

I'm willing to spend the money if it's genuinely better, but I don't want to drop $200 on something that's basically the same as a $30 knockoff with better marketing.

If you've used both the SpyraThree and cheaper alternatives, I'd especially love to hear comparisons.",2025-11-05,Reddit,Online,unknown,anyone tried spyrathree electric water gun worth hype looking getting spyrathree trying figure actually worth price overhyped price pretty steep like depending buy seen cheaper alternative alibaba look similar skeptical quality whether actually work way considering nephew stop talking birthday coming soon need know actually worth dropping much water gun want know anyone actually used spyrathree actually perform advertised gimmicky durability last break us self refill feature actually useful novelty water pressure shooting speed like compared regular water gun battery life long actually last real use worth premium cheaper electric water gun willing spend money genuinely better want drop something basically knockoff better marketing used spyrathree cheaper alternative especially love hear comparison,808,112
5066,"Stokke clikk high chair Has anyone bought this high chair?

Pros and cons? I’ve heard it’s easy to clean :)",2025-11-05,Reddit,Online,unknown,stokke clikk high chair anyone bought high chair pro con heard easy clean,73,13
5067,"Farmers Dog Food I’ve been ordering farmers dog food products for about half a year for my dog he’s a bit older , the food was amazing quality not to mention their packaging is top tier . Included in your package is dry ice that keep your food cold for days in case any back . Well i recently lost my dog after 14 years 😔, farmers dog customer support was amazing . They Helped me cancel my subscription and sent me their condolences, I was texting a real person , I had a order that had already shipped out and they gave me the option to donate it to a shelter nearby, and refunded my money . What a great company they are a true family organization. I will be a customer for life when i decide to get another dog 😔",2025-11-05,Reddit,Online,unknown,farmer dog food ordering farmer dog food product half year dog bit older food amazing quality mention packaging top tier included package dry ice keep food cold day case back well recently lost dog year farmer dog customer support amazing helped cancel subscription sent condolence texting real person order already shipped gave option donate shelter nearby refunded money great company true family organization customer life decide get another dog,448,69
5068,"Internship review I am currently doing an online internship at *Mindenious* as a *Marketing Intern*. Every week, I am given new tasks and I have completed all of them successfully. This internship has provided me with the opportunity to learn and understand online marketing strategies, campaigns, and promotions. I am grateful for this experience and the practical knowledge I have gained.",2025-11-04,Reddit,Online,unknown,internship review currently online internship mindenious marketing intern every week given new task completed successfully internship provided opportunity learn understand online marketing strategy campaign promotion grateful experience practical knowledge gained,263,30
5069,"Doskoch Lawn Care Services, Cleveland Ohio area I wrote an excellent review a few years ago. A lot has changed since then. Doskoch failed to show up multiple times and when they did, their work was shoddy. They over sprayed my front brick walkway and killed over a foot of grass on each side. Never came to fix this and even apologized. Doskoch was contracted to weed and feed my front yard. It looks the worst it has ever looked with dead patches everywhere They also failed to show up to trim bushes repeatedly. I had to trim a couple times myself. When they finally showed up, the bushes ended up being a wild variety of shapes and sizes. VERY poor work. They never acknowledged this or came to fix it. The bushes in the back were trimmed so severely that I thought they were going to die. They have finally started coming back. They charged $3600 to weed and mulch. Dozens of weeds starting growing up in the mulch within 3 days. They also never finished the job. I finally cancelled their service in writing (twice). However, they came and mowed three times after being cancelled. I finally was able to catch them unloading and sent them away. Nick has promised four times to refund for the mowing, but never has after several weeks. I have given up and do not believe he ever intended to refund anything. Very poor communication, very poor quality work. I recommended this company when Nick first started his business, but I have found my experience with Doskoch Landscaping to be completely unprofessional this year.",2025-11-03,Reddit,Online,unknown,doskoch lawn care service cleveland ohio area wrote excellent review year ago lot changed since doskoch failed show multiple time work shoddy sprayed front brick walkway killed foot grass side never came fix even apologized doskoch contracted weed feed front yard look worst ever looked dead patch everywhere also failed show trim bush repeatedly trim couple time finally showed bush ended wild variety shape size poor work never acknowledged came fix bush back trimmed severely thought going die finally started coming back charged weed mulch dozen weed starting growing mulch within day also never finished job finally cancelled service writing twice however came mowed three time cancelled finally able catch unloading sent away nick promised four time refund mowing never several week given believe ever intended refund anything poor communication poor quality work recommended company nick first started business found experience doskoch landscaping completely unprofessional year,985,146
5070,"BUYER BEWARE I got the Ray-Ban Med glasses, and they came in total with six black air bubbles and the tint wasn’t cut correctly. When I tried to return them with the manufacturer, they said it would take 4 to 6 weeks to evaluate the glasses and then after the evaluation, it will take another two more weeks for me to receive my glasses that they sent me damaged. Meta told me just to get a refund and re-order it, but just a heads up, be careful with the Ray-Ban glasses or you will wait two months to get it back.",2025-11-03,Reddit,Online,unknown,buyer beware got ray ban med glass came total six black air bubble tint cut correctly tried return manufacturer said would take week evaluate glass evaluation take another two week receive glass sent damaged meta told get refund order head careful ray ban glass wait two month get back,285,49
5071,"Andy Timmons Recovery [https://stbasbas.blogspot.com/2025/10/andy-timmons-recovery.html](https://stbasbas.blogspot.com/2025/10/andy-timmons-recovery.html)

  
Fusion,rock guitar heaven by Andy Timmons",2025-11-03,Reddit,Online,unknown,andy timmons recovery fusion rock guitar heaven andy timmons,60,9
5072,"How to upload a CSV file to Trustpilot without SKUs? I’m working with a website and starts using Trustpilot for collecting reviews. They have a feature where you can upload a CSV of your customers (within a 90-day window) to send review invitation emails via Trustpilot. 

But I have a problem — my CSV **doesn’t have SKUs** (product identifiers) and I’m not sure how to best format the file so that Trustpilot will accept it.

Here’s what I know so far:

* The CSV upload is done via Trustpilot’s portal (via the “upload customer list / invitation” feature) and you are supposed to provide certain columns (email, name, maybe order reference).
* My company doesn’t use distinct product SKUs for every customer transaction (we may just use generic order or “package” references).
* Trustpilot says you need “order details” or “product identifiers” in some formats, but I’m not sure whether SKUs are **mandatory** or what the minimum requirement is.
* The 90-day window is specifically for the invitation upload, so I want to do this correctly the first time.

So my questions for anyone who’s done this:

1. Has anyone uploaded a CSV to Trustpilot **without** a SKU field? If yes — what did your CSV look like (what columns did you include and what did you leave blank)?
2. Do you know if Trustpilot reject any rows because “missing SKU” or “missing product ID” — and if so, how did you fix it?",2025-11-02,Reddit,Online,unknown,upload csv file trustpilot without skus working website start using trustpilot collecting review feature upload csv customer within day window send review invitation email via trustpilot problem csv skus product identifier sure best format file trustpilot accept know far csv upload done via trustpilot portal via upload customer list invitation feature supposed provide certain column email name maybe order reference company use distinct product skus every customer transaction may use generic order package reference trustpilot say need order detail product identifier format sure whether skus mandatory minimum requirement day window specifically invitation upload want correctly first time question anyone done anyone uploaded csv trustpilot without sku field yes csv look like column include leave blank know trustpilot reject row missing sku missing product fix,868,124
5073,"Feedback request: I have built a solution for helping companies hire quicker HI Everyone,

Me and my friend built this solution in our free time to . called Vertex Find: an AI-powered recruiting assistant that helps companies and startups handle resume screening and candidate calls faster. 

Right now, it does three things really well:

1. Analyzes resumes with AI to find the best-fit candidates.

2.Calls candidates, asks short personalized screening questions, and

3.Notes their preferred time(s) for the interview.

And it can do all this at scale, handling hundreds of resumes and calls effortlessly.

If you’re running a team or hiring for clients or in general, I’d love for you to try it out and share honest feedback what works, what doesn’t, and what you’d love to see next?

URL: [https://vertexfind.com](https://vertexfind.com)",2025-11-02,Reddit,Online,unknown,feedback request built solution helping company hire quicker everyone friend built solution free time called vertex find powered recruiting assistant help company startup handle resume screening candidate call faster right three thing really well analyzes resume find best fit candidate call candidate asks short personalized screening question note preferred time interview scale handling hundred resume call effortlessly running team hiring client general love try share honest feedback work love see next url,511,72
5074,Pointless I make the bots that leave your comments and just bought our 3rd house in 5 years. Get wrecked,2025-11-01,Reddit,Online,unknown,pointless make bot leave comment bought house year get wrecked,62,10
5075,"Scammed by “Earnstock LTD” (earnstock.uk) — fake investment platform using Coinbase + fake UK tax letters I want to warn others about **Earnstock LTD (earnstock.uk)**.

I saw their ad on Facebook, filled their form, and was contacted by *Anthony Lorenzo*. He convinced me to invest in their platform. I sent **$15,000 via Coinbase (wire transfer)** and **$270 by credit card.**

My account showed “profits,” but when I tried to withdraw, they said I had to pay “commissions” and “taxes"" before letting me withdraw. They even sent **fake letters from Coinbase and HM Revenue &amp; Customs (UK)** to look real.

Once I refused, they stopped answering calls or emails — my money is gone.

I’m in **Puerto Rico** and already reported this to Coinbase and my bank. If anyone knows **where else to report** or has dealt with Earnstock before, please comment.

\#ScamAlert #Earnstock #InvestmentScam #CryptoScam #FraudAlert #FakeInvestment #ScamWarning",2025-11-01,Reddit,Online,unknown,scammed earnstock ltd earnstock fake investment platform using coinbase fake tax letter want warn others earnstock ltd earnstock saw facebook filled form contacted anthony lorenzo convinced invest platform sent via coinbase wire transfer credit card account showed profit tried withdraw said pay commission tax letting withdraw even sent fake letter coinbase revenue amp custom look real refused stopped answering call email money gone puerto rico already reported coinbase bank anyone know else report dealt earnstock please comment scamalert earnstock investmentscam cryptoscam fraudalert fakeinvestment scamwarning,617,84
5076,"Gave Apliiq a Shot for a Custom Jacket, Here’s What I Think just wanted to share my experience with Apliiq after I decided to customize a jacket through their platform. I’ve always wanted something a little more unique in my wardrobe, and I thought their service might be the perfect way to create a one-of-a-kind piece.

I went with a bomber jacket as my base and chose a mix of fabrics, denim for the sleeves and a wool blend for the body. It was pretty simple to design, and the website lets you see a preview of your jacket before ordering, which was really helpful to make sure everything looked right.

When it arrived, I was really impressed with the materials. The denim feels solid and adds a bit of an edge to the jacket, while the wool blend gives it a cozy feel that’s perfect for colder months. The weight of the jacket is definitely noticeable, but it’s still comfortable to wear.

I went with a medium, and the fit was just right, no issues there. The custom fabrics didn’t affect the fit much, which was a relief. It still feels like a jacket I could wear regularly, not something too bulky or stiff.

All in all, I’m really happy with how it turned out. It wasn’t the cheapest, but if you’re looking for something personalized and different, I think Apliiq is a solid choice. Shipping took a little longer than I expected (about 10 days), but it was definitely worth the wait for the final product.

Has anyone else tried out Apliiq for custom jackets or other pieces? Would love to hear how your experience went and if you have any tips for making the most of custom designs!",2025-10-30,Reddit,Online,unknown,gave apliiq shot custom jacket think wanted share experience apliiq decided customize jacket platform always wanted something little unique wardrobe thought service might perfect way create one kind piece went bomber jacket base chose mix fabric denim sleeve wool blend body pretty simple design website let see preview jacket ordering really helpful make sure everything looked right arrived really impressed material denim feel solid add bit edge jacket wool blend give cozy feel perfect colder month weight jacket definitely noticeable still comfortable wear went medium fit right issue custom fabric affect fit much relief still feel like jacket could wear regularly something bulky stiff really happy turned cheapest looking something personalized different think apliiq solid choice shipping took little longer expected day definitely worth wait final product anyone else tried apliiq custom jacket piece would love hear experience went tip making custom design,967,143
5077,The worst dentist place ever Is dental dreams on upland St in chester . They bait they bait n switched my teeth and I am gonna sue . Somebody tell me a lawyer that I can sue for malpractice thanks,2025-10-31,Reddit,Online,unknown,worst dentist place ever dental dream upland chester bait bait switched teeth gon sue somebody tell lawyer sue malpractice thanks,129,20
5078,"Truepouch.ca Seems like a scam says 24/7 support but no one has responded to my emails, the payment went to wangyahaizi@gmail.com. I don’t typically fall for scams but the website seemed legit. Had PayPal as payment method which I thought would be legit. Just want to inform people before purchasing as they don’t have any reviews surprisingly.",2025-10-30,Reddit,Online,unknown,truepouch seems like scam say support one responded email payment went typically fall scam website seemed legit paypal payment method thought would legit want inform people purchasing review surprisingly,203,29
5079,"How do you decide if an online store is trustworthy before buying? I’ve been online shopping for years, but lately it feels harder to know what’s legit. Some websites look professional, have hundreds of products, and even reviews, but then you find out later it’s all fake or poorly managed.

I was checking out one site the other night because I liked their prices and designs. It’s called V*oghion*, and on first look, it seems okay. Still, before I take a chance, I wanted to see if anyone else has tried ordering from there or similar stores. 

What do you usually look for before trusting a new site?",2025-10-30,Reddit,Online,unknown,decide online store trustworthy buying online shopping year lately feel harder know legit website look professional hundred product even review find later fake poorly managed checking one site night liked price design called oghion first look seems okay still take chance wanted see anyone else tried ordering similar store usually look trusting new site,354,54
5080,"Phil Vincent Backstabber [https://stbasbas.blogspot.com/2025/10/phil-vincent-backstabber.html](https://stbasbas.blogspot.com/2025/10/phil-vincent-backstabber.html)

  
Us Hard rock with modern edge",2025-10-30,Reddit,Online,unknown,phil vincent backstabber hard rock modern edge,46,7
5081,"I really love reddit This month i really used this application all the time comment and posting and like the post and serching many questions that i want to know and do some stupid things and asking stupid questions form many people and asking questions about many things and i don't thought anything and doing this thing because nobody knows me and don't have damm clue about me and really like this thing 

Thank you reddit 🫡 
You are my best friend",2025-10-30,Reddit,Online,unknown,really love reddit month really used application time comment posting like post serching many question want know stupid thing asking stupid question form many people asking question many thing thought anything thing nobody know damm clue really like thing thank reddit best friend,280,43
5082,Britt box What streaming apps will access this for free. I am trying to find Law and order UK.,2025-10-29,Reddit,Online,unknown,britt box streaming apps access free trying find law order,58,10
5083,"Hair dryer recommendations Hey guys, I'm looking to buy a new hair dryer. There are wayyy too many options so I'm hoping to narrow down to 1-2 and select from them. My criteria:

1. Fast drying time: I wash my hair every alternate day (I live in Singapore and its very humid here) so prefer a hair dryer than can dry my hair in &lt; 5 mins. My hair is medium length and relatively thick.

2. Lightweight &amp; not heavy to carry. 

3. Budget: &lt; $200

I've come across T3, Shark, GHD Helios, Ella Bella. All seem great! Can anyone please help recommend their top choices based on experience and suitability with my requirements?

P.S. I've tried Dyson and hate it. Took 15 mins to dry my hair!",2025-10-29,Reddit,Online,unknown,hair dryer recommendation hey guy looking buy new hair dryer wayyy many option hoping narrow select criterion fast drying time wash hair every alternate day live singapore humid prefer hair dryer dry hair min hair medium length relatively thick lightweight amp heavy carry budget come across shark ghd helios ella bella seem great anyone please help recommend top choice based experience suitability requirement tried dyson hate took min dry hair,446,70
5084,"Has anyone bought this before? I adore this bedding from FunnyFuzzy. However (thanks to the review page on reddit) everyone is saying not to shop there. Has anyone ordered it from an amazon or Aliexpress page?? I'm having trouble finding a trustworthy vendor but the photos have to come from SOMEWHERE. It's this pink fuzzy zebra comforter and bed set.

 [https://funnyfuzzy.com/products/zebra-thickened-fluffy-fur-bed-sheet-set?cjdata=MXxOfDB8WXww&amp;srsltid=AfmBOorQ1Plff2mktUeQpDHzIs6hYCcPYKnbiT\_UMgbhCgjwcuagBSJr&amp;variant=45432465031395&amp;cjevent=374f36ceb2ea11f083f502200a82b839&amp;utm\_source=cj&amp;utm\_content=101145680&amp;utm\_medium=affiliate&amp;utm\_term=15584218](https://funnyfuzzy.com/products/zebra-thickened-fluffy-fur-bed-sheet-set?cjdata=MXxOfDB8WXww&amp;srsltid=AfmBOorQ1Plff2mktUeQpDHzIs6hYCcPYKnbiT_UMgbhCgjwcuagBSJr&amp;variant=45432465031395&amp;cjevent=374f36ceb2ea11f083f502200a82b839&amp;utm_source=cj&amp;utm_content=101145680&amp;utm_medium=affiliate&amp;utm_term=15584218)

Thanks!!!",2025-10-28,Reddit,Online,unknown,anyone bought adore bedding funnyfuzzy however thanks review page reddit everyone saying shop anyone ordered amazon aliexpress page trouble finding trustworthy vendor photo come somewhere pink fuzzy zebra comforter bed set thanks,229,32
5085,"Honest feedback Hey there! I would really appreciate some brutally honest opinions on this - I have created a tool that helps parents get a notification once their kids have asked something they should've have not to Chat GPT and the GPT gave the response. The kid gets an alert to make him/her aware he/she should not be having this convos with GPT but instead talk about it to his/her parents. And the parents receive the alert with the topic only, not what the kid prompted or received as an answer. This is a privacy-first tool, no data collection, no screen-recordings, no monitoring, only alarms for cases where teens are vulnerable.",2025-10-28,Reddit,Online,unknown,honest feedback hey would really appreciate brutally honest opinion created tool help parent get notification kid asked something chat gpt gpt gave response kid get alert make aware convos gpt instead talk parent parent receive alert topic kid prompted received answer privacy first tool data collection screen recording monitoring alarm case teen vulnerable,358,53
5086,"SIXT Rental Car Experience Whatever you do, do not rent from SIXT! Our bad experience got even worse when we were asked to pay nearly $1,000 for damage to the front right passenger door. When we returned the vehicle on October 10th, we were told that there we no additional charges and no problems. Later, I received an email indicating there was a scratch on the front right passenger door, something neither I or the airport agent observed. Add that to the fact that the engine oil light came on during our trip (for which we had to purchase oil), the navigation system did not work, and the rear hatch door did not work in automatic mode, and you have an overall bad experience. I have rented cars from many different companies all over the world and this is the first time I ever had a problem.",2025-10-27,Reddit,Online,unknown,sixt rental car experience whatever rent sixt bad experience got even worse asked pay nearly damage front right passenger door returned vehicle october told additional charge problem later received email indicating scratch front right passenger door something neither airport agent observed add fact engine oil light came trip purchase oil navigation system work rear hatch door work automatic mode overall bad experience rented car many different company world first time ever problem,485,72
5087,"Sleep number bed Hi all! We’re thinking about the sleep number bed, with the tops that levitate. Maybe the one that does temp control. (Cause hormones are a B!). Pros/cons?? Any tips or anything is helpful!! Thank you!!",2025-10-27,Reddit,Online,unknown,sleep number bed thinking sleep number bed top levitate maybe one temp control cause hormone pro con tip anything helpful thank,127,21
5088,"VRBO Coles Properties ATL Made a reservation thru VRBO 
After the reservation was confirmed the property owner emailed a renter’s agreement which included a $300 deposit for possible damages….this was never mentioned during reservation process
Renter confronted and said she would waive the fee
2 days later she fraudulently charges me Amex $300
VRBO won’t let us out of the reservation despite this illegal activity",2025-10-27,Reddit,Online,unknown,vrbo cole property atl made reservation thru vrbo reservation confirmed property owner emailed renter agreement included deposit possible damage never mentioned reservation process renter confronted said would waive fee day later fraudulently charge amex vrbo let reservation despite illegal activity,300,40
5089,"Has anyone here actually taken a hands-on Shopify or dropshipping training program? I’ve been trying to learn Shopify and dropshipping for a while, but I keep hitting the same wall — too much theory, not enough action.

Most of what’s online is either recycled info or “gurus” showing results without real teaching. I’m starting to wonder if there are any workshop-style programs out there that focus on building a real store during the course, not just watching slides.

Recently came across Ecomhandler Academy, which seems to focus on practical, hands-on Shopify and e-commerce training. They claim students set up an actual store and learn ad management within 5 days.

Has anyone here tried something like this (or this one specifically)?
Did it actually help you launch your store, or was it just another surface-level program?

Would love to hear honest feedback or suggestions for other practical learning options too.",2025-10-27,Reddit,Online,unknown,anyone actually taken hand shopify dropshipping training program trying learn shopify dropshipping keep hitting wall much theory enough action online either recycled info guru showing result without real teaching starting wonder workshop style program focus building real store course watching slide recently came across ecomhandler academy seems focus practical hand shopify commerce training claim student set actual store learn management within day anyone tried something like one specifically actually help launch store another surface level program would love hear honest feedback suggestion practical learning option,623,85
5090,"My Rhinoplasty Experience with Dr. Yash Avashia in Dallas, TX I had rhinoplasty done a couple of years ago, but I wasn’t thrilled with the results. I thought my nose looked a bit L-shaped with a deviated bulge. I wanted to straighten it and narrow the base. I chose Dr. Yash because of his impressive accomplishments, as detailed in D Magazine.

On the day of surgery, the surgical team was exceptional. They had top-notch bedside manner, answered all my questions, and made me feel confident in their abilities. I was quite nervous, but the staff was incredibly accommodating. My daughter had to drive me and pick me up, and they were patient and polite throughout the process.

The surgery itself went very smoothly, and I have no complaints from start to finish. I was a bit concerned because Dr. Yash had to fix someone else’s work, but he exceeded my expectations. I’m thoroughly satisfied with my rhinoplasty results.",2025-10-25,Reddit,Online,unknown,rhinoplasty experience yash avashia dallas rhinoplasty done couple year ago thrilled result thought nose looked bit shaped deviated bulge wanted straighten narrow base chose yash impressive accomplishment detailed magazine day surgery surgical team exceptional top notch bedside manner answered question made feel confident ability quite nervous staff incredibly accommodating daughter drive pick patient polite throughout process surgery went smoothly complaint start finish bit concerned yash fix someone else work exceeded expectation thoroughly satisfied rhinoplasty result,577,75
5091,My Benelli M1 20 gage is not cycling properly.  The second shell is getting hung up.  Has anyone else experienced this problem?,2025-10-23,Reddit,Online,unknown,benelli gage cycling properly second shell getting hung anyone else experienced problem,87,12
5092,"Tool to organize supplement routines. Tell me whats horrible! Hi everyone,  
I’ve been experimenting with building a small web tool to organize supplement routines. It’s still super rough and has no ads, no signup wall, nothing commercial. I made it because I was tired of forgetting when and how to take certain supplements, and I wanted to see if it could organize a simple daily plan.

I know projects like this can be hit or miss, so I’d love some **honest feedback from people who actually like to take supplements**. Specifically:

* Does the structure of the plan make sense?
* What is inaccurate or dangerous?
* What would make this more useful for serious supplement users?
* Does anything about the idea rub you the wrong way?

You can try it here: [supplementmother.com](http://supplementmother.com)

This is not a company or a business. It’s just me testing an idea. I’ll take all criticism seriously, so please be honest.

Thanks for your time and for helping me learn.



#",2025-10-23,Reddit,Online,unknown,tool organize supplement routine tell whats horrible everyone experimenting building small web tool organize supplement routine still super rough ad signup wall nothing commercial made tired forgetting take certain supplement wanted see could organize simple daily plan know project like hit miss love honest feedback people actually like take supplement specifically structure plan make sense inaccurate dangerous would make useful serious supplement user anything idea rub wrong way try supplementmother com company business testing idea take criticism seriously please honest thanks time helping learn,604,84
5093,"Awful Approach Tours! Absolutely horrible experience with Approach in Portugal!  The vast majority of dinners were buffet &amp; the buffet was lukewarm at best (not good food safety).  A lot of the group found that 3 meals at restaurants were inedible.  Time after time we watched lovely looking trays of food coming out of kitchens to other tables, but we got terrible food.  They must have been saving costs on the food.  The group guru Isabell was short tempered with several of us, not to mention completely unprofessional (to put it mildly).  I e-mailed Approach with a long list of complaints, including safety concerns &amp; requested a refund of an upcoming trip we had booked before we had this abysmal experience with them but they flatly refused &amp; offered absolutely no resolution whatsoever.",2025-10-23,Reddit,Online,unknown,awful approach tour absolutely horrible experience approach portugal vast majority dinner buffet amp buffet lukewarm best good food safety lot group found meal restaurant inedible time time watched lovely looking tray food coming kitchen table got terrible food must saving cost food group guru isabell short tempered several mention completely unprofessional put mildly mailed approach long list complaint including safety concern amp requested refund upcoming trip booked abysmal experience flatly refused amp offered absolutely resolution whatsoever,552,76
5094,"Tried Eczema Conquerors for My Child - Here’s What Happened I recently completed a program with Eczema Conquerors for my 4-year-old daughter, who has been struggling with eczema since birth. As a parent, it was heartbreaking to see her in discomfort and feel so helpless. I knew I had to try something different from what her pediatrician had been constantly recommending.

After doing some research, I booked a discovery call with the Eczema Conquerors team and spoke with Stephany. To be honest, I was skeptical at first and wasn’t sure what to expect. But from start to finish, the experience completely exceeded my expectations.

The program was incredibly comprehensive and supportive. My daughter worked with Ben, who created a personalized, detailed plan just for her. He took the time to explain every step and helped me understand the “why” behind it all, which gave me so much peace of mind. On top of our 1-on-1 sessions, I also received weekly support through Ben’s Office Hours, which gave me the chance to address any new symptoms or concerns as they came up. That ongoing guidance made such a difference and helped us stay on track throughout the healing process.

Beyond that, the admin team was so kind and patient, helping me source supplements and answering countless questions along the way. The group coaching calls with Abby and her coaches were also invaluable - offering emotional support, education, and encouragement during the tougher moments. It truly felt like we had an entire community walking alongside us.

By the end of the program, my daughter’s skin had improved drastically, far beyond what I ever thought possible.

I would wholeheartedly recommend Eczema Conquerors to any parent (or anyone) struggling with eczema. This isn’t just a program, it’s a team of people who genuinely care, guide you with compassion, and celebrate your wins as if they were their own.",2025-10-22,Reddit,Online,unknown,tried eczema conqueror child happened recently completed program eczema conqueror year old daughter struggling eczema since birth parent heartbreaking see discomfort feel helpless knew try something different pediatrician constantly recommending research booked discovery call eczema conqueror team spoke stephany honest skeptical first sure expect start finish experience completely exceeded expectation program incredibly comprehensive supportive daughter worked ben created personalized detailed plan took time explain every step helped understand behind gave much peace mind top session also received weekly support ben office hour gave chance address new symptom concern came ongoing guidance made difference helped stay track throughout healing process beyond admin team kind patient helping source supplement answering countless question along way group coaching call abby coach also invaluable offering emotional support education encouragement tougher moment truly felt like entire community walking alongside end program daughter skin improved drastically far beyond ever thought possible would wholeheartedly recommend eczema conqueror parent anyone struggling eczema program team people genuinely care guide compassion celebrate win,1244,162
5095,"RCO Finance # ⚠️ Beware of RCO Finance – Possible Scam &amp; Shady Ownership Reports ⚠️

I wanted to warn others about a company called **RCO Finance** that claims to offer quick business funding. Their marketing promises “guaranteed approvals” and “instant credit through your EIN,” but my experience and what I’ve read online suggest it might not be legitimate.

After researching, I found several complaints about people paying fees and never getting the funding they were promised. Some users have mentioned that **a person using the name Justin Moore** may be involved, though there’s no verified proof of ownership or registration details.

In my own case, the company stopped communicating after I submitted my documents. No contract follow-up, no refund, nothing.

If you’ve been contacted by anyone representing RCO Finance, be cautious. Check state business registrations, the BBB, and any financing licenses before sending money or personal info.

Always do your due diligence when dealing with online funding offers — especially ones that sound too good to be true.



That phrasing keeps it safe for Reddit and protects you from moderation flags or legal issues while still warning others clearly.  
Would you like me to format it so it looks like a real Reddit post (title + body + tags + comment prompt)?  may be involved, though there’s no verified proof of ownership or registration details.

In my own case, the company stopped communicating after I submitted my documents. No contract follow-up, no refund, nothing.

If you’ve been contacted by anyone representing RCO Finance, be cautious. Check state business registrations, the BBB, and any financing licenses before sending money or personal info.

Always do your due diligence when dealing with online funding offers — especially ones that sound too good to be true.



That phrasing keeps it safe for Reddit and protects you from moderation flags or legal issues while still warning others clearly.  
Would you like me to format it so it looks like a real Reddit post (title + body + tags + comment prompt)?",2025-10-20,Reddit,Online,unknown,rco finance beware rco finance possible scam amp shady ownership report wanted warn others company called rco finance claim offer quick business funding marketing promise guaranteed approval instant credit ein experience read online suggest might legitimate researching found several complaint people paying fee never getting funding promised user mentioned person using name justin moore may involved though verified proof ownership registration detail case company stopped communicating submitted document contract follow refund nothing contacted anyone representing rco finance cautious check state business registration bbb financing license sending money personal info always due diligence dealing online funding offer especially one sound good true phrasing keep safe reddit protects moderation flag legal issue still warning others clearly would like format look like real reddit post title body tag comment prompt may involved though verified proof ownership registration detail case company stopped communicating submitted document contract follow refund nothing contacted anyone representing rco finance cautious check state business registration bbb financing license sending money personal info always due diligence dealing online funding offer especially one sound good true phrasing keep safe reddit protects moderation flag legal issue still warning others clearly would like format look like real reddit post title body tag comment prompt,1454,200
5096,"SOULFULL RAGI BITES Worst ever don’t buy 
The quantity is barely minimum and the taste is so bad wasted my money",2025-10-19,Reddit,Online,unknown,soulfull ragi bite worst ever buy quantity barely minimum taste bad wasted money,80,13
5097,"Looking for new interior doors! Passion Home remodeling of Berlin Nj just installed a new solid wood interior door to our basement. Paul arrived on time, took measurements, within 24 hours provided us with a quote. Door arrived within 2 weeks. The installation took approximately 1-2 hours. Paul arrived on time, was quick, efficient &amp; cleaned up after, little to no mess, left behind. Took the old door away. He is pleasant, professional, and does quality work. He also does windows. If you support small local businesses like we do. I highly recommend you give them a call 
609-470-0345",2025-10-18,Reddit,Online,unknown,looking new interior door passion home remodeling berlin installed new solid wood interior door basement paul arrived time took measurement within hour provided quote door arrived within week installation took approximately hour paul arrived time quick efficient amp cleaned little mess left behind took old door away pleasant professional quality work also window support small local business like highly recommend give call,425,62
5098,"Pokémon: Legends ZA (A quick surface review) Okay, so I’ll start with a few positives:

- I love the continuation of the story. I personally never got to play X and(/or) Y, but I like that the story continues 5 years in the future. It’s good to see where these stories have gone from many years ago!
- I like that you get to basically keep the integrity of the Legends series as main line games, but this feels like something fun.
- Real Time battles are super challenging, but are very exciting to play. The battling system is super fun.

In the middle reviews:
- Although exploring a city as big as Lumios is amazing (that includes climbing on the roofs and going into the catacombs), it feels a little monotoned. I would’ve loved to step out in at least 2 outer cities or forest areas to find more Pokémon, or get a different view than gray and brow buildings.
- I’m happy they brought back Mega Evolutions and Alpha Pokémon… what I *wish* they would’ve brought back were regional variants. Yes, we get an Alolan Raichu (it’s great), but I would’ve love some new Lumios regional Pokémon. I would’ve enjoyed a new Eeveelution as well. (That’s me being knit picky, I apologize).

In the low/bad reviews:
- I low-key wish Professor Sycamore was back instead of Mable. Yes, Mable is fun and looks as though she could be voiced by Grey Delisle, but I personally like Sycamore a bit more, not because he’s a man, but to continue the story of where he is…
- (SPOILER) I didn’t care for how they made the final boss be the tower. Like, yes, it’s different and it’s neat to see, but it’s also very… idk… Trope-ish? They put a lot of focus on the tower. I get it - it’s the main focal point. Yet, I - personally - wanted something different… (again that’s just me).

Overall review:
- It’s nice. I am having fun with the game and that’s all that matters. I’m ready to find my Shiny Eevee and more secrets!",2025-10-18,Reddit,Online,unknown,pokémon legend quick surface review okay start positive love continuation story personally never got play like story continues year future good see story gone many year ago like get basically keep integrity legend series main line game feel like something fun real time battle super challenging exciting play battling system super fun middle review although exploring city big lumios amazing includes climbing roof going catacomb feel little monotoned would loved step least outer city forest area find pokémon get different view gray brow building happy brought back mega evolution alpha pokémon wish would brought back regional variant yes get alolan raichu great would love new lumios regional pokémon would enjoyed new eeveelution well knit picky apologize low bad review low key wish professor sycamore back instead mable yes mable fun look though could voiced grey delisle personally like sycamore bit man continue story spoiler care made final bos tower like yes different neat see also idk trope ish put lot focus tower get main focal point yet personally wanted something different overall review nice fun game matter ready find shiny eevee secret,1156,182
5099,"Cupid's Fragrances They are the reason a negative rating should be introduced. The company's phone number doesn't work, it's just there to say they have a phone number. They don't even know what 24/7 live chat is. Their support is like automated messages on dating sites. I tried to cancel an order before it was shipped and nothing worked on purpose to buy them time. The order was shipped two days after the cancellation attempt and after a week it's still in China but it can't be canceled. The guys are just ridiculous, as are their products apparently. Simply because when someone has a reputation and is sure of their product, they don't hide or try to force an order. And they definitely pay a call center or a customer service representative. Keep your distance...",2025-10-17,Reddit,Online,unknown,cupid fragrance reason negative rating introduced company phone number work say phone number even know live chat support like automated message dating site tried cancel order shipped nothing worked purpose buy time order shipped two day cancellation attempt week still china canceled guy ridiculous product apparently simply someone reputation sure product hide try force order definitely pay call center customer service representative keep distance,450,64
5100,"looking for honest feedback for a content creation SaaS Hey everyone,

I recently launched a side project called VerbalTide that converts videos (YouTube, local files, or cloud-hosted) into blog posts and social media content.

I'm looking for people willing to try it out and give me brutally honest feedback. What works? What's broken? What would make it actually useful?

If it helps you, great – I'd appreciate a testimonial if it doesn't, even better – tell me why so I can improve it.🙏

Link: [https://verbaltide.lumenharbor.co.uk](https://verbaltide.lumenharbor.co.uk)

Happy to answer any questions. Thanks for checking it out!",2025-10-17,Reddit,Online,unknown,looking honest feedback content creation saas hey everyone recently launched side project called verbaltide convert video youtube local file cloud hosted blog post social medium content looking people willing try give brutally honest feedback work broken would make actually useful help great appreciate testimonial even better tell improve link happy answer question thanks checking,383,54
