review_id,text,date,source,location,sentiment_label,cleaned_text,text_length,word_count
1,"Fast delivery, good quality, fair prices. What more could you ask for? Located in Kololo.",2024-09-02,Website,Muyenga,positive,fast delivery good quality fair price could ask located kololo,62,10
2,Product was different from what was advertised. Misleading description. Great store!,2023-06-18,Facebook,Lubaga,negative,product different advertised misleading description great store,63,7
3,Poor packaging led to damaged goods. Very unprofessional. Great store!,2024-12-19,Website,Central,negative,poor packaging led damaged good unprofessional great store,58,8
4,Great business with excellent customer care. Very professional. Located in Nakawa.,2024-11-02,WhatsApp,Central,positive,great business excellent customer care professional located nakawa,66,8
5,Best customer service I've experienced. Products are top quality. Located in Bukoto.,2024-10-23,WhatsApp,Makindye,positive,best customer service experienced product top quality located bukoto,68,9
6,Amazing quality products. Will definitely buy again from this shop.,2024-05-13,Twitter,Kawempe,positive,amazing quality product definitely buy shop,43,6
7,Great service! Very fast delivery in Kampala. Highly recommend! Located in Lubaga.,2023-05-18,Instagram,Central,positive,great service fast delivery kampala highly recommend located lubaga,67,9
8,Great value for money. Fast delivery and excellent packaging. Located in Central.,2024-08-10,Instagram,Makindye,positive,great value money fast delivery excellent packaging located central,67,9
9,Average quality. Price is reasonable for what you get.,2024-04-13,Website,Central,neutral,average quality price reasonable get,36,5
10,Best customer service I've experienced. Products are top quality.,2024-08-29,WhatsApp,Central,positive,best customer service experienced product top quality,53,7
11,Average product quality. Meets basic needs adequately.,2024-04-23,Website,Ntinda,neutral,average product quality meet basic need adequately,50,7
12,Top quality products at reasonable prices. Highly recommended! Located in Bukoto.,2023-11-01,Google,Muyenga,positive,top quality product reasonable price highly recommended located bukoto,70,9
13,Disappointing experience. Would not recommend this shop.,2023-11-01,WhatsApp,Ntinda,negative,disappointing experience would recommend shop,45,5
14,Excellent customer support. They responded quickly to my questions.,2023-11-24,Google,Muyenga,positive,excellent customer support responded quickly question,53,6
15,Professional service and high-quality products. Very happy!,2023-04-23,Twitter,Ntinda,positive,professional service product happy,34,4
16,Outstanding service! The staff was very helpful and friendly.,2023-12-26,Google,Nakawa,positive,outstanding service staff helpful friendly,42,5
17,"Fast shipping, good quality, and excellent customer support.",2024-12-13,Instagram,Makindye,positive,fast shipping good quality excellent customer support,53,7
18,Fair prices and acceptable quality. Nothing outstanding.,2023-06-25,Google,Nakawa,neutral,fair price acceptable quality nothing outstanding,49,6
19,Amazing experience! The product arrived on time and in perfect condition. Located in Bukoto. Great packaging!,2024-09-25,Google,Ntinda,positive,amazing experience product arrived time perfect condition located bukoto great packaging,88,11
20,Fair value for money. Quality is acceptable but not premium.,2024-04-23,Facebook,Bukoto,neutral,fair value money quality acceptable premium,43,6
21,Standard delivery time. Product quality is average. Great price!,2023-08-14,Website,Kawempe,neutral,standard delivery time product quality average great price,58,8
22,"Fast delivery, good quality, fair prices. What more could you ask for?",2023-06-14,Instagram,Lubaga,positive,fast delivery good quality fair price could ask,47,8
23,Standard quality. Nothing to complain about or praise.,2023-01-08,Website,Kawempe,neutral,standard quality nothing complain praise,40,5
24,Best customer service I've experienced. Products are top quality. Located in Kampala.,2024-05-02,Website,Muyenga,positive,best customer service experienced product top quality located kampala,69,9
25,Slow response time and poor communication from the business. Located in Central. Great quality!,2024-01-10,Website,Bukoto,negative,slow response time poor communication business located central great quality,76,10
26,Standard quality. Nothing to complain about or praise.,2024-08-07,Google,Central,neutral,standard quality nothing complain praise,40,5
27,Customer service is terrible. No one responds to complaints.,2023-03-09,Instagram,Nakawa,negative,customer service terrible one responds complaint,48,6
28,Amazing service! The team went above and beyond to help me.,2024-09-25,Facebook,Muyenga,positive,amazing service team went beyond help,37,6
29,Great prices and even better service. Highly recommend this business! Located in Central.,2023-12-07,Google,Lubaga,positive,great price even better service highly recommend business located central,73,10
30,Best customer service I've experienced. Products are top quality.,2024-07-26,Twitter,Makindye,positive,best customer service experienced product top quality,53,7
31,Outstanding quality and service. Will definitely shop here again.,2023-05-24,Website,Kawempe,positive,outstanding quality service definitely shop,43,5
32,Outstanding service! The staff was very helpful and friendly.,2023-01-22,Facebook,Central,positive,outstanding service staff helpful friendly,42,5
33,Standard business service. Acceptable but not exceptional. Great business!,2024-11-03,Facebook,Makindye,neutral,standard business service acceptable exceptional great business,63,7
34,"Fast shipping, good quality, and excellent customer support.",2024-08-14,Twitter,Central,positive,fast shipping good quality excellent customer support,53,7
35,Excellent products and service. Best in the area!,2023-04-13,Instagram,Kawempe,positive,excellent product service best area,35,5
36,Love shopping here! Always get great deals and quality products. Located in Ntinda.,2023-12-14,Facebook,Central,positive,love shopping always get great deal quality product located ntinda,66,10
37,Best shop in Kawempe. Quality products and great service. Great packaging!,2024-07-22,Facebook,Kawempe,positive,best shop kawempe quality product great service great packaging,63,9
38,Very satisfied with my purchase. Great quality and fast delivery. Located in Muyenga.,2024-01-06,Google,Nakawa,positive,satisfied purchase great quality fast delivery located muyenga,62,8
39,Great prices and even better service. Highly recommend this business! Located in Muyenga.,2023-02-20,WhatsApp,Kololo,positive,great price even better service highly recommend business located muyenga,73,10
40,Great prices and even better service. Highly recommend this business! Located in Ntinda. Great shop!,2024-01-19,Twitter,Muyenga,positive,great price even better service highly recommend business located ntinda great shop,83,12
41,Excellent customer support. They responded quickly to my questions.,2023-04-04,Instagram,Kololo,positive,excellent customer support responded quickly question,53,6
42,Great value for money. Fast delivery and excellent packaging.,2024-04-29,Website,Bukoto,positive,great value money fast delivery excellent packaging,51,7
43,Best prices in Nakawa area. Great value for money.,2023-01-29,WhatsApp,Kololo,positive,best price nakawa area great value money,40,7
44,Product was different from what was advertised. Misleading description.,2023-11-03,Twitter,Muyenga,negative,product different advertised misleading description,51,5
45,Great service! Very fast delivery in Kampala. Highly recommend!,2023-04-24,Facebook,Kampala,positive,great service fast delivery kampala highly recommend,52,7
46,Not satisfied at all. Product quality is below standard. Great service!,2023-07-31,Google,Central,negative,satisfied product quality standard great service,48,6
47,Delivery was on time. Product is as expected. Located in Makindye.,2023-05-15,Google,Muyenga,neutral,delivery time product expected located makindye,47,6
48,Top quality products at reasonable prices. Highly recommended! Located in Ntinda.,2023-03-04,Facebook,Kololo,positive,top quality product reasonable price highly recommended located ntinda,70,9
49,Quick response time and excellent customer care. Highly recommended!,2023-02-20,WhatsApp,Kawempe,positive,quick response time excellent customer care highly recommended,62,8
50,Amazing experience! The product arrived on time and in perfect condition.,2024-11-20,Facebook,Ntinda,positive,amazing experience product arrived time perfect condition,57,7
51,Customer service is terrible. No one responds to complaints. Located in Ntinda.,2024-12-10,Instagram,Lubaga,negative,customer service terrible one responds complaint located ntinda,63,8
52,Very satisfied with my purchase. Great quality and fast delivery.,2024-08-10,WhatsApp,Central,positive,satisfied purchase great quality fast delivery,46,6
53,Top-notch quality. Exceeded my expectations completely. Great customer!,2023-09-15,Google,Bukoto,positive,quality exceeded expectation completely great customer,54,6
54,Great business with excellent customer care. Very professional.,2024-03-11,Twitter,Central,positive,great business excellent customer care professional,51,6
55,Product is fine. Meets expectations without exceeding them. Located in Kampala.,2024-11-08,Instagram,Nakawa,neutral,product fine meet expectation without exceeding located kampala,63,8
56,Best prices in Nakawa area. Great value for money. Great shop!,2024-08-01,Facebook,Lubaga,positive,best price nakawa area great value money great shop,51,9
57,Product is fine. Meets expectations without exceeding them. Located in Central.,2023-08-19,Facebook,Muyenga,neutral,product fine meet expectation without exceeding located central,63,8
58,Product arrived damaged and customer service refused to help. Located in Kololo.,2023-03-03,Instagram,Central,negative,product arrived damaged customer service refused help located kololo,68,9
59,Not satisfied with the product. Quality is below expectations. Located in Kawempe.,2024-04-12,Twitter,Makindye,negative,satisfied product quality expectation located kawempe,53,6
60,"Outstanding business! Professional, reliable, and customer-focused.",2024-02-26,WhatsApp,Bukoto,positive,outstanding business professional reliable,42,4
61,Product didn't work as expected. Waste of money.,2023-03-24,Facebook,Central,negative,product work expected waste money,33,5
62,Top quality products at reasonable prices. Highly recommended!,2024-04-03,Facebook,Kampala,positive,top quality product reasonable price highly recommended,55,7
63,Best shop in Kawempe. Quality products and great service. Great experience!,2024-08-04,Facebook,Kampala,positive,best shop kawempe quality product great service great experience,64,9
64,Amazing quality products. Will definitely buy again from this shop. Located in Nakawa. Great quality!,2023-12-22,Facebook,Lubaga,positive,amazing quality product definitely buy shop located nakawa great quality,72,10
65,Best customer service I've experienced. Products are top quality. Located in Ntinda. Great shipping!,2024-02-02,Website,Lubaga,positive,best customer service experienced product top quality located ntinda great shipping,83,11
66,Love shopping here! Always get great deals and quality products.,2024-06-06,Instagram,Muyenga,positive,love shopping always get great deal quality product,51,8
67,Average experience overall. Product is fine but not great. Located in Makindye. Great service!,2024-10-29,Google,Kampala,neutral,average experience overall product fine great located makindye great service,76,10
68,Product broke after just one week of use. Very poor quality.,2024-02-05,Google,Ntinda,negative,product broke one week use poor quality,39,7
69,Product quality was disappointing. Not as described on the website.,2023-01-30,Facebook,Kampala,negative,product quality disappointing described website,47,5
70,Fair prices and acceptable quality. Nothing outstanding.,2024-11-10,Website,Lubaga,neutral,fair price acceptable quality nothing outstanding,49,6
71,Customer service is terrible. No one responds to complaints.,2024-05-24,Facebook,Lubaga,negative,customer service terrible one responds complaint,48,6
72,Not satisfied with the product. Quality is below expectations. Located in Kawempe.,2024-11-23,WhatsApp,Kololo,negative,satisfied product quality expectation located kawempe,53,6
73,Poor value for money. Better options available elsewhere. Located in Lubaga.,2024-08-25,Twitter,Makindye,negative,poor value money better option available elsewhere located lubaga,65,9
74,Top quality products at reasonable prices. Highly recommended! Great service!,2024-12-11,Website,Kololo,positive,top quality product reasonable price highly recommended great service,69,9
75,Delivery was on time. Product is as expected. Located in Kampala.,2023-06-19,Google,Makindye,neutral,delivery time product expected located kampala,46,6
76,Quick response time and excellent customer care. Highly recommended!,2023-06-24,Facebook,Kampala,positive,quick response time excellent customer care highly recommended,62,8
77,Product is okay. Nothing special but serves its purpose.,2024-02-29,Instagram,Kawempe,neutral,product okay nothing special serf purpose,41,6
78,Outstanding service! The staff was very helpful and friendly.,2023-03-13,WhatsApp,Kampala,positive,outstanding service staff helpful friendly,42,5
79,Great experience overall. Will be a returning customer. Located in Kololo.,2024-09-24,Facebook,Muyenga,positive,great experience overall returning customer located kololo,58,7
80,Top-notch quality. Exceeded my expectations completely. Located in Makindye.,2024-06-17,Website,Kololo,positive,quality exceeded expectation completely located makindye,56,6
81,Poor value for money. Better options available elsewhere. Located in Lubaga.,2023-12-03,Facebook,Kololo,negative,poor value money better option available elsewhere located lubaga,65,9
82,Best shop in Kawempe. Quality products and great service.,2024-05-04,Google,Makindye,positive,best shop kawempe quality product great service,47,7
83,Excellent products and service. Best in the area!,2024-06-26,Google,Kawempe,positive,excellent product service best area,35,5
84,Best customer service I've experienced. Products are top quality. Great support!,2024-11-25,Website,Kololo,positive,best customer service experienced product top quality great support,67,9
85,Overpriced products with low quality. Not good value for money.,2024-07-13,Google,Muyenga,negative,overpriced product low quality good value money,47,7
86,Poor value for money. Better options available elsewhere.,2023-10-24,Instagram,Makindye,negative,poor value money better option available elsewhere,50,7
87,Great business with excellent customer care. Very professional.,2024-09-12,Facebook,Central,positive,great business excellent customer care professional,51,6
88,Product works as expected. No major issues or complaints. Located in Bukoto.,2024-09-29,Website,Kawempe,neutral,product work expected major issue complaint located bukoto,58,8
89,Quick response time and excellent customer care. Highly recommended!,2023-10-21,Instagram,Kawempe,positive,quick response time excellent customer care highly recommended,62,8
90,Excellent business! Highly professional and reliable.,2024-02-28,Twitter,Kawempe,positive,excellent business highly professional reliable,47,5
91,Outstanding service! The staff was very helpful and friendly.,2024-01-11,WhatsApp,Central,positive,outstanding service staff helpful friendly,42,5
92,Amazing quality products. Will definitely buy again from this shop. Great purchase!,2023-08-16,WhatsApp,Makindye,positive,amazing quality product definitely buy shop great purchase,58,8
93,Best prices in Nakawa area. Great value for money.,2023-08-10,Google,Kawempe,positive,best price nakawa area great value money,40,7
94,Poor quality products. Broke within days of purchase.,2023-12-31,Google,Kampala,negative,poor quality product broke within day purchase,46,7
95,Best prices in Nakawa area. Great value for money.,2024-11-20,WhatsApp,Makindye,positive,best price nakawa area great value money,40,7
96,"Outstanding business! Professional, reliable, and customer-focused.",2023-12-23,Instagram,Central,positive,outstanding business professional reliable,42,4
97,Decent quality products. Price is fair for what you receive. Located in Bukoto. Great shipping!,2023-07-10,WhatsApp,Kawempe,neutral,decent quality product price fair receive located bukoto great shipping,71,10
98,Average experience overall. Product is fine but not great.,2024-05-09,Instagram,Kampala,neutral,average experience overall product fine great,45,6
99,Excellent business! Highly professional and reliable.,2023-07-19,Instagram,Bukoto,positive,excellent business highly professional reliable,47,5
100,Product quality was disappointing. Not as described on the website. Located in Kawempe.,2023-11-02,WhatsApp,Kampala,negative,product quality disappointing described website located kawempe,63,7
101,Decent value. Product works as expected.,2024-10-21,Facebook,Nakawa,neutral,decent value product work expected,34,5
102,Average experience overall. Product is fine but not great. Located in Ntinda.,2023-01-21,Facebook,Bukoto,neutral,average experience overall product fine great located ntinda,60,8
103,Amazing experience! The product arrived on time and in perfect condition.,2023-02-21,Website,Bukoto,positive,amazing experience product arrived time perfect condition,57,7
104,Great business with excellent customer care. Very professional.,2024-09-03,Twitter,Nakawa,positive,great business excellent customer care professional,51,6
105,Very satisfied with my purchase. Great quality and fast delivery.,2024-07-11,Facebook,Bukoto,positive,satisfied purchase great quality fast delivery,46,6
106,"Outstanding business! Professional, reliable, and customer-focused.",2023-10-03,Instagram,Lubaga,positive,outstanding business professional reliable,42,4
107,Decent service. No major complaints but nothing impressive. Located in Kampala.,2024-05-19,Instagram,Makindye,neutral,decent service major complaint nothing impressive located kampala,65,8
108,"Outstanding business! Professional, reliable, and customer-focused. Great purchase!",2024-11-30,Google,Kawempe,positive,outstanding business professional reliable great purchase,57,6
109,Top quality products at reasonable prices. Highly recommended!,2024-07-15,Google,Kololo,positive,top quality product reasonable price highly recommended,55,7
110,Great prices and even better service. Highly recommend this business!,2024-11-25,WhatsApp,Lubaga,positive,great price even better service highly recommend business,57,8
111,Worst shopping experience. Poor quality and terrible service. Located in Ntinda.,2023-04-15,Facebook,Kampala,negative,worst shopping experience poor quality terrible service located ntinda,70,9
112,Excellent products and service. Best in the area!,2024-02-18,WhatsApp,Kampala,positive,excellent product service best area,35,5
113,Excellent business! Highly professional and reliable. Great staff!,2023-11-03,Twitter,Ntinda,positive,excellent business highly professional reliable great staff,59,7
114,Terrible customer service. No help when I had an issue.,2023-09-25,WhatsApp,Ntinda,negative,terrible customer service help issue,36,5
115,Excellent customer support. They responded quickly to my questions. Located in Kampala.,2023-04-19,Twitter,Kawempe,positive,excellent customer support responded quickly question located kampala,69,8
116,Customer service was unresponsive. Had to wait days for a reply. Located in Ntinda.,2023-03-23,Google,Kololo,negative,customer service unresponsive wait day reply located ntinda,59,8
117,Outstanding service! The staff was very helpful and friendly. Located in Kawempe.,2023-08-22,Google,Kawempe,positive,outstanding service staff helpful friendly located kawempe,58,7
118,Outstanding service! The staff was very helpful and friendly. Located in Kololo.,2024-09-02,WhatsApp,Central,positive,outstanding service staff helpful friendly located kololo,57,7
119,Best shop in Kawempe. Quality products and great service.,2023-03-30,WhatsApp,Central,positive,best shop kawempe quality product great service,47,7
120,Best prices in Nakawa area. Great value for money.,2023-12-21,Facebook,Lubaga,positive,best price nakawa area great value money,40,7
121,Top-notch quality. Exceeded my expectations completely. Great store!,2023-08-07,Facebook,Bukoto,positive,quality exceeded expectation completely great store,51,6
122,Poor packaging led to damaged goods. Very unprofessional. Great shipping!,2023-06-26,Twitter,Bukoto,negative,poor packaging led damaged good unprofessional great shipping,61,8
123,Great business with excellent customer care. Very professional. Located in Nakawa.,2024-09-23,Website,Lubaga,positive,great business excellent customer care professional located nakawa,66,8
124,Fair value for money. Quality is acceptable but not premium.,2024-01-30,WhatsApp,Central,neutral,fair value money quality acceptable premium,43,6
125,Top-notch quality. Exceeded my expectations completely. Located in Ntinda.,2023-04-22,Instagram,Lubaga,positive,quality exceeded expectation completely located ntinda,54,6
126,Excellent products and service. Best in the area! Located in Kololo.,2024-12-15,Twitter,Kawempe,positive,excellent product service best area located kololo,50,7
127,Great service! Very fast delivery in Kampala. Highly recommend!,2023-12-10,WhatsApp,Kololo,positive,great service fast delivery kampala highly recommend,52,7
128,Top-notch quality. Exceeded my expectations completely. Located in Central.,2023-08-11,Website,Kampala,positive,quality exceeded expectation completely located central,55,6
129,Delivery issues. Package arrived late and damaged.,2023-09-27,Website,Kampala,negative,delivery issue package arrived late damaged,43,6
130,Worst shopping experience. Poor quality and terrible service. Located in Muyenga. Great store!,2023-06-13,Website,Lubaga,negative,worst shopping experience poor quality terrible service located muyenga great store,83,11
131,Not satisfied with the product. Quality is below expectations.,2023-09-25,Website,Muyenga,negative,satisfied product quality expectation,37,4
132,Best shop in Kawempe. Quality products and great service. Great quality!,2024-03-29,Google,Bukoto,positive,best shop kawempe quality product great service great quality,61,9
133,"Fast delivery, good quality, fair prices. What more could you ask for? Great quality!",2024-11-12,Instagram,Kololo,positive,fast delivery good quality fair price could ask great quality,61,10
134,Love shopping here! Always get great deals and quality products. Located in Kampala.,2023-05-28,WhatsApp,Bukoto,positive,love shopping always get great deal quality product located kampala,67,10
135,Okay product quality. Price matches the value received.,2024-05-12,WhatsApp,Makindye,neutral,okay product quality price match value received,47,7
136,Top-notch quality. Exceeded my expectations completely.,2023-03-16,WhatsApp,Muyenga,positive,quality exceeded expectation completely,39,4
137,Average experience overall. Product is fine but not great.,2024-04-18,Google,Makindye,neutral,average experience overall product fine great,45,6
138,Great value for money. Fast delivery and excellent packaging.,2024-01-10,Google,Muyenga,positive,great value money fast delivery excellent packaging,51,7
139,Delivery issues. Package arrived late and damaged.,2024-01-06,Twitter,Nakawa,negative,delivery issue package arrived late damaged,43,6
140,Great service! Very fast delivery in Kampala. Highly recommend!,2023-08-20,Google,Central,positive,great service fast delivery kampala highly recommend,52,7
141,Standard experience. Product does what it needs to do. Located in Kawempe.,2024-07-17,Website,Central,neutral,standard experience product need located kawempe,48,6
142,Product works as expected. No major issues or complaints. Located in Kawempe.,2024-01-22,Google,Nakawa,neutral,product work expected major issue complaint located kawempe,59,8
143,Love shopping here! Always get great deals and quality products. Located in Nakawa.,2023-01-15,Website,Ntinda,positive,love shopping always get great deal quality product located nakawa,66,10
144,Best prices in Nakawa area. Great value for money.,2024-01-11,Twitter,Makindye,positive,best price nakawa area great value money,40,7
145,Okay delivery time. Product is functional and usable. Located in Nakawa.,2024-01-31,WhatsApp,Kampala,neutral,okay delivery time product functional usable located nakawa,59,8
146,Okay service. Product meets basic requirements.,2023-07-02,Google,Makindye,neutral,okay service product meet basic requirement,43,6
147,Very satisfied with my purchase. Great quality and fast delivery.,2024-01-05,Facebook,Ntinda,positive,satisfied purchase great quality fast delivery,46,6
148,Product didn't work as expected. Waste of money.,2023-11-11,Website,Kawempe,negative,product work expected waste money,33,5
149,Great experience from start to finish. Will shop here again!,2024-02-13,Google,Makindye,positive,great experience start finish shop,34,5
150,Great experience overall. Will be a returning customer.,2024-04-10,Facebook,Ntinda,positive,great experience overall returning customer,43,5
151,"Fast delivery, good quality, fair prices. What more could you ask for?",2023-04-18,WhatsApp,Ntinda,positive,fast delivery good quality fair price could ask,47,8
152,Top quality products at reasonable prices. Highly recommended! Located in Nakawa. Great quality!,2023-07-06,WhatsApp,Lubaga,positive,top quality product reasonable price highly recommended located nakawa great quality,84,11
153,Product was defective but they refused to refund. Bad business.,2024-11-29,Website,Makindye,negative,product defective refused refund bad business,45,6
154,Amazing service! The team went above and beyond to help me. Located in Makindye.,2024-07-26,Facebook,Nakawa,positive,amazing service team went beyond help located makindye,54,8
155,Top quality products at reasonable prices. Highly recommended!,2024-12-13,Instagram,Kawempe,positive,top quality product reasonable price highly recommended,55,7
156,Fair prices and acceptable quality. Nothing outstanding. Located in Kampala. Great support!,2024-05-17,Twitter,Muyenga,neutral,fair price acceptable quality nothing outstanding located kampala great support,79,10
157,Average experience overall. Product is fine but not great. Located in Bukoto. Great purchase!,2024-06-18,Instagram,Muyenga,neutral,average experience overall product fine great located bukoto great purchase,75,10
158,Great prices and even better service. Highly recommend this business! Located in Ntinda. Great quality!,2023-03-11,Facebook,Nakawa,positive,great price even better service highly recommend business located ntinda great quality,86,12
159,Great products at affordable prices. Very satisfied with my purchase.,2024-06-09,Twitter,Kampala,positive,great product affordable price satisfied purchase,49,6
160,Product works as expected. No major issues or complaints.,2024-05-28,Website,Ntinda,neutral,product work expected major issue complaint,43,6
161,Great products at affordable prices. Very satisfied with my purchase. Great store!,2023-06-08,Facebook,Nakawa,positive,great product affordable price satisfied purchase great store,61,8
162,Product is okay. Nothing special but serves its purpose.,2023-06-05,WhatsApp,Bukoto,neutral,product okay nothing special serf purpose,41,6
163,Customer service needs major improvement. Very unprofessional. Great experience!,2023-12-17,Twitter,Lubaga,negative,customer service need major improvement unprofessional great experience,71,8
164,Best shopping experience! Quality products and great prices.,2023-03-19,Instagram,Kampala,positive,best shopping experience quality product great price,52,7
165,Great products at affordable prices. Very satisfied with my purchase. Great store!,2024-09-06,Facebook,Lubaga,positive,great product affordable price satisfied purchase great store,61,8
166,Very disappointed. Product quality is poor and service is worse.,2024-08-30,Google,Nakawa,negative,disappointed product quality poor service worse,47,6
167,Standard service. No complaints but nothing exceptional either. Located in Nakawa.,2024-08-14,Instagram,Muyenga,neutral,standard service complaint nothing exceptional either located nakawa,68,8
168,Customer service was unresponsive. Had to wait days for a reply.,2023-10-12,Twitter,Makindye,negative,customer service unresponsive wait day reply,44,6
169,Top quality products at reasonable prices. Highly recommended! Located in Kololo.,2023-12-05,Twitter,Kampala,positive,top quality product reasonable price highly recommended located kololo,70,9
170,Average quality products. Functional but not impressive.,2024-06-22,Facebook,Central,neutral,average quality product functional impressive,45,5
171,Very satisfied with my purchase. Great quality and fast delivery.,2024-05-25,Website,Kampala,positive,satisfied purchase great quality fast delivery,46,6
172,Great experience from start to finish. Will shop here again!,2024-08-10,Instagram,Muyenga,positive,great experience start finish shop,34,5
173,Great products at affordable prices. Very satisfied with my purchase.,2023-08-19,Instagram,Ntinda,positive,great product affordable price satisfied purchase,49,6
174,Product arrived damaged and customer service refused to help.,2023-09-09,Website,Kololo,negative,product arrived damaged customer service refused help,53,7
175,"Fast shipping, good quality, and excellent customer support.",2024-01-30,Facebook,Ntinda,positive,fast shipping good quality excellent customer support,53,7
176,Great prices and even better service. Highly recommend this business!,2023-03-20,Facebook,Makindye,positive,great price even better service highly recommend business,57,8
177,Fair value for money. Quality is acceptable but not premium. Great order!,2024-09-26,Facebook,Ntinda,neutral,fair value money quality acceptable premium great order,55,8
178,Fair experience overall. Nothing exceptional but acceptable. Located in Muyenga.,2023-08-07,Google,Kawempe,neutral,fair experience overall nothing exceptional acceptable located muyenga,70,8
179,"Fast delivery, good quality, fair prices. What more could you ask for?",2023-05-11,Instagram,Nakawa,positive,fast delivery good quality fair price could ask,47,8
180,Professional service and high-quality products. Very happy!,2023-11-30,Website,Nakawa,positive,professional service product happy,34,4
181,Love shopping here! Always get great deals and quality products.,2024-09-18,Google,Muyenga,positive,love shopping always get great deal quality product,51,8
182,Great business with excellent customer care. Very professional.,2024-01-30,WhatsApp,Nakawa,positive,great business excellent customer care professional,51,6
183,Great products at affordable prices. Very satisfied with my purchase.,2023-07-22,Google,Kawempe,positive,great product affordable price satisfied purchase,49,6
184,Great value for money. Fast delivery and excellent packaging. Located in Ntinda.,2023-03-25,Website,Makindye,positive,great value money fast delivery excellent packaging located ntinda,66,9
185,Average experience. Product is functional and adequate.,2023-11-01,Website,Makindye,neutral,average experience product functional adequate,46,5
186,Excellent communication and fast delivery. Highly satisfied!,2024-06-06,WhatsApp,Central,positive,excellent communication fast delivery highly satisfied,54,6
187,Standard experience. Product does what it needs to do. Located in Ntinda.,2024-01-03,Facebook,Kololo,neutral,standard experience product need located ntinda,47,6
188,Amazing experience! The product arrived on time and in perfect condition. Great experience!,2023-09-25,WhatsApp,Kampala,positive,amazing experience product arrived time perfect condition great experience,74,9
189,Excellent customer support. They responded quickly to my questions. Located in Kawempe.,2024-07-08,Facebook,Nakawa,positive,excellent customer support responded quickly question located kawempe,69,8
190,Okay service. Product meets basic requirements.,2023-05-27,Twitter,Nakawa,neutral,okay service product meet basic requirement,43,6
191,Professional service and high-quality products. Very happy! Located in Kololo. Great quality!,2024-01-24,WhatsApp,Makindye,positive,professional service product happy located kololo great quality,63,8
192,Terrible experience. Would not recommend this business to anyone. Great order!,2023-09-13,Website,Nakawa,negative,terrible experience would recommend business anyone great order,63,8
193,Standard business service. Acceptable but not exceptional.,2023-05-02,Google,Lubaga,neutral,standard business service acceptable exceptional,48,5
194,Very slow delivery. Took over a week to arrive in Kampala. Located in Ntinda. Great price!,2024-01-21,Website,Kololo,negative,slow delivery took week arrive kampala located ntinda great price,65,10
195,Customer service is terrible. No one responds to complaints. Great packaging!,2023-03-21,Facebook,Kampala,negative,customer service terrible one responds complaint great packaging,64,8
196,Average product quality. Meets basic expectations. Great quality!,2024-02-16,Google,Muyenga,neutral,average product quality meet basic expectation great quality,60,8
197,Product didn't work as expected. Waste of money.,2023-07-20,Facebook,Ntinda,negative,product work expected waste money,33,5
198,Okay experience. Nothing to complain about but not impressed either.,2023-11-07,WhatsApp,Lubaga,neutral,okay experience nothing complain impressed either,49,6
199,Product works fine. Decent quality for the price paid. Located in Nakawa.,2023-09-08,Twitter,Muyenga,neutral,product work fine decent quality price paid located nakawa,58,9
200,Best customer service I've experienced. Products are top quality. Located in Kawempe.,2024-01-12,Twitter,Kololo,positive,best customer service experienced product top quality located kawempe,69,9
201,Average experience. Product is functional and adequate.,2024-03-24,WhatsApp,Nakawa,neutral,average experience product functional adequate,46,5
202,Customer service needs major improvement. Very unprofessional.,2024-05-02,Facebook,Lubaga,negative,customer service need major improvement unprofessional,54,6
203,Very disappointed with the quality. Not worth the money paid. Located in Kololo.,2023-06-12,Google,Kololo,negative,disappointed quality worth money paid located kololo,52,7
204,Great experience overall. Will be a returning customer.,2024-09-30,Facebook,Makindye,positive,great experience overall returning customer,43,5
205,Amazing service! The team went above and beyond to help me.,2024-05-23,WhatsApp,Kampala,positive,amazing service team went beyond help,37,6
206,Amazing experience! The product arrived on time and in perfect condition. Located in Ntinda.,2024-05-07,Facebook,Ntinda,positive,amazing experience product arrived time perfect condition located ntinda,72,9
207,Great business with excellent customer care. Very professional. Located in Lubaga. Great restaurant!,2024-07-27,Facebook,Muyenga,positive,great business excellent customer care professional located lubaga great restaurant,83,10
208,Top quality products at reasonable prices. Highly recommended! Located in Bukoto.,2023-07-27,Instagram,Bukoto,positive,top quality product reasonable price highly recommended located bukoto,70,9
209,Very satisfied with my purchase. Great quality and fast delivery.,2023-03-11,WhatsApp,Nakawa,positive,satisfied purchase great quality fast delivery,46,6
210,Best shopping experience! Quality products and great prices.,2023-12-16,Twitter,Muyenga,positive,best shopping experience quality product great price,52,7
211,Great experience from start to finish. Will shop here again! Located in Kawempe.,2024-06-02,Google,Muyenga,positive,great experience start finish shop located kawempe,50,7
212,Product was different from what was advertised. Misleading description. Located in Central. Great shop!,2023-02-07,Facebook,Central,negative,product different advertised misleading description located central great shop,78,9
213,Great value for money. Fast delivery and excellent packaging.,2024-04-10,WhatsApp,Bukoto,positive,great value money fast delivery excellent packaging,51,7
214,Best customer service I've experienced. Products are top quality. Located in Bukoto.,2023-03-24,Website,Central,positive,best customer service experienced product top quality located bukoto,68,9
215,Decent value. Product works as expected. Located in Kampala.,2023-04-19,WhatsApp,Lubaga,neutral,decent value product work expected located kampala,50,7
216,Average quality. Price is reasonable for what you get. Great order!,2024-01-04,Facebook,Bukoto,neutral,average quality price reasonable get great order,48,7
217,Excellent customer support. They responded quickly to my questions. Located in Lubaga.,2023-08-22,Instagram,Kawempe,positive,excellent customer support responded quickly question located lubaga,68,8
218,Best prices in Nakawa area. Great value for money.,2024-08-28,WhatsApp,Makindye,positive,best price nakawa area great value money,40,7
219,Best prices in Nakawa area. Great value for money.,2023-08-24,Facebook,Kampala,positive,best price nakawa area great value money,40,7
220,Best shop in Kawempe. Quality products and great service. Located in Ntinda.,2024-12-21,Website,Kampala,positive,best shop kawempe quality product great service located ntinda,62,9
221,Great prices and even better service. Highly recommend this business! Located in Kawempe.,2023-08-09,Website,Nakawa,positive,great price even better service highly recommend business located kawempe,73,10
222,Professional service and high-quality products. Very happy! Located in Kololo. Great quality!,2024-06-22,Instagram,Makindye,positive,professional service product happy located kololo great quality,63,8
223,Excellent products and service. Best in the area! Great shipping!,2024-11-06,Website,Ntinda,positive,excellent product service best area great shipping,50,7
224,Standard delivery time. Product quality is average.,2023-02-09,Twitter,Kawempe,neutral,standard delivery time product quality average,46,6
225,Worst shopping experience. Poor quality and terrible service.,2024-09-11,Website,Central,negative,worst shopping experience poor quality terrible service,55,7
226,Okay delivery time. Product is functional and usable.,2023-03-13,Website,Ntinda,neutral,okay delivery time product functional usable,44,6
227,Amazing quality products. Will definitely buy again from this shop.,2024-01-28,WhatsApp,Makindye,positive,amazing quality product definitely buy shop,43,6
228,Great prices and even better service. Highly recommend this business!,2024-08-21,Website,Bukoto,positive,great price even better service highly recommend business,57,8
229,Product works as expected. No major issues or complaints. Located in Ntinda.,2024-01-05,Twitter,Kololo,neutral,product work expected major issue complaint located ntinda,58,8
230,Standard quality. Nothing to complain about or praise. Located in Ntinda. Great order!,2023-11-05,WhatsApp,Kawempe,neutral,standard quality nothing complain praise located ntinda great order,67,9
231,"Outstanding business! Professional, reliable, and customer-focused.",2023-04-14,Google,Central,positive,outstanding business professional reliable,42,4
232,Product was different from what was advertised. Misleading description.,2024-01-27,Twitter,Makindye,negative,product different advertised misleading description,51,5
233,Best customer service I've experienced. Products are top quality.,2023-12-02,Website,Bukoto,positive,best customer service experienced product top quality,53,7
234,Okay service. Nothing special but gets the job done.,2023-05-27,Instagram,Nakawa,neutral,okay service nothing special get job done,41,7
235,Very slow delivery and unresponsive customer support.,2024-02-01,Google,Bukoto,negative,slow delivery unresponsive customer support,43,5
236,Product is functional. Does what it's supposed to do.,2023-05-19,Twitter,Muyenga,neutral,product functional supposed,27,3
237,Great experience overall. Will be a returning customer. Great price!,2023-01-20,Instagram,Kololo,positive,great experience overall returning customer great price,55,7
238,Top quality products at reasonable prices. Highly recommended!,2023-04-16,WhatsApp,Makindye,positive,top quality product reasonable price highly recommended,55,7
239,Top-notch quality. Exceeded my expectations completely.,2024-01-15,Instagram,Lubaga,positive,quality exceeded expectation completely,39,4
240,"Fast shipping, good quality, and excellent customer support.",2024-09-07,Twitter,Makindye,positive,fast shipping good quality excellent customer support,53,7
241,Great experience from start to finish. Will shop here again! Located in Ntinda. Great price!,2023-02-02,Website,Nakawa,positive,great experience start finish shop located ntinda great price,61,9
242,Love the product quality. Fast shipping and good packaging.,2023-10-05,Instagram,Nakawa,positive,love product quality fast shipping good packaging,49,7
243,Okay service. Nothing special but gets the job done. Located in Nakawa. Great store!,2024-07-16,Facebook,Kawempe,neutral,okay service nothing special get job done located nakawa great store,68,11
244,Okay delivery time. Product is functional and usable. Located in Nakawa.,2024-11-08,WhatsApp,Kampala,neutral,okay delivery time product functional usable located nakawa,59,8
245,Okay delivery time. Product is functional and usable. Located in Makindye. Great purchase!,2023-04-29,Website,Bukoto,neutral,okay delivery time product functional usable located makindye great purchase,76,10
246,Decent quality products. Price is fair for what you receive.,2024-09-08,Facebook,Lubaga,neutral,decent quality product price fair receive,41,6
247,Top-notch quality. Exceeded my expectations completely.,2024-11-30,WhatsApp,Nakawa,positive,quality exceeded expectation completely,39,4
248,Quick response time and excellent customer care. Highly recommended!,2023-07-02,WhatsApp,Kololo,positive,quick response time excellent customer care highly recommended,62,8
249,Fair prices and acceptable quality. Nothing outstanding.,2024-03-15,Facebook,Nakawa,neutral,fair price acceptable quality nothing outstanding,49,6
250,Quick response time and excellent customer care. Highly recommended! Great staff!,2023-03-29,Instagram,Kawempe,positive,quick response time excellent customer care highly recommended great staff,74,10
251,Fair value for money. Quality is acceptable but not premium.,2023-01-13,Website,Central,neutral,fair value money quality acceptable premium,43,6
252,Average experience overall. Product is fine but not great.,2023-02-19,Website,Kawempe,neutral,average experience overall product fine great,45,6
253,Great prices and even better service. Highly recommend this business!,2023-10-25,Instagram,Ntinda,positive,great price even better service highly recommend business,57,8
254,Great prices and even better service. Highly recommend this business!,2024-06-06,Instagram,Lubaga,positive,great price even better service highly recommend business,57,8
255,Great value for money. Fast delivery and excellent packaging. Located in Lubaga.,2024-02-04,Google,Central,positive,great value money fast delivery excellent packaging located lubaga,66,9
256,Great value for money. Fast delivery and excellent packaging.,2023-01-25,Twitter,Central,positive,great value money fast delivery excellent packaging,51,7
257,Top-notch quality. Exceeded my expectations completely.,2023-12-06,Google,Nakawa,positive,quality exceeded expectation completely,39,4
258,Excellent business! Highly professional and reliable.,2023-04-15,WhatsApp,Muyenga,positive,excellent business highly professional reliable,47,5
259,Outstanding quality and service. Will definitely shop here again. Great restaurant!,2024-07-08,WhatsApp,Kampala,positive,outstanding quality service definitely shop great restaurant,60,7
260,Excellent customer support. They responded quickly to my questions.,2023-09-21,Google,Nakawa,positive,excellent customer support responded quickly question,53,6
261,Best prices in Nakawa area. Great value for money. Located in Lubaga.,2023-08-07,Facebook,Makindye,positive,best price nakawa area great value money located lubaga,55,9
262,Great value for money. Fast delivery and excellent packaging. Located in Bukoto.,2023-03-23,Facebook,Nakawa,positive,great value money fast delivery excellent packaging located bukoto,66,9
263,Top-notch quality. Exceeded my expectations completely.,2023-12-02,Facebook,Central,positive,quality exceeded expectation completely,39,4
264,Standard service. No complaints but nothing exceptional either.,2023-03-07,Instagram,Muyenga,neutral,standard service complaint nothing exceptional either,53,6
265,Customer service was unresponsive. Had to wait days for a reply. Located in Lubaga.,2023-07-08,Instagram,Makindye,negative,customer service unresponsive wait day reply located lubaga,59,8
266,Great business with excellent customer care. Very professional.,2023-07-29,Facebook,Kawempe,positive,great business excellent customer care professional,51,6
267,Average product quality. Meets basic expectations.,2024-12-05,WhatsApp,Ntinda,neutral,average product quality meet basic expectation,46,6
268,Average product quality. Meets basic expectations.,2023-04-19,Twitter,Muyenga,neutral,average product quality meet basic expectation,46,6
269,"Outstanding business! Professional, reliable, and customer-focused. Located in Makindye.",2024-12-10,Facebook,Kawempe,positive,outstanding business professional reliable located makindye,59,6
270,Very satisfied with my purchase. Great quality and fast delivery.,2024-12-28,WhatsApp,Muyenga,positive,satisfied purchase great quality fast delivery,46,6
271,Disappointing experience. Would not recommend this shop. Located in Makindye.,2024-02-04,Website,Nakawa,negative,disappointing experience would recommend shop located makindye,62,7
272,Not satisfied with the product. Quality is below expectations.,2024-07-27,Instagram,Bukoto,negative,satisfied product quality expectation,37,4
273,Decent value. Product works as expected.,2023-01-20,Google,Kampala,neutral,decent value product work expected,34,5
274,Very disappointed with the quality. Not worth the money paid.,2023-02-01,Twitter,Nakawa,negative,disappointed quality worth money paid,37,5
275,Average quality. Price is reasonable for what you get. Located in Ntinda.,2024-11-19,WhatsApp,Ntinda,neutral,average quality price reasonable get located ntinda,51,7
276,Professional service and high-quality products. Very happy!,2023-11-17,WhatsApp,Kololo,positive,professional service product happy,34,4
277,Okay product quality. Price matches the value received.,2023-09-11,Google,Bukoto,neutral,okay product quality price match value received,47,7
278,Great business with excellent customer care. Very professional. Great purchase!,2023-04-22,WhatsApp,Kampala,positive,great business excellent customer care professional great purchase,66,8
279,Great experience overall. Will be a returning customer. Great restaurant!,2023-05-05,Google,Muyenga,positive,great experience overall returning customer great restaurant,60,7
280,Standard delivery time. Product quality is average.,2023-01-14,Website,Bukoto,neutral,standard delivery time product quality average,46,6
281,Delivery was delayed multiple times. Very frustrating experience.,2024-07-22,Facebook,Kololo,negative,delivery delayed multiple time frustrating experience,53,6
282,Quick response time and excellent customer care. Highly recommended! Great quality!,2023-12-11,Website,Lubaga,positive,quick response time excellent customer care highly recommended great quality,76,10
283,Product arrived damaged and customer service refused to help.,2023-03-17,WhatsApp,Ntinda,negative,product arrived damaged customer service refused help,53,7
284,Fair prices and acceptable quality. Nothing outstanding.,2024-04-25,WhatsApp,Central,neutral,fair price acceptable quality nothing outstanding,49,6
285,Overpriced compared to other shops in Nakawa area. Located in Muyenga.,2023-09-23,Website,Nakawa,negative,overpriced compared shop nakawa area located muyenga,52,7
286,Great experience from start to finish. Will shop here again! Great price!,2024-11-08,Google,Kololo,positive,great experience start finish shop great price,46,7
287,Average product quality. Meets basic needs adequately.,2023-01-23,WhatsApp,Muyenga,neutral,average product quality meet basic need adequately,50,7
288,Great value for money. Fast delivery and excellent packaging.,2023-12-29,WhatsApp,Ntinda,positive,great value money fast delivery excellent packaging,51,7
289,Product works fine. Decent quality for the price paid. Great support!,2023-01-23,Instagram,Muyenga,neutral,product work fine decent quality price paid great support,57,9
290,Great experience overall. Will be a returning customer.,2024-08-01,Google,Central,positive,great experience overall returning customer,43,5
291,Amazing service! The team went above and beyond to help me. Located in Makindye. Great business!,2024-10-19,Facebook,Kawempe,positive,amazing service team went beyond help located makindye great business,69,10
292,Great products at affordable prices. Very satisfied with my purchase.,2023-04-15,Google,Central,positive,great product affordable price satisfied purchase,49,6
293,Slow response time and poor communication from the business.,2023-01-02,Instagram,Bukoto,negative,slow response time poor communication business,46,6
294,Okay product quality. Price matches the value received.,2024-07-15,Google,Lubaga,neutral,okay product quality price match value received,47,7
295,Outstanding quality and service. Will definitely shop here again.,2024-03-07,Website,Nakawa,positive,outstanding quality service definitely shop,43,5
296,Average quality products. Functional but not impressive. Located in Kampala.,2024-04-10,WhatsApp,Ntinda,neutral,average quality product functional impressive located kampala,61,7
297,Terrible experience. Would not recommend this business to anyone.,2024-06-26,Facebook,Kampala,negative,terrible experience would recommend business anyone,51,6
298,Very satisfied with my purchase. Great quality and fast delivery. Great price!,2023-11-04,Website,Makindye,positive,satisfied purchase great quality fast delivery great price,58,8
299,Poor value for money. Better options available elsewhere. Great delivery!,2024-02-14,Google,Central,negative,poor value money better option available elsewhere great delivery,65,9
300,Best shop in Kawempe. Quality products and great service.,2023-10-16,Website,Nakawa,positive,best shop kawempe quality product great service,47,7
301,"Fast shipping, good quality, and excellent customer support.",2023-09-25,Instagram,Makindye,positive,fast shipping good quality excellent customer support,53,7
302,"Fast shipping, good quality, and excellent customer support. Great staff!",2023-05-20,Website,Bukoto,positive,fast shipping good quality excellent customer support great staff,65,9
303,Amazing quality products. Will definitely buy again from this shop.,2024-07-03,Google,Central,positive,amazing quality product definitely buy shop,43,6
304,Best prices in Nakawa area. Great value for money. Located in Makindye.,2024-01-16,Twitter,Nakawa,positive,best price nakawa area great value money located makindye,57,9
305,Great experience overall. Will be a returning customer.,2024-09-01,Instagram,Nakawa,positive,great experience overall returning customer,43,5
306,Amazing service! The team went above and beyond to help me.,2024-10-02,Instagram,Kawempe,positive,amazing service team went beyond help,37,6
307,Best customer service I've experienced. Products are top quality.,2024-07-25,Instagram,Kololo,positive,best customer service experienced product top quality,53,7
308,Best shopping experience! Quality products and great prices. Located in Lubaga.,2024-02-28,Website,Kampala,positive,best shopping experience quality product great price located lubaga,67,9
309,Best shopping experience! Quality products and great prices. Located in Ntinda.,2024-10-25,Facebook,Muyenga,positive,best shopping experience quality product great price located ntinda,67,9
310,Excellent customer support. They responded quickly to my questions.,2023-07-05,Website,Ntinda,positive,excellent customer support responded quickly question,53,6
311,Okay delivery time. Product is functional and usable. Located in Lubaga.,2023-09-16,Facebook,Central,neutral,okay delivery time product functional usable located lubaga,59,8
312,Great service! Very fast delivery in Kampala. Highly recommend!,2024-05-18,Google,Lubaga,positive,great service fast delivery kampala highly recommend,52,7
313,Professional service and high-quality products. Very happy!,2023-11-01,Instagram,Kawempe,positive,professional service product happy,34,4
314,Product quality was disappointing. Not as described on the website.,2023-09-07,Instagram,Muyenga,negative,product quality disappointing described website,47,5
315,Average experience overall. Product is fine but not great. Great quality!,2023-12-09,Website,Kawempe,neutral,average experience overall product fine great great quality,59,8
316,Great experience from start to finish. Will shop here again! Located in Muyenga.,2023-04-05,Website,Kawempe,positive,great experience start finish shop located muyenga,50,7
317,Very satisfied with my purchase. Great quality and fast delivery. Located in Nakawa.,2023-08-19,Instagram,Lubaga,positive,satisfied purchase great quality fast delivery located nakawa,61,8
318,"Fast shipping, good quality, and excellent customer support. Located in Kampala.",2023-01-22,Instagram,Muyenga,positive,fast shipping good quality excellent customer support located kampala,69,9
319,Okay service. Product meets basic requirements.,2023-10-25,Website,Central,neutral,okay service product meet basic requirement,43,6
320,Top quality products at reasonable prices. Highly recommended!,2024-11-28,Google,Bukoto,positive,top quality product reasonable price highly recommended,55,7
321,Terrible experience. Would not recommend this business to anyone. Great product!,2023-12-01,Twitter,Muyenga,negative,terrible experience would recommend business anyone great product,65,8
322,Outstanding quality and service. Will definitely shop here again.,2024-10-17,WhatsApp,Kololo,positive,outstanding quality service definitely shop,43,5
323,Product works as expected. No major issues or complaints. Located in Ntinda.,2023-01-20,Facebook,Kololo,neutral,product work expected major issue complaint located ntinda,58,8
324,"Fast delivery, good quality, fair prices. What more could you ask for?",2023-02-06,Twitter,Lubaga,positive,fast delivery good quality fair price could ask,47,8
325,Average experience. Product is functional and adequate. Located in Makindye.,2024-03-01,Facebook,Bukoto,neutral,average experience product functional adequate located makindye,63,7
326,Great service! Very fast delivery in Kampala. Highly recommend!,2024-10-20,Twitter,Ntinda,positive,great service fast delivery kampala highly recommend,52,7
327,Best customer service I've experienced. Products are top quality. Located in Kampala.,2024-03-20,WhatsApp,Central,positive,best customer service experienced product top quality located kampala,69,9
328,Okay experience. Nothing to complain about but not impressed either.,2024-02-18,Twitter,Muyenga,neutral,okay experience nothing complain impressed either,49,6
329,Amazing experience! The product arrived on time and in perfect condition. Located in Ntinda.,2023-06-30,Facebook,Bukoto,positive,amazing experience product arrived time perfect condition located ntinda,72,9
330,Customer service was unresponsive. Had to wait days for a reply. Located in Ntinda.,2023-04-21,Google,Central,negative,customer service unresponsive wait day reply located ntinda,59,8
331,Professional service and high-quality products. Very happy! Located in Makindye.,2023-11-09,Instagram,Ntinda,positive,professional service product happy located makindye,51,6
332,Average quality. Nothing special but nothing wrong either.,2023-08-15,WhatsApp,Kampala,neutral,average quality nothing special nothing wrong either,52,7
333,Standard service. No complaints but nothing exceptional either. Located in Muyenga.,2024-02-01,Instagram,Central,neutral,standard service complaint nothing exceptional either located muyenga,69,8
334,Average experience overall. Product is fine but not great.,2023-12-19,Website,Ntinda,neutral,average experience overall product fine great,45,6
335,Great service! Very fast delivery in Kampala. Highly recommend!,2024-01-08,WhatsApp,Central,positive,great service fast delivery kampala highly recommend,52,7
336,Great products at affordable prices. Very satisfied with my purchase. Great experience!,2024-09-17,WhatsApp,Kampala,positive,great product affordable price satisfied purchase great experience,66,8
337,Product didn't work as expected. Waste of money.,2024-09-16,WhatsApp,Makindye,negative,product work expected waste money,33,5
338,Product was different from what was advertised. Misleading description.,2024-02-14,Instagram,Kawempe,negative,product different advertised misleading description,51,5
339,Best shopping experience! Quality products and great prices. Located in Kololo.,2023-09-26,Google,Kololo,positive,best shopping experience quality product great price located kololo,67,9
340,Product is functional. Does what it's supposed to do.,2024-08-31,Google,Lubaga,neutral,product functional supposed,27,3
341,Best shopping experience! Quality products and great prices.,2023-06-19,Twitter,Kampala,positive,best shopping experience quality product great price,52,7
342,Great business with excellent customer care. Very professional. Located in Makindye.,2024-05-04,Instagram,Ntinda,positive,great business excellent customer care professional located makindye,68,8
343,Product was damaged on arrival. Poor packaging quality.,2024-03-07,Facebook,Kawempe,negative,product damaged arrival poor packaging quality,46,6
344,Top-notch quality. Exceeded my expectations completely. Located in Central.,2024-02-13,Website,Kampala,positive,quality exceeded expectation completely located central,55,6
345,Great business with excellent customer care. Very professional.,2024-11-15,WhatsApp,Kawempe,positive,great business excellent customer care professional,51,6
346,Excellent business! Highly professional and reliable.,2023-05-27,Google,Kololo,positive,excellent business highly professional reliable,47,5
347,Excellent communication and fast delivery. Highly satisfied!,2023-12-03,Google,Bukoto,positive,excellent communication fast delivery highly satisfied,54,6
348,Outstanding quality and service. Will definitely shop here again.,2023-08-01,Facebook,Central,positive,outstanding quality service definitely shop,43,5
349,Great value for money. Fast delivery and excellent packaging.,2024-09-16,Instagram,Makindye,positive,great value money fast delivery excellent packaging,51,7
350,Excellent customer support. They responded quickly to my questions. Located in Central.,2023-07-14,Twitter,Kawempe,positive,excellent customer support responded quickly question located central,69,8
351,Great business with excellent customer care. Very professional.,2023-11-30,Website,Ntinda,positive,great business excellent customer care professional,51,6
352,Standard quality. Nothing to complain about or praise.,2023-08-30,Facebook,Lubaga,neutral,standard quality nothing complain praise,40,5
353,Great prices and even better service. Highly recommend this business!,2024-11-18,Website,Lubaga,positive,great price even better service highly recommend business,57,8
354,Average quality. Price is reasonable for what you get.,2024-04-28,Twitter,Central,neutral,average quality price reasonable get,36,5
355,Okay experience. Nothing to complain about but not impressed either. Great store!,2023-07-09,Instagram,Kawempe,neutral,okay experience nothing complain impressed either great store,61,8
356,Product works as expected. No major issues or complaints. Located in Kampala.,2024-12-18,Google,Kawempe,neutral,product work expected major issue complaint located kampala,59,8
357,Amazing quality products. Will definitely buy again from this shop.,2023-08-21,Twitter,Nakawa,positive,amazing quality product definitely buy shop,43,6
358,"Outstanding business! Professional, reliable, and customer-focused.",2024-07-17,Twitter,Makindye,positive,outstanding business professional reliable,42,4
359,Great value for money. Fast delivery and excellent packaging.,2024-03-28,Facebook,Muyenga,positive,great value money fast delivery excellent packaging,51,7
360,"Fast delivery, good quality, fair prices. What more could you ask for?",2023-06-30,Google,Muyenga,positive,fast delivery good quality fair price could ask,47,8
361,Okay service. Product meets basic requirements. Great quality!,2023-09-24,Twitter,Nakawa,neutral,okay service product meet basic requirement great quality,57,8
362,Great value for money. Fast delivery and excellent packaging.,2023-03-14,Facebook,Kawempe,positive,great value money fast delivery excellent packaging,51,7
363,Excellent communication and fast delivery. Highly satisfied! Located in Bukoto.,2023-10-11,WhatsApp,Ntinda,positive,excellent communication fast delivery highly satisfied located bukoto,69,8
364,Standard delivery time. Product quality is average.,2024-10-12,Twitter,Makindye,neutral,standard delivery time product quality average,46,6
365,Amazing service! The team went above and beyond to help me.,2023-09-19,Google,Bukoto,positive,amazing service team went beyond help,37,6
366,Great prices and even better service. Highly recommend this business! Great restaurant!,2024-12-13,Website,Central,positive,great price even better service highly recommend business great restaurant,74,10
367,Delivery was on time. Product is as expected.,2023-10-30,Facebook,Kawempe,neutral,delivery time product expected,30,4
368,Love the product quality. Fast shipping and good packaging. Great support!,2024-11-10,Instagram,Nakawa,positive,love product quality fast shipping good packaging great support,63,9
369,Top quality products at reasonable prices. Highly recommended! Located in Kololo. Great service!,2024-10-04,Instagram,Bukoto,positive,top quality product reasonable price highly recommended located kololo great service,84,11
370,"Outstanding business! Professional, reliable, and customer-focused.",2024-03-04,Google,Ntinda,positive,outstanding business professional reliable,42,4
371,Not satisfied with the product. Quality is below expectations. Great customer!,2023-05-22,Instagram,Kololo,negative,satisfied product quality expectation great customer,52,6
372,Excellent customer support. They responded quickly to my questions. Great store!,2023-03-30,Instagram,Makindye,positive,excellent customer support responded quickly question great store,65,8
373,Standard delivery. Product works but quality is average. Great business!,2023-03-04,Instagram,Kololo,neutral,standard delivery product work quality average great business,61,8
374,Average experience. Product is functional and adequate. Located in Makindye.,2024-06-28,Instagram,Kololo,neutral,average experience product functional adequate located makindye,63,7
375,Love shopping here! Always get great deals and quality products.,2023-09-15,Twitter,Kampala,positive,love shopping always get great deal quality product,51,8
376,Great experience from start to finish. Will shop here again!,2023-03-10,WhatsApp,Central,positive,great experience start finish shop,34,5
377,Fair experience overall. Nothing exceptional but acceptable.,2024-02-05,Instagram,Muyenga,neutral,fair experience overall nothing exceptional acceptable,54,6
378,Quick response time and excellent customer care. Highly recommended! Located in Nakawa. Great shipping!,2023-06-19,Google,Nakawa,positive,quick response time excellent customer care highly recommended located nakawa great shipping,92,12
379,Great service! Very fast delivery in Kampala. Highly recommend! Great purchase!,2024-10-17,Facebook,Nakawa,positive,great service fast delivery kampala highly recommend great purchase,67,9
380,Excellent business! Highly professional and reliable.,2024-10-15,WhatsApp,Muyenga,positive,excellent business highly professional reliable,47,5
381,Best shop in Kawempe. Quality products and great service.,2024-06-13,Website,Bukoto,positive,best shop kawempe quality product great service,47,7
382,Not satisfied with the product. Quality is below expectations.,2023-12-04,Instagram,Kampala,negative,satisfied product quality expectation,37,4
383,Very slow delivery and unresponsive customer support.,2023-10-24,Facebook,Ntinda,negative,slow delivery unresponsive customer support,43,5
384,Excellent products and service. Best in the area! Located in Kawempe. Great order!,2023-11-18,Twitter,Ntinda,positive,excellent product service best area located kawempe great order,63,9
385,Top-notch quality. Exceeded my expectations completely.,2024-08-02,WhatsApp,Muyenga,positive,quality exceeded expectation completely,39,4
386,Great products at affordable prices. Very satisfied with my purchase. Great service!,2023-12-29,WhatsApp,Lubaga,positive,great product affordable price satisfied purchase great service,63,8
387,Standard quality. Nothing to complain about or praise. Great store!,2024-04-28,Twitter,Kololo,neutral,standard quality nothing complain praise great store,52,7
388,Very disappointed with the quality. Not worth the money paid.,2024-03-12,WhatsApp,Kololo,negative,disappointed quality worth money paid,37,5
389,Not satisfied with the product. Quality is below expectations. Great purchase!,2023-10-19,Twitter,Kawempe,negative,satisfied product quality expectation great purchase,52,6
390,Top quality products at reasonable prices. Highly recommended! Located in Nakawa.,2023-03-04,Facebook,Ntinda,positive,top quality product reasonable price highly recommended located nakawa,70,9
391,Standard delivery. Product works but quality is average.,2023-10-06,Website,Kawempe,neutral,standard delivery product work quality average,46,6
392,Product didn't work as expected. Waste of money.,2023-06-19,Facebook,Ntinda,negative,product work expected waste money,33,5
393,Standard quality. Nothing to complain about or praise.,2024-08-14,Facebook,Nakawa,neutral,standard quality nothing complain praise,40,5
394,Best shopping experience! Quality products and great prices. Located in Kololo.,2023-05-29,Google,Kawempe,positive,best shopping experience quality product great price located kololo,67,9
395,Great prices and even better service. Highly recommend this business!,2023-10-16,Twitter,Lubaga,positive,great price even better service highly recommend business,57,8
396,Product was defective but they refused to refund. Bad business. Great order!,2024-12-13,Twitter,Muyenga,negative,product defective refused refund bad business great order,57,8
397,Product works fine. Decent quality for the price paid.,2023-11-19,Google,Muyenga,neutral,product work fine decent quality price paid,43,7
398,Great experience from start to finish. Will shop here again!,2024-03-30,Facebook,Muyenga,positive,great experience start finish shop,34,5
399,Excellent products and service. Best in the area!,2024-11-26,Twitter,Ntinda,positive,excellent product service best area,35,5
400,Very disappointed. Product quality is poor and service is worse.,2023-08-31,WhatsApp,Ntinda,negative,disappointed product quality poor service worse,47,6
401,Average quality. Price is reasonable for what you get. Located in Lubaga.,2024-01-31,Instagram,Kampala,neutral,average quality price reasonable get located lubaga,51,7
402,Amazing service! The team went above and beyond to help me. Located in Central.,2024-03-09,WhatsApp,Bukoto,positive,amazing service team went beyond help located central,53,8
403,Standard delivery. Product works but quality is average. Located in Kawempe.,2024-05-11,Google,Ntinda,neutral,standard delivery product work quality average located kawempe,62,8
404,Standard service. No complaints but nothing exceptional either.,2023-04-08,WhatsApp,Kololo,neutral,standard service complaint nothing exceptional either,53,6
405,"Outstanding business! Professional, reliable, and customer-focused. Located in Kololo.",2023-08-23,Instagram,Muyenga,positive,outstanding business professional reliable located kololo,57,6
406,Excellent products and service. Best in the area!,2023-10-25,Google,Kololo,positive,excellent product service best area,35,5
407,Average quality. Price is reasonable for what you get.,2023-03-23,Instagram,Lubaga,neutral,average quality price reasonable get,36,5
408,Okay experience. Nothing to complain about but not impressed either.,2023-11-30,Instagram,Kawempe,neutral,okay experience nothing complain impressed either,49,6
409,Excellent business! Highly professional and reliable.,2024-01-17,Website,Ntinda,positive,excellent business highly professional reliable,47,5
410,Amazing service! The team went above and beyond to help me. Great business!,2023-01-11,Google,Muyenga,positive,amazing service team went beyond help great business,52,8
411,Not satisfied with the product. Quality is below expectations.,2024-02-05,WhatsApp,Kololo,negative,satisfied product quality expectation,37,4
412,Great value for money. Fast delivery and excellent packaging.,2023-11-21,Website,Muyenga,positive,great value money fast delivery excellent packaging,51,7
413,Best prices in Nakawa area. Great value for money. Located in Central. Great customer!,2024-05-09,Google,Bukoto,positive,best price nakawa area great value money located central great customer,71,11
414,Love the product quality. Fast shipping and good packaging. Great packaging!,2024-09-21,Facebook,Muyenga,positive,love product quality fast shipping good packaging great packaging,65,9
415,Quick response time and excellent customer care. Highly recommended!,2023-09-28,Instagram,Central,positive,quick response time excellent customer care highly recommended,62,8
416,"Fast shipping, good quality, and excellent customer support.",2024-11-30,Instagram,Kololo,positive,fast shipping good quality excellent customer support,53,7
417,Average experience. Product is functional and adequate.,2024-12-19,Instagram,Central,neutral,average experience product functional adequate,46,5
418,Best prices in Nakawa area. Great value for money.,2024-05-17,Instagram,Lubaga,positive,best price nakawa area great value money,40,7
419,Average quality. Nothing special but nothing wrong either.,2023-01-19,Google,Ntinda,neutral,average quality nothing special nothing wrong either,52,7
420,"Fast delivery, good quality, fair prices. What more could you ask for?",2024-06-22,WhatsApp,Ntinda,positive,fast delivery good quality fair price could ask,47,8
421,Professional service and high-quality products. Very happy!,2023-11-29,WhatsApp,Kampala,positive,professional service product happy,34,4
422,Excellent communication and fast delivery. Highly satisfied!,2023-05-11,Instagram,Central,positive,excellent communication fast delivery highly satisfied,54,6
423,Outstanding service! The staff was very helpful and friendly. Located in Bukoto.,2023-04-28,Twitter,Kampala,positive,outstanding service staff helpful friendly located bukoto,57,7
424,Okay product quality. Price matches the value received.,2023-07-04,Facebook,Ntinda,neutral,okay product quality price match value received,47,7
425,Excellent communication and fast delivery. Highly satisfied! Great order!,2023-03-17,Twitter,Nakawa,positive,excellent communication fast delivery highly satisfied great order,66,8
426,Great experience overall. Will be a returning customer.,2024-11-21,Website,Ntinda,positive,great experience overall returning customer,43,5
427,Very disappointed. Product quality is poor and service is worse.,2024-02-07,Instagram,Muyenga,negative,disappointed product quality poor service worse,47,6
428,Amazing quality products. Will definitely buy again from this shop. Located in Kampala.,2024-03-09,Website,Ntinda,positive,amazing quality product definitely buy shop located kampala,59,8
429,Standard service. No complaints but nothing exceptional either. Great delivery!,2023-09-19,Facebook,Makindye,neutral,standard service complaint nothing exceptional either great delivery,68,8
430,Best customer service I've experienced. Products are top quality.,2024-08-04,Website,Lubaga,positive,best customer service experienced product top quality,53,7
431,Excellent communication and fast delivery. Highly satisfied! Great price!,2024-08-28,Instagram,Kampala,positive,excellent communication fast delivery highly satisfied great price,66,8
432,Best prices in Nakawa area. Great value for money.,2024-06-30,Website,Central,positive,best price nakawa area great value money,40,7
433,Top-notch quality. Exceeded my expectations completely.,2023-03-15,Twitter,Kawempe,positive,quality exceeded expectation completely,39,4
434,Standard delivery. Product works but quality is average. Located in Kampala.,2024-11-13,WhatsApp,Makindye,neutral,standard delivery product work quality average located kampala,62,8
435,Excellent business! Highly professional and reliable.,2024-03-20,Twitter,Muyenga,positive,excellent business highly professional reliable,47,5
436,Standard service. No complaints but nothing exceptional either. Great shipping!,2024-07-26,Google,Nakawa,neutral,standard service complaint nothing exceptional either great shipping,68,8
437,Excellent products and service. Best in the area! Great experience!,2024-02-15,Twitter,Kawempe,positive,excellent product service best area great experience,52,7
438,Fair value for money. Quality is acceptable but not premium.,2024-02-06,Google,Makindye,neutral,fair value money quality acceptable premium,43,6
439,Very satisfied with my purchase. Great quality and fast delivery. Located in Central.,2024-09-10,Twitter,Kampala,positive,satisfied purchase great quality fast delivery located central,62,8
440,Customer service was unresponsive. Had to wait days for a reply. Great shipping!,2024-01-24,Website,Lubaga,negative,customer service unresponsive wait day reply great shipping,59,8
441,Average product quality. Meets basic expectations. Located in Muyenga. Great restaurant!,2023-11-19,WhatsApp,Ntinda,neutral,average product quality meet basic expectation located muyenga great restaurant,79,10
442,Very disappointed with the quality. Not worth the money paid.,2024-11-30,WhatsApp,Ntinda,negative,disappointed quality worth money paid,37,5
443,Great prices and even better service. Highly recommend this business! Located in Bukoto.,2024-02-13,WhatsApp,Lubaga,positive,great price even better service highly recommend business located bukoto,72,10
444,Worst shopping experience. Poor quality and terrible service.,2023-04-15,Instagram,Kampala,negative,worst shopping experience poor quality terrible service,55,7
445,Average product quality. Meets basic expectations. Great customer!,2024-11-16,Instagram,Muyenga,neutral,average product quality meet basic expectation great customer,61,8
446,Best customer service I've experienced. Products are top quality.,2024-05-23,WhatsApp,Kololo,positive,best customer service experienced product top quality,53,7
447,Great business with excellent customer care. Very professional.,2024-02-02,Instagram,Central,positive,great business excellent customer care professional,51,6
448,Best prices in Nakawa area. Great value for money.,2024-03-21,Instagram,Kampala,positive,best price nakawa area great value money,40,7
449,Best shopping experience! Quality products and great prices.,2024-04-01,Facebook,Central,positive,best shopping experience quality product great price,52,7
450,Product is functional. Does what it's supposed to do. Located in Bukoto.,2023-01-29,Website,Makindye,neutral,product functional supposed located bukoto,42,5
451,Best prices in Nakawa area. Great value for money. Great order!,2024-09-15,WhatsApp,Lubaga,positive,best price nakawa area great value money great order,52,9
452,Great business with excellent customer care. Very professional.,2023-07-28,Instagram,Central,positive,great business excellent customer care professional,51,6
453,Standard delivery time. Product quality is average. Located in Makindye. Great product!,2023-11-03,Instagram,Central,neutral,standard delivery time product quality average located makindye great product,77,10
454,Excellent communication and fast delivery. Highly satisfied! Great staff!,2023-10-29,Website,Muyenga,positive,excellent communication fast delivery highly satisfied great staff,66,8
455,Outstanding service! The staff was very helpful and friendly. Located in Bukoto.,2024-06-03,Instagram,Nakawa,positive,outstanding service staff helpful friendly located bukoto,57,7
456,Amazing service! The team went above and beyond to help me. Located in Nakawa.,2023-06-28,Twitter,Bukoto,positive,amazing service team went beyond help located nakawa,52,8
457,Amazing service! The team went above and beyond to help me. Great service!,2023-02-23,WhatsApp,Lubaga,positive,amazing service team went beyond help great service,51,8
458,Best customer service I've experienced. Products are top quality.,2024-05-13,Twitter,Ntinda,positive,best customer service experienced product top quality,53,7
459,Amazing experience! The product arrived on time and in perfect condition.,2023-10-22,Website,Muyenga,positive,amazing experience product arrived time perfect condition,57,7
460,Excellent products and service. Best in the area! Located in Makindye.,2023-06-02,Instagram,Ntinda,positive,excellent product service best area located makindye,52,7
461,Amazing quality products. Will definitely buy again from this shop. Located in Kampala. Great experience!,2023-10-22,WhatsApp,Bukoto,positive,amazing quality product definitely buy shop located kampala great experience,76,10
462,Very disappointed. Product quality is poor and service is worse.,2023-05-03,Facebook,Makindye,negative,disappointed product quality poor service worse,47,6
463,Best shopping experience! Quality products and great prices. Located in Ntinda.,2023-06-03,Google,Kololo,positive,best shopping experience quality product great price located ntinda,67,9
464,Product didn't work as expected. Waste of money. Located in Muyenga.,2024-11-17,Twitter,Central,negative,product work expected waste money located muyenga,49,7
465,Great service! Very fast delivery in Kampala. Highly recommend! Located in Kampala.,2023-08-03,Facebook,Central,positive,great service fast delivery kampala highly recommend located kampala,68,9
466,Excellent business! Highly professional and reliable. Located in Makindye.,2023-09-26,Twitter,Kampala,positive,excellent business highly professional reliable located makindye,64,7
467,Product is fine. Meets expectations without exceeding them. Great experience!,2024-05-07,Website,Bukoto,neutral,product fine meet expectation without exceeding great experience,64,8
468,Excellent products and service. Best in the area!,2024-05-25,Google,Bukoto,positive,excellent product service best area,35,5
469,Poor customer service. Staff was rude and unhelpful. Located in Bukoto.,2023-07-19,WhatsApp,Bukoto,negative,poor customer service staff rude unhelpful located bukoto,57,8
470,Delivery issues. Package arrived late and damaged. Located in Kawempe.,2023-02-18,Facebook,Nakawa,negative,delivery issue package arrived late damaged located kawempe,59,8
471,Product is okay. Nothing special but serves its purpose. Located in Muyenga.,2023-07-09,Website,Bukoto,neutral,product okay nothing special serf purpose located muyenga,57,8
472,"Fast delivery, good quality, fair prices. What more could you ask for? Located in Ntinda.",2023-11-25,Website,Ntinda,positive,fast delivery good quality fair price could ask located ntinda,62,10
473,"Fast shipping, good quality, and excellent customer support. Located in Bukoto. Great delivery!",2024-06-18,Facebook,Kololo,positive,fast shipping good quality excellent customer support located bukoto great delivery,83,11
474,Best shop in Kawempe. Quality products and great service.,2024-04-27,WhatsApp,Central,positive,best shop kawempe quality product great service,47,7
475,Great prices and even better service. Highly recommend this business! Located in Makindye. Great shop!,2023-12-24,Instagram,Kampala,positive,great price even better service highly recommend business located makindye great shop,85,12
476,Very disappointed. Product quality is poor and service is worse.,2024-08-10,Instagram,Nakawa,negative,disappointed product quality poor service worse,47,6
477,Quick response time and excellent customer care. Highly recommended! Great order!,2023-04-02,Instagram,Kololo,positive,quick response time excellent customer care highly recommended great order,74,10
478,Poor packaging led to damaged goods. Very unprofessional. Located in Lubaga.,2023-08-20,Facebook,Lubaga,negative,poor packaging led damaged good unprofessional located lubaga,61,8
479,"Fast shipping, good quality, and excellent customer support.",2024-06-06,Google,Central,positive,fast shipping good quality excellent customer support,53,7
480,Excellent customer support. They responded quickly to my questions.,2023-11-18,Facebook,Makindye,positive,excellent customer support responded quickly question,53,6
481,Amazing quality products. Will definitely buy again from this shop.,2023-12-13,WhatsApp,Kawempe,positive,amazing quality product definitely buy shop,43,6
482,Love shopping here! Always get great deals and quality products. Great shipping!,2023-10-11,Twitter,Lubaga,positive,love shopping always get great deal quality product great shipping,66,10
483,"Fast shipping, good quality, and excellent customer support.",2023-01-06,Google,Kawempe,positive,fast shipping good quality excellent customer support,53,7
484,"Fast delivery, good quality, fair prices. What more could you ask for? Located in Makindye.",2024-07-10,Website,Bukoto,positive,fast delivery good quality fair price could ask located makindye,64,10
485,Excellent customer support. They responded quickly to my questions. Great store!,2024-08-11,Website,Nakawa,positive,excellent customer support responded quickly question great store,65,8
486,Poor quality products. Broke within days of purchase.,2024-05-10,Google,Central,negative,poor quality product broke within day purchase,46,7
487,Very satisfied with my purchase. Great quality and fast delivery. Great customer!,2024-09-11,Twitter,Kampala,positive,satisfied purchase great quality fast delivery great customer,61,8
488,Disappointing experience. Would not recommend this shop.,2024-10-30,Instagram,Muyenga,negative,disappointing experience would recommend shop,45,5
489,"Fast shipping, good quality, and excellent customer support.",2023-04-14,Google,Central,positive,fast shipping good quality excellent customer support,53,7
490,Great prices and even better service. Highly recommend this business!,2023-01-29,Website,Lubaga,positive,great price even better service highly recommend business,57,8
491,"Fast shipping, good quality, and excellent customer support.",2023-09-11,Website,Muyenga,positive,fast shipping good quality excellent customer support,53,7
492,Standard experience. Product does what it needs to do. Great product!,2023-01-18,Website,Nakawa,neutral,standard experience product need great product,46,6
493,Okay service. Product meets basic requirements.,2024-05-25,Facebook,Kololo,neutral,okay service product meet basic requirement,43,6
494,Decent value. Product works as expected. Located in Muyenga. Great store!,2024-09-02,Facebook,Ntinda,neutral,decent value product work expected located muyenga great store,62,9
495,Love the product quality. Fast shipping and good packaging.,2024-05-03,Instagram,Muyenga,positive,love product quality fast shipping good packaging,49,7
496,Great business with excellent customer care. Very professional. Located in Bukoto.,2024-01-13,Facebook,Kololo,positive,great business excellent customer care professional located bukoto,66,8
497,Average experience overall. Product is fine but not great. Located in Kololo.,2024-12-24,Website,Makindye,neutral,average experience overall product fine great located kololo,60,8
498,Excellent products and service. Best in the area! Located in Central. Great support!,2023-01-16,Instagram,Lubaga,positive,excellent product service best area located central great support,65,9
499,Terrible experience. Would not recommend this business to anyone. Located in Bukoto.,2024-09-01,Facebook,Kololo,negative,terrible experience would recommend business anyone located bukoto,66,8
500,Average experience. Product is functional and adequate. Located in Makindye.,2023-05-01,Instagram,Muyenga,neutral,average experience product functional adequate located makindye,63,7
501,Excellent customer support. They responded quickly to my questions.,2024-12-13,Facebook,Nakawa,positive,excellent customer support responded quickly question,53,6
502,Outstanding quality and service. Will definitely shop here again.,2024-02-25,Website,Lubaga,positive,outstanding quality service definitely shop,43,5
503,Excellent customer support. They responded quickly to my questions. Located in Kololo. Great packaging!,2024-01-02,Instagram,Ntinda,positive,excellent customer support responded quickly question located kololo great packaging,84,10
504,Overpriced compared to other shops in Nakawa area. Located in Bukoto.,2024-12-11,WhatsApp,Central,negative,overpriced compared shop nakawa area located bukoto,51,7
505,Best prices in Nakawa area. Great value for money.,2024-12-29,Facebook,Muyenga,positive,best price nakawa area great value money,40,7
506,Amazing service! The team went above and beyond to help me. Located in Ntinda.,2024-11-17,Google,Kampala,positive,amazing service team went beyond help located ntinda,52,8
507,Great service! Very fast delivery in Kampala. Highly recommend!,2024-05-04,Instagram,Central,positive,great service fast delivery kampala highly recommend,52,7
508,Great service! Very fast delivery in Kampala. Highly recommend!,2023-04-16,Facebook,Kololo,positive,great service fast delivery kampala highly recommend,52,7
509,Best customer service I've experienced. Products are top quality.,2024-01-20,Facebook,Lubaga,positive,best customer service experienced product top quality,53,7
510,Top-notch quality. Exceeded my expectations completely. Located in Ntinda.,2023-02-06,Website,Kololo,positive,quality exceeded expectation completely located ntinda,54,6
511,Decent quality products. Price is fair for what you receive.,2024-10-08,WhatsApp,Kololo,neutral,decent quality product price fair receive,41,6
512,Decent service. No major complaints but nothing impressive. Located in Lubaga.,2024-07-09,Website,Makindye,neutral,decent service major complaint nothing impressive located lubaga,64,8
513,Great experience overall. Will be a returning customer.,2024-10-07,Website,Kawempe,positive,great experience overall returning customer,43,5
514,Amazing experience! The product arrived on time and in perfect condition. Located in Nakawa.,2024-12-30,Instagram,Makindye,positive,amazing experience product arrived time perfect condition located nakawa,72,9
515,Would not buy from here again. Poor experience overall.,2024-11-09,WhatsApp,Kampala,negative,would buy poor experience overall,33,5
516,Product was damaged on arrival. Poor packaging quality. Located in Kololo.,2024-02-23,Facebook,Lubaga,negative,product damaged arrival poor packaging quality located kololo,61,8
517,Excellent customer support. They responded quickly to my questions. Located in Nakawa.,2024-08-22,Website,Muyenga,positive,excellent customer support responded quickly question located nakawa,68,8
518,"Fast shipping, good quality, and excellent customer support. Great staff!",2024-05-12,Facebook,Central,positive,fast shipping good quality excellent customer support great staff,65,9
519,Product was defective but they refused to refund. Bad business.,2023-06-12,Twitter,Muyenga,negative,product defective refused refund bad business,45,6
520,Average quality. Nothing special but nothing wrong either.,2023-08-11,WhatsApp,Bukoto,neutral,average quality nothing special nothing wrong either,52,7
521,Worst shopping experience. Poor quality and terrible service.,2024-05-26,Website,Kololo,negative,worst shopping experience poor quality terrible service,55,7
522,Top-notch quality. Exceeded my expectations completely.,2024-11-02,Website,Central,positive,quality exceeded expectation completely,39,4
523,Customer service is terrible. No one responds to complaints.,2024-12-25,Instagram,Lubaga,negative,customer service terrible one responds complaint,48,6
524,Top-notch quality. Exceeded my expectations completely.,2024-03-12,Facebook,Kampala,positive,quality exceeded expectation completely,39,4
525,Great value for money. Fast delivery and excellent packaging.,2024-10-29,WhatsApp,Muyenga,positive,great value money fast delivery excellent packaging,51,7
526,Average product quality. Meets basic expectations.,2023-09-13,Google,Bukoto,neutral,average product quality meet basic expectation,46,6
527,Love the product quality. Fast shipping and good packaging.,2023-04-23,Google,Ntinda,positive,love product quality fast shipping good packaging,49,7
528,Standard delivery. Product works but quality is average.,2023-04-22,Instagram,Muyenga,neutral,standard delivery product work quality average,46,6
529,Very slow delivery and unresponsive customer support.,2024-08-13,Twitter,Kawempe,negative,slow delivery unresponsive customer support,43,5
530,Product was different from what was advertised. Misleading description. Great store!,2023-03-16,Website,Bukoto,negative,product different advertised misleading description great store,63,7
531,Great value for money. Fast delivery and excellent packaging.,2023-09-29,Website,Bukoto,positive,great value money fast delivery excellent packaging,51,7
532,"Outstanding business! Professional, reliable, and customer-focused. Located in Central. Great product!",2023-04-06,Facebook,Ntinda,positive,outstanding business professional reliable located central great product,72,8
533,Okay service. Product meets basic requirements.,2024-09-12,Twitter,Kampala,neutral,okay service product meet basic requirement,43,6
534,"Outstanding business! Professional, reliable, and customer-focused.",2024-11-26,Facebook,Nakawa,positive,outstanding business professional reliable,42,4
535,Delivery was on time. Product is as expected. Located in Nakawa.,2023-09-18,Website,Bukoto,neutral,delivery time product expected located nakawa,45,6
536,Very disappointed. Product quality is poor and service is worse. Located in Kampala.,2023-09-25,Facebook,Nakawa,negative,disappointed product quality poor service worse located kampala,63,8
537,Poor customer service. Staff was rude and unhelpful.,2023-11-04,Instagram,Nakawa,negative,poor customer service staff rude unhelpful,42,6
538,Excellent products and service. Best in the area! Great business!,2023-11-15,Google,Central,positive,excellent product service best area great business,50,7
539,Excellent customer support. They responded quickly to my questions. Located in Kololo. Great support!,2024-02-13,Instagram,Muyenga,positive,excellent customer support responded quickly question located kololo great support,82,10
540,Professional service and high-quality products. Very happy!,2024-01-30,Google,Lubaga,positive,professional service product happy,34,4
541,Great experience overall. Will be a returning customer.,2023-06-23,Instagram,Muyenga,positive,great experience overall returning customer,43,5
542,Okay product quality. Price matches the value received. Located in Kawempe.,2024-04-16,WhatsApp,Kawempe,neutral,okay product quality price match value received located kawempe,63,9
543,Love shopping here! Always get great deals and quality products. Located in Makindye.,2023-08-18,Website,Ntinda,positive,love shopping always get great deal quality product located makindye,68,10
544,Amazing service! The team went above and beyond to help me.,2024-08-20,Twitter,Makindye,positive,amazing service team went beyond help,37,6
545,Best prices in Nakawa area. Great value for money.,2024-04-29,Twitter,Lubaga,positive,best price nakawa area great value money,40,7
546,Great business with excellent customer care. Very professional. Located in Central.,2024-07-25,Website,Kawempe,positive,great business excellent customer care professional located central,67,8
547,Excellent business! Highly professional and reliable. Located in Muyenga. Great quality!,2024-12-02,WhatsApp,Bukoto,positive,excellent business highly professional reliable located muyenga great quality,77,9
548,Standard business service. Acceptable but not exceptional.,2024-09-19,WhatsApp,Kampala,neutral,standard business service acceptable exceptional,48,5
549,Delivery was delayed multiple times. Very frustrating experience. Located in Ntinda. Great price!,2024-05-11,Website,Central,negative,delivery delayed multiple time frustrating experience located ntinda great price,80,10
550,Standard delivery. Product works but quality is average.,2024-06-28,Google,Kololo,neutral,standard delivery product work quality average,46,6
551,Fair experience overall. Nothing exceptional but acceptable.,2023-10-22,Website,Kampala,neutral,fair experience overall nothing exceptional acceptable,54,6
552,Professional service and high-quality products. Very happy!,2024-08-24,Website,Central,positive,professional service product happy,34,4
553,Great value for money. Fast delivery and excellent packaging. Located in Ntinda.,2023-03-16,Facebook,Kampala,positive,great value money fast delivery excellent packaging located ntinda,66,9
554,Great prices and even better service. Highly recommend this business! Located in Nakawa.,2024-12-26,Google,Muyenga,positive,great price even better service highly recommend business located nakawa,72,10
555,Customer service is terrible. No one responds to complaints.,2023-11-07,Facebook,Lubaga,negative,customer service terrible one responds complaint,48,6
556,"Outstanding business! Professional, reliable, and customer-focused. Located in Lubaga.",2024-05-10,Website,Muyenga,positive,outstanding business professional reliable located lubaga,57,6
557,Top quality products at reasonable prices. Highly recommended!,2023-04-19,Google,Ntinda,positive,top quality product reasonable price highly recommended,55,7
558,Decent service. No major complaints but nothing impressive. Great experience!,2024-11-30,Instagram,Lubaga,neutral,decent service major complaint nothing impressive great experience,66,8
559,Amazing experience! The product arrived on time and in perfect condition. Located in Kampala. Great price!,2024-09-18,Instagram,Ntinda,positive,amazing experience product arrived time perfect condition located kampala great price,85,11
560,Decent quality products. Price is fair for what you receive. Located in Muyenga.,2024-05-21,Facebook,Kampala,neutral,decent quality product price fair receive located muyenga,57,8
561,"Outstanding business! Professional, reliable, and customer-focused. Great restaurant!",2024-12-06,Google,Muyenga,positive,outstanding business professional reliable great restaurant,59,6
562,Top-notch quality. Exceeded my expectations completely.,2023-03-08,Instagram,Lubaga,positive,quality exceeded expectation completely,39,4
563,Okay service. Nothing special but gets the job done. Great purchase!,2023-08-08,Twitter,Lubaga,neutral,okay service nothing special get job done great purchase,56,9
564,Great service! Very fast delivery in Kampala. Highly recommend!,2023-04-22,WhatsApp,Lubaga,positive,great service fast delivery kampala highly recommend,52,7
565,Terrible customer service. No help when I had an issue.,2023-09-23,Website,Lubaga,negative,terrible customer service help issue,36,5
566,Delivery was on time. Product is as expected.,2023-12-10,Facebook,Kololo,neutral,delivery time product expected,30,4
567,Product quality was disappointing. Not as described on the website.,2023-01-24,WhatsApp,Kawempe,negative,product quality disappointing described website,47,5
568,Excellent communication and fast delivery. Highly satisfied! Great experience!,2024-01-31,Twitter,Lubaga,positive,excellent communication fast delivery highly satisfied great experience,71,8
569,Amazing service! The team went above and beyond to help me.,2023-06-05,Facebook,Lubaga,positive,amazing service team went beyond help,37,6
570,Okay product quality. Price matches the value received. Located in Kampala.,2023-09-21,Twitter,Lubaga,neutral,okay product quality price match value received located kampala,63,9
571,Average experience. Product is functional and adequate.,2023-09-13,Instagram,Ntinda,neutral,average experience product functional adequate,46,5
572,Excellent products and service. Best in the area! Great shop!,2024-03-23,Google,Kololo,positive,excellent product service best area great shop,46,7
573,Standard quality. Nothing to complain about or praise. Great service!,2024-11-15,WhatsApp,Nakawa,neutral,standard quality nothing complain praise great service,54,7
574,Product was damaged on arrival. Poor packaging quality.,2023-12-01,Facebook,Kololo,negative,product damaged arrival poor packaging quality,46,6
575,Product is functional. Does what it's supposed to do.,2024-04-04,Instagram,Lubaga,neutral,product functional supposed,27,3
576,Professional service and high-quality products. Very happy!,2023-04-02,Instagram,Central,positive,professional service product happy,34,4
577,Average quality products. Functional but not impressive.,2023-09-22,Facebook,Bukoto,neutral,average quality product functional impressive,45,5
578,Very satisfied with my purchase. Great quality and fast delivery. Located in Kololo.,2024-03-27,Instagram,Kawempe,positive,satisfied purchase great quality fast delivery located kololo,61,8
579,Great prices and even better service. Highly recommend this business!,2024-10-15,Instagram,Kololo,positive,great price even better service highly recommend business,57,8
580,Amazing experience! The product arrived on time and in perfect condition. Located in Nakawa.,2024-07-14,Website,Central,positive,amazing experience product arrived time perfect condition located nakawa,72,9
581,"Fast delivery, good quality, fair prices. What more could you ask for? Located in Kololo.",2024-09-21,Twitter,Kawempe,positive,fast delivery good quality fair price could ask located kololo,62,10
582,Standard business service. Acceptable but not exceptional. Located in Central.,2024-02-16,Google,Central,neutral,standard business service acceptable exceptional located central,64,7
583,Terrible customer service. No help when I had an issue. Located in Lubaga.,2024-10-05,Facebook,Muyenga,negative,terrible customer service help issue located lubaga,51,7
584,Product was damaged on arrival. Poor packaging quality.,2023-01-20,WhatsApp,Makindye,negative,product damaged arrival poor packaging quality,46,6
585,Okay service. Product meets basic requirements. Located in Kololo.,2023-09-07,Twitter,Makindye,neutral,okay service product meet basic requirement located kololo,58,8
586,Not satisfied at all. Product quality is below standard.,2024-09-27,Instagram,Central,negative,satisfied product quality standard,34,4
587,Best prices in Nakawa area. Great value for money.,2024-09-19,Twitter,Kampala,positive,best price nakawa area great value money,40,7
588,Great experience from start to finish. Will shop here again! Located in Makindye.,2024-10-20,Twitter,Lubaga,positive,great experience start finish shop located makindye,51,7
589,Delivery issues. Package arrived late and damaged. Located in Ntinda.,2023-04-07,Instagram,Central,negative,delivery issue package arrived late damaged located ntinda,58,8
590,Poor packaging led to damaged goods. Very unprofessional. Located in Ntinda.,2024-08-23,Twitter,Makindye,negative,poor packaging led damaged good unprofessional located ntinda,61,8
591,Average quality products. Functional but not impressive. Located in Kawempe. Great store!,2024-07-16,Google,Central,neutral,average quality product functional impressive located kawempe great store,73,9
592,"Fast delivery, good quality, fair prices. What more could you ask for?",2023-11-26,Instagram,Ntinda,positive,fast delivery good quality fair price could ask,47,8
593,Poor customer service. Staff was rude and unhelpful. Great purchase!,2024-09-23,Google,Lubaga,negative,poor customer service staff rude unhelpful great purchase,57,8
594,Amazing quality products. Will definitely buy again from this shop.,2024-09-27,Facebook,Makindye,positive,amazing quality product definitely buy shop,43,6
595,Product was damaged on arrival. Poor packaging quality. Great shop!,2024-01-09,Facebook,Makindye,negative,product damaged arrival poor packaging quality great shop,57,8
596,Love shopping here! Always get great deals and quality products.,2024-10-24,Facebook,Kampala,positive,love shopping always get great deal quality product,51,8
597,Average quality products. Functional but not impressive.,2023-11-29,Google,Makindye,neutral,average quality product functional impressive,45,5
598,"Outstanding business! Professional, reliable, and customer-focused.",2024-12-03,WhatsApp,Ntinda,positive,outstanding business professional reliable,42,4
599,Great business with excellent customer care. Very professional. Located in Lubaga.,2024-11-08,Google,Kololo,positive,great business excellent customer care professional located lubaga,66,8
600,Best shop in Kawempe. Quality products and great service. Located in Lubaga.,2024-08-23,WhatsApp,Nakawa,positive,best shop kawempe quality product great service located lubaga,62,9
601,Best customer service I've experienced. Products are top quality.,2024-12-30,Facebook,Makindye,positive,best customer service experienced product top quality,53,7
602,Great prices and even better service. Highly recommend this business! Located in Kololo.,2023-05-15,Google,Kawempe,positive,great price even better service highly recommend business located kololo,72,10
603,Product works fine. Decent quality for the price paid.,2024-09-16,Twitter,Lubaga,neutral,product work fine decent quality price paid,43,7
604,Amazing service! The team went above and beyond to help me. Located in Kampala.,2023-10-05,Twitter,Central,positive,amazing service team went beyond help located kampala,53,8
605,Professional service and high-quality products. Very happy! Great experience!,2023-11-23,Website,Central,positive,professional service product happy great experience,51,6
606,Great business with excellent customer care. Very professional.,2024-08-14,Instagram,Makindye,positive,great business excellent customer care professional,51,6
607,Great prices and even better service. Highly recommend this business!,2023-03-24,Instagram,Lubaga,positive,great price even better service highly recommend business,57,8
608,Poor value for money. Better options available elsewhere.,2023-05-27,Instagram,Lubaga,negative,poor value money better option available elsewhere,50,7
609,Disappointing experience. Would not recommend this shop.,2023-11-30,WhatsApp,Muyenga,negative,disappointing experience would recommend shop,45,5
610,Terrible experience. Would not recommend this business to anyone. Located in Central.,2023-07-09,Facebook,Makindye,negative,terrible experience would recommend business anyone located central,67,8
611,Average quality. Nothing special but nothing wrong either.,2023-02-22,Facebook,Muyenga,neutral,average quality nothing special nothing wrong either,52,7
612,Professional service and high-quality products. Very happy!,2024-12-29,WhatsApp,Kololo,positive,professional service product happy,34,4
613,Fair experience overall. Nothing exceptional but acceptable. Located in Central.,2024-10-18,Instagram,Kampala,neutral,fair experience overall nothing exceptional acceptable located central,70,8
614,Top-notch quality. Exceeded my expectations completely. Located in Kampala. Great shipping!,2024-10-08,Website,Muyenga,positive,quality exceeded expectation completely located kampala great shipping,70,8
615,Very satisfied with my purchase. Great quality and fast delivery.,2023-01-29,Google,Makindye,positive,satisfied purchase great quality fast delivery,46,6
616,Product arrived damaged and customer service refused to help.,2024-02-22,Instagram,Nakawa,negative,product arrived damaged customer service refused help,53,7
617,Amazing quality products. Will definitely buy again from this shop.,2023-07-15,WhatsApp,Central,positive,amazing quality product definitely buy shop,43,6
618,Great value for money. Fast delivery and excellent packaging. Located in Lubaga.,2024-11-17,WhatsApp,Nakawa,positive,great value money fast delivery excellent packaging located lubaga,66,9
619,"Fast shipping, good quality, and excellent customer support.",2023-08-14,WhatsApp,Muyenga,positive,fast shipping good quality excellent customer support,53,7
620,Love shopping here! Always get great deals and quality products.,2023-11-20,Google,Muyenga,positive,love shopping always get great deal quality product,51,8
621,Very disappointed with the quality. Not worth the money paid.,2024-12-15,Instagram,Ntinda,negative,disappointed quality worth money paid,37,5
622,Okay service. Nothing special but gets the job done. Located in Makindye. Great store!,2023-06-28,Google,Kampala,neutral,okay service nothing special get job done located makindye great store,70,11
623,Amazing experience! The product arrived on time and in perfect condition.,2023-10-13,WhatsApp,Central,positive,amazing experience product arrived time perfect condition,57,7
624,Great business with excellent customer care. Very professional.,2024-10-15,Twitter,Kololo,positive,great business excellent customer care professional,51,6
625,Great business with excellent customer care. Very professional. Located in Kawempe.,2024-12-27,WhatsApp,Kawempe,positive,great business excellent customer care professional located kawempe,67,8
626,Average quality. Nothing special but nothing wrong either. Located in Bukoto.,2023-07-30,Facebook,Muyenga,neutral,average quality nothing special nothing wrong either located bukoto,67,9
627,Amazing service! The team went above and beyond to help me.,2024-11-20,Instagram,Kampala,positive,amazing service team went beyond help,37,6
628,Okay experience. Nothing to complain about but not impressed either. Great business!,2023-11-22,WhatsApp,Kololo,neutral,okay experience nothing complain impressed either great business,64,8
629,Standard experience. Product does what it needs to do. Located in Lubaga.,2023-04-16,WhatsApp,Kampala,neutral,standard experience product need located lubaga,47,6
630,Best shop in Kawempe. Quality products and great service. Located in Makindye. Great delivery!,2023-01-03,Instagram,Makindye,positive,best shop kawempe quality product great service located makindye great delivery,79,11
631,Standard delivery time. Product quality is average. Located in Central.,2024-04-27,Instagram,Makindye,neutral,standard delivery time product quality average located central,62,8
632,Poor quality products. Broke within days of purchase. Great experience!,2024-07-19,Facebook,Muyenga,negative,poor quality product broke within day purchase great experience,63,9
633,Product works fine. Decent quality for the price paid.,2023-11-19,Website,Bukoto,neutral,product work fine decent quality price paid,43,7
634,Decent service. No major complaints but nothing impressive.,2024-03-20,Website,Makindye,neutral,decent service major complaint nothing impressive,49,6
635,Best customer service I've experienced. Products are top quality.,2024-05-16,WhatsApp,Bukoto,positive,best customer service experienced product top quality,53,7
636,Great business with excellent customer care. Very professional.,2024-11-20,Google,Muyenga,positive,great business excellent customer care professional,51,6
637,"Fast delivery, good quality, fair prices. What more could you ask for? Great product!",2024-08-30,Google,Lubaga,positive,fast delivery good quality fair price could ask great product,61,10
638,Delivery issues. Package arrived late and damaged. Located in Kampala. Great shop!,2023-11-20,Website,Central,negative,delivery issue package arrived late damaged located kampala great shop,70,10
639,Product works as expected. No major issues or complaints. Located in Kampala.,2024-07-11,Twitter,Bukoto,neutral,product work expected major issue complaint located kampala,59,8
640,Top-notch quality. Exceeded my expectations completely. Located in Kawempe.,2024-07-08,Instagram,Ntinda,positive,quality exceeded expectation completely located kawempe,55,6
641,Standard delivery. Product works but quality is average. Great quality!,2024-08-28,Facebook,Bukoto,neutral,standard delivery product work quality average great quality,60,8
642,Very satisfied with my purchase. Great quality and fast delivery.,2023-02-02,Instagram,Kawempe,positive,satisfied purchase great quality fast delivery,46,6
643,Excellent business! Highly professional and reliable.,2024-06-18,Instagram,Lubaga,positive,excellent business highly professional reliable,47,5
644,Decent service. No major complaints but nothing impressive.,2023-03-29,Facebook,Kampala,neutral,decent service major complaint nothing impressive,49,6
645,Outstanding service! The staff was very helpful and friendly.,2023-12-28,Google,Kampala,positive,outstanding service staff helpful friendly,42,5
646,Amazing service! The team went above and beyond to help me. Located in Makindye.,2024-07-11,Website,Kampala,positive,amazing service team went beyond help located makindye,54,8
647,Outstanding service! The staff was very helpful and friendly.,2023-09-23,WhatsApp,Makindye,positive,outstanding service staff helpful friendly,42,5
648,Quick response time and excellent customer care. Highly recommended!,2024-08-19,WhatsApp,Kawempe,positive,quick response time excellent customer care highly recommended,62,8
649,Excellent products and service. Best in the area! Great purchase!,2024-01-11,Instagram,Ntinda,positive,excellent product service best area great purchase,50,7
650,Standard experience. Product does what it needs to do. Located in Ntinda.,2023-06-02,Facebook,Kawempe,neutral,standard experience product need located ntinda,47,6
651,Outstanding quality and service. Will definitely shop here again.,2023-03-06,Google,Bukoto,positive,outstanding quality service definitely shop,43,5
652,Amazing quality products. Will definitely buy again from this shop. Located in Central.,2024-05-25,Instagram,Muyenga,positive,amazing quality product definitely buy shop located central,59,8
653,Excellent communication and fast delivery. Highly satisfied! Located in Bukoto.,2024-09-03,WhatsApp,Lubaga,positive,excellent communication fast delivery highly satisfied located bukoto,69,8
654,Excellent business! Highly professional and reliable.,2024-11-29,Google,Central,positive,excellent business highly professional reliable,47,5
655,Excellent business! Highly professional and reliable. Located in Lubaga.,2024-04-28,WhatsApp,Bukoto,positive,excellent business highly professional reliable located lubaga,62,7
656,Would not buy from here again. Poor experience overall. Located in Nakawa.,2023-05-26,Google,Makindye,negative,would buy poor experience overall located nakawa,48,7
657,Standard experience. Product does what it needs to do.,2023-01-11,Instagram,Bukoto,neutral,standard experience product need,32,4
658,Okay delivery time. Product is functional and usable. Located in Kololo.,2023-11-19,Twitter,Kawempe,neutral,okay delivery time product functional usable located kololo,59,8
659,Great prices and even better service. Highly recommend this business!,2024-06-30,WhatsApp,Ntinda,positive,great price even better service highly recommend business,57,8
660,Best customer service I've experienced. Products are top quality.,2024-04-09,Twitter,Nakawa,positive,best customer service experienced product top quality,53,7
661,"Fast delivery, good quality, fair prices. What more could you ask for?",2024-11-16,Twitter,Lubaga,positive,fast delivery good quality fair price could ask,47,8
662,Very satisfied with my purchase. Great quality and fast delivery.,2024-12-12,Website,Ntinda,positive,satisfied purchase great quality fast delivery,46,6
663,"Fast delivery, good quality, fair prices. What more could you ask for? Located in Lubaga. Great shipping!",2024-12-28,WhatsApp,Makindye,positive,fast delivery good quality fair price could ask located lubaga great shipping,77,12
664,Amazing quality products. Will definitely buy again from this shop. Located in Kololo.,2024-05-21,WhatsApp,Ntinda,positive,amazing quality product definitely buy shop located kololo,58,8
665,Great value for money. Fast delivery and excellent packaging. Located in Central.,2024-12-31,WhatsApp,Kampala,positive,great value money fast delivery excellent packaging located central,67,9
666,Great value for money. Fast delivery and excellent packaging.,2023-12-04,Website,Muyenga,positive,great value money fast delivery excellent packaging,51,7
667,Love shopping here! Always get great deals and quality products.,2023-08-18,Website,Kampala,positive,love shopping always get great deal quality product,51,8
668,Standard delivery. Product works but quality is average. Great store!,2024-12-10,WhatsApp,Lubaga,neutral,standard delivery product work quality average great store,58,8
669,Amazing experience! The product arrived on time and in perfect condition. Great customer!,2024-11-06,Twitter,Bukoto,positive,amazing experience product arrived time perfect condition great customer,72,9
670,Worst shopping experience. Poor quality and terrible service.,2024-09-14,Instagram,Ntinda,negative,worst shopping experience poor quality terrible service,55,7
671,Great value for money. Fast delivery and excellent packaging.,2024-08-22,Twitter,Muyenga,positive,great value money fast delivery excellent packaging,51,7
672,Amazing service! The team went above and beyond to help me. Located in Lubaga.,2023-04-05,Twitter,Ntinda,positive,amazing service team went beyond help located lubaga,52,8
673,Best prices in Nakawa area. Great value for money. Located in Nakawa.,2024-10-30,Google,Kololo,positive,best price nakawa area great value money located nakawa,55,9
674,Excellent products and service. Best in the area!,2023-12-09,Instagram,Bukoto,positive,excellent product service best area,35,5
675,Average quality. Nothing special but nothing wrong either.,2023-07-03,Instagram,Muyenga,neutral,average quality nothing special nothing wrong either,52,7
676,Standard service. No complaints but nothing exceptional either. Located in Central. Great quality!,2023-01-31,Google,Kampala,neutral,standard service complaint nothing exceptional either located central great quality,83,10
677,Great experience overall. Will be a returning customer. Great store!,2024-07-16,Website,Lubaga,positive,great experience overall returning customer great store,55,7
678,Standard service. No complaints but nothing exceptional either. Located in Kololo.,2023-09-15,WhatsApp,Bukoto,neutral,standard service complaint nothing exceptional either located kololo,68,8
679,Product is okay. Nothing special but serves its purpose.,2024-10-09,Google,Bukoto,neutral,product okay nothing special serf purpose,41,6
680,Outstanding service! The staff was very helpful and friendly.,2023-05-26,Instagram,Nakawa,positive,outstanding service staff helpful friendly,42,5
681,Standard business service. Acceptable but not exceptional.,2023-01-05,Google,Ntinda,neutral,standard business service acceptable exceptional,48,5
682,Delivery was delayed multiple times. Very frustrating experience. Great experience!,2023-05-19,Google,Nakawa,negative,delivery delayed multiple time frustrating experience great experience,70,8
683,Not satisfied at all. Product quality is below standard.,2024-09-25,Facebook,Kawempe,negative,satisfied product quality standard,34,4
684,Great experience from start to finish. Will shop here again!,2024-11-12,Twitter,Kampala,positive,great experience start finish shop,34,5
685,Excellent communication and fast delivery. Highly satisfied! Great price!,2024-07-30,Facebook,Nakawa,positive,excellent communication fast delivery highly satisfied great price,66,8
686,Great experience overall. Will be a returning customer.,2024-08-10,Google,Kololo,positive,great experience overall returning customer,43,5
687,Disappointing experience. Would not recommend this shop. Great support!,2023-09-29,Facebook,Ntinda,negative,disappointing experience would recommend shop great support,59,7
688,Poor customer service. Staff was rude and unhelpful. Located in Central.,2024-02-05,Instagram,Kawempe,negative,poor customer service staff rude unhelpful located central,58,8
689,Poor customer service. Staff was rude and unhelpful.,2024-12-16,Website,Nakawa,negative,poor customer service staff rude unhelpful,42,6
690,Would not buy from here again. Poor experience overall. Located in Lubaga.,2023-10-16,Twitter,Kololo,negative,would buy poor experience overall located lubaga,48,7
691,Standard experience. Product does what it needs to do.,2023-12-01,WhatsApp,Makindye,neutral,standard experience product need,32,4
692,Decent quality products. Price is fair for what you receive.,2023-12-17,WhatsApp,Kawempe,neutral,decent quality product price fair receive,41,6
693,Best prices in Nakawa area. Great value for money. Located in Kololo.,2024-07-24,Google,Kawempe,positive,best price nakawa area great value money located kololo,55,9
694,Average quality. Nothing special but nothing wrong either.,2024-08-07,Twitter,Lubaga,neutral,average quality nothing special nothing wrong either,52,7
695,Customer service is terrible. No one responds to complaints.,2024-08-24,Facebook,Makindye,negative,customer service terrible one responds complaint,48,6
696,Okay service. Product meets basic requirements. Located in Lubaga.,2024-11-25,Website,Makindye,neutral,okay service product meet basic requirement located lubaga,58,8
697,Quick response time and excellent customer care. Highly recommended! Great shipping!,2023-09-20,Twitter,Kampala,positive,quick response time excellent customer care highly recommended great shipping,77,10
698,Product quality was disappointing. Not as described on the website.,2023-04-29,Facebook,Bukoto,negative,product quality disappointing described website,47,5
699,Standard experience. Product does what it needs to do. Great product!,2023-03-10,Google,Nakawa,neutral,standard experience product need great product,46,6
700,Great service! Very fast delivery in Kampala. Highly recommend!,2023-04-10,Instagram,Central,positive,great service fast delivery kampala highly recommend,52,7
701,Fair experience overall. Nothing exceptional but acceptable. Located in Muyenga.,2023-06-03,Website,Muyenga,neutral,fair experience overall nothing exceptional acceptable located muyenga,70,8
702,Great prices and even better service. Highly recommend this business!,2024-01-06,Google,Nakawa,positive,great price even better service highly recommend business,57,8
703,Delivery was on time. Product is as expected.,2024-10-08,Facebook,Nakawa,neutral,delivery time product expected,30,4
704,Excellent business! Highly professional and reliable. Located in Muyenga.,2023-02-02,Instagram,Ntinda,positive,excellent business highly professional reliable located muyenga,63,7
705,Worst shopping experience. Poor quality and terrible service. Located in Muyenga. Great shipping!,2023-12-23,Twitter,Kampala,negative,worst shopping experience poor quality terrible service located muyenga great shipping,86,11
706,Product was different from what was advertised. Misleading description. Located in Central.,2023-02-23,WhatsApp,Makindye,negative,product different advertised misleading description located central,67,7
707,Amazing experience! The product arrived on time and in perfect condition.,2024-02-21,Google,Kololo,positive,amazing experience product arrived time perfect condition,57,7
708,Okay service. Nothing special but gets the job done.,2024-11-09,Website,Central,neutral,okay service nothing special get job done,41,7
709,Slow response time and poor communication from the business. Located in Kampala.,2023-11-21,Instagram,Kampala,negative,slow response time poor communication business located kampala,62,8
710,Best shopping experience! Quality products and great prices.,2024-09-18,Instagram,Ntinda,positive,best shopping experience quality product great price,52,7
711,Great prices and even better service. Highly recommend this business! Located in Kololo.,2024-06-27,WhatsApp,Makindye,positive,great price even better service highly recommend business located kololo,72,10
712,Terrible experience. Would not recommend this business to anyone.,2023-09-24,Facebook,Kololo,negative,terrible experience would recommend business anyone,51,6
713,Love shopping here! Always get great deals and quality products. Great support!,2023-05-15,WhatsApp,Central,positive,love shopping always get great deal quality product great support,65,10
714,Outstanding quality and service. Will definitely shop here again. Great shop!,2024-10-15,Twitter,Makindye,positive,outstanding quality service definitely shop great shop,54,7
715,Delivery was on time. Product is as expected. Located in Makindye.,2023-01-07,Twitter,Central,neutral,delivery time product expected located makindye,47,6
716,Best prices in Nakawa area. Great value for money.,2023-09-21,WhatsApp,Kololo,positive,best price nakawa area great value money,40,7
717,Average product quality. Meets basic expectations.,2024-06-10,Instagram,Muyenga,neutral,average product quality meet basic expectation,46,6
718,Okay delivery time. Product is functional and usable.,2024-01-12,Twitter,Makindye,neutral,okay delivery time product functional usable,44,6
719,Overpriced products with low quality. Not good value for money. Great packaging!,2023-11-16,Website,Muyenga,negative,overpriced product low quality good value money great packaging,63,9
720,Slow response time and poor communication from the business. Great staff!,2023-02-04,Twitter,Lubaga,negative,slow response time poor communication business great staff,58,8
721,Standard business service. Acceptable but not exceptional. Great staff!,2023-07-20,Google,Kampala,neutral,standard business service acceptable exceptional great staff,60,7
722,Product quality was disappointing. Not as described on the website. Located in Kampala.,2023-02-02,Facebook,Ntinda,negative,product quality disappointing described website located kampala,63,7
723,Product was different from what was advertised. Misleading description.,2023-08-18,Twitter,Kawempe,negative,product different advertised misleading description,51,5
724,Product works as expected. No major issues or complaints. Located in Ntinda.,2023-09-23,WhatsApp,Kampala,neutral,product work expected major issue complaint located ntinda,58,8
725,Best shop in Kawempe. Quality products and great service.,2023-07-08,WhatsApp,Central,positive,best shop kawempe quality product great service,47,7
726,Outstanding service! The staff was very helpful and friendly. Located in Lubaga.,2024-06-09,WhatsApp,Kawempe,positive,outstanding service staff helpful friendly located lubaga,57,7
727,Average quality products. Functional but not impressive.,2023-01-21,Facebook,Nakawa,neutral,average quality product functional impressive,45,5
728,Great service! Very fast delivery in Kampala. Highly recommend!,2024-12-14,Facebook,Central,positive,great service fast delivery kampala highly recommend,52,7
729,Great value for money. Fast delivery and excellent packaging.,2023-07-30,Twitter,Makindye,positive,great value money fast delivery excellent packaging,51,7
730,Amazing quality products. Will definitely buy again from this shop.,2023-11-28,Twitter,Lubaga,positive,amazing quality product definitely buy shop,43,6
731,Average quality products. Functional but not impressive. Great quality!,2023-06-18,Website,Kawempe,neutral,average quality product functional impressive great quality,59,7
732,Amazing experience! The product arrived on time and in perfect condition.,2023-06-16,Website,Bukoto,positive,amazing experience product arrived time perfect condition,57,7
733,Okay service. Nothing special but gets the job done.,2024-09-16,Facebook,Makindye,neutral,okay service nothing special get job done,41,7
734,Great products at affordable prices. Very satisfied with my purchase.,2023-12-22,Twitter,Kawempe,positive,great product affordable price satisfied purchase,49,6
735,Average quality products. Functional but not impressive.,2024-08-20,Twitter,Makindye,neutral,average quality product functional impressive,45,5
736,Amazing experience! The product arrived on time and in perfect condition.,2023-01-07,Facebook,Nakawa,positive,amazing experience product arrived time perfect condition,57,7
737,Love shopping here! Always get great deals and quality products. Great experience!,2023-03-07,WhatsApp,Makindye,positive,love shopping always get great deal quality product great experience,68,10
738,Customer service was unresponsive. Had to wait days for a reply.,2024-07-03,WhatsApp,Bukoto,negative,customer service unresponsive wait day reply,44,6
739,Standard delivery. Product works but quality is average. Great purchase!,2024-05-25,Google,Kampala,neutral,standard delivery product work quality average great purchase,61,8
740,Delivery was on time. Product is as expected.,2024-06-28,Twitter,Makindye,neutral,delivery time product expected,30,4
741,Quick response time and excellent customer care. Highly recommended! Located in Muyenga.,2024-04-01,Website,Muyenga,positive,quick response time excellent customer care highly recommended located muyenga,78,10
742,Okay product quality. Price matches the value received.,2024-10-26,Instagram,Kololo,neutral,okay product quality price match value received,47,7
743,Best shop in Kawempe. Quality products and great service.,2024-05-23,Google,Lubaga,positive,best shop kawempe quality product great service,47,7
744,Great products at affordable prices. Very satisfied with my purchase.,2023-06-12,WhatsApp,Ntinda,positive,great product affordable price satisfied purchase,49,6
745,Best customer service I've experienced. Products are top quality.,2024-04-07,WhatsApp,Central,positive,best customer service experienced product top quality,53,7
746,Love shopping here! Always get great deals and quality products. Located in Bukoto.,2024-12-13,Twitter,Muyenga,positive,love shopping always get great deal quality product located bukoto,66,10
747,Product was damaged on arrival. Poor packaging quality.,2023-10-22,Google,Ntinda,negative,product damaged arrival poor packaging quality,46,6
748,Product didn't work as expected. Waste of money.,2024-12-20,Facebook,Lubaga,negative,product work expected waste money,33,5
749,Product works fine. Decent quality for the price paid.,2023-10-28,Website,Central,neutral,product work fine decent quality price paid,43,7
750,Average experience overall. Product is fine but not great.,2024-10-04,Twitter,Kampala,neutral,average experience overall product fine great,45,6
751,Okay service. Product meets basic requirements.,2023-10-29,Twitter,Kawempe,neutral,okay service product meet basic requirement,43,6
752,Great products at affordable prices. Very satisfied with my purchase. Great business!,2023-01-27,Twitter,Kampala,positive,great product affordable price satisfied purchase great business,64,8
753,Love the product quality. Fast shipping and good packaging.,2024-09-10,WhatsApp,Kawempe,positive,love product quality fast shipping good packaging,49,7
754,Okay experience. Nothing to complain about but not impressed either.,2023-10-18,Instagram,Ntinda,neutral,okay experience nothing complain impressed either,49,6
755,Okay delivery time. Product is functional and usable. Located in Kampala.,2023-10-01,WhatsApp,Kololo,neutral,okay delivery time product functional usable located kampala,60,8
756,Great prices and even better service. Highly recommend this business!,2023-07-20,Instagram,Kawempe,positive,great price even better service highly recommend business,57,8
757,Amazing experience! The product arrived on time and in perfect condition.,2023-05-04,Google,Nakawa,positive,amazing experience product arrived time perfect condition,57,7
758,Terrible experience. Would not recommend this business to anyone. Located in Central.,2024-06-06,Website,Nakawa,negative,terrible experience would recommend business anyone located central,67,8
759,Great business with excellent customer care. Very professional.,2024-03-05,Twitter,Bukoto,positive,great business excellent customer care professional,51,6
760,Top quality products at reasonable prices. Highly recommended!,2024-08-03,Instagram,Kawempe,positive,top quality product reasonable price highly recommended,55,7
761,Standard delivery. Product works but quality is average. Located in Muyenga.,2024-07-29,Website,Bukoto,neutral,standard delivery product work quality average located muyenga,62,8
762,Love shopping here! Always get great deals and quality products. Located in Nakawa. Great staff!,2024-05-26,Twitter,Kawempe,positive,love shopping always get great deal quality product located nakawa great staff,78,12
763,Poor quality products. Broke within days of purchase.,2024-09-08,Twitter,Kololo,negative,poor quality product broke within day purchase,46,7
764,Great prices and even better service. Highly recommend this business! Located in Kololo.,2024-11-04,Instagram,Lubaga,positive,great price even better service highly recommend business located kololo,72,10
765,Best customer service I've experienced. Products are top quality. Great product!,2023-01-25,WhatsApp,Kawempe,positive,best customer service experienced product top quality great product,67,9
766,Standard experience. Product does what it needs to do.,2023-07-08,Facebook,Nakawa,neutral,standard experience product need,32,4
767,Excellent communication and fast delivery. Highly satisfied!,2024-06-25,Facebook,Muyenga,positive,excellent communication fast delivery highly satisfied,54,6
768,Best shopping experience! Quality products and great prices.,2024-05-18,WhatsApp,Makindye,positive,best shopping experience quality product great price,52,7
769,Quick response time and excellent customer care. Highly recommended! Located in Lubaga.,2023-05-24,WhatsApp,Ntinda,positive,quick response time excellent customer care highly recommended located lubaga,77,10
770,Decent value. Product works as expected.,2023-06-26,WhatsApp,Kololo,neutral,decent value product work expected,34,5
771,Poor value for money. Better options available elsewhere.,2024-07-03,Website,Bukoto,negative,poor value money better option available elsewhere,50,7
772,Amazing service! The team went above and beyond to help me.,2023-09-20,Google,Lubaga,positive,amazing service team went beyond help,37,6
773,Professional service and high-quality products. Very happy!,2024-05-22,Website,Muyenga,positive,professional service product happy,34,4
774,Great experience from start to finish. Will shop here again!,2023-04-29,Instagram,Central,positive,great experience start finish shop,34,5
775,Great experience from start to finish. Will shop here again!,2024-07-23,Instagram,Nakawa,positive,great experience start finish shop,34,5
776,Best shop in Kawempe. Quality products and great service. Located in Central.,2023-09-14,Facebook,Kololo,positive,best shop kawempe quality product great service located central,63,9
777,Decent quality products. Price is fair for what you receive.,2023-01-28,WhatsApp,Central,neutral,decent quality product price fair receive,41,6
778,Would not buy from here again. Poor experience overall.,2024-09-01,Google,Nakawa,negative,would buy poor experience overall,33,5
779,Very disappointed with the quality. Not worth the money paid. Great store!,2023-03-29,Instagram,Central,negative,disappointed quality worth money paid great store,49,7
780,"Fast shipping, good quality, and excellent customer support.",2024-10-25,Google,Muyenga,positive,fast shipping good quality excellent customer support,53,7
781,Great prices and even better service. Highly recommend this business!,2023-05-30,Website,Kawempe,positive,great price even better service highly recommend business,57,8
782,Would not buy from here again. Poor experience overall.,2024-08-29,WhatsApp,Kololo,negative,would buy poor experience overall,33,5
783,Okay product quality. Price matches the value received. Located in Kawempe. Great purchase!,2024-05-05,Website,Kololo,neutral,okay product quality price match value received located kawempe great purchase,78,11
784,Top quality products at reasonable prices. Highly recommended!,2023-09-02,Instagram,Makindye,positive,top quality product reasonable price highly recommended,55,7
785,Top-notch quality. Exceeded my expectations completely.,2024-03-28,Website,Central,positive,quality exceeded expectation completely,39,4
786,Product arrived damaged and customer service refused to help.,2023-05-20,Website,Kawempe,negative,product arrived damaged customer service refused help,53,7
787,Worst shopping experience. Poor quality and terrible service. Great quality!,2023-05-03,WhatsApp,Muyenga,negative,worst shopping experience poor quality terrible service great quality,69,9
788,Best shop in Kawempe. Quality products and great service.,2024-06-03,Website,Ntinda,positive,best shop kawempe quality product great service,47,7
789,Love shopping here! Always get great deals and quality products.,2024-09-16,WhatsApp,Kawempe,positive,love shopping always get great deal quality product,51,8
790,Delivery was delayed multiple times. Very frustrating experience.,2023-12-27,Facebook,Nakawa,negative,delivery delayed multiple time frustrating experience,53,6
791,Disappointing experience. Would not recommend this shop.,2024-09-15,Google,Kololo,negative,disappointing experience would recommend shop,45,5
792,Amazing service! The team went above and beyond to help me.,2023-09-03,WhatsApp,Nakawa,positive,amazing service team went beyond help,37,6
793,Standard delivery. Product works but quality is average. Located in Makindye.,2024-02-04,Facebook,Central,neutral,standard delivery product work quality average located makindye,63,8
794,Great service! Very fast delivery in Kampala. Highly recommend!,2024-04-18,Instagram,Ntinda,positive,great service fast delivery kampala highly recommend,52,7
795,"Outstanding business! Professional, reliable, and customer-focused. Located in Kampala.",2023-08-22,Website,Central,positive,outstanding business professional reliable located kampala,58,6
796,Very satisfied with my purchase. Great quality and fast delivery. Located in Muyenga.,2023-04-30,Instagram,Kawempe,positive,satisfied purchase great quality fast delivery located muyenga,62,8
797,"Fast delivery, good quality, fair prices. What more could you ask for?",2024-10-08,Website,Central,positive,fast delivery good quality fair price could ask,47,8
798,Outstanding service! The staff was very helpful and friendly.,2023-12-23,Instagram,Central,positive,outstanding service staff helpful friendly,42,5
799,Amazing quality products. Will definitely buy again from this shop.,2024-05-20,Twitter,Bukoto,positive,amazing quality product definitely buy shop,43,6
800,Amazing experience! The product arrived on time and in perfect condition. Great staff!,2023-11-30,Twitter,Makindye,positive,amazing experience product arrived time perfect condition great staff,69,9
801,Excellent customer support. They responded quickly to my questions. Located in Muyenga. Great delivery!,2023-10-30,Facebook,Bukoto,positive,excellent customer support responded quickly question located muyenga great delivery,84,10
802,Decent value. Product works as expected.,2024-04-05,Instagram,Makindye,neutral,decent value product work expected,34,5
803,Excellent products and service. Best in the area! Located in Muyenga.,2024-10-15,Website,Kampala,positive,excellent product service best area located muyenga,51,7
804,Best prices in Nakawa area. Great value for money.,2023-10-05,Website,Muyenga,positive,best price nakawa area great value money,40,7
805,Decent quality products. Price is fair for what you receive.,2023-12-06,Website,Nakawa,neutral,decent quality product price fair receive,41,6
806,Very satisfied with my purchase. Great quality and fast delivery. Located in Makindye.,2023-10-28,Instagram,Nakawa,positive,satisfied purchase great quality fast delivery located makindye,63,8
807,Top quality products at reasonable prices. Highly recommended!,2024-11-23,WhatsApp,Nakawa,positive,top quality product reasonable price highly recommended,55,7
808,Okay product quality. Price matches the value received. Located in Lubaga.,2024-04-09,Google,Ntinda,neutral,okay product quality price match value received located lubaga,62,9
809,Top quality products at reasonable prices. Highly recommended! Great staff!,2024-12-12,Instagram,Central,positive,top quality product reasonable price highly recommended great staff,67,9
810,Excellent customer support. They responded quickly to my questions. Located in Kampala.,2024-01-04,Instagram,Kololo,positive,excellent customer support responded quickly question located kampala,69,8
811,Top-notch quality. Exceeded my expectations completely. Located in Kololo.,2024-06-30,Website,Makindye,positive,quality exceeded expectation completely located kololo,54,6
812,Excellent communication and fast delivery. Highly satisfied!,2023-06-30,Twitter,Bukoto,positive,excellent communication fast delivery highly satisfied,54,6
813,Terrible customer service. No help when I had an issue. Located in Muyenga. Great store!,2023-07-17,Instagram,Ntinda,negative,terrible customer service help issue located muyenga great store,64,9
814,Amazing quality products. Will definitely buy again from this shop.,2024-04-14,Facebook,Kampala,positive,amazing quality product definitely buy shop,43,6
815,Love the product quality. Fast shipping and good packaging. Great customer!,2024-09-26,WhatsApp,Central,positive,love product quality fast shipping good packaging great customer,64,9
816,Great value for money. Fast delivery and excellent packaging.,2023-02-09,Twitter,Central,positive,great value money fast delivery excellent packaging,51,7
817,Great business with excellent customer care. Very professional.,2023-09-18,Facebook,Makindye,positive,great business excellent customer care professional,51,6
818,Product is okay. Nothing special but serves its purpose.,2024-02-13,Facebook,Central,neutral,product okay nothing special serf purpose,41,6
819,Best shop in Kawempe. Quality products and great service.,2023-11-21,Google,Kampala,positive,best shop kawempe quality product great service,47,7
820,Product is fine. Meets expectations without exceeding them.,2024-05-27,Instagram,Bukoto,neutral,product fine meet expectation without exceeding,47,6
821,Worst shopping experience. Poor quality and terrible service.,2024-01-06,Twitter,Kololo,negative,worst shopping experience poor quality terrible service,55,7
822,Excellent customer support. They responded quickly to my questions. Located in Bukoto.,2024-07-21,Google,Central,positive,excellent customer support responded quickly question located bukoto,68,8
823,Worst shopping experience. Poor quality and terrible service.,2023-11-30,Google,Kampala,negative,worst shopping experience poor quality terrible service,55,7
824,Excellent products and service. Best in the area! Great customer!,2024-10-16,Website,Kawempe,positive,excellent product service best area great customer,50,7
825,Excellent customer support. They responded quickly to my questions.,2023-12-09,Facebook,Kololo,positive,excellent customer support responded quickly question,53,6
826,"Outstanding business! Professional, reliable, and customer-focused. Located in Bukoto.",2024-04-22,Facebook,Muyenga,positive,outstanding business professional reliable located bukoto,57,6
827,Average product quality. Meets basic expectations.,2023-11-02,Twitter,Kawempe,neutral,average product quality meet basic expectation,46,6
828,Product works fine. Decent quality for the price paid.,2023-06-17,Instagram,Ntinda,neutral,product work fine decent quality price paid,43,7
829,Standard delivery. Product works but quality is average.,2024-06-25,Website,Bukoto,neutral,standard delivery product work quality average,46,6
830,"Outstanding business! Professional, reliable, and customer-focused. Located in Kololo. Great experience!",2024-08-24,Website,Nakawa,positive,outstanding business professional reliable located kololo great experience,74,8
831,Great experience from start to finish. Will shop here again!,2024-04-21,Twitter,Kololo,positive,great experience start finish shop,34,5
832,Standard experience. Product does what it needs to do. Located in Kampala.,2023-02-05,Facebook,Kololo,neutral,standard experience product need located kampala,48,6
833,Terrible experience. Would not recommend this business to anyone.,2024-12-27,Instagram,Muyenga,negative,terrible experience would recommend business anyone,51,6
834,Best customer service I've experienced. Products are top quality.,2023-02-19,WhatsApp,Bukoto,positive,best customer service experienced product top quality,53,7
835,Quick response time and excellent customer care. Highly recommended!,2023-09-16,Website,Nakawa,positive,quick response time excellent customer care highly recommended,62,8
836,Great products at affordable prices. Very satisfied with my purchase. Located in Lubaga.,2024-10-25,Website,Kololo,positive,great product affordable price satisfied purchase located lubaga,64,8
837,Top quality products at reasonable prices. Highly recommended!,2024-06-25,Instagram,Kampala,positive,top quality product reasonable price highly recommended,55,7
838,Would not buy from here again. Poor experience overall.,2023-05-03,Google,Lubaga,negative,would buy poor experience overall,33,5
839,Okay product quality. Price matches the value received.,2024-07-25,WhatsApp,Central,neutral,okay product quality price match value received,47,7
840,Outstanding quality and service. Will definitely shop here again.,2024-11-07,Instagram,Kololo,positive,outstanding quality service definitely shop,43,5
841,Standard experience. Product does what it needs to do. Located in Kampala.,2023-07-10,WhatsApp,Lubaga,neutral,standard experience product need located kampala,48,6
842,Great products at affordable prices. Very satisfied with my purchase. Located in Ntinda.,2024-01-10,Twitter,Makindye,positive,great product affordable price satisfied purchase located ntinda,64,8
843,Great value for money. Fast delivery and excellent packaging. Located in Muyenga. Great staff!,2024-06-24,WhatsApp,Muyenga,positive,great value money fast delivery excellent packaging located muyenga great staff,79,11
844,Excellent products and service. Best in the area! Located in Ntinda.,2023-08-21,Twitter,Muyenga,positive,excellent product service best area located ntinda,50,7
845,Best prices in Nakawa area. Great value for money.,2023-02-16,WhatsApp,Bukoto,positive,best price nakawa area great value money,40,7
846,Okay service. Nothing special but gets the job done. Located in Muyenga.,2024-06-16,Website,Kampala,neutral,okay service nothing special get job done located muyenga,57,9
847,Product works fine. Decent quality for the price paid. Located in Lubaga.,2024-03-28,Google,Kawempe,neutral,product work fine decent quality price paid located lubaga,58,9
848,Amazing experience! The product arrived on time and in perfect condition.,2024-03-27,Website,Makindye,positive,amazing experience product arrived time perfect condition,57,7
849,Excellent products and service. Best in the area!,2024-04-06,Instagram,Ntinda,positive,excellent product service best area,35,5
850,Amazing service! The team went above and beyond to help me. Great experience!,2023-09-13,WhatsApp,Lubaga,positive,amazing service team went beyond help great experience,54,8
851,Great experience overall. Will be a returning customer. Located in Muyenga.,2023-12-24,Website,Nakawa,positive,great experience overall returning customer located muyenga,59,7
852,Poor packaging led to damaged goods. Very unprofessional.,2024-11-11,Twitter,Nakawa,negative,poor packaging led damaged good unprofessional,46,6
853,Quick response time and excellent customer care. Highly recommended! Located in Lubaga.,2024-07-08,Website,Bukoto,positive,quick response time excellent customer care highly recommended located lubaga,77,10
854,Decent value. Product works as expected. Located in Bukoto.,2024-10-30,Twitter,Nakawa,neutral,decent value product work expected located bukoto,49,7
855,Fair prices and acceptable quality. Nothing outstanding. Located in Kawempe.,2024-01-01,Facebook,Muyenga,neutral,fair price acceptable quality nothing outstanding located kawempe,65,8
856,Best customer service I've experienced. Products are top quality.,2024-02-25,Google,Ntinda,positive,best customer service experienced product top quality,53,7
857,Very satisfied with my purchase. Great quality and fast delivery. Located in Kololo.,2023-04-03,Google,Kololo,positive,satisfied purchase great quality fast delivery located kololo,61,8
858,Professional service and high-quality products. Very happy! Great restaurant!,2024-08-24,Website,Central,positive,professional service product happy great restaurant,51,6
859,Standard quality. Nothing to complain about or praise. Located in Nakawa. Great packaging!,2023-08-05,Google,Lubaga,neutral,standard quality nothing complain praise located nakawa great packaging,71,9
860,Great business with excellent customer care. Very professional.,2024-01-04,Website,Ntinda,positive,great business excellent customer care professional,51,6
861,Great products at affordable prices. Very satisfied with my purchase. Great restaurant!,2024-09-09,WhatsApp,Muyenga,positive,great product affordable price satisfied purchase great restaurant,66,8
862,Great experience from start to finish. Will shop here again!,2023-12-22,Website,Central,positive,great experience start finish shop,34,5
863,Excellent customer support. They responded quickly to my questions. Great purchase!,2023-08-28,Website,Makindye,positive,excellent customer support responded quickly question great purchase,68,8
864,Best customer service I've experienced. Products are top quality. Located in Makindye.,2023-01-04,Instagram,Muyenga,positive,best customer service experienced product top quality located makindye,70,9
865,Decent quality products. Price is fair for what you receive.,2024-11-15,Twitter,Ntinda,neutral,decent quality product price fair receive,41,6
866,Best customer service I've experienced. Products are top quality. Located in Muyenga.,2023-05-29,WhatsApp,Kampala,positive,best customer service experienced product top quality located muyenga,69,9
867,Customer service needs major improvement. Very unprofessional. Located in Nakawa.,2024-02-27,Facebook,Muyenga,negative,customer service need major improvement unprofessional located nakawa,69,8
868,"Fast shipping, good quality, and excellent customer support. Located in Makindye.",2024-12-01,Instagram,Makindye,positive,fast shipping good quality excellent customer support located makindye,70,9
869,Okay service. Nothing special but gets the job done.,2023-11-28,WhatsApp,Kawempe,neutral,okay service nothing special get job done,41,7
870,Very satisfied with my purchase. Great quality and fast delivery.,2024-05-27,WhatsApp,Central,positive,satisfied purchase great quality fast delivery,46,6
871,Best customer service I've experienced. Products are top quality.,2024-08-21,WhatsApp,Ntinda,positive,best customer service experienced product top quality,53,7
872,Okay service. Nothing special but gets the job done. Located in Muyenga.,2024-12-22,Facebook,Kampala,neutral,okay service nothing special get job done located muyenga,57,9
873,Great business with excellent customer care. Very professional.,2024-07-20,Website,Muyenga,positive,great business excellent customer care professional,51,6
874,Average quality. Nothing special but nothing wrong either.,2023-09-30,Facebook,Kawempe,neutral,average quality nothing special nothing wrong either,52,7
875,Product quality was disappointing. Not as described on the website.,2024-08-01,Google,Nakawa,negative,product quality disappointing described website,47,5
876,Great experience from start to finish. Will shop here again! Located in Nakawa. Great purchase!,2023-01-22,Website,Bukoto,positive,great experience start finish shop located nakawa great purchase,64,9
877,Great prices and even better service. Highly recommend this business!,2023-08-18,WhatsApp,Bukoto,positive,great price even better service highly recommend business,57,8
878,"Fast delivery, good quality, fair prices. What more could you ask for?",2023-04-04,Website,Muyenga,positive,fast delivery good quality fair price could ask,47,8
879,Top quality products at reasonable prices. Highly recommended!,2023-11-15,Instagram,Kololo,positive,top quality product reasonable price highly recommended,55,7
880,Top-notch quality. Exceeded my expectations completely.,2024-10-22,Website,Kampala,positive,quality exceeded expectation completely,39,4
881,Standard experience. Product does what it needs to do. Located in Lubaga.,2024-08-17,Instagram,Kampala,neutral,standard experience product need located lubaga,47,6
882,Average experience overall. Product is fine but not great.,2023-07-24,Google,Bukoto,neutral,average experience overall product fine great,45,6
883,Very disappointed. Product quality is poor and service is worse.,2024-11-26,Facebook,Nakawa,negative,disappointed product quality poor service worse,47,6
884,Would not buy from here again. Poor experience overall. Located in Central. Great delivery!,2023-02-03,Instagram,Lubaga,negative,would buy poor experience overall located central great delivery,64,9
885,Very slow delivery. Took over a week to arrive in Kampala. Located in Muyenga.,2024-09-04,Facebook,Muyenga,negative,slow delivery took week arrive kampala located muyenga,54,8
886,Okay experience. Nothing to complain about but not impressed either.,2024-05-19,Instagram,Central,neutral,okay experience nothing complain impressed either,49,6
887,Product is functional. Does what it's supposed to do.,2023-10-09,Google,Nakawa,neutral,product functional supposed,27,3
888,Top-notch quality. Exceeded my expectations completely.,2023-08-01,Twitter,Ntinda,positive,quality exceeded expectation completely,39,4
889,"Outstanding business! Professional, reliable, and customer-focused. Great purchase!",2024-09-18,Twitter,Kampala,positive,outstanding business professional reliable great purchase,57,6
890,"Outstanding business! Professional, reliable, and customer-focused. Great service!",2024-07-10,Website,Central,positive,outstanding business professional reliable great service,56,6
891,Best shop in Kawempe. Quality products and great service.,2024-06-07,Google,Central,positive,best shop kawempe quality product great service,47,7
892,Best shopping experience! Quality products and great prices.,2023-04-07,Instagram,Kawempe,positive,best shopping experience quality product great price,52,7
893,Love shopping here! Always get great deals and quality products. Great support!,2024-10-05,WhatsApp,Kololo,positive,love shopping always get great deal quality product great support,65,10
894,Professional service and high-quality products. Very happy!,2023-07-27,Google,Nakawa,positive,professional service product happy,34,4
895,Product works as expected. No major issues or complaints.,2024-02-04,Facebook,Kampala,neutral,product work expected major issue complaint,43,6
896,Top-notch quality. Exceeded my expectations completely.,2023-02-10,Instagram,Kololo,positive,quality exceeded expectation completely,39,4
897,Best shopping experience! Quality products and great prices.,2024-02-16,Twitter,Lubaga,positive,best shopping experience quality product great price,52,7
898,Average quality products. Functional but not impressive.,2023-04-28,Instagram,Nakawa,neutral,average quality product functional impressive,45,5
899,Very slow delivery and unresponsive customer support. Great support!,2023-01-27,Google,Muyenga,negative,slow delivery unresponsive customer support great support,57,7
900,Great business with excellent customer care. Very professional. Located in Ntinda.,2023-05-03,Twitter,Makindye,positive,great business excellent customer care professional located ntinda,66,8
901,Best shopping experience! Quality products and great prices.,2023-06-01,Instagram,Lubaga,positive,best shopping experience quality product great price,52,7
902,Poor packaging led to damaged goods. Very unprofessional. Great restaurant!,2023-09-22,Twitter,Nakawa,negative,poor packaging led damaged good unprofessional great restaurant,63,8
903,Delivery was delayed multiple times. Very frustrating experience.,2024-04-05,Facebook,Muyenga,negative,delivery delayed multiple time frustrating experience,53,6
904,"Fast shipping, good quality, and excellent customer support. Located in Kampala.",2023-09-06,Twitter,Bukoto,positive,fast shipping good quality excellent customer support located kampala,69,9
905,Very satisfied with my purchase. Great quality and fast delivery. Located in Lubaga.,2024-02-22,Website,Kawempe,positive,satisfied purchase great quality fast delivery located lubaga,61,8
906,Best prices in Nakawa area. Great value for money. Located in Central.,2024-03-05,Facebook,Muyenga,positive,best price nakawa area great value money located central,56,9
907,Amazing service! The team went above and beyond to help me. Located in Makindye.,2023-05-08,Instagram,Kawempe,positive,amazing service team went beyond help located makindye,54,8
908,Great products at affordable prices. Very satisfied with my purchase.,2024-04-15,Facebook,Kampala,positive,great product affordable price satisfied purchase,49,6
909,Terrible experience. Would not recommend this business to anyone. Located in Muyenga.,2024-05-20,WhatsApp,Muyenga,negative,terrible experience would recommend business anyone located muyenga,67,8
910,Professional service and high-quality products. Very happy!,2023-05-08,Website,Kololo,positive,professional service product happy,34,4
911,Love shopping here! Always get great deals and quality products.,2023-03-27,Google,Muyenga,positive,love shopping always get great deal quality product,51,8
912,Amazing service! The team went above and beyond to help me. Great experience!,2023-10-29,Facebook,Ntinda,positive,amazing service team went beyond help great experience,54,8
913,Top-notch quality. Exceeded my expectations completely.,2024-08-01,WhatsApp,Makindye,positive,quality exceeded expectation completely,39,4
914,Best shopping experience! Quality products and great prices.,2024-11-02,Twitter,Kololo,positive,best shopping experience quality product great price,52,7
915,Average quality. Nothing special but nothing wrong either.,2023-10-16,Twitter,Kawempe,neutral,average quality nothing special nothing wrong either,52,7
916,Product was damaged on arrival. Poor packaging quality. Located in Kawempe.,2024-07-09,WhatsApp,Lubaga,negative,product damaged arrival poor packaging quality located kawempe,62,8
917,Great business with excellent customer care. Very professional.,2023-12-05,Twitter,Ntinda,positive,great business excellent customer care professional,51,6
918,Top-notch quality. Exceeded my expectations completely. Great delivery!,2024-06-03,Instagram,Lubaga,positive,quality exceeded expectation completely great delivery,54,6
919,Love the product quality. Fast shipping and good packaging.,2024-06-28,Website,Kawempe,positive,love product quality fast shipping good packaging,49,7
920,Product works fine. Decent quality for the price paid.,2024-03-25,Twitter,Ntinda,neutral,product work fine decent quality price paid,43,7
921,Love the product quality. Fast shipping and good packaging.,2024-02-03,WhatsApp,Nakawa,positive,love product quality fast shipping good packaging,49,7
922,Top-notch quality. Exceeded my expectations completely.,2023-11-17,Instagram,Bukoto,positive,quality exceeded expectation completely,39,4
923,Great products at affordable prices. Very satisfied with my purchase. Great business!,2024-08-25,WhatsApp,Kawempe,positive,great product affordable price satisfied purchase great business,64,8
924,Great value for money. Fast delivery and excellent packaging.,2023-01-14,WhatsApp,Ntinda,positive,great value money fast delivery excellent packaging,51,7
925,Top-notch quality. Exceeded my expectations completely. Great delivery!,2024-02-16,Google,Kololo,positive,quality exceeded expectation completely great delivery,54,6
926,Amazing service! The team went above and beyond to help me. Located in Nakawa.,2024-02-13,Instagram,Kawempe,positive,amazing service team went beyond help located nakawa,52,8
927,Amazing experience! The product arrived on time and in perfect condition.,2024-11-12,Website,Bukoto,positive,amazing experience product arrived time perfect condition,57,7
928,Top quality products at reasonable prices. Highly recommended! Located in Bukoto.,2024-10-11,Website,Muyenga,positive,top quality product reasonable price highly recommended located bukoto,70,9
929,Very satisfied with my purchase. Great quality and fast delivery.,2024-01-10,Website,Ntinda,positive,satisfied purchase great quality fast delivery,46,6
930,Okay experience. Nothing to complain about but not impressed either.,2023-03-11,Facebook,Muyenga,neutral,okay experience nothing complain impressed either,49,6
931,Great service! Very fast delivery in Kampala. Highly recommend! Located in Kampala.,2024-09-08,Facebook,Kawempe,positive,great service fast delivery kampala highly recommend located kampala,68,9
932,Best customer service I've experienced. Products are top quality. Located in Kololo.,2024-04-09,WhatsApp,Muyenga,positive,best customer service experienced product top quality located kololo,68,9
933,Standard delivery time. Product quality is average. Located in Bukoto.,2024-10-17,WhatsApp,Central,neutral,standard delivery time product quality average located bukoto,61,8
934,Excellent communication and fast delivery. Highly satisfied!,2024-10-04,Google,Muyenga,positive,excellent communication fast delivery highly satisfied,54,6
935,Okay experience. Nothing to complain about but not impressed either. Located in Ntinda.,2024-09-13,Google,Lubaga,neutral,okay experience nothing complain impressed either located ntinda,64,8
936,Best shopping experience! Quality products and great prices. Located in Lubaga.,2024-12-23,Google,Lubaga,positive,best shopping experience quality product great price located lubaga,67,9
937,Very satisfied with my purchase. Great quality and fast delivery.,2023-03-16,Twitter,Ntinda,positive,satisfied purchase great quality fast delivery,46,6
938,Product works as expected. No major issues or complaints. Located in Central. Great shop!,2023-05-05,Twitter,Central,neutral,product work expected major issue complaint located central great shop,70,10
939,Product was defective but they refused to refund. Bad business.,2024-05-30,WhatsApp,Muyenga,negative,product defective refused refund bad business,45,6
940,Great experience overall. Will be a returning customer. Located in Kololo.,2023-05-05,Facebook,Central,positive,great experience overall returning customer located kololo,58,7
941,Excellent customer support. They responded quickly to my questions.,2023-10-18,Twitter,Central,positive,excellent customer support responded quickly question,53,6
942,Great experience from start to finish. Will shop here again!,2023-04-30,Google,Ntinda,positive,great experience start finish shop,34,5
943,Great value for money. Fast delivery and excellent packaging. Located in Bukoto.,2024-01-02,Instagram,Bukoto,positive,great value money fast delivery excellent packaging located bukoto,66,9
944,Customer service needs major improvement. Very unprofessional. Great support!,2024-02-23,Twitter,Ntinda,negative,customer service need major improvement unprofessional great support,68,8
945,Best customer service I've experienced. Products are top quality.,2023-12-05,Facebook,Central,positive,best customer service experienced product top quality,53,7
946,Standard service. No complaints but nothing exceptional either. Located in Nakawa.,2024-12-31,WhatsApp,Bukoto,neutral,standard service complaint nothing exceptional either located nakawa,68,8
947,Best shopping experience! Quality products and great prices. Great experience!,2023-02-13,Twitter,Muyenga,positive,best shopping experience quality product great price great experience,69,9
948,Product was defective but they refused to refund. Bad business. Great order!,2023-09-06,Website,Ntinda,negative,product defective refused refund bad business great order,57,8
949,"Fast shipping, good quality, and excellent customer support.",2024-06-22,Instagram,Kawempe,positive,fast shipping good quality excellent customer support,53,7
950,Excellent customer support. They responded quickly to my questions.,2024-03-12,WhatsApp,Central,positive,excellent customer support responded quickly question,53,6
951,Best shopping experience! Quality products and great prices. Located in Muyenga.,2024-06-13,Instagram,Muyenga,positive,best shopping experience quality product great price located muyenga,68,9
952,Average experience. Product is functional and adequate.,2023-02-26,Facebook,Ntinda,neutral,average experience product functional adequate,46,5
953,Best shopping experience! Quality products and great prices.,2024-01-11,Facebook,Makindye,positive,best shopping experience quality product great price,52,7
954,Excellent products and service. Best in the area! Located in Nakawa.,2024-10-27,Facebook,Kampala,positive,excellent product service best area located nakawa,50,7
955,Great experience from start to finish. Will shop here again!,2023-03-12,Website,Nakawa,positive,great experience start finish shop,34,5
956,Very slow delivery. Took over a week to arrive in Kampala.,2023-01-12,Twitter,Bukoto,negative,slow delivery took week arrive kampala,38,6
957,Average product quality. Meets basic needs adequately.,2023-06-27,WhatsApp,Muyenga,neutral,average product quality meet basic need adequately,50,7
958,Top-notch quality. Exceeded my expectations completely.,2024-07-05,Google,Bukoto,positive,quality exceeded expectation completely,39,4
959,Amazing experience! The product arrived on time and in perfect condition.,2024-10-14,Facebook,Lubaga,positive,amazing experience product arrived time perfect condition,57,7
960,Top quality products at reasonable prices. Highly recommended! Located in Nakawa.,2024-07-30,Instagram,Ntinda,positive,top quality product reasonable price highly recommended located nakawa,70,9
961,Outstanding service! The staff was very helpful and friendly. Great order!,2024-08-22,Twitter,Kampala,positive,outstanding service staff helpful friendly great order,54,7
962,Great experience from start to finish. Will shop here again! Great shop!,2023-10-14,Instagram,Lubaga,positive,great experience start finish shop great shop,45,7
963,Average product quality. Meets basic needs adequately.,2023-05-22,WhatsApp,Ntinda,neutral,average product quality meet basic need adequately,50,7
964,"Fast shipping, good quality, and excellent customer support.",2024-12-17,Facebook,Muyenga,positive,fast shipping good quality excellent customer support,53,7
965,Poor quality products. Broke within days of purchase. Located in Kampala.,2023-06-17,Website,Central,negative,poor quality product broke within day purchase located kampala,62,9
966,Product was defective but they refused to refund. Bad business.,2023-08-18,Twitter,Central,negative,product defective refused refund bad business,45,6
967,"Fast shipping, good quality, and excellent customer support. Located in Lubaga.",2023-07-12,Instagram,Nakawa,positive,fast shipping good quality excellent customer support located lubaga,68,9
968,Very slow delivery. Took over a week to arrive in Kampala.,2023-07-21,Facebook,Ntinda,negative,slow delivery took week arrive kampala,38,6
969,Great business with excellent customer care. Very professional.,2023-08-12,Instagram,Kawempe,positive,great business excellent customer care professional,51,6
970,Standard business service. Acceptable but not exceptional.,2024-12-26,Twitter,Ntinda,neutral,standard business service acceptable exceptional,48,5
971,Outstanding quality and service. Will definitely shop here again. Located in Ntinda.,2023-03-16,Google,Kololo,positive,outstanding quality service definitely shop located ntinda,58,7
972,Great experience overall. Will be a returning customer. Located in Makindye.,2023-06-27,Google,Kawempe,positive,great experience overall returning customer located makindye,60,7
973,Not satisfied with the product. Quality is below expectations.,2024-02-21,Google,Lubaga,negative,satisfied product quality expectation,37,4
974,Outstanding service! The staff was very helpful and friendly.,2023-03-20,Instagram,Nakawa,positive,outstanding service staff helpful friendly,42,5
975,"Fast delivery, good quality, fair prices. What more could you ask for? Great shipping!",2023-07-17,WhatsApp,Lubaga,positive,fast delivery good quality fair price could ask great shipping,62,10
976,Decent quality products. Price is fair for what you receive. Located in Makindye.,2023-01-13,Instagram,Kampala,neutral,decent quality product price fair receive located makindye,58,8
977,Customer service was unresponsive. Had to wait days for a reply.,2023-11-22,WhatsApp,Central,negative,customer service unresponsive wait day reply,44,6
978,Amazing experience! The product arrived on time and in perfect condition. Great product!,2023-06-19,Google,Ntinda,positive,amazing experience product arrived time perfect condition great product,71,9
979,Love the product quality. Fast shipping and good packaging. Located in Central.,2024-09-06,Twitter,Kololo,positive,love product quality fast shipping good packaging located central,65,9
980,Excellent customer support. They responded quickly to my questions.,2024-06-26,Website,Kawempe,positive,excellent customer support responded quickly question,53,6
981,Very slow delivery. Took over a week to arrive in Kampala. Located in Muyenga. Great packaging!,2023-07-15,Twitter,Central,negative,slow delivery took week arrive kampala located muyenga great packaging,70,10
982,Great experience overall. Will be a returning customer. Great restaurant!,2023-12-05,Google,Central,positive,great experience overall returning customer great restaurant,60,7
983,Average quality. Price is reasonable for what you get.,2023-04-16,Twitter,Makindye,neutral,average quality price reasonable get,36,5
984,Excellent products and service. Best in the area! Great order!,2023-06-17,Facebook,Lubaga,positive,excellent product service best area great order,47,7
985,Average product quality. Meets basic expectations.,2024-06-15,Twitter,Lubaga,neutral,average product quality meet basic expectation,46,6
986,Average product quality. Meets basic expectations.,2023-11-18,Facebook,Makindye,neutral,average product quality meet basic expectation,46,6
987,Quick response time and excellent customer care. Highly recommended!,2024-02-18,Website,Muyenga,positive,quick response time excellent customer care highly recommended,62,8
988,Great value for money. Fast delivery and excellent packaging. Located in Kampala. Great store!,2024-06-25,WhatsApp,Makindye,positive,great value money fast delivery excellent packaging located kampala great store,79,11
989,Outstanding service! The staff was very helpful and friendly. Located in Bukoto. Great product!,2023-09-06,Instagram,Central,positive,outstanding service staff helpful friendly located bukoto great product,71,9
990,Poor customer service. Staff was rude and unhelpful.,2023-10-04,Instagram,Kampala,negative,poor customer service staff rude unhelpful,42,6
991,Amazing experience! The product arrived on time and in perfect condition.,2024-11-09,WhatsApp,Nakawa,positive,amazing experience product arrived time perfect condition,57,7
992,Product works fine. Decent quality for the price paid.,2023-10-04,Website,Ntinda,neutral,product work fine decent quality price paid,43,7
993,Poor customer service. Staff was rude and unhelpful.,2024-05-19,Google,Kololo,negative,poor customer service staff rude unhelpful,42,6
994,Standard quality. Nothing to complain about or praise. Located in Central.,2024-12-30,Facebook,Kololo,neutral,standard quality nothing complain praise located central,56,7
995,Excellent communication and fast delivery. Highly satisfied!,2024-01-12,Twitter,Central,positive,excellent communication fast delivery highly satisfied,54,6
996,Great business with excellent customer care. Very professional.,2024-02-01,Google,Lubaga,positive,great business excellent customer care professional,51,6
997,Top-notch quality. Exceeded my expectations completely.,2024-10-11,Facebook,Kololo,positive,quality exceeded expectation completely,39,4
998,Professional service and high-quality products. Very happy!,2024-01-19,Website,Nakawa,positive,professional service product happy,34,4
999,Poor customer service. Staff was rude and unhelpful.,2024-05-10,Instagram,Central,negative,poor customer service staff rude unhelpful,42,6
1000,Best shop in Kawempe. Quality products and great service.,2024-11-14,Google,Bukoto,positive,best shop kawempe quality product great service,47,7
1001,Fair prices and acceptable quality. Nothing outstanding.,2023-02-03,Website,Makindye,neutral,fair price acceptable quality nothing outstanding,49,6
1002,Best prices in Nakawa area. Great value for money.,2024-06-15,Twitter,Makindye,positive,best price nakawa area great value money,40,7
1003,Love shopping here! Always get great deals and quality products. Located in Kololo.,2024-07-23,Website,Bukoto,positive,love shopping always get great deal quality product located kololo,66,10
1004,Amazing service! The team went above and beyond to help me. Located in Central.,2024-03-17,Website,Lubaga,positive,amazing service team went beyond help located central,53,8
1005,Delivery issues. Package arrived late and damaged. Great experience!,2024-10-22,Facebook,Kawempe,negative,delivery issue package arrived late damaged great experience,60,8
1006,Outstanding service! The staff was very helpful and friendly. Located in Kampala.,2023-10-30,Website,Lubaga,positive,outstanding service staff helpful friendly located kampala,58,7
1007,Love the product quality. Fast shipping and good packaging.,2024-11-10,Google,Ntinda,positive,love product quality fast shipping good packaging,49,7
1008,Great prices and even better service. Highly recommend this business!,2023-01-10,WhatsApp,Central,positive,great price even better service highly recommend business,57,8
1009,Okay delivery time. Product is functional and usable.,2023-11-09,Google,Kampala,neutral,okay delivery time product functional usable,44,6
1010,Great value for money. Fast delivery and excellent packaging. Great business!,2023-12-04,Facebook,Lubaga,positive,great value money fast delivery excellent packaging great business,66,9
1011,Fair value for money. Quality is acceptable but not premium. Located in Lubaga.,2024-02-19,Facebook,Kololo,neutral,fair value money quality acceptable premium located lubaga,58,8
1012,Overpriced compared to other shops in Nakawa area.,2023-04-12,Google,Makindye,negative,overpriced compared shop nakawa area,36,5
1013,"Fast shipping, good quality, and excellent customer support.",2024-04-04,Google,Central,positive,fast shipping good quality excellent customer support,53,7
1014,Great experience from start to finish. Will shop here again! Located in Kawempe.,2024-04-23,Facebook,Makindye,positive,great experience start finish shop located kawempe,50,7
1015,Very slow delivery. Took over a week to arrive in Kampala. Great store!,2024-06-07,Facebook,Kampala,negative,slow delivery took week arrive kampala great store,50,8
1016,Outstanding service! The staff was very helpful and friendly.,2023-06-24,Twitter,Kawempe,positive,outstanding service staff helpful friendly,42,5
1017,Very satisfied with my purchase. Great quality and fast delivery. Located in Ntinda.,2024-09-09,Google,Nakawa,positive,satisfied purchase great quality fast delivery located ntinda,61,8
1018,Very slow delivery and unresponsive customer support.,2023-05-30,Instagram,Muyenga,negative,slow delivery unresponsive customer support,43,5
1019,Product works as expected. No major issues or complaints. Located in Nakawa. Great experience!,2024-01-01,Website,Lubaga,neutral,product work expected major issue complaint located nakawa great experience,75,10
1020,Great products at affordable prices. Very satisfied with my purchase. Located in Makindye. Great support!,2024-09-12,Facebook,Muyenga,positive,great product affordable price satisfied purchase located makindye great support,80,10
1021,Great prices and even better service. Highly recommend this business!,2023-09-24,Website,Makindye,positive,great price even better service highly recommend business,57,8
1022,Best shop in Kawempe. Quality products and great service.,2023-11-04,Facebook,Central,positive,best shop kawempe quality product great service,47,7
1023,Not satisfied with the product. Quality is below expectations. Great experience!,2023-07-22,Google,Kawempe,negative,satisfied product quality expectation great experience,54,6
1024,Great business with excellent customer care. Very professional.,2023-08-28,Google,Kololo,positive,great business excellent customer care professional,51,6
1025,Best prices in Nakawa area. Great value for money. Located in Ntinda.,2023-08-13,WhatsApp,Kololo,positive,best price nakawa area great value money located ntinda,55,9
1026,Very disappointed. Product quality is poor and service is worse.,2023-07-14,Instagram,Lubaga,negative,disappointed product quality poor service worse,47,6
1027,Excellent products and service. Best in the area!,2023-12-10,Website,Central,positive,excellent product service best area,35,5
1028,"Outstanding business! Professional, reliable, and customer-focused. Located in Bukoto.",2023-10-03,Twitter,Nakawa,positive,outstanding business professional reliable located bukoto,57,6
1029,Best customer service I've experienced. Products are top quality.,2023-06-26,Twitter,Central,positive,best customer service experienced product top quality,53,7
1030,Outstanding quality and service. Will definitely shop here again.,2024-11-21,WhatsApp,Central,positive,outstanding quality service definitely shop,43,5
1031,Okay service. Product meets basic requirements.,2024-01-24,Twitter,Bukoto,neutral,okay service product meet basic requirement,43,6
1032,Excellent communication and fast delivery. Highly satisfied!,2023-08-09,Website,Kawempe,positive,excellent communication fast delivery highly satisfied,54,6
1033,Okay service. Product meets basic requirements. Located in Bukoto.,2024-04-01,WhatsApp,Central,neutral,okay service product meet basic requirement located bukoto,58,8
1034,Fair value for money. Quality is acceptable but not premium.,2023-08-15,WhatsApp,Kampala,neutral,fair value money quality acceptable premium,43,6
1035,Product works as expected. No major issues or complaints.,2023-01-12,Facebook,Nakawa,neutral,product work expected major issue complaint,43,6
1036,Okay delivery time. Product is functional and usable.,2023-11-21,Facebook,Nakawa,neutral,okay delivery time product functional usable,44,6
1037,Top quality products at reasonable prices. Highly recommended! Located in Kampala.,2023-02-15,Instagram,Kawempe,positive,top quality product reasonable price highly recommended located kampala,71,9
1038,Outstanding quality and service. Will definitely shop here again. Located in Makindye.,2023-04-05,Facebook,Kawempe,positive,outstanding quality service definitely shop located makindye,60,7
1039,Top-notch quality. Exceeded my expectations completely.,2023-10-16,Google,Bukoto,positive,quality exceeded expectation completely,39,4
1040,Professional service and high-quality products. Very happy! Located in Muyenga.,2023-07-30,Google,Bukoto,positive,professional service product happy located muyenga,50,6
1041,Decent value. Product works as expected.,2024-12-27,Twitter,Central,neutral,decent value product work expected,34,5
1042,Average quality. Price is reasonable for what you get. Located in Muyenga.,2023-12-04,Website,Ntinda,neutral,average quality price reasonable get located muyenga,52,7
1043,Poor value for money. Better options available elsewhere.,2023-10-22,Website,Ntinda,negative,poor value money better option available elsewhere,50,7
1044,Top-notch quality. Exceeded my expectations completely.,2023-04-05,Instagram,Central,positive,quality exceeded expectation completely,39,4
1045,Great experience from start to finish. Will shop here again!,2024-04-10,WhatsApp,Nakawa,positive,great experience start finish shop,34,5
1046,Product is fine. Meets expectations without exceeding them.,2024-10-29,Google,Lubaga,neutral,product fine meet expectation without exceeding,47,6
1047,Average product quality. Meets basic expectations. Great support!,2024-05-20,WhatsApp,Kololo,neutral,average product quality meet basic expectation great support,60,8
1048,Excellent products and service. Best in the area!,2024-10-28,Twitter,Lubaga,positive,excellent product service best area,35,5
1049,Outstanding quality and service. Will definitely shop here again.,2024-10-01,Facebook,Kawempe,positive,outstanding quality service definitely shop,43,5
1050,Love the product quality. Fast shipping and good packaging. Great quality!,2024-10-20,Facebook,Muyenga,positive,love product quality fast shipping good packaging great quality,63,9
1051,Decent quality products. Price is fair for what you receive.,2023-06-15,WhatsApp,Makindye,neutral,decent quality product price fair receive,41,6
1052,Okay service. Product meets basic requirements. Located in Makindye. Great quality!,2023-10-23,Facebook,Makindye,neutral,okay service product meet basic requirement located makindye great quality,74,10
1053,Average quality. Nothing special but nothing wrong either. Located in Kampala.,2023-08-14,Instagram,Central,neutral,average quality nothing special nothing wrong either located kampala,68,9
1054,Decent service. No major complaints but nothing impressive.,2023-04-18,WhatsApp,Makindye,neutral,decent service major complaint nothing impressive,49,6
1055,Love shopping here! Always get great deals and quality products. Located in Kololo.,2023-11-16,Twitter,Central,positive,love shopping always get great deal quality product located kololo,66,10
1056,Excellent communication and fast delivery. Highly satisfied! Great business!,2023-03-21,WhatsApp,Bukoto,positive,excellent communication fast delivery highly satisfied great business,69,8
1057,Great products at affordable prices. Very satisfied with my purchase. Great quality!,2023-04-03,WhatsApp,Kololo,positive,great product affordable price satisfied purchase great quality,63,8
1058,Amazing quality products. Will definitely buy again from this shop.,2023-06-21,Facebook,Kololo,positive,amazing quality product definitely buy shop,43,6
1059,Delivery was on time. Product is as expected.,2024-09-04,Google,Muyenga,neutral,delivery time product expected,30,4
1060,Fair experience overall. Nothing exceptional but acceptable.,2023-06-29,Google,Kololo,neutral,fair experience overall nothing exceptional acceptable,54,6
1061,Very disappointed with the quality. Not worth the money paid.,2024-07-16,Google,Central,negative,disappointed quality worth money paid,37,5
1062,Great prices and even better service. Highly recommend this business! Located in Muyenga.,2023-05-05,Website,Bukoto,positive,great price even better service highly recommend business located muyenga,73,10
1063,Average experience. Product is functional and adequate.,2024-04-16,Facebook,Nakawa,neutral,average experience product functional adequate,46,5
1064,Decent quality products. Price is fair for what you receive.,2023-01-06,WhatsApp,Kawempe,neutral,decent quality product price fair receive,41,6
1065,Great business with excellent customer care. Very professional. Located in Nakawa.,2023-04-26,WhatsApp,Kololo,positive,great business excellent customer care professional located nakawa,66,8
1066,Worst shopping experience. Poor quality and terrible service.,2024-04-05,Google,Makindye,negative,worst shopping experience poor quality terrible service,55,7
1067,Outstanding quality and service. Will definitely shop here again. Located in Ntinda.,2024-10-03,Website,Ntinda,positive,outstanding quality service definitely shop located ntinda,58,7
1068,Product was different from what was advertised. Misleading description. Great price!,2023-04-21,Facebook,Makindye,negative,product different advertised misleading description great price,63,7
1069,Standard delivery. Product works but quality is average. Great business!,2023-10-25,WhatsApp,Lubaga,neutral,standard delivery product work quality average great business,61,8
1070,Great value for money. Fast delivery and excellent packaging.,2024-07-11,Instagram,Lubaga,positive,great value money fast delivery excellent packaging,51,7
1071,Excellent products and service. Best in the area! Great packaging!,2024-05-21,Instagram,Ntinda,positive,excellent product service best area great packaging,51,7
1072,Love the product quality. Fast shipping and good packaging. Great business!,2024-10-31,WhatsApp,Kololo,positive,love product quality fast shipping good packaging great business,64,9
1073,Okay product quality. Price matches the value received. Located in Lubaga.,2023-09-27,Instagram,Kololo,neutral,okay product quality price match value received located lubaga,62,9
1074,Amazing quality products. Will definitely buy again from this shop. Located in Nakawa.,2023-07-26,Twitter,Makindye,positive,amazing quality product definitely buy shop located nakawa,58,8
1075,Love the product quality. Fast shipping and good packaging.,2024-12-23,Instagram,Bukoto,positive,love product quality fast shipping good packaging,49,7
1076,Standard experience. Product does what it needs to do. Located in Kampala. Great quality!,2023-12-09,WhatsApp,Kampala,neutral,standard experience product need located kampala great quality,62,8
1077,Outstanding quality and service. Will definitely shop here again. Located in Kololo.,2024-04-05,Website,Muyenga,positive,outstanding quality service definitely shop located kololo,58,7
1078,"Fast shipping, good quality, and excellent customer support.",2023-06-06,Website,Lubaga,positive,fast shipping good quality excellent customer support,53,7
1079,Excellent products and service. Best in the area! Located in Muyenga.,2024-12-08,Google,Bukoto,positive,excellent product service best area located muyenga,51,7
1080,Best shopping experience! Quality products and great prices. Located in Bukoto. Great quality!,2023-09-06,WhatsApp,Kololo,positive,best shopping experience quality product great price located bukoto great quality,81,11
1081,Excellent communication and fast delivery. Highly satisfied!,2024-07-26,WhatsApp,Muyenga,positive,excellent communication fast delivery highly satisfied,54,6
1082,Great prices and even better service. Highly recommend this business!,2023-01-30,Facebook,Kololo,positive,great price even better service highly recommend business,57,8
1083,Top quality products at reasonable prices. Highly recommended! Located in Central.,2023-11-13,WhatsApp,Kampala,positive,top quality product reasonable price highly recommended located central,71,9
1084,Love shopping here! Always get great deals and quality products. Located in Ntinda.,2023-08-10,Instagram,Ntinda,positive,love shopping always get great deal quality product located ntinda,66,10
1085,Standard delivery. Product works but quality is average. Located in Muyenga.,2023-12-02,Instagram,Nakawa,neutral,standard delivery product work quality average located muyenga,62,8
1086,Best shopping experience! Quality products and great prices. Located in Bukoto.,2023-02-12,Instagram,Nakawa,positive,best shopping experience quality product great price located bukoto,67,9
1087,Great business with excellent customer care. Very professional.,2023-08-01,Website,Nakawa,positive,great business excellent customer care professional,51,6
1088,Outstanding quality and service. Will definitely shop here again. Located in Lubaga.,2024-03-25,Instagram,Muyenga,positive,outstanding quality service definitely shop located lubaga,58,7
1089,Great experience from start to finish. Will shop here again! Located in Bukoto. Great support!,2024-03-12,WhatsApp,Nakawa,positive,great experience start finish shop located bukoto great support,63,9
1090,Amazing quality products. Will definitely buy again from this shop. Located in Central. Great store!,2023-11-25,Facebook,Bukoto,positive,amazing quality product definitely buy shop located central great store,71,10
1091,Okay service. Nothing special but gets the job done.,2024-01-05,Google,Ntinda,neutral,okay service nothing special get job done,41,7
1092,Love the product quality. Fast shipping and good packaging.,2023-02-03,WhatsApp,Kampala,positive,love product quality fast shipping good packaging,49,7
1093,Product works as expected. No major issues or complaints. Great store!,2024-04-08,Google,Makindye,neutral,product work expected major issue complaint great store,55,8
1094,"Fast shipping, good quality, and excellent customer support. Located in Bukoto. Great order!",2024-04-09,Twitter,Nakawa,positive,fast shipping good quality excellent customer support located bukoto great order,80,11
1095,Best shop in Kawempe. Quality products and great service.,2024-06-17,Facebook,Bukoto,positive,best shop kawempe quality product great service,47,7
1096,Great business with excellent customer care. Very professional. Great experience!,2024-10-04,Twitter,Muyenga,positive,great business excellent customer care professional great experience,68,8
1097,Amazing quality products. Will definitely buy again from this shop.,2023-09-30,Google,Ntinda,positive,amazing quality product definitely buy shop,43,6
1098,Delivery was on time. Product is as expected.,2024-01-13,Twitter,Ntinda,neutral,delivery time product expected,30,4
1099,Best prices in Nakawa area. Great value for money.,2023-08-23,Instagram,Bukoto,positive,best price nakawa area great value money,40,7
1100,Top quality products at reasonable prices. Highly recommended! Located in Kawempe.,2024-06-18,WhatsApp,Nakawa,positive,top quality product reasonable price highly recommended located kawempe,71,9
1101,Overpriced compared to other shops in Nakawa area. Located in Bukoto.,2024-03-16,Facebook,Kololo,negative,overpriced compared shop nakawa area located bukoto,51,7
1102,Best shop in Kawempe. Quality products and great service.,2024-06-21,Google,Central,positive,best shop kawempe quality product great service,47,7
1103,Excellent customer support. They responded quickly to my questions. Great staff!,2023-08-11,Twitter,Bukoto,positive,excellent customer support responded quickly question great staff,65,8
1104,Decent value. Product works as expected. Located in Muyenga.,2024-01-26,Facebook,Central,neutral,decent value product work expected located muyenga,50,7
1105,Average quality products. Functional but not impressive. Located in Kawempe.,2023-10-21,Website,Nakawa,neutral,average quality product functional impressive located kawempe,61,7
1106,Great products at affordable prices. Very satisfied with my purchase.,2023-02-05,WhatsApp,Kampala,positive,great product affordable price satisfied purchase,49,6
1107,Best shopping experience! Quality products and great prices.,2024-01-30,Website,Central,positive,best shopping experience quality product great price,52,7
1108,Best shopping experience! Quality products and great prices.,2024-01-30,WhatsApp,Kampala,positive,best shopping experience quality product great price,52,7
1109,Very satisfied with my purchase. Great quality and fast delivery. Located in Ntinda.,2023-07-28,Website,Central,positive,satisfied purchase great quality fast delivery located ntinda,61,8
1110,Very satisfied with my purchase. Great quality and fast delivery.,2023-02-24,Website,Ntinda,positive,satisfied purchase great quality fast delivery,46,6
1111,Best shop in Kawempe. Quality products and great service. Located in Kampala.,2024-04-18,Twitter,Kawempe,positive,best shop kawempe quality product great service located kampala,63,9
1112,Top quality products at reasonable prices. Highly recommended! Located in Bukoto.,2024-04-02,Google,Makindye,positive,top quality product reasonable price highly recommended located bukoto,70,9
1113,Excellent communication and fast delivery. Highly satisfied!,2023-01-07,Website,Ntinda,positive,excellent communication fast delivery highly satisfied,54,6
1114,Amazing service! The team went above and beyond to help me. Located in Muyenga.,2024-04-15,Instagram,Muyenga,positive,amazing service team went beyond help located muyenga,53,8
1115,Best shopping experience! Quality products and great prices. Great quality!,2024-01-06,Website,Nakawa,positive,best shopping experience quality product great price great quality,66,9
1116,Excellent customer support. They responded quickly to my questions.,2023-09-21,Instagram,Muyenga,positive,excellent customer support responded quickly question,53,6
1117,Average product quality. Meets basic needs adequately.,2023-11-26,Website,Makindye,neutral,average product quality meet basic need adequately,50,7
1118,Best customer service I've experienced. Products are top quality.,2023-07-17,Twitter,Ntinda,positive,best customer service experienced product top quality,53,7
1119,Amazing quality products. Will definitely buy again from this shop. Great shipping!,2023-11-14,Website,Muyenga,positive,amazing quality product definitely buy shop great shipping,58,8
1120,"Fast delivery, good quality, fair prices. What more could you ask for?",2023-03-27,Google,Lubaga,positive,fast delivery good quality fair price could ask,47,8
1121,Fair experience overall. Nothing exceptional but acceptable.,2023-08-16,Instagram,Nakawa,neutral,fair experience overall nothing exceptional acceptable,54,6
1122,Great prices and even better service. Highly recommend this business! Great quality!,2023-07-19,Instagram,Kololo,positive,great price even better service highly recommend business great quality,71,10
1123,Outstanding quality and service. Will definitely shop here again. Great support!,2024-05-09,Website,Kololo,positive,outstanding quality service definitely shop great support,57,7
1124,Top quality products at reasonable prices. Highly recommended!,2023-12-17,Website,Muyenga,positive,top quality product reasonable price highly recommended,55,7
1125,Excellent products and service. Best in the area!,2024-12-03,Facebook,Kampala,positive,excellent product service best area,35,5
1126,Amazing service! The team went above and beyond to help me. Located in Kololo.,2023-07-18,Instagram,Kampala,positive,amazing service team went beyond help located kololo,52,8
1127,Great value for money. Fast delivery and excellent packaging.,2024-08-16,Facebook,Bukoto,positive,great value money fast delivery excellent packaging,51,7
1128,Average experience. Product is functional and adequate. Located in Makindye.,2023-03-02,Website,Makindye,neutral,average experience product functional adequate located makindye,63,7
1129,Great experience overall. Will be a returning customer. Located in Ntinda.,2023-11-11,WhatsApp,Makindye,positive,great experience overall returning customer located ntinda,58,7
1130,Very disappointed. Product quality is poor and service is worse. Located in Kawempe. Great store!,2023-09-14,Facebook,Lubaga,negative,disappointed product quality poor service worse located kawempe great store,75,10
1131,Worst shopping experience. Poor quality and terrible service. Great packaging!,2024-09-30,Website,Kawempe,negative,worst shopping experience poor quality terrible service great packaging,71,9
1132,Great prices and even better service. Highly recommend this business! Located in Muyenga.,2023-11-23,Instagram,Ntinda,positive,great price even better service highly recommend business located muyenga,73,10
1133,Best shop in Kawempe. Quality products and great service.,2023-04-24,WhatsApp,Kololo,positive,best shop kawempe quality product great service,47,7
1134,"Outstanding business! Professional, reliable, and customer-focused. Great quality!",2024-07-01,Facebook,Ntinda,positive,outstanding business professional reliable great quality,56,6
1135,Standard delivery. Product works but quality is average.,2023-05-27,Google,Bukoto,neutral,standard delivery product work quality average,46,6
1136,Standard delivery time. Product quality is average. Located in Lubaga.,2024-06-24,Google,Muyenga,neutral,standard delivery time product quality average located lubaga,61,8
1137,Excellent business! Highly professional and reliable. Great service!,2024-07-03,WhatsApp,Makindye,positive,excellent business highly professional reliable great service,61,7
1138,Top quality products at reasonable prices. Highly recommended!,2024-09-11,Twitter,Kololo,positive,top quality product reasonable price highly recommended,55,7
1139,Standard service. No complaints but nothing exceptional either. Located in Kampala.,2024-08-29,Website,Central,neutral,standard service complaint nothing exceptional either located kampala,69,8
1140,Great value for money. Fast delivery and excellent packaging. Located in Bukoto. Great quality!,2024-05-14,Website,Kampala,positive,great value money fast delivery excellent packaging located bukoto great quality,80,11
1141,Product works fine. Decent quality for the price paid.,2024-02-13,Facebook,Nakawa,neutral,product work fine decent quality price paid,43,7
1142,Average product quality. Meets basic needs adequately.,2023-09-21,Website,Central,neutral,average product quality meet basic need adequately,50,7
1143,Excellent communication and fast delivery. Highly satisfied! Located in Kawempe.,2023-12-30,Website,Nakawa,positive,excellent communication fast delivery highly satisfied located kawempe,70,8
1144,Product arrived damaged and customer service refused to help.,2023-11-05,Website,Nakawa,negative,product arrived damaged customer service refused help,53,7
1145,Product is okay. Nothing special but serves its purpose. Great restaurant!,2024-03-31,Google,Bukoto,neutral,product okay nothing special serf purpose great restaurant,58,8
1146,Average quality products. Functional but not impressive.,2023-10-24,Twitter,Kawempe,neutral,average quality product functional impressive,45,5
1147,"Outstanding business! Professional, reliable, and customer-focused.",2023-07-04,Google,Muyenga,positive,outstanding business professional reliable,42,4
1148,Amazing quality products. Will definitely buy again from this shop.,2023-12-06,Facebook,Muyenga,positive,amazing quality product definitely buy shop,43,6
1149,Product was different from what was advertised. Misleading description.,2024-01-13,WhatsApp,Central,negative,product different advertised misleading description,51,5
1150,Standard delivery. Product works but quality is average. Located in Kawempe.,2023-08-22,WhatsApp,Central,neutral,standard delivery product work quality average located kawempe,62,8
1151,Overpriced products with low quality. Not good value for money.,2023-08-30,Twitter,Bukoto,negative,overpriced product low quality good value money,47,7
1152,Top-notch quality. Exceeded my expectations completely.,2024-01-22,Twitter,Lubaga,positive,quality exceeded expectation completely,39,4
1153,Professional service and high-quality products. Very happy! Located in Makindye. Great experience!,2023-07-05,Website,Makindye,positive,professional service product happy located makindye great experience,68,8
1154,Average quality. Price is reasonable for what you get.,2024-06-19,Google,Kampala,neutral,average quality price reasonable get,36,5
1155,Great prices and even better service. Highly recommend this business! Located in Kawempe. Great product!,2023-05-06,Facebook,Muyenga,positive,great price even better service highly recommend business located kawempe great product,87,12
1156,Great value for money. Fast delivery and excellent packaging.,2024-11-28,Facebook,Muyenga,positive,great value money fast delivery excellent packaging,51,7
1157,Professional service and high-quality products. Very happy! Great delivery!,2024-07-12,Google,Kawempe,positive,professional service product happy great delivery,49,6
1158,Best shop in Kawempe. Quality products and great service.,2023-06-28,Facebook,Kololo,positive,best shop kawempe quality product great service,47,7
1159,Great service! Very fast delivery in Kampala. Highly recommend! Located in Central.,2024-03-30,WhatsApp,Nakawa,positive,great service fast delivery kampala highly recommend located central,68,9
1160,Okay product quality. Price matches the value received.,2024-01-21,Google,Nakawa,neutral,okay product quality price match value received,47,7
1161,Excellent communication and fast delivery. Highly satisfied!,2024-05-19,WhatsApp,Kawempe,positive,excellent communication fast delivery highly satisfied,54,6
1162,Very satisfied with my purchase. Great quality and fast delivery. Located in Kawempe.,2024-12-15,Twitter,Kampala,positive,satisfied purchase great quality fast delivery located kawempe,62,8
1163,Excellent products and service. Best in the area! Great price!,2024-06-06,Website,Kampala,positive,excellent product service best area great price,47,7
1164,Amazing service! The team went above and beyond to help me. Located in Nakawa. Great business!,2024-09-16,Google,Kampala,positive,amazing service team went beyond help located nakawa great business,67,10
1165,Amazing quality products. Will definitely buy again from this shop.,2023-12-20,Google,Central,positive,amazing quality product definitely buy shop,43,6
1166,Disappointing experience. Would not recommend this shop. Located in Lubaga.,2024-02-09,Facebook,Bukoto,negative,disappointing experience would recommend shop located lubaga,60,7
1167,Standard delivery time. Product quality is average. Great delivery!,2023-11-08,Google,Kololo,neutral,standard delivery time product quality average great delivery,61,8
1168,Average product quality. Meets basic needs adequately. Great experience!,2023-09-02,Facebook,Makindye,neutral,average product quality meet basic need adequately great experience,67,9
1169,Delivery was delayed multiple times. Very frustrating experience. Located in Kawempe.,2023-08-27,WhatsApp,Kampala,negative,delivery delayed multiple time frustrating experience located kawempe,69,8
1170,Customer service needs major improvement. Very unprofessional. Located in Central.,2024-02-15,Twitter,Lubaga,negative,customer service need major improvement unprofessional located central,70,8
1171,Product works fine. Decent quality for the price paid.,2023-03-06,Instagram,Nakawa,neutral,product work fine decent quality price paid,43,7
1172,"Fast shipping, good quality, and excellent customer support. Great restaurant!",2024-10-03,WhatsApp,Kololo,positive,fast shipping good quality excellent customer support great restaurant,70,9
1173,Best prices in Nakawa area. Great value for money.,2023-10-28,Website,Ntinda,positive,best price nakawa area great value money,40,7
1174,Top-notch quality. Exceeded my expectations completely.,2024-02-26,Twitter,Nakawa,positive,quality exceeded expectation completely,39,4
1175,Very disappointed. Product quality is poor and service is worse. Located in Lubaga.,2023-04-22,Facebook,Nakawa,negative,disappointed product quality poor service worse located lubaga,62,8
1176,Amazing quality products. Will definitely buy again from this shop. Located in Muyenga.,2023-06-29,Instagram,Central,positive,amazing quality product definitely buy shop located muyenga,59,8
1177,Excellent products and service. Best in the area! Located in Nakawa.,2024-03-04,Instagram,Kampala,positive,excellent product service best area located nakawa,50,7
1178,Great prices and even better service. Highly recommend this business!,2024-07-18,Twitter,Muyenga,positive,great price even better service highly recommend business,57,8
1179,Not satisfied with the product. Quality is below expectations. Great order!,2024-02-05,Google,Central,negative,satisfied product quality expectation great order,49,6
1180,Average experience. Product is functional and adequate. Located in Kampala. Great staff!,2023-07-11,Google,Bukoto,neutral,average experience product functional adequate located kampala great staff,74,9
1181,Great experience overall. Will be a returning customer. Located in Bukoto. Great order!,2023-10-06,Twitter,Kawempe,positive,great experience overall returning customer located bukoto great order,70,9
1182,Amazing service! The team went above and beyond to help me. Located in Muyenga.,2023-04-17,Instagram,Bukoto,positive,amazing service team went beyond help located muyenga,53,8
1183,Best shopping experience! Quality products and great prices.,2023-01-27,WhatsApp,Kawempe,positive,best shopping experience quality product great price,52,7
1184,Average product quality. Meets basic expectations.,2024-01-04,Facebook,Central,neutral,average product quality meet basic expectation,46,6
1185,"Fast delivery, good quality, fair prices. What more could you ask for?",2023-02-10,Website,Central,positive,fast delivery good quality fair price could ask,47,8
1186,Professional service and high-quality products. Very happy! Located in Muyenga.,2023-12-30,Website,Kololo,positive,professional service product happy located muyenga,50,6
1187,Okay experience. Nothing to complain about but not impressed either. Great support!,2023-02-20,Facebook,Ntinda,neutral,okay experience nothing complain impressed either great support,63,8
1188,Excellent business! Highly professional and reliable.,2024-01-29,Google,Makindye,positive,excellent business highly professional reliable,47,5
1189,Standard experience. Product does what it needs to do. Great service!,2023-01-05,Instagram,Central,neutral,standard experience product need great service,46,6
1190,Fair value for money. Quality is acceptable but not premium.,2024-12-17,Instagram,Lubaga,neutral,fair value money quality acceptable premium,43,6
1191,Standard delivery. Product works but quality is average. Great purchase!,2023-06-21,Facebook,Kampala,neutral,standard delivery product work quality average great purchase,61,8
1192,Standard quality. Nothing to complain about or praise.,2024-04-01,WhatsApp,Kampala,neutral,standard quality nothing complain praise,40,5
1193,Great products at affordable prices. Very satisfied with my purchase. Great staff!,2023-11-22,Instagram,Ntinda,positive,great product affordable price satisfied purchase great staff,61,8
1194,"Fast delivery, good quality, fair prices. What more could you ask for? Located in Kololo. Great experience!",2023-06-28,WhatsApp,Kololo,positive,fast delivery good quality fair price could ask located kololo great experience,79,12
1195,Outstanding quality and service. Will definitely shop here again.,2023-03-04,WhatsApp,Central,positive,outstanding quality service definitely shop,43,5
1196,Best prices in Nakawa area. Great value for money. Great shipping!,2024-09-11,Google,Nakawa,positive,best price nakawa area great value money great shipping,55,9
1197,Outstanding service! The staff was very helpful and friendly.,2024-10-19,Instagram,Nakawa,positive,outstanding service staff helpful friendly,42,5
1198,Great business with excellent customer care. Very professional. Great shipping!,2023-05-17,Instagram,Makindye,positive,great business excellent customer care professional great shipping,66,8
1199,Amazing service! The team went above and beyond to help me.,2024-06-18,Google,Kampala,positive,amazing service team went beyond help,37,6
1200,Best shopping experience! Quality products and great prices. Located in Bukoto.,2024-12-16,WhatsApp,Kampala,positive,best shopping experience quality product great price located bukoto,67,9
1201,Best shopping experience! Quality products and great prices.,2024-12-21,Website,Ntinda,positive,best shopping experience quality product great price,52,7
1202,Love the product quality. Fast shipping and good packaging.,2023-01-11,Instagram,Muyenga,positive,love product quality fast shipping good packaging,49,7
1203,Best customer service I've experienced. Products are top quality. Located in Bukoto.,2023-10-15,Twitter,Makindye,positive,best customer service experienced product top quality located bukoto,68,9
1204,Decent service. No major complaints but nothing impressive. Located in Kawempe.,2024-03-23,Instagram,Kampala,neutral,decent service major complaint nothing impressive located kawempe,65,8
1205,Okay product quality. Price matches the value received.,2024-08-22,Instagram,Kawempe,neutral,okay product quality price match value received,47,7
1206,Great value for money. Fast delivery and excellent packaging.,2024-11-10,Twitter,Kampala,positive,great value money fast delivery excellent packaging,51,7
1207,Standard experience. Product does what it needs to do. Located in Bukoto.,2024-10-02,Website,Bukoto,neutral,standard experience product need located bukoto,47,6
1208,Product quality was disappointing. Not as described on the website.,2023-07-05,Instagram,Ntinda,negative,product quality disappointing described website,47,5
1209,Average quality. Price is reasonable for what you get. Located in Kampala.,2024-03-20,Google,Central,neutral,average quality price reasonable get located kampala,52,7
1210,Top quality products at reasonable prices. Highly recommended!,2024-11-26,Facebook,Bukoto,positive,top quality product reasonable price highly recommended,55,7
1211,Average quality products. Functional but not impressive.,2023-12-20,Website,Central,neutral,average quality product functional impressive,45,5
1212,Love shopping here! Always get great deals and quality products. Located in Kampala.,2024-04-14,Twitter,Bukoto,positive,love shopping always get great deal quality product located kampala,67,10
1213,Quick response time and excellent customer care. Highly recommended!,2023-12-27,Google,Bukoto,positive,quick response time excellent customer care highly recommended,62,8
1214,Outstanding service! The staff was very helpful and friendly. Located in Muyenga. Great shop!,2024-01-31,WhatsApp,Muyenga,positive,outstanding service staff helpful friendly located muyenga great shop,69,9
1215,Average product quality. Meets basic needs adequately.,2023-11-09,Website,Muyenga,neutral,average product quality meet basic need adequately,50,7
1216,Very satisfied with my purchase. Great quality and fast delivery. Great delivery!,2023-06-17,WhatsApp,Bukoto,positive,satisfied purchase great quality fast delivery great delivery,61,8
1217,Product didn't work as expected. Waste of money.,2023-12-22,Website,Kololo,negative,product work expected waste money,33,5
1218,Very disappointed. Product quality is poor and service is worse.,2024-05-07,Twitter,Muyenga,negative,disappointed product quality poor service worse,47,6
1219,Amazing service! The team went above and beyond to help me. Located in Muyenga.,2023-08-08,Instagram,Nakawa,positive,amazing service team went beyond help located muyenga,53,8
1220,Disappointing experience. Would not recommend this shop. Located in Kampala.,2023-03-06,Twitter,Kololo,negative,disappointing experience would recommend shop located kampala,61,7
1221,Customer service needs major improvement. Very unprofessional. Located in Kololo.,2024-09-14,Instagram,Central,negative,customer service need major improvement unprofessional located kololo,69,8
1222,Okay delivery time. Product is functional and usable.,2024-03-09,Twitter,Makindye,neutral,okay delivery time product functional usable,44,6
1223,Outstanding service! The staff was very helpful and friendly. Located in Nakawa.,2024-10-29,Website,Nakawa,positive,outstanding service staff helpful friendly located nakawa,57,7
1224,Amazing quality products. Will definitely buy again from this shop. Located in Lubaga.,2024-02-17,Website,Muyenga,positive,amazing quality product definitely buy shop located lubaga,58,8
1225,Average experience. Product is functional and adequate.,2024-11-16,Google,Makindye,neutral,average experience product functional adequate,46,5
1226,Terrible experience. Would not recommend this business to anyone.,2023-07-20,Instagram,Makindye,negative,terrible experience would recommend business anyone,51,6
1227,Quick response time and excellent customer care. Highly recommended!,2023-06-13,Website,Muyenga,positive,quick response time excellent customer care highly recommended,62,8
1228,Not satisfied with the product. Quality is below expectations.,2023-05-14,Instagram,Kawempe,negative,satisfied product quality expectation,37,4
1229,Customer service was unresponsive. Had to wait days for a reply.,2023-12-02,Twitter,Makindye,negative,customer service unresponsive wait day reply,44,6
1230,Okay experience. Nothing to complain about but not impressed either.,2024-10-25,Google,Nakawa,neutral,okay experience nothing complain impressed either,49,6
1231,Professional service and high-quality products. Very happy!,2023-09-11,Twitter,Kawempe,positive,professional service product happy,34,4
1232,Okay experience. Nothing to complain about but not impressed either.,2024-12-16,Website,Kololo,neutral,okay experience nothing complain impressed either,49,6
1233,Okay service. Product meets basic requirements.,2023-03-10,Instagram,Lubaga,neutral,okay service product meet basic requirement,43,6
1234,Amazing quality products. Will definitely buy again from this shop. Located in Kawempe.,2023-05-11,Facebook,Kampala,positive,amazing quality product definitely buy shop located kawempe,59,8
1235,Delivery issues. Package arrived late and damaged. Great shop!,2023-12-01,Twitter,Lubaga,negative,delivery issue package arrived late damaged great shop,54,8
1236,Professional service and high-quality products. Very happy!,2023-12-21,WhatsApp,Bukoto,positive,professional service product happy,34,4
1237,"Fast shipping, good quality, and excellent customer support. Located in Kololo. Great customer!",2024-04-18,Website,Kololo,positive,fast shipping good quality excellent customer support located kololo great customer,83,11
1238,Product is fine. Meets expectations without exceeding them. Located in Kololo.,2024-01-24,Twitter,Kololo,neutral,product fine meet expectation without exceeding located kololo,62,8
1239,Great experience overall. Will be a returning customer.,2023-07-25,Google,Kololo,positive,great experience overall returning customer,43,5
1240,Terrible customer service. No help when I had an issue. Located in Lubaga. Great store!,2024-12-06,Facebook,Kawempe,negative,terrible customer service help issue located lubaga great store,63,9
1241,Delivery was delayed multiple times. Very frustrating experience.,2023-12-28,Facebook,Makindye,negative,delivery delayed multiple time frustrating experience,53,6
1242,Top quality products at reasonable prices. Highly recommended!,2023-06-20,Facebook,Kawempe,positive,top quality product reasonable price highly recommended,55,7
1243,"Outstanding business! Professional, reliable, and customer-focused.",2024-06-14,Website,Lubaga,positive,outstanding business professional reliable,42,4
1244,Excellent business! Highly professional and reliable.,2023-07-28,Twitter,Nakawa,positive,excellent business highly professional reliable,47,5
1245,Delivery was on time. Product is as expected.,2024-10-16,Google,Nakawa,neutral,delivery time product expected,30,4
1246,Amazing experience! The product arrived on time and in perfect condition.,2024-03-14,Website,Kampala,positive,amazing experience product arrived time perfect condition,57,7
1247,Amazing experience! The product arrived on time and in perfect condition.,2024-02-01,Twitter,Central,positive,amazing experience product arrived time perfect condition,57,7
1248,Amazing quality products. Will definitely buy again from this shop. Great support!,2024-10-03,WhatsApp,Kololo,positive,amazing quality product definitely buy shop great support,57,8
1249,Standard service. No complaints but nothing exceptional either. Located in Lubaga.,2023-05-18,WhatsApp,Muyenga,neutral,standard service complaint nothing exceptional either located lubaga,68,8
1250,Outstanding service! The staff was very helpful and friendly. Located in Bukoto.,2024-09-29,Website,Nakawa,positive,outstanding service staff helpful friendly located bukoto,57,7
1251,Slow response time and poor communication from the business.,2024-03-28,Google,Kampala,negative,slow response time poor communication business,46,6
1252,Love shopping here! Always get great deals and quality products.,2024-06-07,Instagram,Nakawa,positive,love shopping always get great deal quality product,51,8
1253,Professional service and high-quality products. Very happy! Located in Makindye.,2023-02-16,Website,Kololo,positive,professional service product happy located makindye,51,6
1254,Average product quality. Meets basic needs adequately. Great service!,2024-09-04,Twitter,Lubaga,neutral,average product quality meet basic need adequately great service,64,9
1255,Great service! Very fast delivery in Kampala. Highly recommend!,2023-04-10,Instagram,Makindye,positive,great service fast delivery kampala highly recommend,52,7
1256,Delivery was delayed multiple times. Very frustrating experience. Located in Muyenga.,2023-01-22,Website,Ntinda,negative,delivery delayed multiple time frustrating experience located muyenga,69,8
1257,Product broke after just one week of use. Very poor quality. Great quality!,2023-01-19,Google,Makindye,negative,product broke one week use poor quality great quality,53,9
1258,Standard business service. Acceptable but not exceptional.,2024-01-05,Google,Makindye,neutral,standard business service acceptable exceptional,48,5
1259,Top-notch quality. Exceeded my expectations completely.,2024-09-01,WhatsApp,Makindye,positive,quality exceeded expectation completely,39,4
1260,"Outstanding business! Professional, reliable, and customer-focused.",2023-04-27,WhatsApp,Kampala,positive,outstanding business professional reliable,42,4
1261,Great experience from start to finish. Will shop here again!,2024-09-13,Instagram,Kampala,positive,great experience start finish shop,34,5
1262,"Outstanding business! Professional, reliable, and customer-focused. Great support!",2023-03-27,Facebook,Muyenga,positive,outstanding business professional reliable great support,56,6
1263,Top-notch quality. Exceeded my expectations completely.,2023-02-12,Google,Lubaga,positive,quality exceeded expectation completely,39,4
1264,Excellent customer support. They responded quickly to my questions. Great support!,2023-08-30,WhatsApp,Lubaga,positive,excellent customer support responded quickly question great support,67,8
1265,Standard experience. Product does what it needs to do. Located in Central.,2023-01-17,Instagram,Makindye,neutral,standard experience product need located central,48,6
1266,Customer service was unresponsive. Had to wait days for a reply. Located in Kawempe. Great packaging!,2023-11-19,Twitter,Makindye,negative,customer service unresponsive wait day reply located kawempe great packaging,76,10
1267,Excellent customer support. They responded quickly to my questions.,2024-11-19,WhatsApp,Lubaga,positive,excellent customer support responded quickly question,53,6
1268,Average experience. Product is functional and adequate.,2023-05-25,Facebook,Ntinda,neutral,average experience product functional adequate,46,5
1269,Average product quality. Meets basic needs adequately. Great delivery!,2024-10-14,Facebook,Ntinda,neutral,average product quality meet basic need adequately great delivery,65,9
1270,Amazing experience! The product arrived on time and in perfect condition. Great staff!,2024-05-07,Instagram,Nakawa,positive,amazing experience product arrived time perfect condition great staff,69,9
1271,Great prices and even better service. Highly recommend this business! Located in Central. Great business!,2024-08-01,Website,Ntinda,positive,great price even better service highly recommend business located central great business,88,12
1272,Decent quality products. Price is fair for what you receive. Great product!,2023-12-24,Instagram,Kampala,neutral,decent quality product price fair receive great product,55,8
1273,Decent service. No major complaints but nothing impressive.,2023-10-16,Website,Central,neutral,decent service major complaint nothing impressive,49,6
1274,Great products at affordable prices. Very satisfied with my purchase.,2023-09-30,WhatsApp,Ntinda,positive,great product affordable price satisfied purchase,49,6
1275,Amazing experience! The product arrived on time and in perfect condition. Great store!,2024-03-09,WhatsApp,Kawempe,positive,amazing experience product arrived time perfect condition great store,69,9
1276,Worst shopping experience. Poor quality and terrible service.,2024-09-11,Instagram,Kawempe,negative,worst shopping experience poor quality terrible service,55,7
1277,Outstanding quality and service. Will definitely shop here again.,2023-02-11,Website,Makindye,positive,outstanding quality service definitely shop,43,5
1278,Great business with excellent customer care. Very professional.,2024-10-23,Facebook,Bukoto,positive,great business excellent customer care professional,51,6
1279,Outstanding quality and service. Will definitely shop here again.,2024-04-30,Website,Bukoto,positive,outstanding quality service definitely shop,43,5
1280,Delivery was delayed multiple times. Very frustrating experience.,2023-12-28,Google,Muyenga,negative,delivery delayed multiple time frustrating experience,53,6
1281,Great service! Very fast delivery in Kampala. Highly recommend! Great purchase!,2024-04-05,Website,Muyenga,positive,great service fast delivery kampala highly recommend great purchase,67,9
1282,Great experience overall. Will be a returning customer. Located in Kawempe.,2023-05-25,WhatsApp,Muyenga,positive,great experience overall returning customer located kawempe,59,7
1283,Product is functional. Does what it's supposed to do. Located in Ntinda. Great business!,2024-08-17,Facebook,Kawempe,neutral,product functional supposed located ntinda great business,57,7
1284,Outstanding service! The staff was very helpful and friendly.,2024-12-18,Facebook,Kololo,positive,outstanding service staff helpful friendly,42,5
1285,"Fast shipping, good quality, and excellent customer support. Located in Kawempe.",2023-12-13,WhatsApp,Lubaga,positive,fast shipping good quality excellent customer support located kawempe,69,9
1286,Product is fine. Meets expectations without exceeding them.,2023-07-10,Instagram,Bukoto,neutral,product fine meet expectation without exceeding,47,6
1287,Customer service is terrible. No one responds to complaints.,2024-11-20,Twitter,Kampala,negative,customer service terrible one responds complaint,48,6
1288,Product is okay. Nothing special but serves its purpose.,2024-06-01,Website,Muyenga,neutral,product okay nothing special serf purpose,41,6
1289,Amazing service! The team went above and beyond to help me. Located in Central. Great store!,2024-11-14,Twitter,Ntinda,positive,amazing service team went beyond help located central great store,65,10
1290,Best shopping experience! Quality products and great prices. Located in Lubaga.,2023-06-25,WhatsApp,Kampala,positive,best shopping experience quality product great price located lubaga,67,9
1291,Okay experience. Nothing to complain about but not impressed either.,2024-06-11,WhatsApp,Kampala,neutral,okay experience nothing complain impressed either,49,6
1292,Top-notch quality. Exceeded my expectations completely. Great customer!,2024-07-08,Facebook,Bukoto,positive,quality exceeded expectation completely great customer,54,6
1293,Great products at affordable prices. Very satisfied with my purchase. Located in Kawempe.,2024-03-10,Website,Bukoto,positive,great product affordable price satisfied purchase located kawempe,65,8
1294,Very slow delivery and unresponsive customer support.,2024-03-27,Website,Central,negative,slow delivery unresponsive customer support,43,5
1295,Outstanding quality and service. Will definitely shop here again.,2023-03-10,Website,Kololo,positive,outstanding quality service definitely shop,43,5
1296,Outstanding service! The staff was very helpful and friendly.,2024-03-27,Google,Makindye,positive,outstanding service staff helpful friendly,42,5
1297,"Fast shipping, good quality, and excellent customer support. Located in Bukoto.",2024-05-06,Google,Lubaga,positive,fast shipping good quality excellent customer support located bukoto,68,9
1298,Outstanding service! The staff was very helpful and friendly. Great service!,2024-06-23,Facebook,Kampala,positive,outstanding service staff helpful friendly great service,56,7
1299,Standard business service. Acceptable but not exceptional. Located in Kololo.,2024-10-28,Twitter,Muyenga,neutral,standard business service acceptable exceptional located kololo,63,7
1300,Amazing experience! The product arrived on time and in perfect condition.,2024-02-04,Instagram,Makindye,positive,amazing experience product arrived time perfect condition,57,7
1301,Quick response time and excellent customer care. Highly recommended!,2024-10-20,Instagram,Lubaga,positive,quick response time excellent customer care highly recommended,62,8
1302,Great prices and even better service. Highly recommend this business! Located in Makindye.,2024-06-06,Twitter,Ntinda,positive,great price even better service highly recommend business located makindye,74,10
1303,Product was different from what was advertised. Misleading description. Located in Kololo. Great restaurant!,2023-12-25,Facebook,Kampala,negative,product different advertised misleading description located kololo great restaurant,83,9
1304,Love shopping here! Always get great deals and quality products.,2023-11-15,Facebook,Lubaga,positive,love shopping always get great deal quality product,51,8
1305,Great experience from start to finish. Will shop here again!,2023-04-08,Twitter,Muyenga,positive,great experience start finish shop,34,5
1306,Decent value. Product works as expected.,2023-04-22,WhatsApp,Ntinda,neutral,decent value product work expected,34,5
1307,Very satisfied with my purchase. Great quality and fast delivery. Located in Ntinda.,2023-12-13,Twitter,Central,positive,satisfied purchase great quality fast delivery located ntinda,61,8
1308,Fair value for money. Quality is acceptable but not premium. Located in Kololo.,2024-04-06,Website,Ntinda,neutral,fair value money quality acceptable premium located kololo,58,8
1309,Excellent business! Highly professional and reliable. Located in Kampala.,2024-09-26,Website,Ntinda,positive,excellent business highly professional reliable located kampala,63,7
1310,Average product quality. Meets basic expectations. Located in Nakawa.,2024-07-17,Twitter,Muyenga,neutral,average product quality meet basic expectation located nakawa,61,8
1311,Very satisfied with my purchase. Great quality and fast delivery.,2023-06-08,Website,Ntinda,positive,satisfied purchase great quality fast delivery,46,6
1312,Excellent products and service. Best in the area!,2023-09-25,Instagram,Nakawa,positive,excellent product service best area,35,5
1313,Not satisfied with the product. Quality is below expectations. Located in Kawempe.,2023-05-30,Website,Central,negative,satisfied product quality expectation located kawempe,53,6
1314,Great experience from start to finish. Will shop here again! Located in Makindye.,2023-03-27,Google,Central,positive,great experience start finish shop located makindye,51,7
1315,Outstanding quality and service. Will definitely shop here again.,2024-04-10,Twitter,Muyenga,positive,outstanding quality service definitely shop,43,5
1316,Professional service and high-quality products. Very happy!,2024-12-24,Facebook,Kampala,positive,professional service product happy,34,4
1317,Product works fine. Decent quality for the price paid. Located in Lubaga.,2023-04-06,Website,Kampala,neutral,product work fine decent quality price paid located lubaga,58,9
1318,Professional service and high-quality products. Very happy!,2023-09-03,Instagram,Central,positive,professional service product happy,34,4
1319,Great products at affordable prices. Very satisfied with my purchase.,2024-01-16,Google,Nakawa,positive,great product affordable price satisfied purchase,49,6
1320,Excellent communication and fast delivery. Highly satisfied!,2023-06-24,Google,Central,positive,excellent communication fast delivery highly satisfied,54,6
1321,Product arrived damaged and customer service refused to help.,2023-02-22,WhatsApp,Lubaga,negative,product arrived damaged customer service refused help,53,7
1322,"Outstanding business! Professional, reliable, and customer-focused.",2023-10-25,Website,Nakawa,positive,outstanding business professional reliable,42,4
1323,Professional service and high-quality products. Very happy!,2024-04-11,Instagram,Central,positive,professional service product happy,34,4
1324,Excellent customer support. They responded quickly to my questions.,2023-02-19,Google,Nakawa,positive,excellent customer support responded quickly question,53,6
1325,Very satisfied with my purchase. Great quality and fast delivery. Located in Makindye.,2024-11-24,Instagram,Makindye,positive,satisfied purchase great quality fast delivery located makindye,63,8
1326,Love shopping here! Always get great deals and quality products. Located in Bukoto.,2023-10-16,WhatsApp,Kampala,positive,love shopping always get great deal quality product located bukoto,66,10
1327,Great service! Very fast delivery in Kampala. Highly recommend! Located in Lubaga.,2024-09-28,Google,Kololo,positive,great service fast delivery kampala highly recommend located lubaga,67,9
1328,Top quality products at reasonable prices. Highly recommended!,2023-12-25,WhatsApp,Central,positive,top quality product reasonable price highly recommended,55,7
1329,Great prices and even better service. Highly recommend this business! Located in Central.,2023-04-23,Google,Lubaga,positive,great price even better service highly recommend business located central,73,10
1330,"Outstanding business! Professional, reliable, and customer-focused. Great shop!",2024-09-19,WhatsApp,Lubaga,positive,outstanding business professional reliable great shop,53,6
1331,Standard service. No complaints but nothing exceptional either.,2024-04-11,Website,Makindye,neutral,standard service complaint nothing exceptional either,53,6
1332,Outstanding quality and service. Will definitely shop here again.,2023-11-19,Website,Ntinda,positive,outstanding quality service definitely shop,43,5
1333,Top-notch quality. Exceeded my expectations completely.,2024-09-21,Facebook,Nakawa,positive,quality exceeded expectation completely,39,4
1334,Standard business service. Acceptable but not exceptional.,2024-09-10,Website,Makindye,neutral,standard business service acceptable exceptional,48,5
1335,Very satisfied with my purchase. Great quality and fast delivery. Located in Ntinda.,2023-08-17,WhatsApp,Makindye,positive,satisfied purchase great quality fast delivery located ntinda,61,8
1336,"Fast shipping, good quality, and excellent customer support.",2024-02-29,WhatsApp,Central,positive,fast shipping good quality excellent customer support,53,7
1337,Excellent business! Highly professional and reliable.,2023-12-03,Instagram,Lubaga,positive,excellent business highly professional reliable,47,5
1338,Outstanding service! The staff was very helpful and friendly. Located in Kampala.,2024-07-06,Instagram,Central,positive,outstanding service staff helpful friendly located kampala,58,7
1339,Average quality. Price is reasonable for what you get.,2023-06-22,Twitter,Kawempe,neutral,average quality price reasonable get,36,5
1340,Poor customer service. Staff was rude and unhelpful. Located in Kampala.,2023-02-20,WhatsApp,Muyenga,negative,poor customer service staff rude unhelpful located kampala,58,8
1341,Excellent business! Highly professional and reliable.,2024-05-16,Instagram,Lubaga,positive,excellent business highly professional reliable,47,5
1342,Outstanding quality and service. Will definitely shop here again.,2024-01-23,Instagram,Ntinda,positive,outstanding quality service definitely shop,43,5
1343,Amazing experience! The product arrived on time and in perfect condition.,2024-01-19,Twitter,Kawempe,positive,amazing experience product arrived time perfect condition,57,7
1344,Customer service was unresponsive. Had to wait days for a reply. Located in Nakawa.,2023-07-22,WhatsApp,Bukoto,negative,customer service unresponsive wait day reply located nakawa,59,8
1345,Excellent products and service. Best in the area! Located in Kampala.,2023-03-28,Facebook,Central,positive,excellent product service best area located kampala,51,7
1346,Amazing quality products. Will definitely buy again from this shop. Located in Makindye.,2023-04-23,WhatsApp,Kololo,positive,amazing quality product definitely buy shop located makindye,60,8
1347,Fair prices and acceptable quality. Nothing outstanding.,2024-10-26,Instagram,Lubaga,neutral,fair price acceptable quality nothing outstanding,49,6
1348,Top quality products at reasonable prices. Highly recommended! Located in Makindye.,2024-01-08,Website,Nakawa,positive,top quality product reasonable price highly recommended located makindye,72,9
1349,Product quality was disappointing. Not as described on the website.,2023-08-21,Website,Kololo,negative,product quality disappointing described website,47,5
1350,Average experience overall. Product is fine but not great.,2024-04-21,Twitter,Nakawa,neutral,average experience overall product fine great,45,6
1351,"Fast delivery, good quality, fair prices. What more could you ask for?",2023-02-17,Google,Bukoto,positive,fast delivery good quality fair price could ask,47,8
1352,Great business with excellent customer care. Very professional.,2023-12-15,Facebook,Nakawa,positive,great business excellent customer care professional,51,6
1353,Decent service. No major complaints but nothing impressive.,2024-11-12,WhatsApp,Lubaga,neutral,decent service major complaint nothing impressive,49,6
1354,Best shop in Kawempe. Quality products and great service.,2024-05-20,Facebook,Bukoto,positive,best shop kawempe quality product great service,47,7
1355,"Fast delivery, good quality, fair prices. What more could you ask for? Located in Bukoto.",2024-08-15,Website,Makindye,positive,fast delivery good quality fair price could ask located bukoto,62,10
1356,Great business with excellent customer care. Very professional. Located in Kololo.,2023-11-14,Facebook,Muyenga,positive,great business excellent customer care professional located kololo,66,8
1357,Great experience overall. Will be a returning customer. Located in Central.,2023-10-14,Twitter,Central,positive,great experience overall returning customer located central,59,7
1358,Excellent business! Highly professional and reliable. Great experience!,2023-07-27,WhatsApp,Makindye,positive,excellent business highly professional reliable great experience,64,7
1359,Professional service and high-quality products. Very happy!,2024-03-21,Twitter,Lubaga,positive,professional service product happy,34,4
1360,Best prices in Nakawa area. Great value for money.,2024-03-03,Twitter,Ntinda,positive,best price nakawa area great value money,40,7
1361,Standard business service. Acceptable but not exceptional. Located in Kawempe.,2024-12-07,Facebook,Nakawa,neutral,standard business service acceptable exceptional located kawempe,64,7
1362,Average experience. Product is functional and adequate. Located in Central.,2023-05-27,Website,Muyenga,neutral,average experience product functional adequate located central,62,7
1363,"Fast shipping, good quality, and excellent customer support.",2024-06-02,Website,Muyenga,positive,fast shipping good quality excellent customer support,53,7
1364,Product is okay. Nothing special but serves its purpose. Located in Makindye.,2023-05-04,Website,Kampala,neutral,product okay nothing special serf purpose located makindye,58,8
1365,Very disappointed. Product quality is poor and service is worse. Located in Bukoto.,2023-03-16,Facebook,Lubaga,negative,disappointed product quality poor service worse located bukoto,62,8
1366,Great prices and even better service. Highly recommend this business! Located in Muyenga.,2023-08-04,Facebook,Makindye,positive,great price even better service highly recommend business located muyenga,73,10
1367,Decent service. No major complaints but nothing impressive.,2024-10-29,Twitter,Bukoto,neutral,decent service major complaint nothing impressive,49,6
1368,Top quality products at reasonable prices. Highly recommended!,2023-06-03,Instagram,Lubaga,positive,top quality product reasonable price highly recommended,55,7
1369,Average product quality. Meets basic needs adequately.,2024-03-03,Facebook,Nakawa,neutral,average product quality meet basic need adequately,50,7
1370,Overpriced compared to other shops in Nakawa area.,2023-08-16,Instagram,Central,negative,overpriced compared shop nakawa area,36,5
1371,Not satisfied at all. Product quality is below standard. Located in Central.,2023-08-16,Twitter,Muyenga,negative,satisfied product quality standard located central,50,6
1372,Best shopping experience! Quality products and great prices. Located in Lubaga.,2024-01-03,Google,Central,positive,best shopping experience quality product great price located lubaga,67,9
1373,Outstanding service! The staff was very helpful and friendly. Great shipping!,2023-09-29,Twitter,Kololo,positive,outstanding service staff helpful friendly great shipping,57,7
1374,Top-notch quality. Exceeded my expectations completely.,2023-04-10,Instagram,Central,positive,quality exceeded expectation completely,39,4
1375,Excellent products and service. Best in the area! Located in Kampala.,2023-04-12,WhatsApp,Makindye,positive,excellent product service best area located kampala,51,7
1376,Great business with excellent customer care. Very professional.,2024-02-27,Google,Kampala,positive,great business excellent customer care professional,51,6
1377,Excellent customer support. They responded quickly to my questions. Located in Kawempe.,2023-11-21,Website,Lubaga,positive,excellent customer support responded quickly question located kawempe,69,8
1378,Best prices in Nakawa area. Great value for money.,2024-10-16,Google,Muyenga,positive,best price nakawa area great value money,40,7
1379,Best shop in Kawempe. Quality products and great service. Great shop!,2024-10-30,Website,Bukoto,positive,best shop kawempe quality product great service great shop,58,9
1380,Decent service. No major complaints but nothing impressive.,2024-10-26,WhatsApp,Muyenga,neutral,decent service major complaint nothing impressive,49,6
1381,"Outstanding business! Professional, reliable, and customer-focused.",2024-01-17,WhatsApp,Muyenga,positive,outstanding business professional reliable,42,4
1382,Professional service and high-quality products. Very happy!,2024-01-05,Facebook,Bukoto,positive,professional service product happy,34,4
1383,Great prices and even better service. Highly recommend this business! Located in Ntinda.,2023-10-18,Google,Bukoto,positive,great price even better service highly recommend business located ntinda,72,10
1384,Okay delivery time. Product is functional and usable.,2023-05-26,Instagram,Muyenga,neutral,okay delivery time product functional usable,44,6
1385,Standard business service. Acceptable but not exceptional. Great restaurant!,2023-08-19,Twitter,Bukoto,neutral,standard business service acceptable exceptional great restaurant,65,7
1386,Love shopping here! Always get great deals and quality products.,2023-01-26,Google,Kampala,positive,love shopping always get great deal quality product,51,8
1387,Standard business service. Acceptable but not exceptional.,2023-09-19,Twitter,Lubaga,neutral,standard business service acceptable exceptional,48,5
1388,Terrible customer service. No help when I had an issue. Great shipping!,2024-02-29,Facebook,Bukoto,negative,terrible customer service help issue great shipping,51,7
1389,Excellent products and service. Best in the area! Located in Central.,2024-04-07,Instagram,Kololo,positive,excellent product service best area located central,51,7
1390,Outstanding service! The staff was very helpful and friendly. Great order!,2024-03-27,Google,Kampala,positive,outstanding service staff helpful friendly great order,54,7
1391,Very slow delivery. Took over a week to arrive in Kampala.,2023-02-19,WhatsApp,Kololo,negative,slow delivery took week arrive kampala,38,6
1392,"Outstanding business! Professional, reliable, and customer-focused. Located in Ntinda.",2024-05-15,Google,Lubaga,positive,outstanding business professional reliable located ntinda,57,6
1393,Delivery was on time. Product is as expected.,2023-06-22,Google,Central,neutral,delivery time product expected,30,4
1394,Love the product quality. Fast shipping and good packaging.,2024-01-29,Instagram,Kampala,positive,love product quality fast shipping good packaging,49,7
1395,Terrible experience. Would not recommend this business to anyone. Located in Bukoto.,2024-05-20,Website,Nakawa,negative,terrible experience would recommend business anyone located bukoto,66,8
1396,Great business with excellent customer care. Very professional.,2024-12-13,Facebook,Bukoto,positive,great business excellent customer care professional,51,6
1397,Very disappointed with the quality. Not worth the money paid.,2024-12-18,Website,Bukoto,negative,disappointed quality worth money paid,37,5
1398,Excellent products and service. Best in the area!,2023-11-07,Instagram,Kawempe,positive,excellent product service best area,35,5
1399,Outstanding service! The staff was very helpful and friendly.,2023-12-02,Website,Bukoto,positive,outstanding service staff helpful friendly,42,5
1400,Great business with excellent customer care. Very professional.,2023-07-17,Facebook,Makindye,positive,great business excellent customer care professional,51,6
1401,Customer service needs major improvement. Very unprofessional.,2023-09-25,Website,Kololo,negative,customer service need major improvement unprofessional,54,6
1402,Customer service was unresponsive. Had to wait days for a reply. Located in Ntinda.,2023-12-12,Website,Nakawa,negative,customer service unresponsive wait day reply located ntinda,59,8
1403,Love the product quality. Fast shipping and good packaging. Located in Makindye.,2023-06-17,Twitter,Central,positive,love product quality fast shipping good packaging located makindye,66,9
1404,Very satisfied with my purchase. Great quality and fast delivery.,2024-07-18,Website,Lubaga,positive,satisfied purchase great quality fast delivery,46,6
1405,Excellent business! Highly professional and reliable.,2023-02-24,Instagram,Muyenga,positive,excellent business highly professional reliable,47,5
1406,Love shopping here! Always get great deals and quality products.,2024-04-22,Facebook,Ntinda,positive,love shopping always get great deal quality product,51,8
1407,Poor customer service. Staff was rude and unhelpful.,2023-03-26,Twitter,Kololo,negative,poor customer service staff rude unhelpful,42,6
1408,Average quality. Price is reasonable for what you get. Great product!,2024-09-12,Google,Central,neutral,average quality price reasonable get great product,50,7
1409,Decent quality products. Price is fair for what you receive. Great packaging!,2023-02-02,Website,Kampala,neutral,decent quality product price fair receive great packaging,57,8
1410,Outstanding quality and service. Will definitely shop here again.,2023-08-10,Website,Kampala,positive,outstanding quality service definitely shop,43,5
1411,Decent service. No major complaints but nothing impressive. Located in Lubaga.,2024-03-06,WhatsApp,Makindye,neutral,decent service major complaint nothing impressive located lubaga,64,8
1412,"Fast shipping, good quality, and excellent customer support.",2024-08-08,Twitter,Makindye,positive,fast shipping good quality excellent customer support,53,7
1413,Okay experience. Nothing to complain about but not impressed either. Located in Kawempe.,2024-07-20,Google,Kampala,neutral,okay experience nothing complain impressed either located kawempe,65,8
1414,Okay service. Nothing special but gets the job done. Great service!,2023-01-02,Instagram,Lubaga,neutral,okay service nothing special get job done great service,55,9
1415,Worst shopping experience. Poor quality and terrible service. Located in Kawempe.,2023-09-06,WhatsApp,Central,negative,worst shopping experience poor quality terrible service located kawempe,71,9
1416,Amazing experience! The product arrived on time and in perfect condition. Located in Kawempe.,2023-09-18,Twitter,Kampala,positive,amazing experience product arrived time perfect condition located kawempe,73,9
1417,Great prices and even better service. Highly recommend this business!,2024-08-06,Google,Kawempe,positive,great price even better service highly recommend business,57,8
1418,Best shop in Kawempe. Quality products and great service.,2023-12-09,Facebook,Ntinda,positive,best shop kawempe quality product great service,47,7
1419,Very satisfied with my purchase. Great quality and fast delivery.,2024-03-16,Google,Makindye,positive,satisfied purchase great quality fast delivery,46,6
1420,Best customer service I've experienced. Products are top quality. Located in Bukoto.,2024-10-13,Website,Ntinda,positive,best customer service experienced product top quality located bukoto,68,9
1421,Average quality products. Functional but not impressive. Great customer!,2023-07-13,Website,Kawempe,neutral,average quality product functional impressive great customer,60,7
1422,Okay service. Nothing special but gets the job done. Located in Kawempe.,2023-08-02,Twitter,Kawempe,neutral,okay service nothing special get job done located kawempe,57,9
1423,Okay product quality. Price matches the value received.,2023-01-04,Website,Kampala,neutral,okay product quality price match value received,47,7
1424,Average experience. Product is functional and adequate.,2023-12-15,WhatsApp,Kololo,neutral,average experience product functional adequate,46,5
1425,Okay service. Product meets basic requirements. Great support!,2024-07-16,Website,Muyenga,neutral,okay service product meet basic requirement great support,57,8
1426,Standard service. No complaints but nothing exceptional either.,2024-09-07,Website,Ntinda,neutral,standard service complaint nothing exceptional either,53,6
1427,Fair prices and acceptable quality. Nothing outstanding. Located in Kampala.,2024-01-22,Instagram,Kawempe,neutral,fair price acceptable quality nothing outstanding located kampala,65,8
1428,Great value for money. Fast delivery and excellent packaging. Great purchase!,2023-10-29,Google,Kawempe,positive,great value money fast delivery excellent packaging great purchase,66,9
1429,Standard business service. Acceptable but not exceptional.,2023-12-25,Google,Lubaga,neutral,standard business service acceptable exceptional,48,5
1430,Delivery was delayed multiple times. Very frustrating experience.,2024-01-09,Facebook,Bukoto,negative,delivery delayed multiple time frustrating experience,53,6
1431,Best prices in Nakawa area. Great value for money.,2023-03-28,Website,Kololo,positive,best price nakawa area great value money,40,7
1432,Amazing experience! The product arrived on time and in perfect condition.,2023-10-19,Google,Nakawa,positive,amazing experience product arrived time perfect condition,57,7
1433,"Fast delivery, good quality, fair prices. What more could you ask for? Located in Kampala.",2024-02-24,Facebook,Makindye,positive,fast delivery good quality fair price could ask located kampala,63,10
1434,Very satisfied with my purchase. Great quality and fast delivery. Great product!,2023-06-02,Facebook,Central,positive,satisfied purchase great quality fast delivery great product,60,8
1435,Average product quality. Meets basic needs adequately.,2024-12-22,Facebook,Lubaga,neutral,average product quality meet basic need adequately,50,7
1436,Customer service was unresponsive. Had to wait days for a reply.,2024-06-02,WhatsApp,Central,negative,customer service unresponsive wait day reply,44,6
1437,Excellent customer support. They responded quickly to my questions. Located in Muyenga.,2024-05-23,Website,Bukoto,positive,excellent customer support responded quickly question located muyenga,69,8
1438,Fair experience overall. Nothing exceptional but acceptable. Great store!,2024-03-22,Website,Bukoto,neutral,fair experience overall nothing exceptional acceptable great store,66,8
1439,Excellent communication and fast delivery. Highly satisfied!,2023-07-15,Google,Bukoto,positive,excellent communication fast delivery highly satisfied,54,6
1440,Customer service was unresponsive. Had to wait days for a reply.,2024-08-25,WhatsApp,Central,negative,customer service unresponsive wait day reply,44,6
1441,Decent service. No major complaints but nothing impressive.,2023-06-22,Website,Ntinda,neutral,decent service major complaint nothing impressive,49,6
1442,Excellent communication and fast delivery. Highly satisfied!,2024-02-15,Twitter,Muyenga,positive,excellent communication fast delivery highly satisfied,54,6
1443,Best prices in Nakawa area. Great value for money.,2024-08-05,Instagram,Kawempe,positive,best price nakawa area great value money,40,7
1444,Top quality products at reasonable prices. Highly recommended! Located in Bukoto. Great order!,2023-12-04,WhatsApp,Kampala,positive,top quality product reasonable price highly recommended located bukoto great order,82,11
1445,Excellent products and service. Best in the area!,2024-09-29,Twitter,Kololo,positive,excellent product service best area,35,5
1446,Okay service. Nothing special but gets the job done.,2024-11-02,Google,Makindye,neutral,okay service nothing special get job done,41,7
1447,Amazing service! The team went above and beyond to help me.,2023-11-05,Instagram,Kampala,positive,amazing service team went beyond help,37,6
1448,Decent service. No major complaints but nothing impressive.,2023-01-04,Website,Nakawa,neutral,decent service major complaint nothing impressive,49,6
1449,Love shopping here! Always get great deals and quality products.,2024-11-11,Website,Bukoto,positive,love shopping always get great deal quality product,51,8
1450,Standard delivery. Product works but quality is average.,2023-08-22,Facebook,Makindye,neutral,standard delivery product work quality average,46,6
1451,Average quality. Nothing special but nothing wrong either. Located in Lubaga.,2023-01-21,Twitter,Ntinda,neutral,average quality nothing special nothing wrong either located lubaga,67,9
1452,"Fast shipping, good quality, and excellent customer support. Located in Nakawa.",2024-11-23,WhatsApp,Muyenga,positive,fast shipping good quality excellent customer support located nakawa,68,9
1453,Customer service is terrible. No one responds to complaints. Located in Kawempe.,2024-05-07,Google,Bukoto,negative,customer service terrible one responds complaint located kawempe,64,8
1454,Fair experience overall. Nothing exceptional but acceptable.,2024-03-19,Facebook,Muyenga,neutral,fair experience overall nothing exceptional acceptable,54,6
1455,Fair value for money. Quality is acceptable but not premium.,2023-03-25,Twitter,Ntinda,neutral,fair value money quality acceptable premium,43,6
1456,Love the product quality. Fast shipping and good packaging.,2024-09-29,Google,Muyenga,positive,love product quality fast shipping good packaging,49,7
1457,Amazing experience! The product arrived on time and in perfect condition.,2024-01-01,WhatsApp,Kawempe,positive,amazing experience product arrived time perfect condition,57,7
1458,Outstanding service! The staff was very helpful and friendly.,2023-12-06,Instagram,Muyenga,positive,outstanding service staff helpful friendly,42,5
1459,Product was different from what was advertised. Misleading description. Located in Bukoto.,2024-06-30,WhatsApp,Bukoto,negative,product different advertised misleading description located bukoto,66,7
1460,Amazing experience! The product arrived on time and in perfect condition.,2023-12-24,Instagram,Central,positive,amazing experience product arrived time perfect condition,57,7
1461,Very satisfied with my purchase. Great quality and fast delivery. Located in Lubaga.,2023-07-30,Facebook,Kampala,positive,satisfied purchase great quality fast delivery located lubaga,61,8
1462,Top-notch quality. Exceeded my expectations completely.,2024-07-27,Facebook,Kololo,positive,quality exceeded expectation completely,39,4
1463,Delivery was on time. Product is as expected. Located in Bukoto. Great customer!,2024-05-07,WhatsApp,Makindye,neutral,delivery time product expected located bukoto great customer,60,8
1464,Great experience from start to finish. Will shop here again!,2024-07-20,WhatsApp,Kawempe,positive,great experience start finish shop,34,5
1465,Amazing quality products. Will definitely buy again from this shop. Great store!,2024-02-16,Google,Lubaga,positive,amazing quality product definitely buy shop great store,55,8
1466,Delivery issues. Package arrived late and damaged.,2024-02-24,Twitter,Kampala,negative,delivery issue package arrived late damaged,43,6
1467,Delivery was delayed multiple times. Very frustrating experience. Located in Nakawa.,2024-05-15,WhatsApp,Muyenga,negative,delivery delayed multiple time frustrating experience located nakawa,68,8
1468,Great experience overall. Will be a returning customer.,2023-01-19,Website,Nakawa,positive,great experience overall returning customer,43,5
1469,"Outstanding business! Professional, reliable, and customer-focused. Great delivery!",2023-12-28,Google,Lubaga,positive,outstanding business professional reliable great delivery,57,6
1470,Love the product quality. Fast shipping and good packaging.,2023-07-02,Facebook,Kawempe,positive,love product quality fast shipping good packaging,49,7
1471,Product is fine. Meets expectations without exceeding them. Located in Kawempe.,2023-12-25,Google,Makindye,neutral,product fine meet expectation without exceeding located kawempe,63,8
1472,Standard delivery. Product works but quality is average.,2023-11-05,Website,Nakawa,neutral,standard delivery product work quality average,46,6
1473,Amazing experience! The product arrived on time and in perfect condition. Great product!,2024-11-26,Google,Kololo,positive,amazing experience product arrived time perfect condition great product,71,9
1474,Okay experience. Nothing to complain about but not impressed either. Great staff!,2024-07-25,Twitter,Kampala,neutral,okay experience nothing complain impressed either great staff,61,8
1475,Product is fine. Meets expectations without exceeding them. Located in Nakawa.,2024-02-08,Instagram,Kampala,neutral,product fine meet expectation without exceeding located nakawa,62,8
1476,Product is okay. Nothing special but serves its purpose.,2024-03-29,Google,Central,neutral,product okay nothing special serf purpose,41,6
1477,Amazing experience! The product arrived on time and in perfect condition.,2024-07-21,WhatsApp,Lubaga,positive,amazing experience product arrived time perfect condition,57,7
1478,Customer service needs major improvement. Very unprofessional.,2024-10-07,Instagram,Central,negative,customer service need major improvement unprofessional,54,6
1479,Okay delivery time. Product is functional and usable.,2023-06-16,WhatsApp,Muyenga,neutral,okay delivery time product functional usable,44,6
1480,"Outstanding business! Professional, reliable, and customer-focused.",2024-02-19,Instagram,Kampala,positive,outstanding business professional reliable,42,4
1481,Best prices in Nakawa area. Great value for money.,2024-03-31,Facebook,Ntinda,positive,best price nakawa area great value money,40,7
1482,Great experience from start to finish. Will shop here again!,2024-10-21,Instagram,Ntinda,positive,great experience start finish shop,34,5
1483,Fair prices and acceptable quality. Nothing outstanding. Located in Makindye.,2023-08-07,Google,Ntinda,neutral,fair price acceptable quality nothing outstanding located makindye,66,8
1484,Great experience from start to finish. Will shop here again!,2023-03-10,Twitter,Lubaga,positive,great experience start finish shop,34,5
1485,Excellent products and service. Best in the area! Located in Nakawa. Great support!,2023-07-22,Website,Lubaga,positive,excellent product service best area located nakawa great support,64,9
1486,Great value for money. Fast delivery and excellent packaging. Located in Central.,2024-01-01,Website,Makindye,positive,great value money fast delivery excellent packaging located central,67,9
1487,Outstanding quality and service. Will definitely shop here again. Located in Bukoto.,2023-10-14,Website,Kawempe,positive,outstanding quality service definitely shop located bukoto,58,7
1488,Product is okay. Nothing special but serves its purpose. Located in Nakawa. Great shipping!,2023-10-09,Instagram,Nakawa,neutral,product okay nothing special serf purpose located nakawa great shipping,71,10
1489,Excellent products and service. Best in the area!,2024-12-14,WhatsApp,Ntinda,positive,excellent product service best area,35,5
1490,Customer service is terrible. No one responds to complaints. Located in Nakawa.,2024-04-05,Website,Ntinda,negative,customer service terrible one responds complaint located nakawa,63,8
1491,Best shopping experience! Quality products and great prices.,2023-06-06,Facebook,Kololo,positive,best shopping experience quality product great price,52,7
1492,Top quality products at reasonable prices. Highly recommended!,2024-04-08,WhatsApp,Lubaga,positive,top quality product reasonable price highly recommended,55,7
1493,Excellent customer support. They responded quickly to my questions.,2023-07-22,Twitter,Ntinda,positive,excellent customer support responded quickly question,53,6
1494,Terrible customer service. No help when I had an issue.,2024-07-18,Twitter,Bukoto,negative,terrible customer service help issue,36,5
1495,Best customer service I've experienced. Products are top quality.,2023-01-02,Google,Ntinda,positive,best customer service experienced product top quality,53,7
1496,Okay service. Product meets basic requirements. Located in Nakawa.,2024-05-06,Instagram,Kampala,neutral,okay service product meet basic requirement located nakawa,58,8
1497,Best shopping experience! Quality products and great prices. Located in Kawempe.,2023-11-17,Facebook,Kololo,positive,best shopping experience quality product great price located kawempe,68,9
1498,Standard business service. Acceptable but not exceptional. Located in Kawempe. Great shop!,2024-07-10,Twitter,Kawempe,neutral,standard business service acceptable exceptional located kawempe great shop,75,9
1499,"Outstanding business! Professional, reliable, and customer-focused. Great purchase!",2023-03-18,Facebook,Central,positive,outstanding business professional reliable great purchase,57,6
1500,Outstanding service! The staff was very helpful and friendly. Great purchase!,2024-01-30,Instagram,Bukoto,positive,outstanding service staff helpful friendly great purchase,57,7
1501,Great experience from start to finish. Will shop here again!,2023-07-09,WhatsApp,Kampala,positive,great experience start finish shop,34,5
1502,Outstanding service! The staff was very helpful and friendly.,2024-05-15,Instagram,Kololo,positive,outstanding service staff helpful friendly,42,5
1503,Excellent customer support. They responded quickly to my questions. Great experience!,2023-05-12,Twitter,Ntinda,positive,excellent customer support responded quickly question great experience,70,8
1504,Top-notch quality. Exceeded my expectations completely. Great support!,2024-05-12,Twitter,Makindye,positive,quality exceeded expectation completely great support,53,6
1505,Delivery issues. Package arrived late and damaged. Great price!,2023-03-17,Facebook,Kololo,negative,delivery issue package arrived late damaged great price,55,8
1506,Excellent communication and fast delivery. Highly satisfied! Great restaurant!,2024-12-10,Twitter,Lubaga,positive,excellent communication fast delivery highly satisfied great restaurant,71,8
1507,Excellent customer support. They responded quickly to my questions.,2023-04-13,Website,Lubaga,positive,excellent customer support responded quickly question,53,6
1508,Product arrived damaged and customer service refused to help.,2023-10-24,Google,Makindye,negative,product arrived damaged customer service refused help,53,7
1509,Okay delivery time. Product is functional and usable. Located in Makindye.,2024-02-25,Google,Nakawa,neutral,okay delivery time product functional usable located makindye,61,8
1510,Top-notch quality. Exceeded my expectations completely. Located in Kampala.,2023-08-24,Twitter,Kawempe,positive,quality exceeded expectation completely located kampala,55,6
1511,Love shopping here! Always get great deals and quality products.,2024-08-22,Google,Kololo,positive,love shopping always get great deal quality product,51,8
1512,Quick response time and excellent customer care. Highly recommended!,2024-01-21,Google,Muyenga,positive,quick response time excellent customer care highly recommended,62,8
1513,Excellent business! Highly professional and reliable. Located in Bukoto. Great delivery!,2023-09-15,Instagram,Kampala,positive,excellent business highly professional reliable located bukoto great delivery,77,9
1514,Decent quality products. Price is fair for what you receive.,2023-05-14,Website,Nakawa,neutral,decent quality product price fair receive,41,6
1515,Professional service and high-quality products. Very happy! Located in Muyenga.,2023-10-04,Website,Makindye,positive,professional service product happy located muyenga,50,6
1516,Fair experience overall. Nothing exceptional but acceptable.,2024-05-22,Facebook,Makindye,neutral,fair experience overall nothing exceptional acceptable,54,6
1517,Amazing experience! The product arrived on time and in perfect condition.,2023-08-17,Google,Kawempe,positive,amazing experience product arrived time perfect condition,57,7
1518,Best customer service I've experienced. Products are top quality.,2024-09-03,Website,Lubaga,positive,best customer service experienced product top quality,53,7
1519,Amazing quality products. Will definitely buy again from this shop. Located in Muyenga.,2024-04-15,WhatsApp,Kampala,positive,amazing quality product definitely buy shop located muyenga,59,8
1520,Great products at affordable prices. Very satisfied with my purchase. Located in Kololo.,2024-02-20,Twitter,Kampala,positive,great product affordable price satisfied purchase located kololo,64,8
1521,Product is fine. Meets expectations without exceeding them.,2023-01-16,Instagram,Kololo,neutral,product fine meet expectation without exceeding,47,6
1522,Delivery was delayed multiple times. Very frustrating experience.,2023-06-06,Twitter,Muyenga,negative,delivery delayed multiple time frustrating experience,53,6
1523,Top quality products at reasonable prices. Highly recommended!,2023-10-09,Facebook,Nakawa,positive,top quality product reasonable price highly recommended,55,7
1524,Disappointing experience. Would not recommend this shop.,2024-05-21,Instagram,Bukoto,negative,disappointing experience would recommend shop,45,5
1525,Average quality. Nothing special but nothing wrong either.,2023-07-17,Website,Bukoto,neutral,average quality nothing special nothing wrong either,52,7
1526,Excellent communication and fast delivery. Highly satisfied! Located in Nakawa.,2024-05-18,Twitter,Central,positive,excellent communication fast delivery highly satisfied located nakawa,69,8
1527,Best shop in Kawempe. Quality products and great service.,2024-11-10,Instagram,Central,positive,best shop kawempe quality product great service,47,7
1528,Best shopping experience! Quality products and great prices. Great customer!,2023-10-13,WhatsApp,Bukoto,positive,best shopping experience quality product great price great customer,67,9
1529,Fair value for money. Quality is acceptable but not premium.,2023-04-02,Facebook,Lubaga,neutral,fair value money quality acceptable premium,43,6
1530,Not satisfied at all. Product quality is below standard.,2024-08-04,Instagram,Nakawa,negative,satisfied product quality standard,34,4
1531,Best prices in Nakawa area. Great value for money. Located in Makindye.,2023-09-29,Google,Makindye,positive,best price nakawa area great value money located makindye,57,9
1532,Excellent products and service. Best in the area!,2024-12-11,Twitter,Kawempe,positive,excellent product service best area,35,5
1533,Excellent products and service. Best in the area!,2024-09-19,WhatsApp,Kawempe,positive,excellent product service best area,35,5
1534,Excellent products and service. Best in the area!,2023-03-21,Instagram,Kampala,positive,excellent product service best area,35,5
1535,Outstanding service! The staff was very helpful and friendly.,2024-07-11,Website,Nakawa,positive,outstanding service staff helpful friendly,42,5
1536,Average experience. Product is functional and adequate.,2023-11-02,Google,Bukoto,neutral,average experience product functional adequate,46,5
1537,Product was different from what was advertised. Misleading description.,2023-09-04,Facebook,Kawempe,negative,product different advertised misleading description,51,5
1538,Delivery was delayed multiple times. Very frustrating experience.,2023-01-10,WhatsApp,Lubaga,negative,delivery delayed multiple time frustrating experience,53,6
1539,Very disappointed. Product quality is poor and service is worse.,2023-01-21,Facebook,Ntinda,negative,disappointed product quality poor service worse,47,6
1540,Outstanding service! The staff was very helpful and friendly. Great shipping!,2024-06-28,Instagram,Lubaga,positive,outstanding service staff helpful friendly great shipping,57,7
1541,Best shop in Kawempe. Quality products and great service. Located in Ntinda. Great customer!,2024-10-26,Twitter,Ntinda,positive,best shop kawempe quality product great service located ntinda great customer,77,11
1542,Love the product quality. Fast shipping and good packaging. Located in Kololo.,2024-02-14,Website,Nakawa,positive,love product quality fast shipping good packaging located kololo,64,9
1543,Delivery was on time. Product is as expected. Great price!,2024-02-22,Twitter,Kololo,neutral,delivery time product expected great price,42,6
1544,Average experience. Product is functional and adequate. Great delivery!,2023-02-14,Instagram,Kampala,neutral,average experience product functional adequate great delivery,61,7
1545,Great prices and even better service. Highly recommend this business!,2023-07-18,Facebook,Central,positive,great price even better service highly recommend business,57,8
1546,Excellent communication and fast delivery. Highly satisfied!,2024-04-06,Twitter,Central,positive,excellent communication fast delivery highly satisfied,54,6
1547,Best shop in Kawempe. Quality products and great service. Great customer!,2024-03-31,Website,Muyenga,positive,best shop kawempe quality product great service great customer,62,9
1548,Quick response time and excellent customer care. Highly recommended!,2024-12-20,Facebook,Muyenga,positive,quick response time excellent customer care highly recommended,62,8
1549,Professional service and high-quality products. Very happy!,2023-10-16,Facebook,Kawempe,positive,professional service product happy,34,4
1550,Product works as expected. No major issues or complaints. Located in Nakawa.,2023-03-13,WhatsApp,Kawempe,neutral,product work expected major issue complaint located nakawa,58,8
1551,Outstanding quality and service. Will definitely shop here again. Located in Makindye.,2023-05-01,Facebook,Muyenga,positive,outstanding quality service definitely shop located makindye,60,7
1552,Top quality products at reasonable prices. Highly recommended!,2024-11-23,WhatsApp,Kololo,positive,top quality product reasonable price highly recommended,55,7
1553,Great experience from start to finish. Will shop here again! Located in Muyenga.,2023-07-25,Twitter,Nakawa,positive,great experience start finish shop located muyenga,50,7
1554,Amazing service! The team went above and beyond to help me. Located in Kawempe.,2023-09-10,Website,Lubaga,positive,amazing service team went beyond help located kawempe,53,8
1555,Average quality. Nothing special but nothing wrong either.,2024-05-13,Google,Kampala,neutral,average quality nothing special nothing wrong either,52,7
1556,Great experience from start to finish. Will shop here again!,2024-07-18,Instagram,Muyenga,positive,great experience start finish shop,34,5
1557,Great service! Very fast delivery in Kampala. Highly recommend!,2024-01-25,Facebook,Kawempe,positive,great service fast delivery kampala highly recommend,52,7
1558,Quick response time and excellent customer care. Highly recommended!,2023-11-09,Website,Nakawa,positive,quick response time excellent customer care highly recommended,62,8
1559,Amazing service! The team went above and beyond to help me.,2024-01-22,WhatsApp,Lubaga,positive,amazing service team went beyond help,37,6
1560,Great value for money. Fast delivery and excellent packaging. Great order!,2023-10-06,Website,Lubaga,positive,great value money fast delivery excellent packaging great order,63,9
1561,Standard experience. Product does what it needs to do. Located in Kololo.,2024-10-23,Website,Central,neutral,standard experience product need located kololo,47,6
1562,Top quality products at reasonable prices. Highly recommended!,2024-01-14,WhatsApp,Bukoto,positive,top quality product reasonable price highly recommended,55,7
1563,Excellent business! Highly professional and reliable. Located in Kampala.,2024-04-28,Google,Ntinda,positive,excellent business highly professional reliable located kampala,63,7
1564,Standard business service. Acceptable but not exceptional. Located in Kawempe.,2024-12-10,Website,Kawempe,neutral,standard business service acceptable exceptional located kawempe,64,7
1565,Amazing service! The team went above and beyond to help me. Located in Makindye.,2023-04-13,Facebook,Kawempe,positive,amazing service team went beyond help located makindye,54,8
1566,Love shopping here! Always get great deals and quality products.,2023-01-21,Instagram,Kampala,positive,love shopping always get great deal quality product,51,8
1567,Average quality products. Functional but not impressive.,2023-01-15,Instagram,Nakawa,neutral,average quality product functional impressive,45,5
1568,Outstanding service! The staff was very helpful and friendly. Located in Muyenga.,2024-03-09,WhatsApp,Muyenga,positive,outstanding service staff helpful friendly located muyenga,58,7
1569,Amazing quality products. Will definitely buy again from this shop. Great order!,2024-11-22,Website,Bukoto,positive,amazing quality product definitely buy shop great order,55,8
1570,Amazing quality products. Will definitely buy again from this shop. Located in Makindye. Great support!,2023-08-12,Facebook,Lubaga,positive,amazing quality product definitely buy shop located makindye great support,74,10
1571,"Fast delivery, good quality, fair prices. What more could you ask for? Located in Kampala. Great business!",2023-03-31,Facebook,Muyenga,positive,fast delivery good quality fair price could ask located kampala great business,78,12
1572,Product broke after just one week of use. Very poor quality.,2024-06-15,Facebook,Kampala,negative,product broke one week use poor quality,39,7
1573,Love shopping here! Always get great deals and quality products. Located in Central. Great product!,2024-04-19,Instagram,Lubaga,positive,love shopping always get great deal quality product located central great product,81,12
1574,Fair prices and acceptable quality. Nothing outstanding. Great experience!,2023-01-31,WhatsApp,Kampala,neutral,fair price acceptable quality nothing outstanding great experience,66,8
1575,Product didn't work as expected. Waste of money. Great restaurant!,2023-02-14,Instagram,Muyenga,negative,product work expected waste money great restaurant,50,7
1576,Professional service and high-quality products. Very happy!,2024-06-04,Instagram,Muyenga,positive,professional service product happy,34,4
1577,Average quality. Price is reasonable for what you get. Great delivery!,2024-08-22,Instagram,Muyenga,neutral,average quality price reasonable get great delivery,51,7
1578,Average product quality. Meets basic expectations.,2023-09-09,Google,Kampala,neutral,average product quality meet basic expectation,46,6
1579,Great products at affordable prices. Very satisfied with my purchase. Located in Ntinda.,2024-05-16,Google,Kampala,positive,great product affordable price satisfied purchase located ntinda,64,8
1580,Standard quality. Nothing to complain about or praise. Great support!,2023-08-30,Instagram,Ntinda,neutral,standard quality nothing complain praise great support,54,7
1581,Standard delivery time. Product quality is average.,2023-05-28,Instagram,Kawempe,neutral,standard delivery time product quality average,46,6
1582,"Outstanding business! Professional, reliable, and customer-focused.",2023-12-18,Google,Kampala,positive,outstanding business professional reliable,42,4
1583,Amazing service! The team went above and beyond to help me.,2023-08-17,Facebook,Muyenga,positive,amazing service team went beyond help,37,6
1584,Professional service and high-quality products. Very happy!,2024-04-13,Google,Kololo,positive,professional service product happy,34,4
1585,Product arrived damaged and customer service refused to help.,2023-11-04,Instagram,Kololo,negative,product arrived damaged customer service refused help,53,7
1586,Product is functional. Does what it's supposed to do. Great service!,2023-05-22,Website,Kampala,neutral,product functional supposed great service,41,5
1587,Best prices in Nakawa area. Great value for money.,2024-05-27,Website,Muyenga,positive,best price nakawa area great value money,40,7
1588,Outstanding service! The staff was very helpful and friendly. Located in Lubaga.,2023-12-27,Twitter,Makindye,positive,outstanding service staff helpful friendly located lubaga,57,7
1589,Great business with excellent customer care. Very professional.,2024-08-20,Facebook,Kawempe,positive,great business excellent customer care professional,51,6
1590,Quick response time and excellent customer care. Highly recommended! Located in Muyenga.,2024-07-16,WhatsApp,Bukoto,positive,quick response time excellent customer care highly recommended located muyenga,78,10
1591,Very satisfied with my purchase. Great quality and fast delivery. Located in Kampala.,2023-02-10,Website,Kawempe,positive,satisfied purchase great quality fast delivery located kampala,62,8
1592,Top-notch quality. Exceeded my expectations completely.,2023-12-29,WhatsApp,Muyenga,positive,quality exceeded expectation completely,39,4
1593,Best shopping experience! Quality products and great prices.,2023-02-10,WhatsApp,Nakawa,positive,best shopping experience quality product great price,52,7
1594,Excellent communication and fast delivery. Highly satisfied!,2023-10-14,Twitter,Kololo,positive,excellent communication fast delivery highly satisfied,54,6
1595,Decent value. Product works as expected. Located in Makindye. Great packaging!,2023-08-30,Twitter,Kampala,neutral,decent value product work expected located makindye great packaging,67,9
1596,Amazing quality products. Will definitely buy again from this shop. Great quality!,2023-06-11,Google,Lubaga,positive,amazing quality product definitely buy shop great quality,57,8
1597,Excellent customer support. They responded quickly to my questions.,2023-09-14,Google,Central,positive,excellent customer support responded quickly question,53,6
1598,Okay service. Product meets basic requirements.,2024-10-30,Instagram,Central,neutral,okay service product meet basic requirement,43,6
1599,Great business with excellent customer care. Very professional.,2023-02-28,Instagram,Central,positive,great business excellent customer care professional,51,6
1600,Fair value for money. Quality is acceptable but not premium.,2024-02-03,Instagram,Kololo,neutral,fair value money quality acceptable premium,43,6
1601,Product didn't work as expected. Waste of money. Located in Ntinda.,2023-06-27,Website,Muyenga,negative,product work expected waste money located ntinda,48,7
1602,Excellent products and service. Best in the area!,2023-08-07,Website,Ntinda,positive,excellent product service best area,35,5
1603,Product is fine. Meets expectations without exceeding them. Great support!,2023-05-10,Website,Central,neutral,product fine meet expectation without exceeding great support,61,8
1604,Average quality. Price is reasonable for what you get. Located in Kawempe.,2024-08-15,Twitter,Kawempe,neutral,average quality price reasonable get located kawempe,52,7
1605,Great business with excellent customer care. Very professional.,2024-03-19,Twitter,Kampala,positive,great business excellent customer care professional,51,6
1606,Product is functional. Does what it's supposed to do.,2023-09-02,Website,Kampala,neutral,product functional supposed,27,3
1607,Amazing experience! The product arrived on time and in perfect condition.,2024-07-21,Website,Muyenga,positive,amazing experience product arrived time perfect condition,57,7
1608,Outstanding service! The staff was very helpful and friendly.,2023-10-19,Instagram,Ntinda,positive,outstanding service staff helpful friendly,42,5
1609,Outstanding quality and service. Will definitely shop here again.,2023-04-10,Facebook,Nakawa,positive,outstanding quality service definitely shop,43,5
1610,Top quality products at reasonable prices. Highly recommended! Located in Muyenga.,2023-10-29,Website,Bukoto,positive,top quality product reasonable price highly recommended located muyenga,71,9
1611,Outstanding quality and service. Will definitely shop here again.,2023-08-06,Instagram,Central,positive,outstanding quality service definitely shop,43,5
1612,Customer service needs major improvement. Very unprofessional.,2023-09-28,Website,Kampala,negative,customer service need major improvement unprofessional,54,6
1613,Best shopping experience! Quality products and great prices.,2024-10-10,Google,Kololo,positive,best shopping experience quality product great price,52,7
1614,"Fast delivery, good quality, fair prices. What more could you ask for? Great shop!",2024-03-30,Instagram,Muyenga,positive,fast delivery good quality fair price could ask great shop,58,10
1615,Average product quality. Meets basic needs adequately.,2024-01-12,Google,Central,neutral,average product quality meet basic need adequately,50,7
1616,Best shopping experience! Quality products and great prices. Great shop!,2023-07-19,WhatsApp,Nakawa,positive,best shopping experience quality product great price great shop,63,9
1617,"Fast delivery, good quality, fair prices. What more could you ask for? Great experience!",2023-06-29,Instagram,Lubaga,positive,fast delivery good quality fair price could ask great experience,64,10
1618,Quick response time and excellent customer care. Highly recommended!,2024-01-14,Google,Bukoto,positive,quick response time excellent customer care highly recommended,62,8
1619,Okay service. Nothing special but gets the job done.,2023-01-02,Google,Bukoto,neutral,okay service nothing special get job done,41,7
1620,Customer service is terrible. No one responds to complaints.,2023-12-11,Twitter,Central,negative,customer service terrible one responds complaint,48,6
1621,Best customer service I've experienced. Products are top quality.,2023-03-22,Instagram,Makindye,positive,best customer service experienced product top quality,53,7
1622,Decent quality products. Price is fair for what you receive.,2023-08-17,Facebook,Lubaga,neutral,decent quality product price fair receive,41,6
1623,Amazing service! The team went above and beyond to help me.,2023-07-27,Google,Nakawa,positive,amazing service team went beyond help,37,6
1624,Product quality was disappointing. Not as described on the website. Great price!,2023-09-07,Website,Kawempe,negative,product quality disappointing described website great price,59,7
1625,Overpriced products with low quality. Not good value for money.,2023-03-25,Google,Central,negative,overpriced product low quality good value money,47,7
1626,Decent service. No major complaints but nothing impressive.,2024-04-17,WhatsApp,Makindye,neutral,decent service major complaint nothing impressive,49,6
1627,Overpriced compared to other shops in Nakawa area.,2024-02-13,Instagram,Central,negative,overpriced compared shop nakawa area,36,5
1628,Outstanding service! The staff was very helpful and friendly. Located in Muyenga.,2023-07-23,Twitter,Kololo,positive,outstanding service staff helpful friendly located muyenga,58,7
1629,Great value for money. Fast delivery and excellent packaging.,2024-09-30,Twitter,Ntinda,positive,great value money fast delivery excellent packaging,51,7
1630,Great experience overall. Will be a returning customer.,2024-04-22,Instagram,Kawempe,positive,great experience overall returning customer,43,5
1631,Okay service. Product meets basic requirements.,2024-05-28,Twitter,Kampala,neutral,okay service product meet basic requirement,43,6
1632,Excellent communication and fast delivery. Highly satisfied! Great store!,2023-05-01,Google,Lubaga,positive,excellent communication fast delivery highly satisfied great store,66,8
1633,Very satisfied with my purchase. Great quality and fast delivery. Great quality!,2023-07-06,Instagram,Ntinda,positive,satisfied purchase great quality fast delivery great quality,60,8
1634,Delivery was delayed multiple times. Very frustrating experience.,2023-07-14,Website,Ntinda,negative,delivery delayed multiple time frustrating experience,53,6
1635,Product works as expected. No major issues or complaints. Located in Ntinda. Great restaurant!,2024-08-08,Instagram,Kololo,neutral,product work expected major issue complaint located ntinda great restaurant,75,10
1636,Great value for money. Fast delivery and excellent packaging.,2024-03-27,WhatsApp,Makindye,positive,great value money fast delivery excellent packaging,51,7
1637,Love the product quality. Fast shipping and good packaging.,2023-08-06,WhatsApp,Kololo,positive,love product quality fast shipping good packaging,49,7
1638,Delivery was delayed multiple times. Very frustrating experience.,2024-11-01,Facebook,Nakawa,negative,delivery delayed multiple time frustrating experience,53,6
1639,Great prices and even better service. Highly recommend this business! Located in Ntinda.,2023-07-12,Twitter,Ntinda,positive,great price even better service highly recommend business located ntinda,72,10
1640,Okay service. Nothing special but gets the job done. Located in Kololo.,2023-08-12,Google,Nakawa,neutral,okay service nothing special get job done located kololo,56,9
1641,Amazing quality products. Will definitely buy again from this shop. Located in Makindye.,2024-12-08,Instagram,Lubaga,positive,amazing quality product definitely buy shop located makindye,60,8
1642,Best customer service I've experienced. Products are top quality. Located in Makindye. Great support!,2024-09-02,Facebook,Nakawa,positive,best customer service experienced product top quality located makindye great support,84,11
1643,Best prices in Nakawa area. Great value for money. Located in Lubaga.,2023-06-16,WhatsApp,Central,positive,best price nakawa area great value money located lubaga,55,9
1644,"Fast shipping, good quality, and excellent customer support. Great price!",2023-12-09,Facebook,Nakawa,positive,fast shipping good quality excellent customer support great price,65,9
1645,Decent value. Product works as expected. Located in Central.,2023-04-30,Google,Muyenga,neutral,decent value product work expected located central,50,7
1646,Great service! Very fast delivery in Kampala. Highly recommend! Great shop!,2024-11-20,Google,Bukoto,positive,great service fast delivery kampala highly recommend great shop,63,9
1647,Delivery was delayed multiple times. Very frustrating experience. Located in Nakawa.,2023-10-31,Google,Makindye,negative,delivery delayed multiple time frustrating experience located nakawa,68,8
1648,Best shopping experience! Quality products and great prices.,2024-07-01,Instagram,Kampala,positive,best shopping experience quality product great price,52,7
1649,Product arrived damaged and customer service refused to help.,2024-09-03,Website,Kampala,negative,product arrived damaged customer service refused help,53,7
1650,Great service! Very fast delivery in Kampala. Highly recommend! Located in Kampala. Great staff!,2024-07-29,Instagram,Kololo,positive,great service fast delivery kampala highly recommend located kampala great staff,80,11
1651,Great prices and even better service. Highly recommend this business! Located in Ntinda.,2023-06-09,Facebook,Lubaga,positive,great price even better service highly recommend business located ntinda,72,10
1652,Love shopping here! Always get great deals and quality products. Located in Lubaga. Great order!,2024-05-10,Website,Makindye,positive,love shopping always get great deal quality product located lubaga great order,78,12
1653,Outstanding quality and service. Will definitely shop here again. Located in Ntinda.,2023-10-06,Twitter,Kololo,positive,outstanding quality service definitely shop located ntinda,58,7
1654,Great service! Very fast delivery in Kampala. Highly recommend! Located in Lubaga.,2024-09-16,Instagram,Kololo,positive,great service fast delivery kampala highly recommend located lubaga,67,9
1655,Love shopping here! Always get great deals and quality products.,2024-10-01,Twitter,Makindye,positive,love shopping always get great deal quality product,51,8
1656,Average quality. Price is reasonable for what you get. Located in Bukoto.,2024-10-01,Instagram,Nakawa,neutral,average quality price reasonable get located bukoto,51,7
1657,Outstanding service! The staff was very helpful and friendly.,2024-06-08,Website,Kampala,positive,outstanding service staff helpful friendly,42,5
1658,Product arrived damaged and customer service refused to help. Located in Makindye.,2023-07-29,Facebook,Lubaga,negative,product arrived damaged customer service refused help located makindye,70,9
1659,Amazing quality products. Will definitely buy again from this shop. Located in Kawempe.,2024-05-04,Facebook,Nakawa,positive,amazing quality product definitely buy shop located kawempe,59,8
1660,Great experience overall. Will be a returning customer.,2023-06-17,Website,Bukoto,positive,great experience overall returning customer,43,5
1661,Product works as expected. No major issues or complaints. Located in Kololo.,2023-01-21,Website,Nakawa,neutral,product work expected major issue complaint located kololo,58,8
1662,Poor quality products. Broke within days of purchase. Located in Kololo.,2023-11-21,Google,Lubaga,negative,poor quality product broke within day purchase located kololo,61,9
1663,Fair prices and acceptable quality. Nothing outstanding. Located in Central.,2024-11-12,Website,Kawempe,neutral,fair price acceptable quality nothing outstanding located central,65,8
1664,Excellent customer support. They responded quickly to my questions. Great service!,2023-07-06,Website,Bukoto,positive,excellent customer support responded quickly question great service,67,8
1665,"Outstanding business! Professional, reliable, and customer-focused.",2023-09-30,Instagram,Lubaga,positive,outstanding business professional reliable,42,4
1666,Average quality products. Functional but not impressive.,2024-12-26,Facebook,Makindye,neutral,average quality product functional impressive,45,5
1667,Excellent business! Highly professional and reliable.,2023-01-04,WhatsApp,Kololo,positive,excellent business highly professional reliable,47,5
1668,Average experience. Product is functional and adequate. Located in Bukoto.,2024-09-17,Twitter,Lubaga,neutral,average experience product functional adequate located bukoto,61,7
1669,Love the product quality. Fast shipping and good packaging.,2024-09-14,Google,Bukoto,positive,love product quality fast shipping good packaging,49,7
1670,Product is fine. Meets expectations without exceeding them. Located in Bukoto.,2023-09-10,Facebook,Kololo,neutral,product fine meet expectation without exceeding located bukoto,62,8
1671,Great value for money. Fast delivery and excellent packaging. Located in Kololo. Great store!,2023-02-26,Instagram,Ntinda,positive,great value money fast delivery excellent packaging located kololo great store,78,11
1672,Okay experience. Nothing to complain about but not impressed either.,2023-05-07,Twitter,Kampala,neutral,okay experience nothing complain impressed either,49,6
1673,Top-notch quality. Exceeded my expectations completely. Great service!,2024-08-13,Google,Bukoto,positive,quality exceeded expectation completely great service,53,6
1674,Professional service and high-quality products. Very happy!,2023-07-17,WhatsApp,Lubaga,positive,professional service product happy,34,4
1675,Standard delivery time. Product quality is average.,2024-10-12,Facebook,Muyenga,neutral,standard delivery time product quality average,46,6
1676,Amazing experience! The product arrived on time and in perfect condition.,2024-08-03,WhatsApp,Lubaga,positive,amazing experience product arrived time perfect condition,57,7
1677,Very slow delivery and unresponsive customer support. Located in Central.,2024-09-16,Instagram,Ntinda,negative,slow delivery unresponsive customer support located central,59,7
1678,Amazing service! The team went above and beyond to help me. Located in Bukoto.,2024-04-09,Google,Bukoto,positive,amazing service team went beyond help located bukoto,52,8
1679,Standard business service. Acceptable but not exceptional. Located in Makindye.,2024-02-16,Google,Bukoto,neutral,standard business service acceptable exceptional located makindye,65,7
1680,Great prices and even better service. Highly recommend this business! Located in Kololo.,2024-06-23,Facebook,Lubaga,positive,great price even better service highly recommend business located kololo,72,10
1681,Product quality was disappointing. Not as described on the website.,2024-07-08,Instagram,Makindye,negative,product quality disappointing described website,47,5
1682,Great experience overall. Will be a returning customer.,2023-07-23,WhatsApp,Muyenga,positive,great experience overall returning customer,43,5
1683,Okay experience. Nothing to complain about but not impressed either. Located in Muyenga. Great quality!,2024-01-14,Google,Makindye,neutral,okay experience nothing complain impressed either located muyenga great quality,79,10
1684,Standard delivery. Product works but quality is average.,2023-04-10,WhatsApp,Bukoto,neutral,standard delivery product work quality average,46,6
1685,Amazing service! The team went above and beyond to help me. Located in Lubaga.,2024-08-04,Website,Ntinda,positive,amazing service team went beyond help located lubaga,52,8
1686,Product works fine. Decent quality for the price paid.,2023-02-06,Google,Kawempe,neutral,product work fine decent quality price paid,43,7
1687,Love shopping here! Always get great deals and quality products.,2024-10-04,Google,Lubaga,positive,love shopping always get great deal quality product,51,8
1688,Average quality. Price is reasonable for what you get.,2024-06-18,Twitter,Nakawa,neutral,average quality price reasonable get,36,5
1689,Excellent customer support. They responded quickly to my questions.,2024-12-29,Facebook,Nakawa,positive,excellent customer support responded quickly question,53,6
1690,Great experience overall. Will be a returning customer. Located in Makindye.,2024-10-03,Website,Central,positive,great experience overall returning customer located makindye,60,7
1691,Best prices in Nakawa area. Great value for money.,2024-11-06,Google,Kampala,positive,best price nakawa area great value money,40,7
1692,Excellent business! Highly professional and reliable. Located in Kololo.,2023-01-05,Instagram,Muyenga,positive,excellent business highly professional reliable located kololo,62,7
1693,Great experience overall. Will be a returning customer. Great store!,2024-02-17,Website,Kampala,positive,great experience overall returning customer great store,55,7
1694,Average quality products. Functional but not impressive.,2023-05-09,Website,Bukoto,neutral,average quality product functional impressive,45,5
1695,Best customer service I've experienced. Products are top quality. Located in Kawempe.,2023-10-08,Facebook,Kampala,positive,best customer service experienced product top quality located kawempe,69,9
1696,Great experience from start to finish. Will shop here again! Located in Nakawa. Great product!,2023-11-25,Website,Lubaga,positive,great experience start finish shop located nakawa great product,63,9
1697,Standard delivery. Product works but quality is average.,2024-05-18,Instagram,Kololo,neutral,standard delivery product work quality average,46,6
1698,Very satisfied with my purchase. Great quality and fast delivery. Located in Kololo.,2024-06-20,Google,Makindye,positive,satisfied purchase great quality fast delivery located kololo,61,8
1699,Love the product quality. Fast shipping and good packaging. Great purchase!,2024-05-25,WhatsApp,Central,positive,love product quality fast shipping good packaging great purchase,64,9
1700,Average experience. Product is functional and adequate.,2024-01-16,Google,Nakawa,neutral,average experience product functional adequate,46,5
1701,Decent value. Product works as expected.,2023-12-29,WhatsApp,Central,neutral,decent value product work expected,34,5
1702,"Outstanding business! Professional, reliable, and customer-focused.",2023-08-28,Website,Muyenga,positive,outstanding business professional reliable,42,4
1703,Product is fine. Meets expectations without exceeding them.,2024-06-21,Twitter,Kololo,neutral,product fine meet expectation without exceeding,47,6
1704,Best customer service I've experienced. Products are top quality. Great store!,2023-03-01,Instagram,Kampala,positive,best customer service experienced product top quality great store,65,9
1705,Amazing experience! The product arrived on time and in perfect condition.,2023-09-05,Facebook,Bukoto,positive,amazing experience product arrived time perfect condition,57,7
1706,Customer service was unresponsive. Had to wait days for a reply.,2024-01-04,Twitter,Nakawa,negative,customer service unresponsive wait day reply,44,6
1707,Best customer service I've experienced. Products are top quality. Located in Muyenga. Great price!,2024-04-10,Twitter,Kampala,positive,best customer service experienced product top quality located muyenga great price,81,11
1708,Delivery was on time. Product is as expected. Located in Kololo. Great customer!,2024-02-19,WhatsApp,Ntinda,neutral,delivery time product expected located kololo great customer,60,8
1709,Poor packaging led to damaged goods. Very unprofessional.,2024-03-17,WhatsApp,Bukoto,negative,poor packaging led damaged good unprofessional,46,6
1710,Great experience overall. Will be a returning customer. Great shipping!,2024-11-20,Facebook,Bukoto,positive,great experience overall returning customer great shipping,58,7
1711,Okay service. Nothing special but gets the job done.,2024-02-13,Website,Lubaga,neutral,okay service nothing special get job done,41,7
1712,"Fast delivery, good quality, fair prices. What more could you ask for?",2024-05-20,Facebook,Bukoto,positive,fast delivery good quality fair price could ask,47,8
1713,Quick response time and excellent customer care. Highly recommended! Great customer!,2024-11-28,Facebook,Ntinda,positive,quick response time excellent customer care highly recommended great customer,77,10
1714,Poor customer service. Staff was rude and unhelpful.,2023-04-06,Google,Kampala,negative,poor customer service staff rude unhelpful,42,6
1715,Best shop in Kawempe. Quality products and great service.,2023-01-27,Instagram,Lubaga,positive,best shop kawempe quality product great service,47,7
1716,"Fast delivery, good quality, fair prices. What more could you ask for?",2024-01-27,Website,Muyenga,positive,fast delivery good quality fair price could ask,47,8
1717,Disappointing experience. Would not recommend this shop.,2024-12-22,Google,Makindye,negative,disappointing experience would recommend shop,45,5
1718,Great business with excellent customer care. Very professional.,2023-12-16,Instagram,Muyenga,positive,great business excellent customer care professional,51,6
1719,Top quality products at reasonable prices. Highly recommended!,2023-05-11,Google,Bukoto,positive,top quality product reasonable price highly recommended,55,7
1720,Top-notch quality. Exceeded my expectations completely.,2023-11-16,Twitter,Lubaga,positive,quality exceeded expectation completely,39,4
1721,Okay product quality. Price matches the value received.,2024-06-25,Twitter,Lubaga,neutral,okay product quality price match value received,47,7
1722,Great value for money. Fast delivery and excellent packaging. Located in Makindye.,2023-11-30,Google,Kawempe,positive,great value money fast delivery excellent packaging located makindye,68,9
1723,Average experience. Product is functional and adequate.,2023-02-28,Facebook,Lubaga,neutral,average experience product functional adequate,46,5
1724,Excellent products and service. Best in the area!,2023-06-04,Website,Makindye,positive,excellent product service best area,35,5
1725,Product works fine. Decent quality for the price paid.,2024-05-14,WhatsApp,Lubaga,neutral,product work fine decent quality price paid,43,7
1726,Amazing experience! The product arrived on time and in perfect condition.,2024-05-14,Twitter,Muyenga,positive,amazing experience product arrived time perfect condition,57,7
1727,Best shop in Kawempe. Quality products and great service.,2024-06-12,Twitter,Ntinda,positive,best shop kawempe quality product great service,47,7
1728,Great business with excellent customer care. Very professional. Located in Kampala. Great price!,2023-08-10,Instagram,Ntinda,positive,great business excellent customer care professional located kampala great price,79,10
1729,Slow response time and poor communication from the business. Great order!,2023-01-05,Instagram,Kawempe,negative,slow response time poor communication business great order,58,8
1730,Excellent business! Highly professional and reliable.,2023-07-12,Facebook,Bukoto,positive,excellent business highly professional reliable,47,5
1731,Average product quality. Meets basic expectations. Great customer!,2023-04-05,Website,Kawempe,neutral,average product quality meet basic expectation great customer,61,8
1732,Great business with excellent customer care. Very professional.,2023-10-16,Website,Ntinda,positive,great business excellent customer care professional,51,6
1733,Great experience overall. Will be a returning customer.,2023-02-11,Facebook,Central,positive,great experience overall returning customer,43,5
1734,Great products at affordable prices. Very satisfied with my purchase.,2023-02-14,Google,Bukoto,positive,great product affordable price satisfied purchase,49,6
1735,Love shopping here! Always get great deals and quality products.,2023-01-14,Twitter,Lubaga,positive,love shopping always get great deal quality product,51,8
1736,Outstanding quality and service. Will definitely shop here again. Great purchase!,2023-06-06,Twitter,Muyenga,positive,outstanding quality service definitely shop great purchase,58,7
1737,Product is functional. Does what it's supposed to do. Located in Bukoto.,2023-01-28,Website,Nakawa,neutral,product functional supposed located bukoto,42,5
1738,Top quality products at reasonable prices. Highly recommended! Great store!,2023-10-09,Google,Makindye,positive,top quality product reasonable price highly recommended great store,67,9
1739,Great products at affordable prices. Very satisfied with my purchase. Located in Makindye. Great experience!,2024-05-06,Website,Kampala,positive,great product affordable price satisfied purchase located makindye great experience,83,10
1740,Standard delivery. Product works but quality is average.,2023-06-10,Instagram,Makindye,neutral,standard delivery product work quality average,46,6
1741,Outstanding service! The staff was very helpful and friendly.,2024-07-28,Website,Nakawa,positive,outstanding service staff helpful friendly,42,5
1742,Best customer service I've experienced. Products are top quality.,2024-11-18,Twitter,Nakawa,positive,best customer service experienced product top quality,53,7
1743,Worst shopping experience. Poor quality and terrible service. Located in Lubaga.,2023-02-03,Website,Kololo,negative,worst shopping experience poor quality terrible service located lubaga,70,9
1744,Average product quality. Meets basic expectations. Located in Central.,2024-10-14,Website,Kampala,neutral,average product quality meet basic expectation located central,62,8
1745,Outstanding service! The staff was very helpful and friendly.,2023-09-04,WhatsApp,Kololo,positive,outstanding service staff helpful friendly,42,5
1746,Professional service and high-quality products. Very happy! Located in Central. Great packaging!,2023-07-25,Instagram,Makindye,positive,professional service product happy located central great packaging,66,8
1747,Amazing service! The team went above and beyond to help me. Located in Muyenga. Great support!,2024-01-30,Facebook,Nakawa,positive,amazing service team went beyond help located muyenga great support,67,10
1748,Best customer service I've experienced. Products are top quality.,2023-07-05,WhatsApp,Kololo,positive,best customer service experienced product top quality,53,7
1749,Not satisfied with the product. Quality is below expectations.,2024-11-10,Google,Ntinda,negative,satisfied product quality expectation,37,4
1750,"Fast shipping, good quality, and excellent customer support. Located in Central. Great product!",2023-12-14,Google,Ntinda,positive,fast shipping good quality excellent customer support located central great product,83,11
1751,Amazing service! The team went above and beyond to help me.,2023-07-16,Facebook,Lubaga,positive,amazing service team went beyond help,37,6
1752,Delivery was on time. Product is as expected.,2024-01-15,Website,Kawempe,neutral,delivery time product expected,30,4
1753,Okay experience. Nothing to complain about but not impressed either.,2023-08-04,Website,Bukoto,neutral,okay experience nothing complain impressed either,49,6
1754,Okay service. Product meets basic requirements.,2023-06-29,Instagram,Lubaga,neutral,okay service product meet basic requirement,43,6
1755,Amazing service! The team went above and beyond to help me. Located in Muyenga. Great store!,2023-04-30,Website,Central,positive,amazing service team went beyond help located muyenga great store,65,10
1756,Best shop in Kawempe. Quality products and great service.,2023-11-14,WhatsApp,Lubaga,positive,best shop kawempe quality product great service,47,7
1757,Amazing quality products. Will definitely buy again from this shop.,2023-02-01,WhatsApp,Kawempe,positive,amazing quality product definitely buy shop,43,6
1758,Outstanding quality and service. Will definitely shop here again. Located in Muyenga.,2024-01-19,Website,Nakawa,positive,outstanding quality service definitely shop located muyenga,59,7
1759,Fair prices and acceptable quality. Nothing outstanding. Located in Lubaga.,2023-02-02,WhatsApp,Muyenga,neutral,fair price acceptable quality nothing outstanding located lubaga,64,8
1760,Product quality was disappointing. Not as described on the website.,2023-02-11,Facebook,Kawempe,negative,product quality disappointing described website,47,5
1761,Great business with excellent customer care. Very professional. Located in Central.,2023-08-31,Twitter,Ntinda,positive,great business excellent customer care professional located central,67,8
1762,Not satisfied at all. Product quality is below standard. Great purchase!,2023-06-22,Twitter,Kawempe,negative,satisfied product quality standard great purchase,49,6
1763,Amazing quality products. Will definitely buy again from this shop.,2024-12-08,Website,Kampala,positive,amazing quality product definitely buy shop,43,6
1764,Product is fine. Meets expectations without exceeding them.,2024-12-29,Instagram,Bukoto,neutral,product fine meet expectation without exceeding,47,6
1765,Delivery was on time. Product is as expected. Located in Ntinda.,2023-05-31,Website,Makindye,neutral,delivery time product expected located ntinda,45,6
1766,Great experience from start to finish. Will shop here again! Great support!,2024-04-19,Facebook,Makindye,positive,great experience start finish shop great support,48,7
1767,Love the product quality. Fast shipping and good packaging.,2023-08-12,Facebook,Nakawa,positive,love product quality fast shipping good packaging,49,7
1768,Poor packaging led to damaged goods. Very unprofessional. Located in Ntinda.,2024-10-16,Twitter,Ntinda,negative,poor packaging led damaged good unprofessional located ntinda,61,8
1769,Customer service is terrible. No one responds to complaints. Located in Lubaga. Great delivery!,2024-02-03,Twitter,Kawempe,negative,customer service terrible one responds complaint located lubaga great delivery,78,10
1770,Love the product quality. Fast shipping and good packaging. Great store!,2023-01-05,Google,Makindye,positive,love product quality fast shipping good packaging great store,61,9
1771,Okay service. Nothing special but gets the job done.,2024-11-23,WhatsApp,Kololo,neutral,okay service nothing special get job done,41,7
1772,Best customer service I've experienced. Products are top quality. Located in Nakawa. Great experience!,2023-09-07,Website,Lubaga,positive,best customer service experienced product top quality located nakawa great experience,85,11
1773,Great products at affordable prices. Very satisfied with my purchase. Located in Kampala.,2023-05-07,Facebook,Kampala,positive,great product affordable price satisfied purchase located kampala,65,8
1774,Product works fine. Decent quality for the price paid. Great order!,2023-02-12,Google,Makindye,neutral,product work fine decent quality price paid great order,55,9
1775,Great business with excellent customer care. Very professional. Located in Makindye.,2024-01-03,Facebook,Central,positive,great business excellent customer care professional located makindye,68,8
1776,Great experience overall. Will be a returning customer.,2023-07-22,Google,Lubaga,positive,great experience overall returning customer,43,5
1777,Decent quality products. Price is fair for what you receive.,2023-03-02,Instagram,Bukoto,neutral,decent quality product price fair receive,41,6
1778,Quick response time and excellent customer care. Highly recommended!,2023-06-21,Website,Kololo,positive,quick response time excellent customer care highly recommended,62,8
1779,Professional service and high-quality products. Very happy!,2023-09-17,Twitter,Central,positive,professional service product happy,34,4
1780,Great value for money. Fast delivery and excellent packaging. Located in Nakawa.,2023-12-11,Facebook,Nakawa,positive,great value money fast delivery excellent packaging located nakawa,66,9
1781,"Outstanding business! Professional, reliable, and customer-focused. Located in Nakawa.",2023-12-23,Facebook,Makindye,positive,outstanding business professional reliable located nakawa,57,6
1782,"Fast shipping, good quality, and excellent customer support.",2023-04-30,Facebook,Makindye,positive,fast shipping good quality excellent customer support,53,7
1783,Best customer service I've experienced. Products are top quality.,2024-01-23,Instagram,Nakawa,positive,best customer service experienced product top quality,53,7
1784,Professional service and high-quality products. Very happy!,2024-03-14,Facebook,Bukoto,positive,professional service product happy,34,4
1785,Best prices in Nakawa area. Great value for money.,2024-07-24,WhatsApp,Kololo,positive,best price nakawa area great value money,40,7
1786,Poor quality products. Broke within days of purchase.,2023-12-07,Website,Nakawa,negative,poor quality product broke within day purchase,46,7
1787,Okay service. Product meets basic requirements. Located in Kololo.,2024-10-11,Instagram,Makindye,neutral,okay service product meet basic requirement located kololo,58,8
1788,Amazing service! The team went above and beyond to help me.,2024-11-15,Website,Makindye,positive,amazing service team went beyond help,37,6
1789,Delivery was on time. Product is as expected.,2023-01-26,Instagram,Kampala,neutral,delivery time product expected,30,4
1790,Great service! Very fast delivery in Kampala. Highly recommend!,2023-01-18,Facebook,Kawempe,positive,great service fast delivery kampala highly recommend,52,7
1791,Great service! Very fast delivery in Kampala. Highly recommend!,2023-12-27,Twitter,Kololo,positive,great service fast delivery kampala highly recommend,52,7
1792,Great experience from start to finish. Will shop here again! Located in Central.,2024-09-23,WhatsApp,Kawempe,positive,great experience start finish shop located central,50,7
1793,Excellent products and service. Best in the area!,2024-10-25,Facebook,Bukoto,positive,excellent product service best area,35,5
1794,Average experience. Product is functional and adequate. Located in Nakawa.,2024-11-25,Website,Makindye,neutral,average experience product functional adequate located nakawa,61,7
1795,"Outstanding business! Professional, reliable, and customer-focused. Located in Bukoto. Great shop!",2024-05-08,Instagram,Lubaga,positive,outstanding business professional reliable located bukoto great shop,68,8
1796,Customer service is terrible. No one responds to complaints. Great quality!,2023-05-28,Facebook,Lubaga,negative,customer service terrible one responds complaint great quality,62,8
1797,Best shop in Kawempe. Quality products and great service.,2023-03-04,Website,Makindye,positive,best shop kawempe quality product great service,47,7
1798,Best shopping experience! Quality products and great prices. Located in Central.,2024-11-10,Instagram,Nakawa,positive,best shopping experience quality product great price located central,68,9
1799,Best shopping experience! Quality products and great prices. Located in Makindye. Great delivery!,2024-10-26,Instagram,Muyenga,positive,best shopping experience quality product great price located makindye great delivery,84,11
1800,Top-notch quality. Exceeded my expectations completely. Great service!,2023-01-04,Website,Kampala,positive,quality exceeded expectation completely great service,53,6
1801,Best shopping experience! Quality products and great prices. Located in Kawempe.,2024-05-13,Twitter,Makindye,positive,best shopping experience quality product great price located kawempe,68,9
1802,Top quality products at reasonable prices. Highly recommended! Located in Makindye.,2023-03-10,Google,Lubaga,positive,top quality product reasonable price highly recommended located makindye,72,9
1803,Best shop in Kawempe. Quality products and great service. Located in Central.,2023-06-15,Facebook,Lubaga,positive,best shop kawempe quality product great service located central,63,9
1804,Love shopping here! Always get great deals and quality products.,2023-11-13,WhatsApp,Kampala,positive,love shopping always get great deal quality product,51,8
1805,"Fast shipping, good quality, and excellent customer support. Located in Central.",2023-03-05,Twitter,Makindye,positive,fast shipping good quality excellent customer support located central,69,9
1806,Average product quality. Meets basic needs adequately. Located in Muyenga.,2023-11-03,Twitter,Lubaga,neutral,average product quality meet basic need adequately located muyenga,66,9
1807,Average quality products. Functional but not impressive. Located in Central.,2023-01-19,Twitter,Kawempe,neutral,average quality product functional impressive located central,61,7
1808,Top quality products at reasonable prices. Highly recommended!,2023-10-30,WhatsApp,Makindye,positive,top quality product reasonable price highly recommended,55,7
1809,Excellent business! Highly professional and reliable. Located in Central.,2023-07-04,Website,Kawempe,positive,excellent business highly professional reliable located central,63,7
1810,Outstanding service! The staff was very helpful and friendly. Located in Kawempe. Great shipping!,2023-12-19,WhatsApp,Kampala,positive,outstanding service staff helpful friendly located kawempe great shipping,73,9
1811,Great service! Very fast delivery in Kampala. Highly recommend!,2024-11-24,WhatsApp,Kampala,positive,great service fast delivery kampala highly recommend,52,7
1812,Product is fine. Meets expectations without exceeding them. Located in Central.,2023-05-17,Website,Kololo,neutral,product fine meet expectation without exceeding located central,63,8
1813,"Fast shipping, good quality, and excellent customer support. Located in Makindye.",2023-07-08,Google,Kawempe,positive,fast shipping good quality excellent customer support located makindye,70,9
1814,Top quality products at reasonable prices. Highly recommended!,2023-01-21,Google,Central,positive,top quality product reasonable price highly recommended,55,7
1815,Standard business service. Acceptable but not exceptional. Located in Kawempe.,2023-03-10,Website,Kololo,neutral,standard business service acceptable exceptional located kawempe,64,7
1816,Great experience overall. Will be a returning customer.,2023-03-18,WhatsApp,Kampala,positive,great experience overall returning customer,43,5
1817,Amazing quality products. Will definitely buy again from this shop. Great quality!,2024-02-16,Google,Ntinda,positive,amazing quality product definitely buy shop great quality,57,8
1818,Quick response time and excellent customer care. Highly recommended!,2024-08-21,Facebook,Lubaga,positive,quick response time excellent customer care highly recommended,62,8
1819,Great prices and even better service. Highly recommend this business!,2023-04-16,Instagram,Kampala,positive,great price even better service highly recommend business,57,8
1820,Top-notch quality. Exceeded my expectations completely. Great shipping!,2023-12-30,WhatsApp,Kawempe,positive,quality exceeded expectation completely great shipping,54,6
1821,Average experience. Product is functional and adequate. Great price!,2023-03-31,Facebook,Bukoto,neutral,average experience product functional adequate great price,58,7
1822,Excellent business! Highly professional and reliable.,2023-05-16,WhatsApp,Ntinda,positive,excellent business highly professional reliable,47,5
1823,Product is functional. Does what it's supposed to do.,2023-03-01,Google,Lubaga,neutral,product functional supposed,27,3
1824,Okay delivery time. Product is functional and usable.,2023-03-20,Facebook,Makindye,neutral,okay delivery time product functional usable,44,6
1825,Average product quality. Meets basic expectations.,2024-12-11,Google,Ntinda,neutral,average product quality meet basic expectation,46,6
1826,Best customer service I've experienced. Products are top quality. Located in Bukoto.,2024-06-01,Website,Lubaga,positive,best customer service experienced product top quality located bukoto,68,9
1827,Quick response time and excellent customer care. Highly recommended! Great customer!,2023-10-28,Twitter,Kololo,positive,quick response time excellent customer care highly recommended great customer,77,10
1828,Fair prices and acceptable quality. Nothing outstanding.,2023-01-24,Website,Makindye,neutral,fair price acceptable quality nothing outstanding,49,6
1829,Overpriced compared to other shops in Nakawa area.,2023-06-16,Website,Nakawa,negative,overpriced compared shop nakawa area,36,5
1830,Excellent communication and fast delivery. Highly satisfied! Great business!,2023-07-25,Instagram,Muyenga,positive,excellent communication fast delivery highly satisfied great business,69,8
1831,Very satisfied with my purchase. Great quality and fast delivery.,2023-12-24,Website,Kololo,positive,satisfied purchase great quality fast delivery,46,6
1832,Best prices in Nakawa area. Great value for money.,2024-11-16,WhatsApp,Nakawa,positive,best price nakawa area great value money,40,7
1833,Excellent communication and fast delivery. Highly satisfied! Located in Ntinda.,2024-12-01,Google,Kawempe,positive,excellent communication fast delivery highly satisfied located ntinda,69,8
1834,Love shopping here! Always get great deals and quality products. Located in Kawempe. Great customer!,2024-09-14,Google,Makindye,positive,love shopping always get great deal quality product located kawempe great customer,82,12
1835,Average experience overall. Product is fine but not great. Great staff!,2023-12-24,Twitter,Central,neutral,average experience overall product fine great great staff,57,8
1836,Average experience overall. Product is fine but not great.,2023-01-02,Website,Ntinda,neutral,average experience overall product fine great,45,6
1837,Standard business service. Acceptable but not exceptional. Located in Lubaga.,2023-02-23,Facebook,Lubaga,neutral,standard business service acceptable exceptional located lubaga,63,7
1838,Product quality was disappointing. Not as described on the website.,2023-09-09,Instagram,Lubaga,negative,product quality disappointing described website,47,5
1839,Okay service. Product meets basic requirements.,2024-08-27,Facebook,Ntinda,neutral,okay service product meet basic requirement,43,6
1840,Quick response time and excellent customer care. Highly recommended!,2023-04-17,Twitter,Bukoto,positive,quick response time excellent customer care highly recommended,62,8
1841,Love shopping here! Always get great deals and quality products. Located in Kampala.,2024-11-11,Google,Muyenga,positive,love shopping always get great deal quality product located kampala,67,10
1842,Amazing quality products. Will definitely buy again from this shop. Located in Nakawa.,2024-05-29,Website,Kololo,positive,amazing quality product definitely buy shop located nakawa,58,8
1843,Love the product quality. Fast shipping and good packaging.,2023-03-11,Instagram,Bukoto,positive,love product quality fast shipping good packaging,49,7
1844,Excellent customer support. They responded quickly to my questions. Great support!,2023-08-28,Instagram,Kampala,positive,excellent customer support responded quickly question great support,67,8
1845,Professional service and high-quality products. Very happy! Located in Bukoto.,2023-07-03,Instagram,Kawempe,positive,professional service product happy located bukoto,49,6
1846,Excellent communication and fast delivery. Highly satisfied! Located in Kololo. Great product!,2024-09-28,Google,Kololo,positive,excellent communication fast delivery highly satisfied located kololo great product,83,10
1847,Average experience. Product is functional and adequate. Great price!,2023-03-11,Facebook,Nakawa,neutral,average experience product functional adequate great price,58,7
1848,Delivery was delayed multiple times. Very frustrating experience. Located in Makindye. Great store!,2024-06-27,Website,Muyenga,negative,delivery delayed multiple time frustrating experience located makindye great store,82,10
1849,Amazing quality products. Will definitely buy again from this shop.,2023-10-16,Instagram,Kololo,positive,amazing quality product definitely buy shop,43,6
1850,Top-notch quality. Exceeded my expectations completely.,2023-08-24,Website,Ntinda,positive,quality exceeded expectation completely,39,4
1851,Standard quality. Nothing to complain about or praise. Located in Kawempe.,2024-04-20,Instagram,Bukoto,neutral,standard quality nothing complain praise located kawempe,56,7
1852,Outstanding service! The staff was very helpful and friendly.,2024-09-25,WhatsApp,Ntinda,positive,outstanding service staff helpful friendly,42,5
1853,Great products at affordable prices. Very satisfied with my purchase. Great quality!,2023-04-20,Twitter,Nakawa,positive,great product affordable price satisfied purchase great quality,63,8
1854,Okay service. Product meets basic requirements.,2024-11-12,Facebook,Kawempe,neutral,okay service product meet basic requirement,43,6
1855,Great business with excellent customer care. Very professional. Great shop!,2024-06-18,Twitter,Bukoto,positive,great business excellent customer care professional great shop,62,8
1856,Outstanding service! The staff was very helpful and friendly.,2023-07-10,WhatsApp,Kawempe,positive,outstanding service staff helpful friendly,42,5
1857,Great value for money. Fast delivery and excellent packaging. Located in Nakawa.,2023-07-10,Website,Lubaga,positive,great value money fast delivery excellent packaging located nakawa,66,9
1858,Top quality products at reasonable prices. Highly recommended! Located in Central.,2023-03-25,Google,Ntinda,positive,top quality product reasonable price highly recommended located central,71,9
1859,Excellent products and service. Best in the area!,2024-11-16,Google,Kawempe,positive,excellent product service best area,35,5
1860,Excellent products and service. Best in the area! Located in Ntinda.,2024-05-21,Instagram,Central,positive,excellent product service best area located ntinda,50,7
1861,Excellent products and service. Best in the area!,2024-03-05,WhatsApp,Makindye,positive,excellent product service best area,35,5
1862,Professional service and high-quality products. Very happy!,2024-09-17,WhatsApp,Central,positive,professional service product happy,34,4
1863,Quick response time and excellent customer care. Highly recommended!,2024-03-04,WhatsApp,Kawempe,positive,quick response time excellent customer care highly recommended,62,8
1864,Best prices in Nakawa area. Great value for money. Located in Nakawa.,2023-05-25,Website,Muyenga,positive,best price nakawa area great value money located nakawa,55,9
1865,Excellent communication and fast delivery. Highly satisfied! Located in Central.,2024-01-11,Instagram,Kampala,positive,excellent communication fast delivery highly satisfied located central,70,8
1866,Excellent communication and fast delivery. Highly satisfied! Located in Bukoto.,2024-07-20,WhatsApp,Muyenga,positive,excellent communication fast delivery highly satisfied located bukoto,69,8
1867,Quick response time and excellent customer care. Highly recommended! Great shop!,2023-01-11,Twitter,Kawempe,positive,quick response time excellent customer care highly recommended great shop,73,10
1868,Not satisfied with the product. Quality is below expectations. Located in Lubaga.,2024-04-19,Website,Lubaga,negative,satisfied product quality expectation located lubaga,52,6
1869,Professional service and high-quality products. Very happy! Located in Kampala.,2024-01-21,Google,Makindye,positive,professional service product happy located kampala,50,6
1870,Average experience overall. Product is fine but not great.,2023-07-13,Twitter,Ntinda,neutral,average experience overall product fine great,45,6
1871,Product broke after just one week of use. Very poor quality. Located in Muyenga.,2024-01-09,WhatsApp,Bukoto,negative,product broke one week use poor quality located muyenga,55,9
1872,Best prices in Nakawa area. Great value for money. Located in Muyenga.,2024-07-09,Facebook,Lubaga,positive,best price nakawa area great value money located muyenga,56,9
1873,Love shopping here! Always get great deals and quality products. Located in Bukoto.,2024-02-13,Facebook,Kawempe,positive,love shopping always get great deal quality product located bukoto,66,10
1874,Outstanding service! The staff was very helpful and friendly.,2024-10-29,Google,Muyenga,positive,outstanding service staff helpful friendly,42,5
1875,Decent quality products. Price is fair for what you receive.,2023-03-20,Twitter,Kawempe,neutral,decent quality product price fair receive,41,6
1876,Top quality products at reasonable prices. Highly recommended! Located in Kampala.,2024-10-07,WhatsApp,Kololo,positive,top quality product reasonable price highly recommended located kampala,71,9
1877,Product was different from what was advertised. Misleading description.,2024-03-24,WhatsApp,Bukoto,negative,product different advertised misleading description,51,5
1878,Product was defective but they refused to refund. Bad business. Great store!,2023-12-08,Twitter,Kampala,negative,product defective refused refund bad business great store,57,8
1879,Amazing quality products. Will definitely buy again from this shop.,2024-06-11,Instagram,Kawempe,positive,amazing quality product definitely buy shop,43,6
1880,Very satisfied with my purchase. Great quality and fast delivery.,2023-11-10,Instagram,Makindye,positive,satisfied purchase great quality fast delivery,46,6
1881,Love the product quality. Fast shipping and good packaging.,2024-11-06,Facebook,Kololo,positive,love product quality fast shipping good packaging,49,7
1882,Standard experience. Product does what it needs to do.,2024-11-02,Instagram,Nakawa,neutral,standard experience product need,32,4
1883,Terrible experience. Would not recommend this business to anyone.,2024-09-23,Twitter,Kololo,negative,terrible experience would recommend business anyone,51,6
1884,Standard service. No complaints but nothing exceptional either. Located in Kololo. Great support!,2024-02-02,Facebook,Kampala,neutral,standard service complaint nothing exceptional either located kololo great support,82,10
1885,Would not buy from here again. Poor experience overall. Located in Central.,2023-03-30,WhatsApp,Kampala,negative,would buy poor experience overall located central,49,7
1886,Best customer service I've experienced. Products are top quality. Located in Kampala.,2024-07-27,WhatsApp,Ntinda,positive,best customer service experienced product top quality located kampala,69,9
1887,Outstanding service! The staff was very helpful and friendly. Located in Central.,2023-05-28,Website,Muyenga,positive,outstanding service staff helpful friendly located central,58,7
1888,Excellent products and service. Best in the area!,2023-05-23,Facebook,Muyenga,positive,excellent product service best area,35,5
1889,Terrible customer service. No help when I had an issue. Great service!,2023-02-11,WhatsApp,Kawempe,negative,terrible customer service help issue great service,50,7
1890,Fair prices and acceptable quality. Nothing outstanding. Located in Makindye.,2023-06-09,Google,Bukoto,neutral,fair price acceptable quality nothing outstanding located makindye,66,8
1891,Delivery was delayed multiple times. Very frustrating experience.,2023-11-13,Website,Central,negative,delivery delayed multiple time frustrating experience,53,6
1892,Product works fine. Decent quality for the price paid.,2024-07-21,Google,Central,neutral,product work fine decent quality price paid,43,7
1893,Love the product quality. Fast shipping and good packaging.,2023-06-26,WhatsApp,Kololo,positive,love product quality fast shipping good packaging,49,7
1894,Okay service. Nothing special but gets the job done.,2023-08-31,Google,Bukoto,neutral,okay service nothing special get job done,41,7
1895,Decent quality products. Price is fair for what you receive.,2024-06-24,WhatsApp,Central,neutral,decent quality product price fair receive,41,6
1896,Quick response time and excellent customer care. Highly recommended! Located in Muyenga.,2023-02-17,Instagram,Ntinda,positive,quick response time excellent customer care highly recommended located muyenga,78,10
1897,Terrible experience. Would not recommend this business to anyone. Located in Kampala.,2024-09-21,WhatsApp,Kampala,negative,terrible experience would recommend business anyone located kampala,67,8
1898,Average quality. Nothing special but nothing wrong either. Great customer!,2023-09-27,WhatsApp,Makindye,neutral,average quality nothing special nothing wrong either great customer,67,9
1899,Average experience overall. Product is fine but not great. Located in Bukoto. Great restaurant!,2024-09-13,Instagram,Ntinda,neutral,average experience overall product fine great located bukoto great restaurant,77,10
1900,Excellent products and service. Best in the area! Located in Ntinda.,2024-09-13,Google,Central,positive,excellent product service best area located ntinda,50,7
1901,Great experience from start to finish. Will shop here again! Great delivery!,2024-10-30,Instagram,Kampala,positive,great experience start finish shop great delivery,49,7
1902,Best shopping experience! Quality products and great prices. Located in Bukoto.,2023-12-07,Website,Kololo,positive,best shopping experience quality product great price located bukoto,67,9
1903,Worst shopping experience. Poor quality and terrible service.,2023-07-30,Facebook,Ntinda,negative,worst shopping experience poor quality terrible service,55,7
1904,Excellent communication and fast delivery. Highly satisfied! Great support!,2023-12-23,WhatsApp,Kampala,positive,excellent communication fast delivery highly satisfied great support,68,8
1905,Best shopping experience! Quality products and great prices. Great service!,2024-07-29,Website,Lubaga,positive,best shopping experience quality product great price great service,66,9
1906,Decent quality products. Price is fair for what you receive.,2024-05-10,Twitter,Ntinda,neutral,decent quality product price fair receive,41,6
1907,Great experience overall. Will be a returning customer.,2023-03-13,Google,Bukoto,positive,great experience overall returning customer,43,5
1908,Amazing quality products. Will definitely buy again from this shop.,2024-08-03,Facebook,Makindye,positive,amazing quality product definitely buy shop,43,6
1909,Amazing experience! The product arrived on time and in perfect condition. Great quality!,2024-02-11,Instagram,Kawempe,positive,amazing experience product arrived time perfect condition great quality,71,9
1910,Would not buy from here again. Poor experience overall. Located in Ntinda.,2024-05-23,Instagram,Muyenga,negative,would buy poor experience overall located ntinda,48,7
1911,Best prices in Nakawa area. Great value for money. Great purchase!,2024-08-20,Instagram,Kampala,positive,best price nakawa area great value money great purchase,55,9
1912,Great business with excellent customer care. Very professional. Located in Ntinda. Great service!,2023-06-16,Twitter,Bukoto,positive,great business excellent customer care professional located ntinda great service,80,10
1913,Product is fine. Meets expectations without exceeding them.,2024-08-05,Twitter,Makindye,neutral,product fine meet expectation without exceeding,47,6
1914,Best prices in Nakawa area. Great value for money.,2023-11-07,Facebook,Kampala,positive,best price nakawa area great value money,40,7
1915,Standard business service. Acceptable but not exceptional.,2024-11-19,Website,Bukoto,neutral,standard business service acceptable exceptional,48,5
1916,Professional service and high-quality products. Very happy!,2024-07-25,Facebook,Lubaga,positive,professional service product happy,34,4
1917,Great business with excellent customer care. Very professional. Great business!,2024-08-23,Twitter,Muyenga,positive,great business excellent customer care professional great business,66,8
1918,Top-notch quality. Exceeded my expectations completely.,2023-03-21,Website,Nakawa,positive,quality exceeded expectation completely,39,4
1919,Decent quality products. Price is fair for what you receive.,2024-12-25,Website,Makindye,neutral,decent quality product price fair receive,41,6
1920,Great value for money. Fast delivery and excellent packaging. Located in Muyenga.,2024-09-01,Instagram,Kawempe,positive,great value money fast delivery excellent packaging located muyenga,67,9
1921,Very satisfied with my purchase. Great quality and fast delivery.,2023-07-21,Website,Muyenga,positive,satisfied purchase great quality fast delivery,46,6
1922,Quick response time and excellent customer care. Highly recommended!,2024-02-09,Facebook,Kampala,positive,quick response time excellent customer care highly recommended,62,8
1923,Not satisfied at all. Product quality is below standard.,2023-02-24,WhatsApp,Muyenga,negative,satisfied product quality standard,34,4
1924,Average product quality. Meets basic needs adequately. Located in Lubaga.,2023-04-22,Google,Makindye,neutral,average product quality meet basic need adequately located lubaga,65,9
1925,Average quality. Price is reasonable for what you get.,2023-08-14,Website,Makindye,neutral,average quality price reasonable get,36,5
1926,Excellent communication and fast delivery. Highly satisfied!,2023-01-24,Website,Nakawa,positive,excellent communication fast delivery highly satisfied,54,6
1927,Product works as expected. No major issues or complaints.,2023-11-17,Website,Bukoto,neutral,product work expected major issue complaint,43,6
1928,Excellent business! Highly professional and reliable.,2023-06-26,WhatsApp,Kampala,positive,excellent business highly professional reliable,47,5
1929,Excellent communication and fast delivery. Highly satisfied! Great staff!,2024-02-27,Website,Muyenga,positive,excellent communication fast delivery highly satisfied great staff,66,8
1930,Great service! Very fast delivery in Kampala. Highly recommend! Located in Ntinda.,2024-04-19,Google,Bukoto,positive,great service fast delivery kampala highly recommend located ntinda,67,9
1931,Product is fine. Meets expectations without exceeding them.,2024-05-20,Facebook,Central,neutral,product fine meet expectation without exceeding,47,6
1932,Not satisfied at all. Product quality is below standard.,2024-09-08,Google,Makindye,negative,satisfied product quality standard,34,4
1933,Not satisfied with the product. Quality is below expectations. Great packaging!,2024-03-15,Instagram,Kawempe,negative,satisfied product quality expectation great packaging,53,6
1934,Professional service and high-quality products. Very happy!,2023-12-23,WhatsApp,Kampala,positive,professional service product happy,34,4
1935,"Fast shipping, good quality, and excellent customer support. Located in Muyenga.",2024-05-12,Twitter,Kololo,positive,fast shipping good quality excellent customer support located muyenga,69,9
1936,Great experience from start to finish. Will shop here again!,2024-04-25,Google,Muyenga,positive,great experience start finish shop,34,5
1937,Great business with excellent customer care. Very professional. Located in Kawempe.,2023-05-26,Google,Muyenga,positive,great business excellent customer care professional located kawempe,67,8
1938,Poor value for money. Better options available elsewhere.,2024-03-01,Instagram,Central,negative,poor value money better option available elsewhere,50,7
1939,Average quality. Nothing special but nothing wrong either. Great experience!,2024-08-14,Facebook,Lubaga,neutral,average quality nothing special nothing wrong either great experience,69,9
1940,Great business with excellent customer care. Very professional. Great shipping!,2023-10-29,WhatsApp,Nakawa,positive,great business excellent customer care professional great shipping,66,8
1941,Product is functional. Does what it's supposed to do. Located in Muyenga.,2023-07-05,WhatsApp,Ntinda,neutral,product functional supposed located muyenga,43,5
1942,Top-notch quality. Exceeded my expectations completely. Great customer!,2023-12-28,WhatsApp,Central,positive,quality exceeded expectation completely great customer,54,6
1943,Very satisfied with my purchase. Great quality and fast delivery. Great packaging!,2023-09-25,Twitter,Kawempe,positive,satisfied purchase great quality fast delivery great packaging,62,8
1944,Outstanding quality and service. Will definitely shop here again. Located in Lubaga.,2024-06-26,Instagram,Kololo,positive,outstanding quality service definitely shop located lubaga,58,7
1945,Worst shopping experience. Poor quality and terrible service. Great store!,2024-01-16,WhatsApp,Ntinda,negative,worst shopping experience poor quality terrible service great store,67,9
1946,Outstanding service! The staff was very helpful and friendly.,2023-05-29,Instagram,Kampala,positive,outstanding service staff helpful friendly,42,5
1947,Excellent business! Highly professional and reliable.,2023-02-12,Facebook,Bukoto,positive,excellent business highly professional reliable,47,5
1948,Average product quality. Meets basic expectations.,2024-08-10,Website,Ntinda,neutral,average product quality meet basic expectation,46,6
1949,Professional service and high-quality products. Very happy!,2023-07-19,Website,Nakawa,positive,professional service product happy,34,4
1950,Top-notch quality. Exceeded my expectations completely.,2024-05-02,Facebook,Bukoto,positive,quality exceeded expectation completely,39,4
1951,"Fast shipping, good quality, and excellent customer support.",2023-04-29,Google,Kololo,positive,fast shipping good quality excellent customer support,53,7
1952,Love the product quality. Fast shipping and good packaging.,2024-03-01,Twitter,Bukoto,positive,love product quality fast shipping good packaging,49,7
1953,Best shop in Kawempe. Quality products and great service. Great customer!,2024-11-11,Instagram,Kawempe,positive,best shop kawempe quality product great service great customer,62,9
1954,Great prices and even better service. Highly recommend this business! Located in Kawempe.,2023-06-04,WhatsApp,Bukoto,positive,great price even better service highly recommend business located kawempe,73,10
1955,Fair value for money. Quality is acceptable but not premium. Located in Bukoto.,2023-12-27,WhatsApp,Muyenga,neutral,fair value money quality acceptable premium located bukoto,58,8
1956,Decent service. No major complaints but nothing impressive.,2023-07-12,Facebook,Central,neutral,decent service major complaint nothing impressive,49,6
1957,Great experience from start to finish. Will shop here again!,2024-08-20,Facebook,Kawempe,positive,great experience start finish shop,34,5
1958,Amazing service! The team went above and beyond to help me. Located in Lubaga.,2024-01-16,Website,Central,positive,amazing service team went beyond help located lubaga,52,8
1959,Average product quality. Meets basic needs adequately.,2024-05-29,Instagram,Bukoto,neutral,average product quality meet basic need adequately,50,7
1960,Product was damaged on arrival. Poor packaging quality. Located in Nakawa.,2024-03-18,Google,Muyenga,negative,product damaged arrival poor packaging quality located nakawa,61,8
1961,Fair value for money. Quality is acceptable but not premium.,2023-11-25,Instagram,Makindye,neutral,fair value money quality acceptable premium,43,6
1962,Top-notch quality. Exceeded my expectations completely. Located in Central.,2024-11-18,WhatsApp,Muyenga,positive,quality exceeded expectation completely located central,55,6
1963,Very disappointed with the quality. Not worth the money paid.,2023-08-03,WhatsApp,Kololo,negative,disappointed quality worth money paid,37,5
1964,Average experience overall. Product is fine but not great.,2024-12-12,Twitter,Central,neutral,average experience overall product fine great,45,6
1965,Very satisfied with my purchase. Great quality and fast delivery.,2023-03-08,Google,Kololo,positive,satisfied purchase great quality fast delivery,46,6
1966,"Fast shipping, good quality, and excellent customer support. Great restaurant!",2023-05-06,Twitter,Central,positive,fast shipping good quality excellent customer support great restaurant,70,9
1967,Poor value for money. Better options available elsewhere.,2024-04-07,Facebook,Central,negative,poor value money better option available elsewhere,50,7
1968,Standard business service. Acceptable but not exceptional.,2024-07-29,Google,Kololo,neutral,standard business service acceptable exceptional,48,5
1969,Best customer service I've experienced. Products are top quality.,2024-06-23,Facebook,Central,positive,best customer service experienced product top quality,53,7
1970,Product is okay. Nothing special but serves its purpose.,2024-10-18,Instagram,Kololo,neutral,product okay nothing special serf purpose,41,6
1971,Great experience overall. Will be a returning customer.,2024-12-12,Google,Makindye,positive,great experience overall returning customer,43,5
1972,Not satisfied at all. Product quality is below standard. Great order!,2024-12-23,Google,Ntinda,negative,satisfied product quality standard great order,46,6
1973,Not satisfied with the product. Quality is below expectations. Great purchase!,2024-02-23,Facebook,Ntinda,negative,satisfied product quality expectation great purchase,52,6
1974,Customer service needs major improvement. Very unprofessional.,2023-10-19,Instagram,Nakawa,negative,customer service need major improvement unprofessional,54,6
1975,Product is okay. Nothing special but serves its purpose.,2024-12-13,Instagram,Makindye,neutral,product okay nothing special serf purpose,41,6
1976,Outstanding service! The staff was very helpful and friendly. Located in Nakawa. Great purchase!,2023-02-04,Website,Ntinda,positive,outstanding service staff helpful friendly located nakawa great purchase,72,9
1977,Amazing quality products. Will definitely buy again from this shop.,2023-12-31,Facebook,Kampala,positive,amazing quality product definitely buy shop,43,6
1978,Outstanding service! The staff was very helpful and friendly.,2024-11-19,Google,Nakawa,positive,outstanding service staff helpful friendly,42,5
1979,Outstanding service! The staff was very helpful and friendly.,2024-05-17,Website,Ntinda,positive,outstanding service staff helpful friendly,42,5
1980,Product works fine. Decent quality for the price paid. Located in Lubaga.,2023-08-23,Facebook,Bukoto,neutral,product work fine decent quality price paid located lubaga,58,9
1981,"Fast delivery, good quality, fair prices. What more could you ask for? Located in Kololo. Great delivery!",2023-11-29,Website,Muyenga,positive,fast delivery good quality fair price could ask located kololo great delivery,77,12
1982,Excellent products and service. Best in the area!,2024-12-01,Facebook,Ntinda,positive,excellent product service best area,35,5
1983,Great service! Very fast delivery in Kampala. Highly recommend! Located in Bukoto.,2023-07-21,Google,Lubaga,positive,great service fast delivery kampala highly recommend located bukoto,67,9
1984,Overpriced compared to other shops in Nakawa area. Located in Kololo.,2023-03-09,Google,Nakawa,negative,overpriced compared shop nakawa area located kololo,51,7
1985,Great prices and even better service. Highly recommend this business! Great product!,2023-08-16,Twitter,Makindye,positive,great price even better service highly recommend business great product,71,10
1986,Amazing quality products. Will definitely buy again from this shop.,2024-04-03,Twitter,Bukoto,positive,amazing quality product definitely buy shop,43,6
1987,Best shop in Kawempe. Quality products and great service.,2023-12-28,Twitter,Kampala,positive,best shop kawempe quality product great service,47,7
1988,Excellent communication and fast delivery. Highly satisfied!,2024-08-20,Website,Ntinda,positive,excellent communication fast delivery highly satisfied,54,6
1989,Best prices in Nakawa area. Great value for money.,2023-05-15,Facebook,Muyenga,positive,best price nakawa area great value money,40,7
1990,Great experience overall. Will be a returning customer. Great shop!,2023-10-22,Facebook,Kampala,positive,great experience overall returning customer great shop,54,7
1991,Standard experience. Product does what it needs to do.,2024-04-22,Twitter,Bukoto,neutral,standard experience product need,32,4
1992,"Outstanding business! Professional, reliable, and customer-focused.",2024-01-02,Google,Kawempe,positive,outstanding business professional reliable,42,4
1993,Great experience from start to finish. Will shop here again! Great shipping!,2023-11-15,Google,Makindye,positive,great experience start finish shop great shipping,49,7
1994,Product arrived damaged and customer service refused to help. Located in Kawempe.,2024-03-22,Google,Lubaga,negative,product arrived damaged customer service refused help located kawempe,69,9
1995,Great business with excellent customer care. Very professional. Located in Lubaga. Great restaurant!,2023-04-16,WhatsApp,Makindye,positive,great business excellent customer care professional located lubaga great restaurant,83,10
1996,Outstanding quality and service. Will definitely shop here again.,2024-07-23,Website,Kampala,positive,outstanding quality service definitely shop,43,5
1997,Top-notch quality. Exceeded my expectations completely. Located in Kampala. Great staff!,2023-10-12,Google,Ntinda,positive,quality exceeded expectation completely located kampala great staff,67,8
1998,Best prices in Nakawa area. Great value for money. Located in Kololo.,2023-06-19,Facebook,Lubaga,positive,best price nakawa area great value money located kololo,55,9
1999,Love the product quality. Fast shipping and good packaging. Located in Lubaga.,2024-01-15,Twitter,Ntinda,positive,love product quality fast shipping good packaging located lubaga,64,9
2000,Very slow delivery. Took over a week to arrive in Kampala.,2023-03-09,WhatsApp,Bukoto,negative,slow delivery took week arrive kampala,38,6
2001,Very slow delivery. Took over a week to arrive in Kampala. Located in Nakawa. Great business!,2023-11-26,Google,Muyenga,negative,slow delivery took week arrive kampala located nakawa great business,68,10
2002,Very slow delivery. Took over a week to arrive in Kampala. Located in Kawempe.,2024-11-07,WhatsApp,Kampala,negative,slow delivery took week arrive kampala located kawempe,54,8
2003,Standard quality. Nothing to complain about or praise. Great restaurant!,2023-09-15,Twitter,Lubaga,neutral,standard quality nothing complain praise great restaurant,57,7
2004,Very satisfied with my purchase. Great quality and fast delivery. Located in Makindye.,2023-01-03,Website,Makindye,positive,satisfied purchase great quality fast delivery located makindye,63,8
2005,Outstanding service! The staff was very helpful and friendly.,2024-09-03,Instagram,Makindye,positive,outstanding service staff helpful friendly,42,5
2006,Amazing service! The team went above and beyond to help me.,2023-09-08,Twitter,Lubaga,positive,amazing service team went beyond help,37,6
2007,Outstanding quality and service. Will definitely shop here again.,2024-09-22,Instagram,Muyenga,positive,outstanding quality service definitely shop,43,5
2008,Top-notch quality. Exceeded my expectations completely. Great quality!,2024-04-18,Instagram,Makindye,positive,quality exceeded expectation completely great quality,53,6
2009,Best customer service I've experienced. Products are top quality.,2024-12-16,Website,Central,positive,best customer service experienced product top quality,53,7
2010,Not satisfied at all. Product quality is below standard. Great shop!,2024-05-29,WhatsApp,Lubaga,negative,satisfied product quality standard great shop,45,6
2011,Great experience overall. Will be a returning customer.,2023-12-06,WhatsApp,Muyenga,positive,great experience overall returning customer,43,5
2012,Great value for money. Fast delivery and excellent packaging. Located in Nakawa.,2023-10-22,Website,Ntinda,positive,great value money fast delivery excellent packaging located nakawa,66,9
2013,Great service! Very fast delivery in Kampala. Highly recommend!,2024-07-21,Google,Bukoto,positive,great service fast delivery kampala highly recommend,52,7
2014,Best shop in Kawempe. Quality products and great service.,2023-11-02,Google,Kololo,positive,best shop kawempe quality product great service,47,7
2015,Poor quality products. Broke within days of purchase. Great price!,2023-01-17,Facebook,Kampala,negative,poor quality product broke within day purchase great price,58,9
2016,Best shopping experience! Quality products and great prices.,2023-04-26,Instagram,Muyenga,positive,best shopping experience quality product great price,52,7
2017,Great experience from start to finish. Will shop here again! Located in Nakawa.,2023-06-01,Google,Kampala,positive,great experience start finish shop located nakawa,49,7
2018,Love shopping here! Always get great deals and quality products. Great shipping!,2024-02-28,Instagram,Central,positive,love shopping always get great deal quality product great shipping,66,10
2019,Decent service. No major complaints but nothing impressive.,2024-11-21,Google,Nakawa,neutral,decent service major complaint nothing impressive,49,6
2020,Outstanding quality and service. Will definitely shop here again. Located in Central. Great restaurant!,2023-03-18,Facebook,Central,positive,outstanding quality service definitely shop located central great restaurant,76,9
2021,Okay experience. Nothing to complain about but not impressed either.,2023-02-07,Instagram,Kawempe,neutral,okay experience nothing complain impressed either,49,6
2022,Product is functional. Does what it's supposed to do.,2024-12-21,Google,Central,neutral,product functional supposed,27,3
2023,Outstanding quality and service. Will definitely shop here again. Located in Lubaga. Great product!,2023-12-31,Instagram,Muyenga,positive,outstanding quality service definitely shop located lubaga great product,72,9
2024,Great experience overall. Will be a returning customer.,2023-07-05,Twitter,Kampala,positive,great experience overall returning customer,43,5
2025,Best prices in Nakawa area. Great value for money. Located in Kawempe.,2024-10-05,Website,Kampala,positive,best price nakawa area great value money located kawempe,56,9
2026,Great products at affordable prices. Very satisfied with my purchase. Great delivery!,2024-02-15,Instagram,Ntinda,positive,great product affordable price satisfied purchase great delivery,64,8
2027,Poor value for money. Better options available elsewhere.,2023-03-24,Twitter,Nakawa,negative,poor value money better option available elsewhere,50,7
2028,"Outstanding business! Professional, reliable, and customer-focused.",2024-06-14,Instagram,Makindye,positive,outstanding business professional reliable,42,4
2029,Top quality products at reasonable prices. Highly recommended! Located in Makindye.,2023-12-08,Instagram,Ntinda,positive,top quality product reasonable price highly recommended located makindye,72,9
2030,Love shopping here! Always get great deals and quality products.,2023-11-14,WhatsApp,Ntinda,positive,love shopping always get great deal quality product,51,8
2031,"Outstanding business! Professional, reliable, and customer-focused. Great service!",2023-12-27,Facebook,Makindye,positive,outstanding business professional reliable great service,56,6
2032,Very satisfied with my purchase. Great quality and fast delivery. Located in Makindye.,2024-12-28,Google,Central,positive,satisfied purchase great quality fast delivery located makindye,63,8
2033,Average quality. Price is reasonable for what you get.,2024-10-27,Instagram,Ntinda,neutral,average quality price reasonable get,36,5
2034,Product arrived damaged and customer service refused to help.,2023-07-21,Instagram,Central,negative,product arrived damaged customer service refused help,53,7
2035,Great business with excellent customer care. Very professional. Located in Bukoto.,2023-08-05,Twitter,Muyenga,positive,great business excellent customer care professional located bukoto,66,8
2036,Average experience. Product is functional and adequate.,2024-10-18,Facebook,Bukoto,neutral,average experience product functional adequate,46,5
2037,Product arrived damaged and customer service refused to help. Located in Makindye.,2023-07-01,Facebook,Nakawa,negative,product arrived damaged customer service refused help located makindye,70,9
2038,Amazing service! The team went above and beyond to help me. Located in Central.,2024-03-19,Facebook,Nakawa,positive,amazing service team went beyond help located central,53,8
2039,Decent service. No major complaints but nothing impressive. Great quality!,2024-10-04,Instagram,Kawempe,neutral,decent service major complaint nothing impressive great quality,63,8
2040,Very slow delivery and unresponsive customer support.,2023-09-27,Website,Makindye,negative,slow delivery unresponsive customer support,43,5
2041,Professional service and high-quality products. Very happy!,2024-06-19,Instagram,Bukoto,positive,professional service product happy,34,4
2042,Great products at affordable prices. Very satisfied with my purchase. Great shop!,2024-12-26,Google,Kololo,positive,great product affordable price satisfied purchase great shop,60,8
2043,Average product quality. Meets basic expectations. Located in Nakawa.,2024-06-21,WhatsApp,Muyenga,neutral,average product quality meet basic expectation located nakawa,61,8
2044,Customer service needs major improvement. Very unprofessional. Located in Kampala.,2023-09-06,Twitter,Central,negative,customer service need major improvement unprofessional located kampala,70,8
2045,Customer service was unresponsive. Had to wait days for a reply. Great packaging!,2023-11-24,Facebook,Muyenga,negative,customer service unresponsive wait day reply great packaging,60,8
2046,Great prices and even better service. Highly recommend this business!,2024-09-20,Google,Central,positive,great price even better service highly recommend business,57,8
2047,Okay service. Nothing special but gets the job done.,2023-08-28,Google,Lubaga,neutral,okay service nothing special get job done,41,7
2048,Great service! Very fast delivery in Kampala. Highly recommend!,2024-05-20,WhatsApp,Kampala,positive,great service fast delivery kampala highly recommend,52,7
2049,Average quality. Price is reasonable for what you get.,2023-08-20,Instagram,Lubaga,neutral,average quality price reasonable get,36,5
2050,Average experience. Product is functional and adequate.,2023-01-22,Twitter,Kawempe,neutral,average experience product functional adequate,46,5
2051,Product is fine. Meets expectations without exceeding them. Located in Nakawa.,2023-01-28,Facebook,Central,neutral,product fine meet expectation without exceeding located nakawa,62,8
2052,Great business with excellent customer care. Very professional. Located in Ntinda.,2023-01-20,Instagram,Lubaga,positive,great business excellent customer care professional located ntinda,66,8
2053,Average experience. Product is functional and adequate.,2024-10-03,WhatsApp,Kololo,neutral,average experience product functional adequate,46,5
2054,"Fast delivery, good quality, fair prices. What more could you ask for?",2023-07-09,Facebook,Kawempe,positive,fast delivery good quality fair price could ask,47,8
2055,Delivery was on time. Product is as expected. Located in Kampala.,2024-04-22,Website,Bukoto,neutral,delivery time product expected located kampala,46,6
2056,Amazing quality products. Will definitely buy again from this shop. Located in Makindye.,2023-02-25,Website,Lubaga,positive,amazing quality product definitely buy shop located makindye,60,8
2057,Decent quality products. Price is fair for what you receive.,2023-05-17,WhatsApp,Muyenga,neutral,decent quality product price fair receive,41,6
2058,Outstanding quality and service. Will definitely shop here again. Located in Central. Great quality!,2023-05-28,Facebook,Lubaga,positive,outstanding quality service definitely shop located central great quality,73,9
2059,Great business with excellent customer care. Very professional.,2024-05-19,Instagram,Kololo,positive,great business excellent customer care professional,51,6
2060,Delivery issues. Package arrived late and damaged.,2023-01-18,WhatsApp,Ntinda,negative,delivery issue package arrived late damaged,43,6
2061,Okay delivery time. Product is functional and usable.,2024-09-03,Website,Bukoto,neutral,okay delivery time product functional usable,44,6
2062,Excellent business! Highly professional and reliable.,2024-03-14,Google,Bukoto,positive,excellent business highly professional reliable,47,5
2063,Okay service. Nothing special but gets the job done. Great business!,2023-11-14,WhatsApp,Kawempe,neutral,okay service nothing special get job done great business,56,9
2064,Decent quality products. Price is fair for what you receive.,2023-03-11,Facebook,Kawempe,neutral,decent quality product price fair receive,41,6
2065,"Outstanding business! Professional, reliable, and customer-focused.",2024-12-03,Instagram,Nakawa,positive,outstanding business professional reliable,42,4
2066,Great experience from start to finish. Will shop here again! Located in Central.,2023-03-31,Twitter,Central,positive,great experience start finish shop located central,50,7
2067,Love the product quality. Fast shipping and good packaging. Great experience!,2023-04-05,WhatsApp,Muyenga,positive,love product quality fast shipping good packaging great experience,66,9
2068,Average quality products. Functional but not impressive. Located in Nakawa.,2024-11-02,WhatsApp,Kampala,neutral,average quality product functional impressive located nakawa,60,7
2069,Customer service was unresponsive. Had to wait days for a reply.,2024-07-08,Instagram,Kampala,negative,customer service unresponsive wait day reply,44,6
2070,Customer service is terrible. No one responds to complaints. Located in Bukoto.,2023-06-26,Google,Kawempe,negative,customer service terrible one responds complaint located bukoto,63,8
2071,Great business with excellent customer care. Very professional.,2024-07-09,Google,Makindye,positive,great business excellent customer care professional,51,6
2072,Delivery was delayed multiple times. Very frustrating experience.,2023-03-08,Website,Makindye,negative,delivery delayed multiple time frustrating experience,53,6
2073,Love the product quality. Fast shipping and good packaging. Located in Muyenga.,2023-09-17,Instagram,Central,positive,love product quality fast shipping good packaging located muyenga,65,9
2074,Poor packaging led to damaged goods. Very unprofessional.,2023-03-26,Twitter,Muyenga,negative,poor packaging led damaged good unprofessional,46,6
2075,Standard delivery time. Product quality is average. Located in Muyenga.,2023-06-28,Website,Bukoto,neutral,standard delivery time product quality average located muyenga,62,8
2076,Decent value. Product works as expected. Located in Bukoto.,2024-07-09,Google,Lubaga,neutral,decent value product work expected located bukoto,49,7
2077,Very satisfied with my purchase. Great quality and fast delivery. Located in Lubaga.,2023-12-21,Twitter,Ntinda,positive,satisfied purchase great quality fast delivery located lubaga,61,8
2078,Okay service. Product meets basic requirements.,2023-03-05,WhatsApp,Nakawa,neutral,okay service product meet basic requirement,43,6
2079,Very satisfied with my purchase. Great quality and fast delivery.,2024-05-16,Instagram,Central,positive,satisfied purchase great quality fast delivery,46,6
2080,Excellent business! Highly professional and reliable.,2023-11-12,Google,Makindye,positive,excellent business highly professional reliable,47,5
2081,Standard quality. Nothing to complain about or praise.,2024-02-20,Google,Kampala,neutral,standard quality nothing complain praise,40,5
2082,"Fast delivery, good quality, fair prices. What more could you ask for? Great packaging!",2024-02-21,Facebook,Muyenga,positive,fast delivery good quality fair price could ask great packaging,63,10
2083,Love shopping here! Always get great deals and quality products.,2023-02-17,Website,Makindye,positive,love shopping always get great deal quality product,51,8
2084,"Fast shipping, good quality, and excellent customer support. Located in Central.",2024-07-10,Instagram,Central,positive,fast shipping good quality excellent customer support located central,69,9
2085,Excellent products and service. Best in the area! Great delivery!,2024-06-04,Google,Lubaga,positive,excellent product service best area great delivery,50,7
2086,Product was damaged on arrival. Poor packaging quality. Located in Ntinda. Great store!,2023-11-06,Google,Ntinda,negative,product damaged arrival poor packaging quality located ntinda great store,73,10
2087,Average quality. Price is reasonable for what you get.,2024-12-03,Website,Ntinda,neutral,average quality price reasonable get,36,5
2088,Best customer service I've experienced. Products are top quality.,2023-06-29,WhatsApp,Lubaga,positive,best customer service experienced product top quality,53,7
2089,Great value for money. Fast delivery and excellent packaging.,2024-02-19,Facebook,Bukoto,positive,great value money fast delivery excellent packaging,51,7
2090,Great business with excellent customer care. Very professional. Located in Makindye.,2023-08-11,WhatsApp,Bukoto,positive,great business excellent customer care professional located makindye,68,8
2091,Great experience from start to finish. Will shop here again! Located in Kawempe. Great shop!,2024-09-13,Instagram,Kololo,positive,great experience start finish shop located kawempe great shop,61,9
2092,Best customer service I've experienced. Products are top quality.,2023-08-12,WhatsApp,Makindye,positive,best customer service experienced product top quality,53,7
2093,Average quality products. Functional but not impressive. Located in Kololo. Great price!,2024-10-15,WhatsApp,Ntinda,neutral,average quality product functional impressive located kololo great price,72,9
2094,Love shopping here! Always get great deals and quality products. Located in Nakawa.,2023-10-11,Google,Central,positive,love shopping always get great deal quality product located nakawa,66,10
2095,"Fast delivery, good quality, fair prices. What more could you ask for? Great order!",2023-11-05,Google,Kampala,positive,fast delivery good quality fair price could ask great order,59,10
2096,Product is functional. Does what it's supposed to do.,2024-05-08,Twitter,Muyenga,neutral,product functional supposed,27,3
2097,Very disappointed. Product quality is poor and service is worse. Great experience!,2024-09-18,Google,Bukoto,negative,disappointed product quality poor service worse great experience,64,8
2098,Okay experience. Nothing to complain about but not impressed either.,2023-09-29,Facebook,Ntinda,neutral,okay experience nothing complain impressed either,49,6
2099,Best prices in Nakawa area. Great value for money. Located in Nakawa.,2023-11-12,Google,Bukoto,positive,best price nakawa area great value money located nakawa,55,9
2100,Delivery was on time. Product is as expected.,2024-11-05,Facebook,Nakawa,neutral,delivery time product expected,30,4
2101,Great experience overall. Will be a returning customer. Great shipping!,2024-06-01,WhatsApp,Kawempe,positive,great experience overall returning customer great shipping,58,7
2102,Standard service. No complaints but nothing exceptional either.,2024-09-01,Website,Ntinda,neutral,standard service complaint nothing exceptional either,53,6
2103,Average quality. Nothing special but nothing wrong either. Located in Ntinda.,2023-09-07,Facebook,Ntinda,neutral,average quality nothing special nothing wrong either located ntinda,67,9
2104,Top quality products at reasonable prices. Highly recommended!,2023-09-05,WhatsApp,Nakawa,positive,top quality product reasonable price highly recommended,55,7
2105,Outstanding service! The staff was very helpful and friendly. Located in Nakawa. Great customer!,2024-06-06,WhatsApp,Kawempe,positive,outstanding service staff helpful friendly located nakawa great customer,72,9
2106,Outstanding quality and service. Will definitely shop here again.,2024-04-04,Website,Central,positive,outstanding quality service definitely shop,43,5
2107,Best customer service I've experienced. Products are top quality.,2023-04-08,Google,Bukoto,positive,best customer service experienced product top quality,53,7
2108,Poor quality products. Broke within days of purchase.,2024-06-21,WhatsApp,Muyenga,negative,poor quality product broke within day purchase,46,7
2109,Very disappointed with the quality. Not worth the money paid. Located in Ntinda.,2023-10-15,Twitter,Kawempe,negative,disappointed quality worth money paid located ntinda,52,7
2110,Top-notch quality. Exceeded my expectations completely. Located in Kawempe. Great purchase!,2023-07-07,Twitter,Kampala,positive,quality exceeded expectation completely located kawempe great purchase,70,8
2111,Love shopping here! Always get great deals and quality products. Located in Lubaga.,2023-12-13,Twitter,Lubaga,positive,love shopping always get great deal quality product located lubaga,66,10
2112,Professional service and high-quality products. Very happy!,2023-08-01,Website,Lubaga,positive,professional service product happy,34,4
2113,Top-notch quality. Exceeded my expectations completely.,2023-10-22,Instagram,Kampala,positive,quality exceeded expectation completely,39,4
2114,Customer service is terrible. No one responds to complaints.,2023-06-27,Twitter,Ntinda,negative,customer service terrible one responds complaint,48,6
2115,Average experience. Product is functional and adequate. Great restaurant!,2023-06-09,Google,Muyenga,neutral,average experience product functional adequate great restaurant,63,7
2116,Great products at affordable prices. Very satisfied with my purchase. Located in Bukoto.,2024-12-22,Twitter,Ntinda,positive,great product affordable price satisfied purchase located bukoto,64,8
2117,Okay experience. Nothing to complain about but not impressed either. Located in Ntinda. Great shipping!,2024-07-08,Google,Nakawa,neutral,okay experience nothing complain impressed either located ntinda great shipping,79,10
2118,Love the product quality. Fast shipping and good packaging.,2024-06-28,Twitter,Kampala,positive,love product quality fast shipping good packaging,49,7
2119,Average quality. Nothing special but nothing wrong either. Great delivery!,2024-10-26,WhatsApp,Nakawa,neutral,average quality nothing special nothing wrong either great delivery,67,9
2120,Great experience from start to finish. Will shop here again! Located in Kawempe.,2023-10-28,Instagram,Kawempe,positive,great experience start finish shop located kawempe,50,7
2121,Standard delivery. Product works but quality is average.,2024-08-29,Instagram,Kawempe,neutral,standard delivery product work quality average,46,6
2122,Slow response time and poor communication from the business. Located in Makindye.,2024-11-06,Twitter,Kampala,negative,slow response time poor communication business located makindye,63,8
2123,Love shopping here! Always get great deals and quality products.,2023-03-11,Twitter,Kawempe,positive,love shopping always get great deal quality product,51,8
2124,Top quality products at reasonable prices. Highly recommended! Located in Lubaga.,2024-03-05,Instagram,Muyenga,positive,top quality product reasonable price highly recommended located lubaga,70,9
2125,Love shopping here! Always get great deals and quality products. Great product!,2023-06-25,Facebook,Kawempe,positive,love shopping always get great deal quality product great product,65,10
2126,Okay experience. Nothing to complain about but not impressed either.,2024-04-24,Instagram,Ntinda,neutral,okay experience nothing complain impressed either,49,6
2127,Amazing service! The team went above and beyond to help me.,2024-02-16,Website,Kampala,positive,amazing service team went beyond help,37,6
2128,Product is okay. Nothing special but serves its purpose. Located in Makindye.,2024-03-06,Website,Central,neutral,product okay nothing special serf purpose located makindye,58,8
2129,Excellent customer support. They responded quickly to my questions. Located in Makindye.,2024-01-18,Twitter,Kololo,positive,excellent customer support responded quickly question located makindye,70,8
2130,Quick response time and excellent customer care. Highly recommended!,2024-06-18,WhatsApp,Muyenga,positive,quick response time excellent customer care highly recommended,62,8
2131,Outstanding service! The staff was very helpful and friendly.,2023-10-15,Facebook,Kololo,positive,outstanding service staff helpful friendly,42,5
2132,Great products at affordable prices. Very satisfied with my purchase.,2023-06-12,Facebook,Central,positive,great product affordable price satisfied purchase,49,6
2133,Product is functional. Does what it's supposed to do.,2024-07-29,Twitter,Bukoto,neutral,product functional supposed,27,3
2134,Top quality products at reasonable prices. Highly recommended!,2023-05-13,Instagram,Bukoto,positive,top quality product reasonable price highly recommended,55,7
2135,Decent quality products. Price is fair for what you receive. Great experience!,2024-12-19,Google,Kawempe,neutral,decent quality product price fair receive great experience,58,8
2136,Excellent business! Highly professional and reliable. Great service!,2024-08-04,Instagram,Kampala,positive,excellent business highly professional reliable great service,61,7
2137,Very disappointed with the quality. Not worth the money paid.,2023-12-28,Twitter,Nakawa,negative,disappointed quality worth money paid,37,5
2138,"Fast delivery, good quality, fair prices. What more could you ask for?",2024-04-22,Twitter,Kawempe,positive,fast delivery good quality fair price could ask,47,8
2139,Professional service and high-quality products. Very happy! Great purchase!,2024-09-21,Website,Muyenga,positive,professional service product happy great purchase,49,6
2140,Very satisfied with my purchase. Great quality and fast delivery.,2024-09-07,Website,Kololo,positive,satisfied purchase great quality fast delivery,46,6
2141,Amazing service! The team went above and beyond to help me.,2023-07-29,Facebook,Kawempe,positive,amazing service team went beyond help,37,6
2142,Okay delivery time. Product is functional and usable.,2024-05-30,Google,Nakawa,neutral,okay delivery time product functional usable,44,6
2143,Fair value for money. Quality is acceptable but not premium.,2023-08-20,Instagram,Muyenga,neutral,fair value money quality acceptable premium,43,6
2144,Outstanding service! The staff was very helpful and friendly. Located in Lubaga.,2023-06-27,Facebook,Kampala,positive,outstanding service staff helpful friendly located lubaga,57,7
2145,Top quality products at reasonable prices. Highly recommended!,2023-04-16,Google,Kololo,positive,top quality product reasonable price highly recommended,55,7
2146,Very satisfied with my purchase. Great quality and fast delivery. Located in Ntinda.,2024-01-08,Google,Lubaga,positive,satisfied purchase great quality fast delivery located ntinda,61,8
2147,"Fast delivery, good quality, fair prices. What more could you ask for?",2023-04-29,Google,Kampala,positive,fast delivery good quality fair price could ask,47,8
2148,Average product quality. Meets basic needs adequately.,2023-09-23,Google,Bukoto,neutral,average product quality meet basic need adequately,50,7
2149,Best prices in Nakawa area. Great value for money.,2023-03-24,WhatsApp,Nakawa,positive,best price nakawa area great value money,40,7
2150,Average quality. Nothing special but nothing wrong either. Located in Makindye.,2023-02-15,Facebook,Makindye,neutral,average quality nothing special nothing wrong either located makindye,69,9
2151,Great business with excellent customer care. Very professional. Great service!,2023-08-15,Google,Muyenga,positive,great business excellent customer care professional great service,65,8
2152,Amazing service! The team went above and beyond to help me.,2024-04-12,Website,Lubaga,positive,amazing service team went beyond help,37,6
2153,Very satisfied with my purchase. Great quality and fast delivery.,2023-10-04,Twitter,Makindye,positive,satisfied purchase great quality fast delivery,46,6
2154,Best shop in Kawempe. Quality products and great service. Located in Lubaga.,2023-08-14,Website,Kololo,positive,best shop kawempe quality product great service located lubaga,62,9
2155,Best prices in Nakawa area. Great value for money. Located in Ntinda.,2023-03-26,WhatsApp,Muyenga,positive,best price nakawa area great value money located ntinda,55,9
2156,Poor quality products. Broke within days of purchase. Located in Ntinda. Great product!,2024-06-10,Google,Central,negative,poor quality product broke within day purchase located ntinda great product,75,11
2157,Love shopping here! Always get great deals and quality products. Located in Kampala.,2024-08-05,Google,Ntinda,positive,love shopping always get great deal quality product located kampala,67,10
2158,Product broke after just one week of use. Very poor quality. Great quality!,2023-06-10,WhatsApp,Muyenga,negative,product broke one week use poor quality great quality,53,9
2159,Product is functional. Does what it's supposed to do.,2024-07-23,Instagram,Lubaga,neutral,product functional supposed,27,3
2160,Poor value for money. Better options available elsewhere.,2024-04-22,Twitter,Central,negative,poor value money better option available elsewhere,50,7
2161,Love shopping here! Always get great deals and quality products.,2024-04-09,Website,Kololo,positive,love shopping always get great deal quality product,51,8
2162,Okay service. Nothing special but gets the job done.,2024-12-29,Google,Makindye,neutral,okay service nothing special get job done,41,7
2163,Amazing experience! The product arrived on time and in perfect condition.,2023-11-22,Instagram,Kololo,positive,amazing experience product arrived time perfect condition,57,7
2164,Fair value for money. Quality is acceptable but not premium. Located in Nakawa. Great delivery!,2023-03-22,Website,Nakawa,neutral,fair value money quality acceptable premium located nakawa great delivery,73,10
2165,Great experience from start to finish. Will shop here again! Located in Central. Great support!,2023-12-12,Instagram,Ntinda,positive,great experience start finish shop located central great support,64,9
2166,Best customer service I've experienced. Products are top quality. Located in Kampala.,2024-11-23,Twitter,Bukoto,positive,best customer service experienced product top quality located kampala,69,9
2167,Average experience overall. Product is fine but not great. Located in Kololo.,2023-04-17,Website,Kololo,neutral,average experience overall product fine great located kololo,60,8
2168,Product works as expected. No major issues or complaints.,2024-07-20,WhatsApp,Kololo,neutral,product work expected major issue complaint,43,6
2169,Amazing service! The team went above and beyond to help me. Great restaurant!,2024-01-25,Google,Central,positive,amazing service team went beyond help great restaurant,54,8
2170,Top-notch quality. Exceeded my expectations completely.,2024-01-17,Google,Makindye,positive,quality exceeded expectation completely,39,4
2171,Professional service and high-quality products. Very happy! Great experience!,2023-10-03,Google,Lubaga,positive,professional service product happy great experience,51,6
2172,Average experience. Product is functional and adequate. Located in Kampala. Great store!,2023-09-09,Twitter,Muyenga,neutral,average experience product functional adequate located kampala great store,74,9
2173,Excellent business! Highly professional and reliable.,2024-03-14,Twitter,Muyenga,positive,excellent business highly professional reliable,47,5
2174,"Outstanding business! Professional, reliable, and customer-focused.",2023-09-28,WhatsApp,Muyenga,positive,outstanding business professional reliable,42,4
2175,"Fast delivery, good quality, fair prices. What more could you ask for? Located in Lubaga.",2023-01-24,Twitter,Bukoto,positive,fast delivery good quality fair price could ask located lubaga,62,10
2176,Okay service. Product meets basic requirements.,2024-06-15,Google,Kololo,neutral,okay service product meet basic requirement,43,6
2177,Average product quality. Meets basic expectations. Great delivery!,2024-05-19,Facebook,Kampala,neutral,average product quality meet basic expectation great delivery,61,8
2178,Great business with excellent customer care. Very professional.,2024-01-31,WhatsApp,Kawempe,positive,great business excellent customer care professional,51,6
2179,Outstanding quality and service. Will definitely shop here again. Great product!,2024-07-07,Google,Kampala,positive,outstanding quality service definitely shop great product,57,7
2180,Quick response time and excellent customer care. Highly recommended! Located in Lubaga.,2023-06-23,Instagram,Makindye,positive,quick response time excellent customer care highly recommended located lubaga,77,10
2181,Best customer service I've experienced. Products are top quality.,2024-03-03,Instagram,Central,positive,best customer service experienced product top quality,53,7
2182,Delivery was delayed multiple times. Very frustrating experience. Located in Bukoto.,2024-04-02,Twitter,Kawempe,negative,delivery delayed multiple time frustrating experience located bukoto,68,8
2183,Quick response time and excellent customer care. Highly recommended! Located in Kampala.,2023-03-17,Website,Kololo,positive,quick response time excellent customer care highly recommended located kampala,78,10
2184,Amazing experience! The product arrived on time and in perfect condition.,2023-03-03,Website,Kampala,positive,amazing experience product arrived time perfect condition,57,7
2185,Excellent communication and fast delivery. Highly satisfied!,2023-09-25,Twitter,Kampala,positive,excellent communication fast delivery highly satisfied,54,6
2186,Slow response time and poor communication from the business. Located in Kololo.,2024-12-31,Google,Lubaga,negative,slow response time poor communication business located kololo,61,8
2187,Great prices and even better service. Highly recommend this business!,2023-07-22,WhatsApp,Nakawa,positive,great price even better service highly recommend business,57,8
2188,Terrible customer service. No help when I had an issue.,2023-05-21,Google,Kawempe,negative,terrible customer service help issue,36,5
2189,Amazing service! The team went above and beyond to help me.,2023-02-05,Twitter,Kololo,positive,amazing service team went beyond help,37,6
2190,Standard quality. Nothing to complain about or praise. Great product!,2023-01-19,Twitter,Kawempe,neutral,standard quality nothing complain praise great product,54,7
2191,Great value for money. Fast delivery and excellent packaging.,2023-08-05,Twitter,Kampala,positive,great value money fast delivery excellent packaging,51,7
2192,Top quality products at reasonable prices. Highly recommended!,2024-06-10,Google,Muyenga,positive,top quality product reasonable price highly recommended,55,7
2193,Best prices in Nakawa area. Great value for money. Located in Makindye.,2023-12-19,Instagram,Makindye,positive,best price nakawa area great value money located makindye,57,9
2194,Best prices in Nakawa area. Great value for money. Located in Kampala.,2024-05-08,Google,Kampala,positive,best price nakawa area great value money located kampala,56,9
2195,Amazing service! The team went above and beyond to help me. Located in Nakawa.,2024-01-05,Facebook,Kawempe,positive,amazing service team went beyond help located nakawa,52,8
2196,Great prices and even better service. Highly recommend this business! Located in Kampala.,2023-11-11,WhatsApp,Kampala,positive,great price even better service highly recommend business located kampala,73,10
2197,Best shopping experience! Quality products and great prices.,2024-06-25,Website,Central,positive,best shopping experience quality product great price,52,7
2198,Disappointing experience. Would not recommend this shop. Located in Makindye.,2023-07-21,Website,Central,negative,disappointing experience would recommend shop located makindye,62,7
2199,Top-notch quality. Exceeded my expectations completely.,2024-08-23,Twitter,Ntinda,positive,quality exceeded expectation completely,39,4
2200,Top-notch quality. Exceeded my expectations completely.,2023-11-14,Website,Muyenga,positive,quality exceeded expectation completely,39,4
2201,Standard quality. Nothing to complain about or praise.,2023-03-21,Facebook,Muyenga,neutral,standard quality nothing complain praise,40,5
2202,Best shopping experience! Quality products and great prices.,2024-09-15,Google,Kawempe,positive,best shopping experience quality product great price,52,7
2203,Slow response time and poor communication from the business.,2023-04-09,Twitter,Bukoto,negative,slow response time poor communication business,46,6
2204,Standard delivery time. Product quality is average.,2024-07-20,Facebook,Kawempe,neutral,standard delivery time product quality average,46,6
2205,Excellent customer support. They responded quickly to my questions.,2024-03-29,Google,Central,positive,excellent customer support responded quickly question,53,6
2206,Great value for money. Fast delivery and excellent packaging.,2024-05-07,Facebook,Nakawa,positive,great value money fast delivery excellent packaging,51,7
2207,Excellent products and service. Best in the area! Located in Muyenga.,2023-11-05,Twitter,Lubaga,positive,excellent product service best area located muyenga,51,7
2208,Amazing service! The team went above and beyond to help me.,2024-07-19,WhatsApp,Kampala,positive,amazing service team went beyond help,37,6
2209,Product works as expected. No major issues or complaints. Located in Makindye.,2024-09-16,Facebook,Makindye,neutral,product work expected major issue complaint located makindye,60,8
2210,Outstanding quality and service. Will definitely shop here again. Located in Lubaga.,2024-05-13,Twitter,Kololo,positive,outstanding quality service definitely shop located lubaga,58,7
2211,Best prices in Nakawa area. Great value for money.,2023-02-14,Google,Lubaga,positive,best price nakawa area great value money,40,7
2212,Customer service was unresponsive. Had to wait days for a reply.,2023-08-19,Twitter,Kawempe,negative,customer service unresponsive wait day reply,44,6
2213,Fair value for money. Quality is acceptable but not premium.,2023-05-29,Website,Makindye,neutral,fair value money quality acceptable premium,43,6
2214,Amazing service! The team went above and beyond to help me.,2024-07-21,Google,Kawempe,positive,amazing service team went beyond help,37,6
2215,Professional service and high-quality products. Very happy! Located in Makindye.,2023-07-10,Google,Muyenga,positive,professional service product happy located makindye,51,6
2216,Quick response time and excellent customer care. Highly recommended!,2024-12-17,WhatsApp,Nakawa,positive,quick response time excellent customer care highly recommended,62,8
2217,Very slow delivery and unresponsive customer support.,2023-05-25,Website,Bukoto,negative,slow delivery unresponsive customer support,43,5
2218,Great experience overall. Will be a returning customer.,2023-03-29,Google,Lubaga,positive,great experience overall returning customer,43,5
2219,Amazing quality products. Will definitely buy again from this shop.,2024-01-21,WhatsApp,Kololo,positive,amazing quality product definitely buy shop,43,6
2220,Customer service needs major improvement. Very unprofessional.,2023-03-03,Facebook,Nakawa,negative,customer service need major improvement unprofessional,54,6
2221,Professional service and high-quality products. Very happy! Located in Bukoto.,2023-12-07,Facebook,Makindye,positive,professional service product happy located bukoto,49,6
2222,Quick response time and excellent customer care. Highly recommended!,2023-07-16,Facebook,Bukoto,positive,quick response time excellent customer care highly recommended,62,8
2223,"Fast shipping, good quality, and excellent customer support.",2023-09-18,Google,Kampala,positive,fast shipping good quality excellent customer support,53,7
2224,Delivery issues. Package arrived late and damaged.,2024-02-21,Google,Kawempe,negative,delivery issue package arrived late damaged,43,6
2225,Excellent products and service. Best in the area!,2023-12-01,Google,Central,positive,excellent product service best area,35,5
2226,Love shopping here! Always get great deals and quality products. Great price!,2024-11-29,Twitter,Central,positive,love shopping always get great deal quality product great price,63,10
2227,Amazing quality products. Will definitely buy again from this shop. Located in Makindye. Great price!,2023-04-07,Google,Bukoto,positive,amazing quality product definitely buy shop located makindye great price,72,10
2228,Outstanding service! The staff was very helpful and friendly.,2024-05-03,Instagram,Makindye,positive,outstanding service staff helpful friendly,42,5
2229,Outstanding service! The staff was very helpful and friendly.,2024-05-21,Google,Kampala,positive,outstanding service staff helpful friendly,42,5
2230,Product works as expected. No major issues or complaints. Located in Bukoto.,2024-11-22,Google,Lubaga,neutral,product work expected major issue complaint located bukoto,58,8
2231,Average quality products. Functional but not impressive. Located in Muyenga.,2023-07-10,Website,Kololo,neutral,average quality product functional impressive located muyenga,61,7
2232,Great value for money. Fast delivery and excellent packaging. Located in Makindye.,2024-04-10,WhatsApp,Kawempe,positive,great value money fast delivery excellent packaging located makindye,68,9
2233,Top-notch quality. Exceeded my expectations completely.,2023-07-19,Website,Kololo,positive,quality exceeded expectation completely,39,4
2234,Professional service and high-quality products. Very happy!,2024-09-28,WhatsApp,Nakawa,positive,professional service product happy,34,4
2235,Standard delivery. Product works but quality is average. Located in Kololo.,2023-08-23,Google,Nakawa,neutral,standard delivery product work quality average located kololo,61,8
2236,Love the product quality. Fast shipping and good packaging.,2024-12-04,Google,Kololo,positive,love product quality fast shipping good packaging,49,7
2237,Worst shopping experience. Poor quality and terrible service.,2023-10-11,Facebook,Makindye,negative,worst shopping experience poor quality terrible service,55,7
2238,Product works as expected. No major issues or complaints.,2024-01-12,Instagram,Kawempe,neutral,product work expected major issue complaint,43,6
2239,Great experience from start to finish. Will shop here again!,2023-03-26,Twitter,Central,positive,great experience start finish shop,34,5
2240,Overpriced compared to other shops in Nakawa area.,2023-11-11,Website,Makindye,negative,overpriced compared shop nakawa area,36,5
2241,Quick response time and excellent customer care. Highly recommended! Great product!,2024-01-08,WhatsApp,Lubaga,positive,quick response time excellent customer care highly recommended great product,76,10
2242,Great service! Very fast delivery in Kampala. Highly recommend!,2024-05-09,Twitter,Bukoto,positive,great service fast delivery kampala highly recommend,52,7
2243,Best prices in Nakawa area. Great value for money. Great purchase!,2024-12-15,WhatsApp,Makindye,positive,best price nakawa area great value money great purchase,55,9
2244,Very slow delivery. Took over a week to arrive in Kampala.,2024-05-27,Website,Muyenga,negative,slow delivery took week arrive kampala,38,6
2245,Great business with excellent customer care. Very professional. Located in Lubaga. Great support!,2023-01-30,Website,Kololo,positive,great business excellent customer care professional located lubaga great support,80,10
2246,Great experience from start to finish. Will shop here again!,2023-04-19,Google,Kawempe,positive,great experience start finish shop,34,5
2247,Great experience from start to finish. Will shop here again!,2024-02-01,Facebook,Muyenga,positive,great experience start finish shop,34,5
2248,"Fast delivery, good quality, fair prices. What more could you ask for?",2023-02-22,WhatsApp,Kololo,positive,fast delivery good quality fair price could ask,47,8
2249,Outstanding quality and service. Will definitely shop here again. Great store!,2024-11-16,Website,Bukoto,positive,outstanding quality service definitely shop great store,55,7
2250,Decent value. Product works as expected. Great staff!,2023-02-21,Twitter,Kampala,neutral,decent value product work expected great staff,46,7
2251,Product didn't work as expected. Waste of money.,2024-12-10,Instagram,Bukoto,negative,product work expected waste money,33,5
2252,Worst shopping experience. Poor quality and terrible service.,2024-08-01,WhatsApp,Nakawa,negative,worst shopping experience poor quality terrible service,55,7
2253,Great business with excellent customer care. Very professional. Located in Ntinda. Great support!,2024-05-08,WhatsApp,Bukoto,positive,great business excellent customer care professional located ntinda great support,80,10
2254,"Fast delivery, good quality, fair prices. What more could you ask for? Great quality!",2023-08-09,Instagram,Nakawa,positive,fast delivery good quality fair price could ask great quality,61,10
2255,Decent quality products. Price is fair for what you receive. Located in Kampala. Great service!,2024-03-12,Instagram,Kawempe,neutral,decent quality product price fair receive located kampala great service,71,10
2256,Amazing service! The team went above and beyond to help me.,2024-11-26,Website,Bukoto,positive,amazing service team went beyond help,37,6
2257,Average product quality. Meets basic needs adequately.,2023-04-02,Website,Makindye,neutral,average product quality meet basic need adequately,50,7
2258,"Fast shipping, good quality, and excellent customer support. Located in Makindye.",2024-01-18,WhatsApp,Kawempe,positive,fast shipping good quality excellent customer support located makindye,70,9
2259,Excellent communication and fast delivery. Highly satisfied!,2023-06-15,WhatsApp,Kawempe,positive,excellent communication fast delivery highly satisfied,54,6
2260,Product is functional. Does what it's supposed to do. Located in Makindye.,2024-05-16,Twitter,Lubaga,neutral,product functional supposed located makindye,44,5
2261,Product didn't work as expected. Waste of money.,2023-11-30,Twitter,Nakawa,negative,product work expected waste money,33,5
2262,"Outstanding business! Professional, reliable, and customer-focused. Located in Kawempe.",2023-05-09,Website,Makindye,positive,outstanding business professional reliable located kawempe,58,6
2263,Great experience from start to finish. Will shop here again!,2024-02-25,Facebook,Ntinda,positive,great experience start finish shop,34,5
2264,Excellent business! Highly professional and reliable. Located in Makindye.,2023-11-14,Twitter,Makindye,positive,excellent business highly professional reliable located makindye,64,7
2265,Decent value. Product works as expected.,2024-02-11,Instagram,Lubaga,neutral,decent value product work expected,34,5
2266,Very satisfied with my purchase. Great quality and fast delivery. Great product!,2024-03-18,Google,Lubaga,positive,satisfied purchase great quality fast delivery great product,60,8
2267,Very slow delivery and unresponsive customer support.,2024-09-20,Facebook,Ntinda,negative,slow delivery unresponsive customer support,43,5
2268,Great experience from start to finish. Will shop here again!,2023-07-09,Website,Kololo,positive,great experience start finish shop,34,5
2269,"Fast shipping, good quality, and excellent customer support.",2024-09-16,Twitter,Kampala,positive,fast shipping good quality excellent customer support,53,7
2270,Excellent business! Highly professional and reliable. Located in Ntinda.,2024-05-01,Google,Makindye,positive,excellent business highly professional reliable located ntinda,62,7
2271,Best prices in Nakawa area. Great value for money.,2023-08-15,Website,Kololo,positive,best price nakawa area great value money,40,7
2272,Product was defective but they refused to refund. Bad business. Located in Central. Great store!,2023-11-23,Facebook,Ntinda,negative,product defective refused refund bad business located central great store,73,10
2273,Very slow delivery. Took over a week to arrive in Kampala.,2024-08-29,Instagram,Central,negative,slow delivery took week arrive kampala,38,6
2274,Excellent business! Highly professional and reliable.,2024-04-09,Twitter,Makindye,positive,excellent business highly professional reliable,47,5
2275,"Outstanding business! Professional, reliable, and customer-focused. Located in Muyenga.",2023-08-31,Twitter,Makindye,positive,outstanding business professional reliable located muyenga,58,6
2276,Customer service was unresponsive. Had to wait days for a reply.,2024-08-16,Instagram,Muyenga,negative,customer service unresponsive wait day reply,44,6
2277,Best prices in Nakawa area. Great value for money.,2024-07-13,Instagram,Makindye,positive,best price nakawa area great value money,40,7
2278,Best prices in Nakawa area. Great value for money.,2024-10-18,WhatsApp,Muyenga,positive,best price nakawa area great value money,40,7
2279,Amazing service! The team went above and beyond to help me.,2024-05-09,Google,Kampala,positive,amazing service team went beyond help,37,6
2280,Excellent customer support. They responded quickly to my questions.,2024-08-14,Instagram,Makindye,positive,excellent customer support responded quickly question,53,6
2281,Standard service. No complaints but nothing exceptional either.,2024-08-06,WhatsApp,Kawempe,neutral,standard service complaint nothing exceptional either,53,6
2282,Great experience overall. Will be a returning customer. Located in Central.,2023-03-29,WhatsApp,Central,positive,great experience overall returning customer located central,59,7
2283,Customer service was unresponsive. Had to wait days for a reply. Located in Kololo. Great service!,2023-08-06,WhatsApp,Muyenga,negative,customer service unresponsive wait day reply located kololo great service,73,10
2284,Not satisfied with the product. Quality is below expectations.,2023-10-02,Google,Muyenga,negative,satisfied product quality expectation,37,4
2285,"Fast delivery, good quality, fair prices. What more could you ask for?",2023-02-15,Instagram,Muyenga,positive,fast delivery good quality fair price could ask,47,8
2286,Amazing quality products. Will definitely buy again from this shop. Located in Bukoto.,2024-10-31,Google,Muyenga,positive,amazing quality product definitely buy shop located bukoto,58,8
2287,Amazing service! The team went above and beyond to help me. Located in Kololo.,2024-06-16,Twitter,Ntinda,positive,amazing service team went beyond help located kololo,52,8
2288,Best shopping experience! Quality products and great prices.,2023-12-24,Google,Ntinda,positive,best shopping experience quality product great price,52,7
2289,Very satisfied with my purchase. Great quality and fast delivery. Great packaging!,2023-11-15,Google,Makindye,positive,satisfied purchase great quality fast delivery great packaging,62,8
2290,Product is functional. Does what it's supposed to do.,2024-08-23,Google,Kampala,neutral,product functional supposed,27,3
2291,Amazing experience! The product arrived on time and in perfect condition. Great quality!,2024-07-18,Website,Kampala,positive,amazing experience product arrived time perfect condition great quality,71,9
2292,Love shopping here! Always get great deals and quality products. Located in Kampala.,2024-01-02,Website,Lubaga,positive,love shopping always get great deal quality product located kampala,67,10
2293,Disappointing experience. Would not recommend this shop. Located in Muyenga.,2023-09-03,WhatsApp,Makindye,negative,disappointing experience would recommend shop located muyenga,61,7
2294,"Fast delivery, good quality, fair prices. What more could you ask for? Located in Kampala.",2024-05-13,Google,Central,positive,fast delivery good quality fair price could ask located kampala,63,10
2295,Standard experience. Product does what it needs to do.,2023-09-13,WhatsApp,Central,neutral,standard experience product need,32,4
2296,Quick response time and excellent customer care. Highly recommended! Great order!,2024-02-07,WhatsApp,Lubaga,positive,quick response time excellent customer care highly recommended great order,74,10
2297,Average experience overall. Product is fine but not great.,2023-07-29,WhatsApp,Kololo,neutral,average experience overall product fine great,45,6
2298,Would not buy from here again. Poor experience overall. Located in Muyenga.,2024-06-28,Facebook,Lubaga,negative,would buy poor experience overall located muyenga,49,7
2299,Amazing service! The team went above and beyond to help me.,2023-05-11,Twitter,Nakawa,positive,amazing service team went beyond help,37,6
2300,Top-notch quality. Exceeded my expectations completely.,2023-08-11,Twitter,Nakawa,positive,quality exceeded expectation completely,39,4
2301,Average quality products. Functional but not impressive. Great packaging!,2023-03-23,Instagram,Kololo,neutral,average quality product functional impressive great packaging,61,7
2302,Great value for money. Fast delivery and excellent packaging.,2023-05-19,Google,Nakawa,positive,great value money fast delivery excellent packaging,51,7
2303,Best customer service I've experienced. Products are top quality.,2024-11-28,WhatsApp,Kololo,positive,best customer service experienced product top quality,53,7
2304,Top-notch quality. Exceeded my expectations completely.,2023-03-21,Twitter,Bukoto,positive,quality exceeded expectation completely,39,4
2305,Excellent business! Highly professional and reliable. Located in Makindye.,2023-09-23,WhatsApp,Kawempe,positive,excellent business highly professional reliable located makindye,64,7
2306,Great business with excellent customer care. Very professional. Located in Ntinda. Great support!,2024-05-26,Facebook,Kampala,positive,great business excellent customer care professional located ntinda great support,80,10
2307,Standard experience. Product does what it needs to do. Located in Lubaga. Great restaurant!,2023-10-10,Website,Kololo,neutral,standard experience product need located lubaga great restaurant,64,8
2308,Excellent communication and fast delivery. Highly satisfied!,2023-11-22,Facebook,Bukoto,positive,excellent communication fast delivery highly satisfied,54,6
2309,Amazing experience! The product arrived on time and in perfect condition. Located in Kololo. Great shop!,2024-09-28,Instagram,Kololo,positive,amazing experience product arrived time perfect condition located kololo great shop,83,11
2310,Great value for money. Fast delivery and excellent packaging. Great shop!,2024-11-01,Twitter,Kawempe,positive,great value money fast delivery excellent packaging great shop,62,9
2311,Outstanding service! The staff was very helpful and friendly.,2023-05-10,Instagram,Bukoto,positive,outstanding service staff helpful friendly,42,5
2312,Okay experience. Nothing to complain about but not impressed either.,2024-05-04,Instagram,Central,neutral,okay experience nothing complain impressed either,49,6
2313,Love the product quality. Fast shipping and good packaging. Located in Kololo.,2023-02-10,WhatsApp,Ntinda,positive,love product quality fast shipping good packaging located kololo,64,9
2314,Average experience overall. Product is fine but not great. Great product!,2023-09-04,Facebook,Lubaga,neutral,average experience overall product fine great great product,59,8
2315,Worst shopping experience. Poor quality and terrible service.,2024-11-18,Twitter,Bukoto,negative,worst shopping experience poor quality terrible service,55,7
2316,Decent service. No major complaints but nothing impressive.,2023-10-22,Twitter,Kampala,neutral,decent service major complaint nothing impressive,49,6
2317,Best customer service I've experienced. Products are top quality. Located in Central.,2023-08-24,Facebook,Kololo,positive,best customer service experienced product top quality located central,69,9
2318,Excellent business! Highly professional and reliable.,2024-06-22,WhatsApp,Nakawa,positive,excellent business highly professional reliable,47,5
2319,Excellent customer support. They responded quickly to my questions.,2023-08-12,Facebook,Makindye,positive,excellent customer support responded quickly question,53,6
2320,Standard delivery time. Product quality is average. Located in Bukoto.,2024-01-09,Twitter,Bukoto,neutral,standard delivery time product quality average located bukoto,61,8
2321,Love the product quality. Fast shipping and good packaging.,2023-05-02,Instagram,Makindye,positive,love product quality fast shipping good packaging,49,7
2322,Standard experience. Product does what it needs to do.,2024-09-09,WhatsApp,Bukoto,neutral,standard experience product need,32,4
2323,Average product quality. Meets basic needs adequately.,2023-04-30,Facebook,Bukoto,neutral,average product quality meet basic need adequately,50,7
2324,Outstanding service! The staff was very helpful and friendly.,2024-07-29,Website,Bukoto,positive,outstanding service staff helpful friendly,42,5
2325,Great prices and even better service. Highly recommend this business!,2024-05-19,WhatsApp,Makindye,positive,great price even better service highly recommend business,57,8
2326,Overpriced products with low quality. Not good value for money.,2024-10-15,Google,Ntinda,negative,overpriced product low quality good value money,47,7
2327,Best prices in Nakawa area. Great value for money. Located in Kawempe.,2024-10-15,WhatsApp,Bukoto,positive,best price nakawa area great value money located kawempe,56,9
2328,Great business with excellent customer care. Very professional.,2024-06-02,Website,Lubaga,positive,great business excellent customer care professional,51,6
2329,Amazing quality products. Will definitely buy again from this shop.,2024-05-14,Google,Kololo,positive,amazing quality product definitely buy shop,43,6
2330,Great experience overall. Will be a returning customer.,2024-09-10,Facebook,Kampala,positive,great experience overall returning customer,43,5
2331,Fair value for money. Quality is acceptable but not premium. Great experience!,2023-06-18,Website,Kololo,neutral,fair value money quality acceptable premium great experience,60,8
2332,Product was defective but they refused to refund. Bad business.,2023-10-10,Website,Ntinda,negative,product defective refused refund bad business,45,6
2333,Average product quality. Meets basic expectations.,2023-02-04,Instagram,Muyenga,neutral,average product quality meet basic expectation,46,6
2334,Okay service. Product meets basic requirements.,2023-03-17,Instagram,Kololo,neutral,okay service product meet basic requirement,43,6
2335,Best shopping experience! Quality products and great prices. Great business!,2024-07-01,Facebook,Muyenga,positive,best shopping experience quality product great price great business,67,9
2336,Decent service. No major complaints but nothing impressive.,2023-11-27,Website,Makindye,neutral,decent service major complaint nothing impressive,49,6
2337,Amazing quality products. Will definitely buy again from this shop. Located in Muyenga.,2024-09-25,Website,Ntinda,positive,amazing quality product definitely buy shop located muyenga,59,8
2338,Delivery was on time. Product is as expected.,2023-04-29,Google,Muyenga,neutral,delivery time product expected,30,4
2339,Great products at affordable prices. Very satisfied with my purchase. Great order!,2023-12-04,Google,Nakawa,positive,great product affordable price satisfied purchase great order,61,8
2340,Decent value. Product works as expected. Located in Kawempe.,2023-02-01,Twitter,Central,neutral,decent value product work expected located kawempe,50,7
2341,Great value for money. Fast delivery and excellent packaging.,2023-11-01,Google,Kololo,positive,great value money fast delivery excellent packaging,51,7
2342,Love shopping here! Always get great deals and quality products.,2023-01-30,Facebook,Ntinda,positive,love shopping always get great deal quality product,51,8
2343,"Fast shipping, good quality, and excellent customer support.",2024-03-16,Website,Central,positive,fast shipping good quality excellent customer support,53,7
2344,Fair experience overall. Nothing exceptional but acceptable.,2024-11-16,Twitter,Muyenga,neutral,fair experience overall nothing exceptional acceptable,54,6
2345,Outstanding service! The staff was very helpful and friendly. Located in Kololo.,2023-01-18,Instagram,Nakawa,positive,outstanding service staff helpful friendly located kololo,57,7
2346,Best shopping experience! Quality products and great prices. Located in Lubaga.,2024-05-30,Website,Central,positive,best shopping experience quality product great price located lubaga,67,9
2347,Average product quality. Meets basic expectations.,2023-05-23,Website,Makindye,neutral,average product quality meet basic expectation,46,6
2348,Decent quality products. Price is fair for what you receive. Located in Kawempe. Great store!,2024-08-06,Instagram,Nakawa,neutral,decent quality product price fair receive located kawempe great store,69,10
2349,Best prices in Nakawa area. Great value for money. Great store!,2024-01-03,Facebook,Nakawa,positive,best price nakawa area great value money great store,52,9
2350,Excellent communication and fast delivery. Highly satisfied! Located in Ntinda.,2023-12-24,Twitter,Kololo,positive,excellent communication fast delivery highly satisfied located ntinda,69,8
2351,Great prices and even better service. Highly recommend this business!,2024-11-26,Twitter,Central,positive,great price even better service highly recommend business,57,8
2352,Very disappointed. Product quality is poor and service is worse.,2023-05-10,Website,Muyenga,negative,disappointed product quality poor service worse,47,6
2353,Delivery was on time. Product is as expected.,2023-01-23,Facebook,Kawempe,neutral,delivery time product expected,30,4
2354,Great products at affordable prices. Very satisfied with my purchase.,2023-01-31,Twitter,Bukoto,positive,great product affordable price satisfied purchase,49,6
2355,Product works fine. Decent quality for the price paid.,2023-04-28,Instagram,Kampala,neutral,product work fine decent quality price paid,43,7
2356,Great experience from start to finish. Will shop here again! Located in Makindye.,2023-01-01,WhatsApp,Makindye,positive,great experience start finish shop located makindye,51,7
2357,Very satisfied with my purchase. Great quality and fast delivery. Located in Kololo.,2024-01-24,WhatsApp,Kawempe,positive,satisfied purchase great quality fast delivery located kololo,61,8
2358,Love shopping here! Always get great deals and quality products.,2023-12-29,Twitter,Lubaga,positive,love shopping always get great deal quality product,51,8
2359,Top quality products at reasonable prices. Highly recommended! Located in Makindye.,2024-12-15,WhatsApp,Makindye,positive,top quality product reasonable price highly recommended located makindye,72,9
2360,Excellent communication and fast delivery. Highly satisfied!,2024-12-21,Instagram,Kawempe,positive,excellent communication fast delivery highly satisfied,54,6
2361,Delivery issues. Package arrived late and damaged.,2024-03-28,Twitter,Central,negative,delivery issue package arrived late damaged,43,6
2362,Product was defective but they refused to refund. Bad business.,2023-01-24,Facebook,Lubaga,negative,product defective refused refund bad business,45,6
2363,Great experience overall. Will be a returning customer.,2024-02-22,Twitter,Muyenga,positive,great experience overall returning customer,43,5
2364,Standard experience. Product does what it needs to do.,2024-03-09,Website,Ntinda,neutral,standard experience product need,32,4
2365,Best customer service I've experienced. Products are top quality.,2023-09-28,Website,Lubaga,positive,best customer service experienced product top quality,53,7
2366,Great value for money. Fast delivery and excellent packaging. Located in Lubaga.,2023-03-01,Twitter,Bukoto,positive,great value money fast delivery excellent packaging located lubaga,66,9
2367,Top quality products at reasonable prices. Highly recommended!,2024-01-21,WhatsApp,Lubaga,positive,top quality product reasonable price highly recommended,55,7
2368,Delivery was delayed multiple times. Very frustrating experience. Great business!,2024-06-04,WhatsApp,Kampala,negative,delivery delayed multiple time frustrating experience great business,68,8
2369,Top quality products at reasonable prices. Highly recommended!,2023-06-07,Google,Makindye,positive,top quality product reasonable price highly recommended,55,7
2370,Best shop in Kawempe. Quality products and great service. Located in Kawempe.,2023-08-03,Facebook,Makindye,positive,best shop kawempe quality product great service located kawempe,63,9
2371,"Outstanding business! Professional, reliable, and customer-focused.",2024-03-02,Twitter,Central,positive,outstanding business professional reliable,42,4
2372,"Fast shipping, good quality, and excellent customer support. Located in Makindye. Great order!",2023-08-20,Instagram,Lubaga,positive,fast shipping good quality excellent customer support located makindye great order,82,11
2373,Love the product quality. Fast shipping and good packaging. Located in Kololo. Great support!,2023-10-12,Google,Lubaga,positive,love product quality fast shipping good packaging located kololo great support,78,11
2374,Great prices and even better service. Highly recommend this business! Located in Muyenga. Great service!,2024-07-28,Website,Nakawa,positive,great price even better service highly recommend business located muyenga great service,87,12
2375,Excellent products and service. Best in the area! Located in Muyenga.,2023-04-29,Instagram,Lubaga,positive,excellent product service best area located muyenga,51,7
2376,Top quality products at reasonable prices. Highly recommended!,2023-06-12,Facebook,Nakawa,positive,top quality product reasonable price highly recommended,55,7
2377,"Fast shipping, good quality, and excellent customer support.",2024-01-11,Instagram,Muyenga,positive,fast shipping good quality excellent customer support,53,7
2378,Top quality products at reasonable prices. Highly recommended!,2023-05-15,Twitter,Lubaga,positive,top quality product reasonable price highly recommended,55,7
2379,Best customer service I've experienced. Products are top quality.,2023-02-23,Facebook,Makindye,positive,best customer service experienced product top quality,53,7
2380,Product works as expected. No major issues or complaints.,2023-06-04,Instagram,Muyenga,neutral,product work expected major issue complaint,43,6
2381,Excellent business! Highly professional and reliable.,2024-01-16,WhatsApp,Ntinda,positive,excellent business highly professional reliable,47,5
2382,Best shop in Kawempe. Quality products and great service.,2023-06-05,Twitter,Kampala,positive,best shop kawempe quality product great service,47,7
2383,Great service! Very fast delivery in Kampala. Highly recommend!,2023-09-22,Facebook,Kampala,positive,great service fast delivery kampala highly recommend,52,7
2384,Product works as expected. No major issues or complaints.,2023-09-28,Google,Makindye,neutral,product work expected major issue complaint,43,6
2385,Standard service. No complaints but nothing exceptional either.,2024-03-22,Instagram,Kololo,neutral,standard service complaint nothing exceptional either,53,6
2386,"Fast delivery, good quality, fair prices. What more could you ask for? Great shop!",2024-05-24,Twitter,Lubaga,positive,fast delivery good quality fair price could ask great shop,58,10
2387,Great prices and even better service. Highly recommend this business! Great purchase!,2024-04-07,Facebook,Nakawa,positive,great price even better service highly recommend business great purchase,72,10
2388,Amazing experience! The product arrived on time and in perfect condition.,2023-04-15,Instagram,Kawempe,positive,amazing experience product arrived time perfect condition,57,7
2389,Okay service. Product meets basic requirements. Located in Kampala.,2024-09-07,Instagram,Kampala,neutral,okay service product meet basic requirement located kampala,59,8
2390,Best prices in Nakawa area. Great value for money. Located in Central.,2024-10-05,Google,Makindye,positive,best price nakawa area great value money located central,56,9
2391,Excellent products and service. Best in the area!,2024-06-07,Google,Kampala,positive,excellent product service best area,35,5
2392,Excellent business! Highly professional and reliable. Located in Kawempe.,2023-11-17,Instagram,Makindye,positive,excellent business highly professional reliable located kawempe,63,7
2393,Excellent products and service. Best in the area! Located in Muyenga.,2023-12-21,Google,Ntinda,positive,excellent product service best area located muyenga,51,7
2394,Excellent products and service. Best in the area!,2024-02-13,Facebook,Makindye,positive,excellent product service best area,35,5
2395,Great products at affordable prices. Very satisfied with my purchase. Located in Kololo. Great restaurant!,2024-12-22,Twitter,Kawempe,positive,great product affordable price satisfied purchase located kololo great restaurant,81,10
2396,Product is fine. Meets expectations without exceeding them.,2023-11-20,Instagram,Muyenga,neutral,product fine meet expectation without exceeding,47,6
2397,Best shopping experience! Quality products and great prices.,2023-04-09,WhatsApp,Central,positive,best shopping experience quality product great price,52,7
2398,Product is okay. Nothing special but serves its purpose. Located in Kawempe.,2023-11-09,WhatsApp,Kawempe,neutral,product okay nothing special serf purpose located kawempe,57,8
2399,Average experience. Product is functional and adequate. Great order!,2024-02-29,Facebook,Nakawa,neutral,average experience product functional adequate great order,58,7
2400,Great service! Very fast delivery in Kampala. Highly recommend!,2024-03-01,Facebook,Ntinda,positive,great service fast delivery kampala highly recommend,52,7
2401,Best shopping experience! Quality products and great prices.,2024-11-22,Twitter,Nakawa,positive,best shopping experience quality product great price,52,7
2402,Product was damaged on arrival. Poor packaging quality. Great price!,2024-04-06,Twitter,Central,negative,product damaged arrival poor packaging quality great price,58,8
2403,Outstanding service! The staff was very helpful and friendly.,2024-03-26,Twitter,Nakawa,positive,outstanding service staff helpful friendly,42,5
2404,Okay service. Nothing special but gets the job done. Located in Bukoto.,2024-06-06,Google,Muyenga,neutral,okay service nothing special get job done located bukoto,56,9
2405,Very satisfied with my purchase. Great quality and fast delivery.,2024-07-05,Google,Bukoto,positive,satisfied purchase great quality fast delivery,46,6
2406,Decent quality products. Price is fair for what you receive.,2023-04-23,Twitter,Kawempe,neutral,decent quality product price fair receive,41,6
2407,Great service! Very fast delivery in Kampala. Highly recommend! Located in Kawempe. Great order!,2023-06-30,Facebook,Makindye,positive,great service fast delivery kampala highly recommend located kawempe great order,80,11
2408,Best shopping experience! Quality products and great prices.,2023-09-16,Instagram,Bukoto,positive,best shopping experience quality product great price,52,7
2409,Average product quality. Meets basic needs adequately. Great price!,2024-05-20,Website,Bukoto,neutral,average product quality meet basic need adequately great price,62,9
2410,Delivery was delayed multiple times. Very frustrating experience.,2024-09-09,Instagram,Lubaga,negative,delivery delayed multiple time frustrating experience,53,6
2411,Amazing service! The team went above and beyond to help me.,2023-04-05,Google,Bukoto,positive,amazing service team went beyond help,37,6
2412,Top quality products at reasonable prices. Highly recommended!,2023-10-02,Google,Ntinda,positive,top quality product reasonable price highly recommended,55,7
2413,Professional service and high-quality products. Very happy! Located in Nakawa.,2023-04-27,WhatsApp,Kololo,positive,professional service product happy located nakawa,49,6
2414,Great value for money. Fast delivery and excellent packaging. Great packaging!,2024-11-27,Facebook,Central,positive,great value money fast delivery excellent packaging great packaging,67,9
2415,Fair value for money. Quality is acceptable but not premium.,2023-06-14,Google,Kampala,neutral,fair value money quality acceptable premium,43,6
2416,Best shop in Kawempe. Quality products and great service.,2024-08-02,Google,Kawempe,positive,best shop kawempe quality product great service,47,7
2417,Average quality. Nothing special but nothing wrong either. Located in Central. Great store!,2023-08-05,Twitter,Makindye,neutral,average quality nothing special nothing wrong either located central great store,80,11
2418,Delivery issues. Package arrived late and damaged. Great shipping!,2023-11-10,Twitter,Muyenga,negative,delivery issue package arrived late damaged great shipping,58,8
2419,Okay experience. Nothing to complain about but not impressed either. Great shop!,2024-05-19,Website,Lubaga,neutral,okay experience nothing complain impressed either great shop,60,8
2420,Average experience overall. Product is fine but not great.,2024-07-25,Google,Makindye,neutral,average experience overall product fine great,45,6
2421,Slow response time and poor communication from the business.,2024-11-20,WhatsApp,Kololo,negative,slow response time poor communication business,46,6
2422,Standard business service. Acceptable but not exceptional.,2024-09-16,WhatsApp,Muyenga,neutral,standard business service acceptable exceptional,48,5
2423,Okay delivery time. Product is functional and usable.,2024-04-01,Twitter,Lubaga,neutral,okay delivery time product functional usable,44,6
2424,Amazing quality products. Will definitely buy again from this shop.,2023-02-15,Instagram,Ntinda,positive,amazing quality product definitely buy shop,43,6
2425,Delivery issues. Package arrived late and damaged. Great staff!,2024-11-24,Google,Makindye,negative,delivery issue package arrived late damaged great staff,55,8
2426,Best prices in Nakawa area. Great value for money. Located in Kampala.,2023-07-16,Website,Muyenga,positive,best price nakawa area great value money located kampala,56,9
2427,Love shopping here! Always get great deals and quality products.,2024-10-15,WhatsApp,Kampala,positive,love shopping always get great deal quality product,51,8
2428,Standard delivery. Product works but quality is average.,2023-11-17,Website,Ntinda,neutral,standard delivery product work quality average,46,6
2429,Product quality was disappointing. Not as described on the website.,2024-02-05,WhatsApp,Nakawa,negative,product quality disappointing described website,47,5
2430,Love shopping here! Always get great deals and quality products. Located in Ntinda.,2024-11-26,Instagram,Kololo,positive,love shopping always get great deal quality product located ntinda,66,10
2431,"Fast delivery, good quality, fair prices. What more could you ask for?",2023-09-08,WhatsApp,Nakawa,positive,fast delivery good quality fair price could ask,47,8
2432,Product is fine. Meets expectations without exceeding them.,2023-07-20,Website,Ntinda,neutral,product fine meet expectation without exceeding,47,6
2433,Not satisfied at all. Product quality is below standard.,2023-04-21,Google,Makindye,negative,satisfied product quality standard,34,4
2434,Customer service is terrible. No one responds to complaints.,2024-07-31,Twitter,Lubaga,negative,customer service terrible one responds complaint,48,6
2435,Amazing service! The team went above and beyond to help me. Great delivery!,2024-01-19,Instagram,Ntinda,positive,amazing service team went beyond help great delivery,52,8
2436,Product works fine. Decent quality for the price paid. Located in Makindye.,2023-02-01,WhatsApp,Ntinda,neutral,product work fine decent quality price paid located makindye,60,9
2437,Outstanding service! The staff was very helpful and friendly.,2023-09-07,Google,Makindye,positive,outstanding service staff helpful friendly,42,5
2438,Okay delivery time. Product is functional and usable.,2023-05-10,WhatsApp,Bukoto,neutral,okay delivery time product functional usable,44,6
2439,Outstanding service! The staff was very helpful and friendly.,2023-06-29,Facebook,Kololo,positive,outstanding service staff helpful friendly,42,5
2440,Standard experience. Product does what it needs to do.,2024-03-04,Website,Muyenga,neutral,standard experience product need,32,4
2441,Standard service. No complaints but nothing exceptional either. Located in Kawempe.,2023-01-22,Facebook,Central,neutral,standard service complaint nothing exceptional either located kawempe,69,8
2442,Top-notch quality. Exceeded my expectations completely.,2023-05-08,Google,Kampala,positive,quality exceeded expectation completely,39,4
2443,Okay delivery time. Product is functional and usable. Located in Central.,2024-11-27,WhatsApp,Central,neutral,okay delivery time product functional usable located central,60,8
2444,Great products at affordable prices. Very satisfied with my purchase.,2023-07-20,Instagram,Kampala,positive,great product affordable price satisfied purchase,49,6
2445,Top quality products at reasonable prices. Highly recommended!,2024-10-27,Website,Makindye,positive,top quality product reasonable price highly recommended,55,7
2446,Great products at affordable prices. Very satisfied with my purchase.,2023-04-30,Instagram,Kololo,positive,great product affordable price satisfied purchase,49,6
2447,Average quality. Nothing special but nothing wrong either.,2023-06-19,Twitter,Kawempe,neutral,average quality nothing special nothing wrong either,52,7
2448,Professional service and high-quality products. Very happy!,2024-03-18,Google,Central,positive,professional service product happy,34,4
2449,Amazing quality products. Will definitely buy again from this shop.,2024-01-13,Google,Makindye,positive,amazing quality product definitely buy shop,43,6
2450,Best shopping experience! Quality products and great prices.,2024-05-14,Google,Ntinda,positive,best shopping experience quality product great price,52,7
2451,Best shop in Kawempe. Quality products and great service.,2023-06-26,WhatsApp,Kololo,positive,best shop kawempe quality product great service,47,7
2452,Okay service. Nothing special but gets the job done. Located in Nakawa.,2024-11-21,WhatsApp,Central,neutral,okay service nothing special get job done located nakawa,56,9
2453,Outstanding quality and service. Will definitely shop here again.,2023-06-04,Website,Central,positive,outstanding quality service definitely shop,43,5
2454,Delivery was on time. Product is as expected.,2024-04-11,Facebook,Kawempe,neutral,delivery time product expected,30,4
2455,Excellent customer support. They responded quickly to my questions.,2023-11-28,Instagram,Muyenga,positive,excellent customer support responded quickly question,53,6
2456,Love shopping here! Always get great deals and quality products.,2023-09-07,Facebook,Kololo,positive,love shopping always get great deal quality product,51,8
2457,Okay experience. Nothing to complain about but not impressed either. Located in Lubaga.,2024-09-27,Google,Nakawa,neutral,okay experience nothing complain impressed either located lubaga,64,8
2458,Amazing service! The team went above and beyond to help me. Located in Lubaga.,2024-06-11,Facebook,Makindye,positive,amazing service team went beyond help located lubaga,52,8
2459,Best shopping experience! Quality products and great prices. Great price!,2023-06-20,Facebook,Central,positive,best shopping experience quality product great price great price,64,9
2460,Professional service and high-quality products. Very happy!,2023-03-07,Twitter,Nakawa,positive,professional service product happy,34,4
2461,Delivery was on time. Product is as expected. Located in Central.,2024-01-29,Instagram,Lubaga,neutral,delivery time product expected located central,46,6
2462,Amazing service! The team went above and beyond to help me.,2023-12-17,Google,Nakawa,positive,amazing service team went beyond help,37,6
2463,Great experience overall. Will be a returning customer. Located in Kawempe.,2023-07-20,Twitter,Kololo,positive,great experience overall returning customer located kawempe,59,7
2464,Not satisfied with the product. Quality is below expectations.,2023-02-08,Facebook,Ntinda,negative,satisfied product quality expectation,37,4
2465,Okay experience. Nothing to complain about but not impressed either. Located in Kampala.,2024-06-24,Twitter,Kampala,neutral,okay experience nothing complain impressed either located kampala,65,8
2466,Quick response time and excellent customer care. Highly recommended!,2023-08-12,Website,Central,positive,quick response time excellent customer care highly recommended,62,8
2467,Great value for money. Fast delivery and excellent packaging.,2023-04-29,Twitter,Lubaga,positive,great value money fast delivery excellent packaging,51,7
2468,Okay experience. Nothing to complain about but not impressed either. Located in Kampala.,2024-07-10,Google,Kololo,neutral,okay experience nothing complain impressed either located kampala,65,8
2469,Terrible experience. Would not recommend this business to anyone.,2023-04-07,Website,Bukoto,negative,terrible experience would recommend business anyone,51,6
2470,Amazing service! The team went above and beyond to help me.,2023-02-09,Website,Bukoto,positive,amazing service team went beyond help,37,6
2471,Quick response time and excellent customer care. Highly recommended!,2023-01-04,Facebook,Kawempe,positive,quick response time excellent customer care highly recommended,62,8
2472,Love the product quality. Fast shipping and good packaging. Great business!,2023-07-16,Google,Kampala,positive,love product quality fast shipping good packaging great business,64,9
2473,Product broke after just one week of use. Very poor quality. Located in Kololo. Great experience!,2023-12-30,Instagram,Kololo,negative,product broke one week use poor quality located kololo great experience,71,11
2474,Poor customer service. Staff was rude and unhelpful.,2023-05-29,Facebook,Makindye,negative,poor customer service staff rude unhelpful,42,6
2475,Best shop in Kawempe. Quality products and great service.,2024-02-18,WhatsApp,Ntinda,positive,best shop kawempe quality product great service,47,7
2476,Outstanding quality and service. Will definitely shop here again.,2024-06-25,Google,Lubaga,positive,outstanding quality service definitely shop,43,5
2477,Outstanding quality and service. Will definitely shop here again.,2023-09-02,Google,Makindye,positive,outstanding quality service definitely shop,43,5
2478,Decent value. Product works as expected.,2023-05-08,Instagram,Ntinda,neutral,decent value product work expected,34,5
2479,Okay product quality. Price matches the value received. Located in Muyenga.,2023-02-27,Website,Ntinda,neutral,okay product quality price match value received located muyenga,63,9
2480,Amazing quality products. Will definitely buy again from this shop. Located in Ntinda.,2023-09-06,Google,Makindye,positive,amazing quality product definitely buy shop located ntinda,58,8
2481,Top quality products at reasonable prices. Highly recommended!,2023-10-02,Google,Central,positive,top quality product reasonable price highly recommended,55,7
2482,Quick response time and excellent customer care. Highly recommended!,2024-06-08,Instagram,Lubaga,positive,quick response time excellent customer care highly recommended,62,8
2483,Average product quality. Meets basic expectations. Great order!,2024-06-03,Website,Muyenga,neutral,average product quality meet basic expectation great order,58,8
2484,Love shopping here! Always get great deals and quality products. Located in Makindye.,2024-04-28,Google,Central,positive,love shopping always get great deal quality product located makindye,68,10
2485,Outstanding quality and service. Will definitely shop here again. Located in Central.,2023-08-06,Facebook,Bukoto,positive,outstanding quality service definitely shop located central,59,7
2486,Excellent products and service. Best in the area!,2023-09-12,Instagram,Kampala,positive,excellent product service best area,35,5
2487,Top quality products at reasonable prices. Highly recommended!,2023-02-25,Twitter,Ntinda,positive,top quality product reasonable price highly recommended,55,7
2488,"Fast shipping, good quality, and excellent customer support. Great shipping!",2024-10-23,Instagram,Bukoto,positive,fast shipping good quality excellent customer support great shipping,68,9
2489,Product was damaged on arrival. Poor packaging quality.,2024-11-05,WhatsApp,Kololo,negative,product damaged arrival poor packaging quality,46,6
2490,Great business with excellent customer care. Very professional. Located in Lubaga.,2023-02-22,WhatsApp,Ntinda,positive,great business excellent customer care professional located lubaga,66,8
2491,Average experience. Product is functional and adequate.,2024-12-14,WhatsApp,Ntinda,neutral,average experience product functional adequate,46,5
2492,Best customer service I've experienced. Products are top quality. Located in Kololo.,2023-10-24,Twitter,Lubaga,positive,best customer service experienced product top quality located kololo,68,9
2493,Top quality products at reasonable prices. Highly recommended!,2024-07-19,WhatsApp,Central,positive,top quality product reasonable price highly recommended,55,7
2494,Outstanding service! The staff was very helpful and friendly. Located in Ntinda.,2024-03-23,Twitter,Lubaga,positive,outstanding service staff helpful friendly located ntinda,57,7
2495,Best shopping experience! Quality products and great prices.,2024-05-07,Website,Kawempe,positive,best shopping experience quality product great price,52,7
2496,Great value for money. Fast delivery and excellent packaging.,2023-04-04,Facebook,Ntinda,positive,great value money fast delivery excellent packaging,51,7
2497,Great experience from start to finish. Will shop here again!,2023-09-26,Google,Nakawa,positive,great experience start finish shop,34,5
2498,Okay experience. Nothing to complain about but not impressed either.,2023-05-08,Facebook,Kawempe,neutral,okay experience nothing complain impressed either,49,6
2499,Product is fine. Meets expectations without exceeding them. Great purchase!,2024-11-12,Twitter,Central,neutral,product fine meet expectation without exceeding great purchase,62,8
2500,Amazing experience! The product arrived on time and in perfect condition.,2024-01-06,Google,Kampala,positive,amazing experience product arrived time perfect condition,57,7
2501,Delivery was on time. Product is as expected.,2023-11-05,Website,Kawempe,neutral,delivery time product expected,30,4
2502,Average experience. Product is functional and adequate. Located in Bukoto.,2023-11-18,Website,Makindye,neutral,average experience product functional adequate located bukoto,61,7
2503,Okay delivery time. Product is functional and usable.,2024-04-03,Website,Kampala,neutral,okay delivery time product functional usable,44,6
2504,Outstanding quality and service. Will definitely shop here again. Located in Kololo.,2024-02-21,Instagram,Central,positive,outstanding quality service definitely shop located kololo,58,7
2505,Professional service and high-quality products. Very happy! Located in Kawempe.,2023-10-30,Google,Ntinda,positive,professional service product happy located kawempe,50,6
2506,Outstanding service! The staff was very helpful and friendly.,2023-11-03,WhatsApp,Nakawa,positive,outstanding service staff helpful friendly,42,5
2507,Excellent customer support. They responded quickly to my questions.,2023-08-29,Website,Nakawa,positive,excellent customer support responded quickly question,53,6
2508,Okay experience. Nothing to complain about but not impressed either. Located in Ntinda.,2023-04-13,Facebook,Kololo,neutral,okay experience nothing complain impressed either located ntinda,64,8
2509,Best shopping experience! Quality products and great prices.,2024-09-15,Google,Muyenga,positive,best shopping experience quality product great price,52,7
2510,Customer service is terrible. No one responds to complaints.,2024-07-24,Twitter,Kawempe,negative,customer service terrible one responds complaint,48,6
2511,Average experience. Product is functional and adequate.,2024-11-01,Website,Muyenga,neutral,average experience product functional adequate,46,5
2512,Okay product quality. Price matches the value received.,2023-06-10,Twitter,Bukoto,neutral,okay product quality price match value received,47,7
2513,Average quality products. Functional but not impressive.,2023-12-30,Twitter,Ntinda,neutral,average quality product functional impressive,45,5
2514,Average experience. Product is functional and adequate.,2024-03-14,Google,Nakawa,neutral,average experience product functional adequate,46,5
2515,Quick response time and excellent customer care. Highly recommended! Great support!,2024-03-15,WhatsApp,Bukoto,positive,quick response time excellent customer care highly recommended great support,76,10
2516,Best customer service I've experienced. Products are top quality.,2024-03-09,Twitter,Nakawa,positive,best customer service experienced product top quality,53,7
2517,"Outstanding business! Professional, reliable, and customer-focused. Great shipping!",2024-11-09,Google,Ntinda,positive,outstanding business professional reliable great shipping,57,6
2518,Amazing experience! The product arrived on time and in perfect condition.,2024-05-31,Google,Kampala,positive,amazing experience product arrived time perfect condition,57,7
2519,Love the product quality. Fast shipping and good packaging.,2024-10-12,Website,Kampala,positive,love product quality fast shipping good packaging,49,7
2520,"Fast shipping, good quality, and excellent customer support. Located in Bukoto. Great purchase!",2024-12-07,Facebook,Makindye,positive,fast shipping good quality excellent customer support located bukoto great purchase,83,11
2521,Product works as expected. No major issues or complaints.,2023-12-20,Facebook,Bukoto,neutral,product work expected major issue complaint,43,6
2522,Product works fine. Decent quality for the price paid. Located in Bukoto.,2023-07-15,Google,Kololo,neutral,product work fine decent quality price paid located bukoto,58,9
2523,"Fast shipping, good quality, and excellent customer support.",2024-02-13,Google,Lubaga,positive,fast shipping good quality excellent customer support,53,7
2524,Average product quality. Meets basic needs adequately.,2024-07-18,Twitter,Muyenga,neutral,average product quality meet basic need adequately,50,7
2525,Poor customer service. Staff was rude and unhelpful. Great staff!,2024-07-19,Twitter,Makindye,negative,poor customer service staff rude unhelpful great staff,54,8
2526,"Outstanding business! Professional, reliable, and customer-focused. Located in Bukoto.",2023-07-28,Twitter,Kawempe,positive,outstanding business professional reliable located bukoto,57,6
2527,Best shopping experience! Quality products and great prices.,2024-01-29,Instagram,Makindye,positive,best shopping experience quality product great price,52,7
2528,"Outstanding business! Professional, reliable, and customer-focused. Great restaurant!",2024-09-13,Instagram,Lubaga,positive,outstanding business professional reliable great restaurant,59,6
2529,Average product quality. Meets basic expectations. Located in Kawempe.,2023-04-02,WhatsApp,Kololo,neutral,average product quality meet basic expectation located kawempe,62,8
2530,"Fast shipping, good quality, and excellent customer support.",2023-11-25,Twitter,Kololo,positive,fast shipping good quality excellent customer support,53,7
2531,Okay delivery time. Product is functional and usable. Located in Ntinda.,2024-09-02,Website,Ntinda,neutral,okay delivery time product functional usable located ntinda,59,8
2532,Poor packaging led to damaged goods. Very unprofessional.,2024-07-25,Website,Central,negative,poor packaging led damaged good unprofessional,46,6
2533,Product works fine. Decent quality for the price paid. Located in Central.,2024-10-08,Google,Kampala,neutral,product work fine decent quality price paid located central,59,9
2534,Great business with excellent customer care. Very professional.,2024-01-27,Facebook,Kawempe,positive,great business excellent customer care professional,51,6
2535,Standard business service. Acceptable but not exceptional.,2024-05-11,Instagram,Kololo,neutral,standard business service acceptable exceptional,48,5
2536,Love shopping here! Always get great deals and quality products. Located in Lubaga.,2024-12-30,Google,Bukoto,positive,love shopping always get great deal quality product located lubaga,66,10
2537,Product was damaged on arrival. Poor packaging quality.,2024-04-15,Twitter,Makindye,negative,product damaged arrival poor packaging quality,46,6
2538,Poor customer service. Staff was rude and unhelpful. Located in Kololo.,2023-06-25,Website,Kawempe,negative,poor customer service staff rude unhelpful located kololo,57,8
2539,Outstanding service! The staff was very helpful and friendly. Located in Kololo.,2023-03-22,Facebook,Ntinda,positive,outstanding service staff helpful friendly located kololo,57,7
2540,Outstanding quality and service. Will definitely shop here again. Located in Kampala.,2024-02-24,Facebook,Central,positive,outstanding quality service definitely shop located kampala,59,7
2541,Great prices and even better service. Highly recommend this business!,2024-06-16,Website,Central,positive,great price even better service highly recommend business,57,8
2542,Love the product quality. Fast shipping and good packaging.,2023-08-23,Website,Lubaga,positive,love product quality fast shipping good packaging,49,7
2543,Love the product quality. Fast shipping and good packaging. Located in Makindye. Great shipping!,2024-12-20,Google,Kampala,positive,love product quality fast shipping good packaging located makindye great shipping,81,11
2544,Standard experience. Product does what it needs to do.,2024-08-19,Facebook,Lubaga,neutral,standard experience product need,32,4
2545,Poor packaging led to damaged goods. Very unprofessional. Located in Lubaga.,2024-10-17,WhatsApp,Kololo,negative,poor packaging led damaged good unprofessional located lubaga,61,8
2546,"Fast delivery, good quality, fair prices. What more could you ask for?",2024-08-24,Facebook,Ntinda,positive,fast delivery good quality fair price could ask,47,8
2547,Outstanding quality and service. Will definitely shop here again.,2024-04-04,Facebook,Central,positive,outstanding quality service definitely shop,43,5
2548,Product didn't work as expected. Waste of money. Great business!,2023-09-25,Google,Muyenga,negative,product work expected waste money great business,48,7
2549,Product is functional. Does what it's supposed to do.,2023-11-16,Facebook,Muyenga,neutral,product functional supposed,27,3
2550,Love the product quality. Fast shipping and good packaging.,2023-07-27,Website,Central,positive,love product quality fast shipping good packaging,49,7
2551,Amazing quality products. Will definitely buy again from this shop. Located in Kawempe. Great delivery!,2024-07-10,WhatsApp,Kololo,positive,amazing quality product definitely buy shop located kawempe great delivery,74,10
2552,Quick response time and excellent customer care. Highly recommended!,2024-07-19,Website,Nakawa,positive,quick response time excellent customer care highly recommended,62,8
2553,Excellent business! Highly professional and reliable.,2024-11-29,Google,Kololo,positive,excellent business highly professional reliable,47,5
2554,Overpriced compared to other shops in Nakawa area.,2024-05-17,Twitter,Central,negative,overpriced compared shop nakawa area,36,5
2555,Poor quality products. Broke within days of purchase. Great shipping!,2024-03-05,Website,Nakawa,negative,poor quality product broke within day purchase great shipping,61,9
2556,Outstanding quality and service. Will definitely shop here again. Located in Ntinda.,2023-04-18,Facebook,Nakawa,positive,outstanding quality service definitely shop located ntinda,58,7
2557,Amazing quality products. Will definitely buy again from this shop.,2024-12-05,Twitter,Central,positive,amazing quality product definitely buy shop,43,6
2558,Best shopping experience! Quality products and great prices.,2023-01-12,Instagram,Kampala,positive,best shopping experience quality product great price,52,7
2559,Standard quality. Nothing to complain about or praise.,2024-11-15,Instagram,Kololo,neutral,standard quality nothing complain praise,40,5
2560,Best shop in Kawempe. Quality products and great service.,2023-04-04,Website,Kawempe,positive,best shop kawempe quality product great service,47,7
2561,Great products at affordable prices. Very satisfied with my purchase.,2024-11-28,WhatsApp,Lubaga,positive,great product affordable price satisfied purchase,49,6
2562,"Fast delivery, good quality, fair prices. What more could you ask for? Located in Kawempe.",2024-12-05,Facebook,Central,positive,fast delivery good quality fair price could ask located kawempe,63,10
2563,"Fast delivery, good quality, fair prices. What more could you ask for?",2023-11-06,Twitter,Central,positive,fast delivery good quality fair price could ask,47,8
2564,Amazing quality products. Will definitely buy again from this shop. Located in Lubaga.,2024-02-28,WhatsApp,Nakawa,positive,amazing quality product definitely buy shop located lubaga,58,8
2565,Standard delivery. Product works but quality is average. Located in Central.,2024-01-27,WhatsApp,Bukoto,neutral,standard delivery product work quality average located central,62,8
2566,Product works as expected. No major issues or complaints.,2024-09-05,WhatsApp,Ntinda,neutral,product work expected major issue complaint,43,6
2567,Great experience from start to finish. Will shop here again!,2023-08-28,Website,Makindye,positive,great experience start finish shop,34,5
2568,Okay service. Product meets basic requirements. Located in Central.,2024-02-28,Facebook,Bukoto,neutral,okay service product meet basic requirement located central,59,8
2569,Product broke after just one week of use. Very poor quality.,2023-12-01,Website,Kololo,negative,product broke one week use poor quality,39,7
2570,Love shopping here! Always get great deals and quality products.,2023-12-12,WhatsApp,Central,positive,love shopping always get great deal quality product,51,8
2571,Great prices and even better service. Highly recommend this business! Located in Nakawa. Great experience!,2023-06-15,Google,Muyenga,positive,great price even better service highly recommend business located nakawa great experience,89,12
2572,"Fast delivery, good quality, fair prices. What more could you ask for? Located in Bukoto.",2023-02-12,Facebook,Central,positive,fast delivery good quality fair price could ask located bukoto,62,10
2573,Excellent products and service. Best in the area! Located in Kololo. Great packaging!,2023-09-14,Website,Lubaga,positive,excellent product service best area located kololo great packaging,66,9
2574,Amazing service! The team went above and beyond to help me. Located in Kololo.,2023-08-06,Twitter,Central,positive,amazing service team went beyond help located kololo,52,8
2575,Top quality products at reasonable prices. Highly recommended! Located in Nakawa.,2023-03-24,Twitter,Muyenga,positive,top quality product reasonable price highly recommended located nakawa,70,9
2576,Average product quality. Meets basic expectations. Located in Nakawa.,2023-06-29,Facebook,Lubaga,neutral,average product quality meet basic expectation located nakawa,61,8
2577,Best customer service I've experienced. Products are top quality. Great packaging!,2024-10-01,Website,Bukoto,positive,best customer service experienced product top quality great packaging,69,9
2578,Excellent customer support. They responded quickly to my questions.,2024-08-23,Google,Lubaga,positive,excellent customer support responded quickly question,53,6
2579,Standard quality. Nothing to complain about or praise. Located in Bukoto.,2023-12-31,Facebook,Muyenga,neutral,standard quality nothing complain praise located bukoto,55,7
2580,Best shopping experience! Quality products and great prices. Located in Central.,2024-07-13,Twitter,Kampala,positive,best shopping experience quality product great price located central,68,9
2581,Standard experience. Product does what it needs to do. Great service!,2023-05-30,WhatsApp,Nakawa,neutral,standard experience product need great service,46,6
2582,Best shop in Kawempe. Quality products and great service.,2024-07-28,Google,Central,positive,best shop kawempe quality product great service,47,7
2583,Quick response time and excellent customer care. Highly recommended!,2023-03-09,Facebook,Kawempe,positive,quick response time excellent customer care highly recommended,62,8
2584,Excellent communication and fast delivery. Highly satisfied! Located in Ntinda.,2024-01-22,WhatsApp,Kawempe,positive,excellent communication fast delivery highly satisfied located ntinda,69,8
2585,Would not buy from here again. Poor experience overall.,2023-05-01,Google,Nakawa,negative,would buy poor experience overall,33,5
2586,Best shopping experience! Quality products and great prices. Located in Makindye.,2023-08-13,Instagram,Kawempe,positive,best shopping experience quality product great price located makindye,69,9
2587,Great prices and even better service. Highly recommend this business!,2024-06-14,Google,Nakawa,positive,great price even better service highly recommend business,57,8
2588,Great service! Very fast delivery in Kampala. Highly recommend! Located in Kampala.,2023-10-14,Website,Kololo,positive,great service fast delivery kampala highly recommend located kampala,68,9
2589,Great value for money. Fast delivery and excellent packaging. Located in Lubaga.,2024-05-31,Google,Kawempe,positive,great value money fast delivery excellent packaging located lubaga,66,9
2590,Average quality. Nothing special but nothing wrong either.,2023-06-09,Twitter,Kampala,neutral,average quality nothing special nothing wrong either,52,7
2591,Very disappointed. Product quality is poor and service is worse.,2024-10-08,Instagram,Kawempe,negative,disappointed product quality poor service worse,47,6
2592,Product works fine. Decent quality for the price paid.,2024-04-05,Twitter,Kampala,neutral,product work fine decent quality price paid,43,7
2593,Okay delivery time. Product is functional and usable.,2023-01-02,Instagram,Bukoto,neutral,okay delivery time product functional usable,44,6
2594,Fair experience overall. Nothing exceptional but acceptable. Located in Bukoto.,2023-03-19,Twitter,Bukoto,neutral,fair experience overall nothing exceptional acceptable located bukoto,69,8
2595,Average experience overall. Product is fine but not great.,2023-02-28,WhatsApp,Kololo,neutral,average experience overall product fine great,45,6
2596,Average experience. Product is functional and adequate.,2024-04-08,Website,Bukoto,neutral,average experience product functional adequate,46,5
2597,Fair experience overall. Nothing exceptional but acceptable.,2023-08-07,Website,Muyenga,neutral,fair experience overall nothing exceptional acceptable,54,6
2598,Would not buy from here again. Poor experience overall.,2024-12-21,Website,Kololo,negative,would buy poor experience overall,33,5
2599,Product broke after just one week of use. Very poor quality.,2023-03-07,Facebook,Muyenga,negative,product broke one week use poor quality,39,7
2600,Great value for money. Fast delivery and excellent packaging.,2024-02-05,Twitter,Muyenga,positive,great value money fast delivery excellent packaging,51,7
2601,Excellent products and service. Best in the area! Located in Makindye.,2024-03-09,Website,Nakawa,positive,excellent product service best area located makindye,52,7
2602,Best customer service I've experienced. Products are top quality. Located in Ntinda.,2023-09-15,Website,Kawempe,positive,best customer service experienced product top quality located ntinda,68,9
2603,Product works fine. Decent quality for the price paid.,2024-03-23,Instagram,Kawempe,neutral,product work fine decent quality price paid,43,7
2604,Delivery was delayed multiple times. Very frustrating experience. Located in Kampala.,2024-06-09,Google,Ntinda,negative,delivery delayed multiple time frustrating experience located kampala,69,8
2605,Best customer service I've experienced. Products are top quality.,2023-01-07,Google,Muyenga,positive,best customer service experienced product top quality,53,7
2606,Love shopping here! Always get great deals and quality products. Located in Central.,2023-12-11,Instagram,Central,positive,love shopping always get great deal quality product located central,67,10
2607,Quick response time and excellent customer care. Highly recommended! Great support!,2023-02-17,WhatsApp,Bukoto,positive,quick response time excellent customer care highly recommended great support,76,10
2608,Average experience overall. Product is fine but not great.,2023-11-20,WhatsApp,Central,neutral,average experience overall product fine great,45,6
2609,Average experience. Product is functional and adequate.,2023-01-04,Website,Makindye,neutral,average experience product functional adequate,46,5
2610,Decent quality products. Price is fair for what you receive.,2023-05-04,Website,Kololo,neutral,decent quality product price fair receive,41,6
2611,Amazing experience! The product arrived on time and in perfect condition. Located in Kampala.,2024-11-22,Facebook,Kawempe,positive,amazing experience product arrived time perfect condition located kampala,73,9
2612,Product works fine. Decent quality for the price paid. Located in Bukoto.,2023-09-29,Google,Kampala,neutral,product work fine decent quality price paid located bukoto,58,9
2613,Best customer service I've experienced. Products are top quality. Located in Muyenga.,2024-06-10,Instagram,Ntinda,positive,best customer service experienced product top quality located muyenga,69,9
2614,Overpriced products with low quality. Not good value for money.,2023-08-16,Twitter,Ntinda,negative,overpriced product low quality good value money,47,7
2615,Great experience overall. Will be a returning customer. Located in Kawempe.,2023-10-17,Website,Kawempe,positive,great experience overall returning customer located kawempe,59,7
2616,Great products at affordable prices. Very satisfied with my purchase.,2024-06-17,Website,Bukoto,positive,great product affordable price satisfied purchase,49,6
2617,Average experience overall. Product is fine but not great.,2023-02-03,Instagram,Bukoto,neutral,average experience overall product fine great,45,6
2618,Overpriced compared to other shops in Nakawa area. Located in Kololo.,2023-12-21,Google,Kawempe,negative,overpriced compared shop nakawa area located kololo,51,7
2619,Best shop in Kawempe. Quality products and great service.,2024-04-19,Google,Kawempe,positive,best shop kawempe quality product great service,47,7
2620,Very slow delivery and unresponsive customer support.,2023-07-11,Google,Central,negative,slow delivery unresponsive customer support,43,5
2621,Outstanding quality and service. Will definitely shop here again. Located in Kololo.,2024-02-24,Facebook,Kololo,positive,outstanding quality service definitely shop located kololo,58,7
2622,Love the product quality. Fast shipping and good packaging.,2023-12-26,Instagram,Ntinda,positive,love product quality fast shipping good packaging,49,7
2623,Great experience from start to finish. Will shop here again! Located in Lubaga.,2023-10-24,WhatsApp,Bukoto,positive,great experience start finish shop located lubaga,49,7
2624,"Fast delivery, good quality, fair prices. What more could you ask for?",2024-12-30,Google,Ntinda,positive,fast delivery good quality fair price could ask,47,8
2625,Okay service. Nothing special but gets the job done. Located in Kampala.,2024-10-28,Google,Makindye,neutral,okay service nothing special get job done located kampala,57,9
2626,Okay product quality. Price matches the value received. Located in Muyenga.,2023-06-20,Twitter,Nakawa,neutral,okay product quality price match value received located muyenga,63,9
2627,Product didn't work as expected. Waste of money. Located in Makindye.,2024-09-19,Instagram,Muyenga,negative,product work expected waste money located makindye,50,7
2628,Average experience. Product is functional and adequate. Great staff!,2024-02-17,Twitter,Lubaga,neutral,average experience product functional adequate great staff,58,7
2629,Overpriced compared to other shops in Nakawa area.,2023-01-14,Google,Muyenga,negative,overpriced compared shop nakawa area,36,5
2630,Great prices and even better service. Highly recommend this business!,2023-05-24,Instagram,Kampala,positive,great price even better service highly recommend business,57,8
2631,Decent quality products. Price is fair for what you receive.,2023-10-12,WhatsApp,Makindye,neutral,decent quality product price fair receive,41,6
2632,Poor customer service. Staff was rude and unhelpful.,2024-01-05,Google,Central,negative,poor customer service staff rude unhelpful,42,6
2633,"Fast shipping, good quality, and excellent customer support. Located in Nakawa. Great staff!",2023-12-21,Facebook,Kawempe,positive,fast shipping good quality excellent customer support located nakawa great staff,80,11
2634,Best shop in Kawempe. Quality products and great service.,2023-01-15,Google,Makindye,positive,best shop kawempe quality product great service,47,7
2635,Okay delivery time. Product is functional and usable. Located in Bukoto.,2023-01-10,Facebook,Lubaga,neutral,okay delivery time product functional usable located bukoto,59,8
2636,Great experience overall. Will be a returning customer. Located in Kawempe.,2024-06-07,Facebook,Makindye,positive,great experience overall returning customer located kawempe,59,7
2637,Average product quality. Meets basic expectations. Located in Lubaga. Great order!,2024-11-20,Instagram,Bukoto,neutral,average product quality meet basic expectation located lubaga great order,73,10
2638,Best shop in Kawempe. Quality products and great service.,2023-08-15,Facebook,Muyenga,positive,best shop kawempe quality product great service,47,7
2639,Poor customer service. Staff was rude and unhelpful.,2024-01-10,WhatsApp,Central,negative,poor customer service staff rude unhelpful,42,6
2640,Excellent products and service. Best in the area! Located in Central.,2023-07-23,Instagram,Muyenga,positive,excellent product service best area located central,51,7
2641,"Fast shipping, good quality, and excellent customer support.",2023-09-17,Twitter,Makindye,positive,fast shipping good quality excellent customer support,53,7
2642,Great products at affordable prices. Very satisfied with my purchase. Located in Kawempe. Great staff!,2023-01-01,Instagram,Kawempe,positive,great product affordable price satisfied purchase located kawempe great staff,77,10
2643,Standard quality. Nothing to complain about or praise. Located in Ntinda.,2023-12-13,Google,Makindye,neutral,standard quality nothing complain praise located ntinda,55,7
2644,Very disappointed with the quality. Not worth the money paid. Located in Bukoto.,2023-08-13,Instagram,Kampala,negative,disappointed quality worth money paid located bukoto,52,7
2645,Not satisfied with the product. Quality is below expectations. Located in Muyenga. Great store!,2024-05-19,Twitter,Central,negative,satisfied product quality expectation located muyenga great store,65,8
2646,Standard quality. Nothing to complain about or praise.,2024-04-28,Website,Muyenga,neutral,standard quality nothing complain praise,40,5
2647,"Fast delivery, good quality, fair prices. What more could you ask for?",2024-02-26,Twitter,Kawempe,positive,fast delivery good quality fair price could ask,47,8
2648,Standard delivery. Product works but quality is average. Great support!,2024-10-25,Instagram,Makindye,neutral,standard delivery product work quality average great support,60,8
2649,Average quality products. Functional but not impressive. Located in Nakawa.,2024-11-07,Facebook,Muyenga,neutral,average quality product functional impressive located nakawa,60,7
2650,Amazing experience! The product arrived on time and in perfect condition.,2024-10-23,Google,Kololo,positive,amazing experience product arrived time perfect condition,57,7
2651,Great experience from start to finish. Will shop here again!,2023-05-01,WhatsApp,Ntinda,positive,great experience start finish shop,34,5
2652,Standard experience. Product does what it needs to do.,2024-08-17,Instagram,Nakawa,neutral,standard experience product need,32,4
2653,Great service! Very fast delivery in Kampala. Highly recommend! Located in Bukoto. Great order!,2024-09-08,Google,Muyenga,positive,great service fast delivery kampala highly recommend located bukoto great order,79,11
2654,Outstanding service! The staff was very helpful and friendly. Located in Central.,2023-06-09,Google,Makindye,positive,outstanding service staff helpful friendly located central,58,7
2655,Excellent customer support. They responded quickly to my questions.,2023-09-17,WhatsApp,Kampala,positive,excellent customer support responded quickly question,53,6
2656,Great service! Very fast delivery in Kampala. Highly recommend! Located in Bukoto.,2024-08-15,Facebook,Bukoto,positive,great service fast delivery kampala highly recommend located bukoto,67,9
2657,Best customer service I've experienced. Products are top quality.,2023-04-20,WhatsApp,Kawempe,positive,best customer service experienced product top quality,53,7
2658,Okay service. Product meets basic requirements. Located in Lubaga.,2024-02-05,Google,Muyenga,neutral,okay service product meet basic requirement located lubaga,58,8
2659,Great service! Very fast delivery in Kampala. Highly recommend! Located in Ntinda.,2024-01-05,Facebook,Lubaga,positive,great service fast delivery kampala highly recommend located ntinda,67,9
2660,Professional service and high-quality products. Very happy!,2024-04-24,Instagram,Lubaga,positive,professional service product happy,34,4
2661,Very satisfied with my purchase. Great quality and fast delivery. Located in Kololo. Great business!,2024-08-13,WhatsApp,Nakawa,positive,satisfied purchase great quality fast delivery located kololo great business,76,10
2662,Average quality. Nothing special but nothing wrong either. Located in Central.,2024-10-10,Website,Muyenga,neutral,average quality nothing special nothing wrong either located central,68,9
2663,Great prices and even better service. Highly recommend this business!,2024-01-19,Twitter,Kololo,positive,great price even better service highly recommend business,57,8
2664,Amazing experience! The product arrived on time and in perfect condition. Located in Kololo.,2023-11-25,WhatsApp,Lubaga,positive,amazing experience product arrived time perfect condition located kololo,72,9
2665,Amazing quality products. Will definitely buy again from this shop.,2023-01-18,Facebook,Muyenga,positive,amazing quality product definitely buy shop,43,6
2666,Standard delivery. Product works but quality is average.,2024-02-08,Google,Kampala,neutral,standard delivery product work quality average,46,6
2667,Fair experience overall. Nothing exceptional but acceptable. Located in Kampala.,2024-08-30,WhatsApp,Central,neutral,fair experience overall nothing exceptional acceptable located kampala,70,8
2668,Okay service. Product meets basic requirements. Great shipping!,2023-02-07,Google,Central,neutral,okay service product meet basic requirement great shipping,58,8
2669,Outstanding quality and service. Will definitely shop here again. Located in Lubaga.,2023-04-20,Instagram,Nakawa,positive,outstanding quality service definitely shop located lubaga,58,7
2670,Best shopping experience! Quality products and great prices.,2024-12-16,Twitter,Kawempe,positive,best shopping experience quality product great price,52,7
2671,Amazing quality products. Will definitely buy again from this shop.,2024-10-07,Facebook,Ntinda,positive,amazing quality product definitely buy shop,43,6
2672,Best customer service I've experienced. Products are top quality.,2023-11-07,Website,Lubaga,positive,best customer service experienced product top quality,53,7
2673,Great value for money. Fast delivery and excellent packaging.,2024-12-26,Website,Bukoto,positive,great value money fast delivery excellent packaging,51,7
2674,Poor quality products. Broke within days of purchase.,2023-06-19,Google,Lubaga,negative,poor quality product broke within day purchase,46,7
2675,Average quality. Price is reasonable for what you get. Located in Bukoto.,2023-03-09,WhatsApp,Bukoto,neutral,average quality price reasonable get located bukoto,51,7
2676,Product was defective but they refused to refund. Bad business.,2024-02-15,Website,Nakawa,negative,product defective refused refund bad business,45,6
2677,Best customer service I've experienced. Products are top quality. Great support!,2024-11-08,WhatsApp,Ntinda,positive,best customer service experienced product top quality great support,67,9
2678,Best prices in Nakawa area. Great value for money.,2023-12-17,Google,Kawempe,positive,best price nakawa area great value money,40,7
2679,Fair experience overall. Nothing exceptional but acceptable. Located in Kawempe. Great order!,2024-10-05,Website,Kawempe,neutral,fair experience overall nothing exceptional acceptable located kawempe great order,82,10
2680,Product works fine. Decent quality for the price paid.,2023-03-18,Twitter,Lubaga,neutral,product work fine decent quality price paid,43,7
2681,Fair value for money. Quality is acceptable but not premium.,2023-06-21,Website,Makindye,neutral,fair value money quality acceptable premium,43,6
2682,Average quality. Price is reasonable for what you get. Great restaurant!,2023-05-14,Website,Makindye,neutral,average quality price reasonable get great restaurant,53,7
2683,Excellent products and service. Best in the area! Located in Kololo.,2023-01-01,WhatsApp,Muyenga,positive,excellent product service best area located kololo,50,7
2684,Customer service is terrible. No one responds to complaints.,2023-10-14,Google,Central,negative,customer service terrible one responds complaint,48,6
2685,Excellent customer support. They responded quickly to my questions.,2024-05-20,Instagram,Lubaga,positive,excellent customer support responded quickly question,53,6
2686,Outstanding service! The staff was very helpful and friendly.,2024-09-13,Google,Muyenga,positive,outstanding service staff helpful friendly,42,5
2687,Excellent products and service. Best in the area! Located in Central.,2023-09-23,WhatsApp,Central,positive,excellent product service best area located central,51,7
2688,"Fast delivery, good quality, fair prices. What more could you ask for?",2023-05-16,Google,Bukoto,positive,fast delivery good quality fair price could ask,47,8
2689,Amazing quality products. Will definitely buy again from this shop.,2023-05-14,Website,Lubaga,positive,amazing quality product definitely buy shop,43,6
2690,Standard business service. Acceptable but not exceptional. Located in Kololo.,2023-06-07,Instagram,Muyenga,neutral,standard business service acceptable exceptional located kololo,63,7
2691,Top quality products at reasonable prices. Highly recommended! Located in Kololo. Great support!,2024-08-08,Google,Ntinda,positive,top quality product reasonable price highly recommended located kololo great support,84,11
2692,Professional service and high-quality products. Very happy! Located in Central.,2024-05-18,Twitter,Kawempe,positive,professional service product happy located central,50,6
2693,Slow response time and poor communication from the business. Located in Muyenga.,2023-06-13,Website,Kawempe,negative,slow response time poor communication business located muyenga,62,8
2694,Excellent customer support. They responded quickly to my questions.,2024-07-21,Google,Ntinda,positive,excellent customer support responded quickly question,53,6
2695,"Outstanding business! Professional, reliable, and customer-focused. Great experience!",2023-03-13,Facebook,Ntinda,positive,outstanding business professional reliable great experience,59,6
2696,Fair experience overall. Nothing exceptional but acceptable.,2023-09-16,Instagram,Central,neutral,fair experience overall nothing exceptional acceptable,54,6
2697,Product is fine. Meets expectations without exceeding them.,2024-01-11,Instagram,Kawempe,neutral,product fine meet expectation without exceeding,47,6
2698,Delivery was on time. Product is as expected.,2024-01-16,Website,Makindye,neutral,delivery time product expected,30,4
2699,Best customer service I've experienced. Products are top quality. Located in Kampala.,2023-12-25,Twitter,Kololo,positive,best customer service experienced product top quality located kampala,69,9
2700,Amazing quality products. Will definitely buy again from this shop. Located in Kawempe. Great restaurant!,2024-07-22,Twitter,Kololo,positive,amazing quality product definitely buy shop located kawempe great restaurant,76,10
2701,Professional service and high-quality products. Very happy! Located in Lubaga.,2024-12-09,Website,Makindye,positive,professional service product happy located lubaga,49,6
2702,Amazing service! The team went above and beyond to help me.,2024-11-23,Facebook,Makindye,positive,amazing service team went beyond help,37,6
2703,Love shopping here! Always get great deals and quality products.,2023-12-20,Website,Makindye,positive,love shopping always get great deal quality product,51,8
2704,Best shop in Kawempe. Quality products and great service. Great order!,2023-12-26,Google,Kampala,positive,best shop kawempe quality product great service great order,59,9
2705,Customer service was unresponsive. Had to wait days for a reply.,2023-10-24,Twitter,Central,negative,customer service unresponsive wait day reply,44,6
2706,Top-notch quality. Exceeded my expectations completely.,2024-11-14,Instagram,Kololo,positive,quality exceeded expectation completely,39,4
2707,Standard business service. Acceptable but not exceptional. Located in Nakawa. Great service!,2024-04-26,Twitter,Kololo,neutral,standard business service acceptable exceptional located nakawa great service,77,9
2708,Product is fine. Meets expectations without exceeding them.,2024-08-28,Google,Lubaga,neutral,product fine meet expectation without exceeding,47,6
2709,Standard service. No complaints but nothing exceptional either. Located in Ntinda.,2024-12-27,Google,Kampala,neutral,standard service complaint nothing exceptional either located ntinda,68,8
2710,Product works as expected. No major issues or complaints.,2024-11-19,Instagram,Kampala,neutral,product work expected major issue complaint,43,6
2711,Amazing experience! The product arrived on time and in perfect condition.,2024-03-26,WhatsApp,Muyenga,positive,amazing experience product arrived time perfect condition,57,7
2712,Excellent products and service. Best in the area!,2024-04-02,WhatsApp,Kawempe,positive,excellent product service best area,35,5
2713,Great business with excellent customer care. Very professional. Located in Kololo.,2024-03-06,Website,Kampala,positive,great business excellent customer care professional located kololo,66,8
2714,"Outstanding business! Professional, reliable, and customer-focused. Located in Makindye.",2024-12-08,Facebook,Kampala,positive,outstanding business professional reliable located makindye,59,6
2715,Average experience. Product is functional and adequate. Located in Nakawa.,2024-04-03,Instagram,Muyenga,neutral,average experience product functional adequate located nakawa,61,7
2716,Outstanding quality and service. Will definitely shop here again.,2023-08-01,Twitter,Bukoto,positive,outstanding quality service definitely shop,43,5
2717,Excellent customer support. They responded quickly to my questions.,2023-12-28,Instagram,Bukoto,positive,excellent customer support responded quickly question,53,6
2718,Excellent customer support. They responded quickly to my questions. Located in Central.,2023-06-25,Google,Lubaga,positive,excellent customer support responded quickly question located central,69,8
2719,"Outstanding business! Professional, reliable, and customer-focused.",2023-02-06,WhatsApp,Ntinda,positive,outstanding business professional reliable,42,4
2720,Excellent products and service. Best in the area! Located in Bukoto.,2023-06-19,Instagram,Nakawa,positive,excellent product service best area located bukoto,50,7
2721,Fair experience overall. Nothing exceptional but acceptable.,2024-11-22,Twitter,Kawempe,neutral,fair experience overall nothing exceptional acceptable,54,6
2722,Best prices in Nakawa area. Great value for money.,2023-09-09,Website,Kawempe,positive,best price nakawa area great value money,40,7
2723,Professional service and high-quality products. Very happy! Located in Bukoto.,2023-11-05,Google,Kawempe,positive,professional service product happy located bukoto,49,6
2724,Standard delivery. Product works but quality is average. Great customer!,2024-08-09,WhatsApp,Kampala,neutral,standard delivery product work quality average great customer,61,8
2725,Very satisfied with my purchase. Great quality and fast delivery.,2023-02-03,Instagram,Bukoto,positive,satisfied purchase great quality fast delivery,46,6
2726,Poor customer service. Staff was rude and unhelpful.,2023-12-22,Facebook,Bukoto,negative,poor customer service staff rude unhelpful,42,6
2727,Very slow delivery and unresponsive customer support.,2023-08-14,Google,Lubaga,negative,slow delivery unresponsive customer support,43,5
2728,Best customer service I've experienced. Products are top quality.,2024-03-13,Instagram,Bukoto,positive,best customer service experienced product top quality,53,7
2729,Amazing experience! The product arrived on time and in perfect condition. Located in Makindye.,2023-11-25,WhatsApp,Muyenga,positive,amazing experience product arrived time perfect condition located makindye,74,9
2730,Top quality products at reasonable prices. Highly recommended! Located in Kololo.,2024-02-21,Instagram,Nakawa,positive,top quality product reasonable price highly recommended located kololo,70,9
2731,Product was defective but they refused to refund. Bad business.,2023-06-15,Instagram,Ntinda,negative,product defective refused refund bad business,45,6
2732,Standard delivery. Product works but quality is average.,2023-11-01,Twitter,Makindye,neutral,standard delivery product work quality average,46,6
2733,Best customer service I've experienced. Products are top quality. Located in Ntinda.,2023-07-07,Instagram,Lubaga,positive,best customer service experienced product top quality located ntinda,68,9
2734,Product broke after just one week of use. Very poor quality.,2023-07-28,Twitter,Lubaga,negative,product broke one week use poor quality,39,7
2735,Fair prices and acceptable quality. Nothing outstanding.,2023-05-29,Twitter,Kawempe,neutral,fair price acceptable quality nothing outstanding,49,6
2736,Poor value for money. Better options available elsewhere.,2024-10-21,Instagram,Muyenga,negative,poor value money better option available elsewhere,50,7
2737,Great prices and even better service. Highly recommend this business! Located in Central.,2023-07-19,Twitter,Muyenga,positive,great price even better service highly recommend business located central,73,10
2738,Would not buy from here again. Poor experience overall.,2024-09-21,Twitter,Kampala,negative,would buy poor experience overall,33,5
2739,Disappointing experience. Would not recommend this shop. Located in Central. Great packaging!,2023-01-24,Twitter,Nakawa,negative,disappointing experience would recommend shop located central great packaging,77,9
2740,Product is functional. Does what it's supposed to do.,2024-09-09,Twitter,Lubaga,neutral,product functional supposed,27,3
2741,Outstanding service! The staff was very helpful and friendly. Located in Kawempe.,2024-09-02,Website,Muyenga,positive,outstanding service staff helpful friendly located kawempe,58,7
2742,Excellent communication and fast delivery. Highly satisfied!,2023-06-23,Twitter,Ntinda,positive,excellent communication fast delivery highly satisfied,54,6
2743,Top-notch quality. Exceeded my expectations completely.,2024-01-03,Twitter,Kawempe,positive,quality exceeded expectation completely,39,4
2744,"Fast shipping, good quality, and excellent customer support.",2023-04-06,Instagram,Kawempe,positive,fast shipping good quality excellent customer support,53,7
2745,Very satisfied with my purchase. Great quality and fast delivery.,2024-07-12,Website,Ntinda,positive,satisfied purchase great quality fast delivery,46,6
2746,Decent quality products. Price is fair for what you receive.,2024-01-11,Website,Makindye,neutral,decent quality product price fair receive,41,6
2747,Best customer service I've experienced. Products are top quality.,2024-11-06,WhatsApp,Muyenga,positive,best customer service experienced product top quality,53,7
2748,Average product quality. Meets basic expectations.,2024-04-25,Google,Bukoto,neutral,average product quality meet basic expectation,46,6
2749,Poor value for money. Better options available elsewhere. Located in Kampala.,2024-06-23,Instagram,Makindye,negative,poor value money better option available elsewhere located kampala,66,9
2750,Product quality was disappointing. Not as described on the website. Located in Lubaga.,2023-07-13,Website,Makindye,negative,product quality disappointing described website located lubaga,62,7
2751,Poor value for money. Better options available elsewhere. Located in Lubaga.,2024-07-19,WhatsApp,Kampala,negative,poor value money better option available elsewhere located lubaga,65,9
2752,"Fast shipping, good quality, and excellent customer support.",2024-06-13,Google,Nakawa,positive,fast shipping good quality excellent customer support,53,7
2753,Standard experience. Product does what it needs to do. Located in Makindye. Great shipping!,2023-11-07,Twitter,Central,neutral,standard experience product need located makindye great shipping,64,8
2754,Amazing service! The team went above and beyond to help me.,2023-02-14,Facebook,Lubaga,positive,amazing service team went beyond help,37,6
2755,Excellent business! Highly professional and reliable.,2024-12-11,Facebook,Kololo,positive,excellent business highly professional reliable,47,5
2756,Product works fine. Decent quality for the price paid.,2024-11-14,WhatsApp,Kawempe,neutral,product work fine decent quality price paid,43,7
2757,Amazing service! The team went above and beyond to help me.,2024-12-21,Twitter,Central,positive,amazing service team went beyond help,37,6
2758,Excellent products and service. Best in the area!,2024-07-03,Facebook,Central,positive,excellent product service best area,35,5
2759,Very satisfied with my purchase. Great quality and fast delivery. Located in Muyenga.,2024-03-24,Website,Kololo,positive,satisfied purchase great quality fast delivery located muyenga,62,8
2760,Customer service was unresponsive. Had to wait days for a reply. Located in Ntinda.,2024-12-01,Instagram,Lubaga,negative,customer service unresponsive wait day reply located ntinda,59,8
2761,Average product quality. Meets basic needs adequately.,2024-03-20,Google,Bukoto,neutral,average product quality meet basic need adequately,50,7
2762,Excellent communication and fast delivery. Highly satisfied! Great staff!,2023-08-18,Facebook,Central,positive,excellent communication fast delivery highly satisfied great staff,66,8
2763,Outstanding service! The staff was very helpful and friendly.,2024-03-17,Google,Bukoto,positive,outstanding service staff helpful friendly,42,5
2764,Quick response time and excellent customer care. Highly recommended! Located in Kololo.,2023-06-23,Instagram,Makindye,positive,quick response time excellent customer care highly recommended located kololo,77,10
2765,Great value for money. Fast delivery and excellent packaging. Located in Nakawa.,2023-10-17,Website,Kawempe,positive,great value money fast delivery excellent packaging located nakawa,66,9
2766,Average quality. Price is reasonable for what you get.,2023-01-25,Instagram,Central,neutral,average quality price reasonable get,36,5
2767,Okay delivery time. Product is functional and usable.,2023-05-17,Facebook,Lubaga,neutral,okay delivery time product functional usable,44,6
2768,Great business with excellent customer care. Very professional.,2023-07-13,Website,Makindye,positive,great business excellent customer care professional,51,6
2769,Decent value. Product works as expected. Located in Ntinda.,2023-10-13,WhatsApp,Ntinda,neutral,decent value product work expected located ntinda,49,7
2770,Excellent products and service. Best in the area!,2024-10-13,Facebook,Bukoto,positive,excellent product service best area,35,5
2771,Okay delivery time. Product is functional and usable. Located in Central. Great support!,2024-01-22,Twitter,Lubaga,neutral,okay delivery time product functional usable located central great support,74,10
2772,Amazing service! The team went above and beyond to help me.,2024-06-17,Google,Kololo,positive,amazing service team went beyond help,37,6
2773,Great experience from start to finish. Will shop here again!,2023-05-10,Twitter,Muyenga,positive,great experience start finish shop,34,5
2774,Love shopping here! Always get great deals and quality products. Great shop!,2024-05-26,Website,Makindye,positive,love shopping always get great deal quality product great shop,62,10
2775,Amazing experience! The product arrived on time and in perfect condition. Great packaging!,2024-05-25,Instagram,Makindye,positive,amazing experience product arrived time perfect condition great packaging,73,9
2776,Delivery was on time. Product is as expected.,2024-05-15,Facebook,Bukoto,neutral,delivery time product expected,30,4
2777,Okay service. Nothing special but gets the job done.,2023-05-13,Google,Kololo,neutral,okay service nothing special get job done,41,7
2778,"Outstanding business! Professional, reliable, and customer-focused. Located in Nakawa.",2023-11-30,Twitter,Lubaga,positive,outstanding business professional reliable located nakawa,57,6
2779,Great service! Very fast delivery in Kampala. Highly recommend! Located in Kololo.,2024-04-04,Website,Kawempe,positive,great service fast delivery kampala highly recommend located kololo,67,9
2780,Poor packaging led to damaged goods. Very unprofessional.,2023-02-07,Instagram,Lubaga,negative,poor packaging led damaged good unprofessional,46,6
2781,Disappointing experience. Would not recommend this shop.,2023-02-16,Facebook,Muyenga,negative,disappointing experience would recommend shop,45,5
2782,Decent service. No major complaints but nothing impressive. Great experience!,2024-04-21,Website,Central,neutral,decent service major complaint nothing impressive great experience,66,8
2783,"Fast shipping, good quality, and excellent customer support.",2024-06-20,Instagram,Kampala,positive,fast shipping good quality excellent customer support,53,7
2784,Best shop in Kawempe. Quality products and great service. Located in Nakawa.,2024-12-30,Facebook,Bukoto,positive,best shop kawempe quality product great service located nakawa,62,9
2785,Product didn't work as expected. Waste of money. Located in Central. Great service!,2024-05-12,Website,Kawempe,negative,product work expected waste money located central great service,63,9
2786,Standard delivery time. Product quality is average.,2024-02-24,Google,Makindye,neutral,standard delivery time product quality average,46,6
2787,Top quality products at reasonable prices. Highly recommended!,2023-01-25,Website,Lubaga,positive,top quality product reasonable price highly recommended,55,7
2788,Amazing experience! The product arrived on time and in perfect condition. Located in Makindye. Great business!,2024-08-30,Google,Kawempe,positive,amazing experience product arrived time perfect condition located makindye great business,89,11
2789,Top-notch quality. Exceeded my expectations completely. Located in Lubaga.,2023-08-01,Twitter,Kawempe,positive,quality exceeded expectation completely located lubaga,54,6
2790,Standard business service. Acceptable but not exceptional. Located in Makindye.,2023-06-10,Twitter,Central,neutral,standard business service acceptable exceptional located makindye,65,7
2791,Very satisfied with my purchase. Great quality and fast delivery.,2023-10-02,Instagram,Kawempe,positive,satisfied purchase great quality fast delivery,46,6
2792,"Outstanding business! Professional, reliable, and customer-focused.",2024-08-23,Website,Kampala,positive,outstanding business professional reliable,42,4
2793,Best shopping experience! Quality products and great prices.,2024-08-01,Website,Muyenga,positive,best shopping experience quality product great price,52,7
2794,Decent service. No major complaints but nothing impressive.,2024-02-07,Twitter,Makindye,neutral,decent service major complaint nothing impressive,49,6
2795,Average quality. Price is reasonable for what you get.,2023-08-13,Instagram,Muyenga,neutral,average quality price reasonable get,36,5
2796,Average quality. Nothing special but nothing wrong either.,2023-07-05,Instagram,Lubaga,neutral,average quality nothing special nothing wrong either,52,7
2797,Love shopping here! Always get great deals and quality products. Located in Kampala. Great order!,2023-09-19,Website,Kampala,positive,love shopping always get great deal quality product located kampala great order,79,12
2798,Professional service and high-quality products. Very happy!,2024-05-15,Facebook,Kololo,positive,professional service product happy,34,4
2799,Quick response time and excellent customer care. Highly recommended!,2024-12-24,WhatsApp,Kololo,positive,quick response time excellent customer care highly recommended,62,8
2800,Quick response time and excellent customer care. Highly recommended! Located in Kololo.,2024-11-30,Facebook,Kololo,positive,quick response time excellent customer care highly recommended located kololo,77,10
2801,Great value for money. Fast delivery and excellent packaging.,2023-06-10,Instagram,Makindye,positive,great value money fast delivery excellent packaging,51,7
2802,Average quality products. Functional but not impressive.,2024-05-02,Google,Kawempe,neutral,average quality product functional impressive,45,5
2803,Love shopping here! Always get great deals and quality products.,2024-06-03,WhatsApp,Muyenga,positive,love shopping always get great deal quality product,51,8
2804,Quick response time and excellent customer care. Highly recommended! Located in Central.,2024-06-09,Website,Bukoto,positive,quick response time excellent customer care highly recommended located central,78,10
2805,Product broke after just one week of use. Very poor quality. Great restaurant!,2023-10-25,Facebook,Bukoto,negative,product broke one week use poor quality great restaurant,56,9
2806,Best customer service I've experienced. Products are top quality. Located in Makindye.,2024-11-04,WhatsApp,Bukoto,positive,best customer service experienced product top quality located makindye,70,9
2807,Okay service. Product meets basic requirements.,2023-09-14,Google,Makindye,neutral,okay service product meet basic requirement,43,6
2808,Average product quality. Meets basic needs adequately. Located in Nakawa.,2023-11-11,Website,Kololo,neutral,average product quality meet basic need adequately located nakawa,65,9
2809,Not satisfied with the product. Quality is below expectations.,2023-08-10,WhatsApp,Central,negative,satisfied product quality expectation,37,4
2810,Great experience overall. Will be a returning customer. Great restaurant!,2024-04-03,Google,Kampala,positive,great experience overall returning customer great restaurant,60,7
2811,Great business with excellent customer care. Very professional.,2024-11-20,Instagram,Kololo,positive,great business excellent customer care professional,51,6
2812,Product works as expected. No major issues or complaints.,2023-11-06,Facebook,Ntinda,neutral,product work expected major issue complaint,43,6
2813,Great value for money. Fast delivery and excellent packaging.,2024-12-05,Instagram,Kawempe,positive,great value money fast delivery excellent packaging,51,7
2814,Fair experience overall. Nothing exceptional but acceptable.,2024-09-06,Website,Ntinda,neutral,fair experience overall nothing exceptional acceptable,54,6
2815,Product quality was disappointing. Not as described on the website.,2024-02-01,Facebook,Kawempe,negative,product quality disappointing described website,47,5
2816,Great prices and even better service. Highly recommend this business!,2024-10-05,WhatsApp,Central,positive,great price even better service highly recommend business,57,8
2817,Product was defective but they refused to refund. Bad business.,2024-05-11,Website,Makindye,negative,product defective refused refund bad business,45,6
2818,Okay service. Nothing special but gets the job done. Great customer!,2024-01-28,Facebook,Nakawa,neutral,okay service nothing special get job done great customer,56,9
2819,Delivery issues. Package arrived late and damaged.,2023-05-05,Facebook,Central,negative,delivery issue package arrived late damaged,43,6
2820,Great service! Very fast delivery in Kampala. Highly recommend! Located in Ntinda.,2023-10-20,WhatsApp,Kawempe,positive,great service fast delivery kampala highly recommend located ntinda,67,9
2821,Love the product quality. Fast shipping and good packaging.,2024-01-14,Website,Kawempe,positive,love product quality fast shipping good packaging,49,7
2822,Excellent communication and fast delivery. Highly satisfied!,2023-05-23,Google,Kawempe,positive,excellent communication fast delivery highly satisfied,54,6
2823,"Fast shipping, good quality, and excellent customer support.",2024-10-25,Facebook,Central,positive,fast shipping good quality excellent customer support,53,7
2824,Very satisfied with my purchase. Great quality and fast delivery. Great support!,2024-02-17,Twitter,Makindye,positive,satisfied purchase great quality fast delivery great support,60,8
2825,Love the product quality. Fast shipping and good packaging.,2023-08-08,Google,Ntinda,positive,love product quality fast shipping good packaging,49,7
2826,"Fast shipping, good quality, and excellent customer support. Great support!",2024-05-13,WhatsApp,Muyenga,positive,fast shipping good quality excellent customer support great support,67,9
2827,Best customer service I've experienced. Products are top quality.,2023-07-06,Google,Kololo,positive,best customer service experienced product top quality,53,7
2828,Great prices and even better service. Highly recommend this business!,2024-06-11,Google,Lubaga,positive,great price even better service highly recommend business,57,8
2829,Outstanding service! The staff was very helpful and friendly. Great price!,2023-04-20,Google,Nakawa,positive,outstanding service staff helpful friendly great price,54,7
2830,"Fast delivery, good quality, fair prices. What more could you ask for? Located in Makindye.",2024-03-28,Website,Bukoto,positive,fast delivery good quality fair price could ask located makindye,64,10
2831,Amazing experience! The product arrived on time and in perfect condition. Located in Lubaga.,2023-08-03,Google,Makindye,positive,amazing experience product arrived time perfect condition located lubaga,72,9
2832,Love shopping here! Always get great deals and quality products. Located in Kampala. Great delivery!,2023-11-16,Website,Kampala,positive,love shopping always get great deal quality product located kampala great delivery,82,12
2833,Great prices and even better service. Highly recommend this business!,2023-10-27,Google,Kampala,positive,great price even better service highly recommend business,57,8
2834,Great experience from start to finish. Will shop here again! Located in Kololo. Great product!,2024-11-26,Google,Makindye,positive,great experience start finish shop located kololo great product,63,9
2835,Great value for money. Fast delivery and excellent packaging. Great support!,2023-08-14,WhatsApp,Muyenga,positive,great value money fast delivery excellent packaging great support,65,9
2836,Great prices and even better service. Highly recommend this business! Located in Kololo.,2023-04-27,Twitter,Lubaga,positive,great price even better service highly recommend business located kololo,72,10
2837,Love shopping here! Always get great deals and quality products.,2023-05-15,Instagram,Kawempe,positive,love shopping always get great deal quality product,51,8
2838,Okay delivery time. Product is functional and usable.,2024-10-16,Instagram,Kololo,neutral,okay delivery time product functional usable,44,6
2839,Okay service. Product meets basic requirements.,2023-05-23,WhatsApp,Lubaga,neutral,okay service product meet basic requirement,43,6
2840,Very disappointed. Product quality is poor and service is worse.,2023-12-10,Instagram,Nakawa,negative,disappointed product quality poor service worse,47,6
2841,Great service! Very fast delivery in Kampala. Highly recommend! Great shop!,2024-10-10,Google,Makindye,positive,great service fast delivery kampala highly recommend great shop,63,9
2842,"Fast delivery, good quality, fair prices. What more could you ask for?",2023-01-15,Twitter,Nakawa,positive,fast delivery good quality fair price could ask,47,8
2843,Great products at affordable prices. Very satisfied with my purchase. Located in Makindye. Great delivery!,2024-07-16,Google,Kawempe,positive,great product affordable price satisfied purchase located makindye great delivery,81,10
2844,Best shop in Kawempe. Quality products and great service. Located in Kololo. Great staff!,2023-07-10,Twitter,Makindye,positive,best shop kawempe quality product great service located kololo great staff,74,11
2845,Great value for money. Fast delivery and excellent packaging.,2024-06-04,Website,Kololo,positive,great value money fast delivery excellent packaging,51,7
2846,Product works fine. Decent quality for the price paid.,2024-10-12,Twitter,Nakawa,neutral,product work fine decent quality price paid,43,7
2847,Very slow delivery and unresponsive customer support. Great experience!,2023-02-13,Facebook,Central,negative,slow delivery unresponsive customer support great experience,60,7
2848,Worst shopping experience. Poor quality and terrible service.,2024-07-26,Facebook,Muyenga,negative,worst shopping experience poor quality terrible service,55,7
2849,Okay service. Product meets basic requirements. Located in Kawempe.,2023-03-08,Instagram,Makindye,neutral,okay service product meet basic requirement located kawempe,59,8
2850,Great business with excellent customer care. Very professional.,2024-01-18,Website,Ntinda,positive,great business excellent customer care professional,51,6
2851,Best prices in Nakawa area. Great value for money. Located in Central.,2023-08-23,Twitter,Makindye,positive,best price nakawa area great value money located central,56,9
2852,Very satisfied with my purchase. Great quality and fast delivery.,2024-05-02,Google,Central,positive,satisfied purchase great quality fast delivery,46,6
2853,Great experience from start to finish. Will shop here again! Great staff!,2023-10-03,WhatsApp,Kawempe,positive,great experience start finish shop great staff,46,7
2854,Great prices and even better service. Highly recommend this business! Great shipping!,2023-02-21,Twitter,Bukoto,positive,great price even better service highly recommend business great shipping,72,10
2855,Great experience overall. Will be a returning customer.,2024-10-01,Twitter,Makindye,positive,great experience overall returning customer,43,5
2856,Best prices in Nakawa area. Great value for money. Located in Makindye.,2024-08-12,Google,Kampala,positive,best price nakawa area great value money located makindye,57,9
2857,Love shopping here! Always get great deals and quality products.,2023-10-15,WhatsApp,Central,positive,love shopping always get great deal quality product,51,8
2858,Average product quality. Meets basic expectations.,2023-06-22,Facebook,Bukoto,neutral,average product quality meet basic expectation,46,6
2859,Poor value for money. Better options available elsewhere.,2024-11-23,Google,Kololo,negative,poor value money better option available elsewhere,50,7
2860,Decent service. No major complaints but nothing impressive.,2024-05-25,Twitter,Muyenga,neutral,decent service major complaint nothing impressive,49,6
2861,Average quality. Nothing special but nothing wrong either.,2023-10-13,Instagram,Muyenga,neutral,average quality nothing special nothing wrong either,52,7
2862,Standard service. No complaints but nothing exceptional either. Located in Kampala.,2023-02-07,WhatsApp,Nakawa,neutral,standard service complaint nothing exceptional either located kampala,69,8
2863,Top-notch quality. Exceeded my expectations completely.,2023-05-28,WhatsApp,Nakawa,positive,quality exceeded expectation completely,39,4
2864,Excellent customer support. They responded quickly to my questions. Located in Muyenga. Great quality!,2024-03-29,Facebook,Kololo,positive,excellent customer support responded quickly question located muyenga great quality,83,10
2865,Very slow delivery and unresponsive customer support.,2023-03-05,Website,Nakawa,negative,slow delivery unresponsive customer support,43,5
2866,Slow response time and poor communication from the business.,2023-05-29,Website,Kampala,negative,slow response time poor communication business,46,6
2867,Best shopping experience! Quality products and great prices.,2023-01-26,Google,Kawempe,positive,best shopping experience quality product great price,52,7
2868,Top quality products at reasonable prices. Highly recommended! Great quality!,2023-04-13,Instagram,Makindye,positive,top quality product reasonable price highly recommended great quality,69,9
2869,Best shop in Kawempe. Quality products and great service. Located in Nakawa.,2023-07-26,Facebook,Kawempe,positive,best shop kawempe quality product great service located nakawa,62,9
2870,Very disappointed with the quality. Not worth the money paid.,2024-01-29,Website,Ntinda,negative,disappointed quality worth money paid,37,5
2871,Product didn't work as expected. Waste of money.,2024-03-31,Facebook,Ntinda,negative,product work expected waste money,33,5
2872,Top quality products at reasonable prices. Highly recommended!,2024-04-22,Facebook,Lubaga,positive,top quality product reasonable price highly recommended,55,7
2873,Best shop in Kawempe. Quality products and great service.,2024-07-22,WhatsApp,Kampala,positive,best shop kawempe quality product great service,47,7
2874,Okay experience. Nothing to complain about but not impressed either. Located in Kampala. Great order!,2024-02-05,Instagram,Lubaga,neutral,okay experience nothing complain impressed either located kampala great order,77,10
2875,Great experience overall. Will be a returning customer.,2023-01-27,Instagram,Nakawa,positive,great experience overall returning customer,43,5
2876,Disappointing experience. Would not recommend this shop. Located in Makindye.,2023-02-19,Facebook,Muyenga,negative,disappointing experience would recommend shop located makindye,62,7
2877,Decent service. No major complaints but nothing impressive. Great restaurant!,2023-09-03,Website,Bukoto,neutral,decent service major complaint nothing impressive great restaurant,66,8
2878,Excellent business! Highly professional and reliable.,2023-03-07,WhatsApp,Ntinda,positive,excellent business highly professional reliable,47,5
2879,Great products at affordable prices. Very satisfied with my purchase. Located in Kampala.,2023-09-18,WhatsApp,Muyenga,positive,great product affordable price satisfied purchase located kampala,65,8
2880,Excellent products and service. Best in the area! Great store!,2023-05-17,Website,Kololo,positive,excellent product service best area great store,47,7
2881,Poor customer service. Staff was rude and unhelpful.,2023-02-08,Google,Bukoto,negative,poor customer service staff rude unhelpful,42,6
2882,Outstanding quality and service. Will definitely shop here again. Located in Nakawa.,2023-09-12,WhatsApp,Muyenga,positive,outstanding quality service definitely shop located nakawa,58,7
2883,Very disappointed with the quality. Not worth the money paid.,2024-01-26,Facebook,Muyenga,negative,disappointed quality worth money paid,37,5
2884,Great value for money. Fast delivery and excellent packaging.,2023-03-03,WhatsApp,Kololo,positive,great value money fast delivery excellent packaging,51,7
2885,Poor quality products. Broke within days of purchase.,2023-02-25,Twitter,Kawempe,negative,poor quality product broke within day purchase,46,7
2886,Amazing experience! The product arrived on time and in perfect condition.,2023-07-13,WhatsApp,Central,positive,amazing experience product arrived time perfect condition,57,7
2887,Poor value for money. Better options available elsewhere. Located in Nakawa.,2023-07-01,Instagram,Makindye,negative,poor value money better option available elsewhere located nakawa,65,9
2888,Quick response time and excellent customer care. Highly recommended!,2023-10-01,Website,Makindye,positive,quick response time excellent customer care highly recommended,62,8
2889,Great value for money. Fast delivery and excellent packaging.,2024-11-16,Twitter,Kawempe,positive,great value money fast delivery excellent packaging,51,7
2890,Excellent business! Highly professional and reliable. Located in Kawempe. Great service!,2023-12-09,Twitter,Kawempe,positive,excellent business highly professional reliable located kawempe great service,77,9
2891,Customer service was unresponsive. Had to wait days for a reply. Located in Kololo.,2024-04-22,Facebook,Kampala,negative,customer service unresponsive wait day reply located kololo,59,8
2892,Product is functional. Does what it's supposed to do.,2023-03-19,Facebook,Kawempe,neutral,product functional supposed,27,3
2893,Great products at affordable prices. Very satisfied with my purchase. Located in Muyenga.,2023-10-03,Website,Lubaga,positive,great product affordable price satisfied purchase located muyenga,65,8
2894,Top quality products at reasonable prices. Highly recommended!,2024-02-16,Instagram,Bukoto,positive,top quality product reasonable price highly recommended,55,7
2895,Fair value for money. Quality is acceptable but not premium.,2023-06-22,Instagram,Kololo,neutral,fair value money quality acceptable premium,43,6
2896,Best shopping experience! Quality products and great prices. Located in Kololo. Great price!,2024-12-10,Instagram,Ntinda,positive,best shopping experience quality product great price located kololo great price,79,11
2897,Delivery issues. Package arrived late and damaged.,2024-11-07,Twitter,Kololo,negative,delivery issue package arrived late damaged,43,6
2898,Fair experience overall. Nothing exceptional but acceptable. Located in Kololo. Great shop!,2023-02-24,WhatsApp,Lubaga,neutral,fair experience overall nothing exceptional acceptable located kololo great shop,80,10
2899,Excellent customer support. They responded quickly to my questions. Located in Lubaga.,2024-01-05,WhatsApp,Central,positive,excellent customer support responded quickly question located lubaga,68,8
2900,Average experience. Product is functional and adequate.,2023-10-27,Instagram,Nakawa,neutral,average experience product functional adequate,46,5
2901,Product arrived damaged and customer service refused to help. Located in Kololo.,2023-10-20,Website,Central,negative,product arrived damaged customer service refused help located kololo,68,9
2902,Excellent communication and fast delivery. Highly satisfied! Located in Ntinda.,2024-06-25,Twitter,Ntinda,positive,excellent communication fast delivery highly satisfied located ntinda,69,8
2903,Great products at affordable prices. Very satisfied with my purchase. Located in Muyenga.,2023-12-24,Website,Kololo,positive,great product affordable price satisfied purchase located muyenga,65,8
2904,Would not buy from here again. Poor experience overall.,2024-12-31,Website,Lubaga,negative,would buy poor experience overall,33,5
2905,Professional service and high-quality products. Very happy!,2023-04-11,Website,Bukoto,positive,professional service product happy,34,4
2906,Best shop in Kawempe. Quality products and great service.,2024-04-06,Twitter,Makindye,positive,best shop kawempe quality product great service,47,7
2907,Decent quality products. Price is fair for what you receive. Located in Central. Great service!,2024-12-25,WhatsApp,Bukoto,neutral,decent quality product price fair receive located central great service,71,10
2908,Excellent communication and fast delivery. Highly satisfied!,2024-08-18,Website,Kampala,positive,excellent communication fast delivery highly satisfied,54,6
2909,Great experience overall. Will be a returning customer.,2023-03-22,Instagram,Ntinda,positive,great experience overall returning customer,43,5
2910,Excellent products and service. Best in the area! Great price!,2024-03-06,Twitter,Makindye,positive,excellent product service best area great price,47,7
2911,Product is functional. Does what it's supposed to do.,2024-08-24,WhatsApp,Makindye,neutral,product functional supposed,27,3
2912,Great business with excellent customer care. Very professional. Located in Kololo. Great purchase!,2024-05-13,Google,Ntinda,positive,great business excellent customer care professional located kololo great purchase,81,10
2913,Okay service. Nothing special but gets the job done. Located in Central.,2024-01-03,Website,Kololo,neutral,okay service nothing special get job done located central,57,9
2914,Amazing experience! The product arrived on time and in perfect condition.,2023-07-15,Instagram,Ntinda,positive,amazing experience product arrived time perfect condition,57,7
2915,Excellent customer support. They responded quickly to my questions.,2024-08-29,Google,Kampala,positive,excellent customer support responded quickly question,53,6
2916,Great products at affordable prices. Very satisfied with my purchase. Great restaurant!,2024-01-28,Facebook,Kawempe,positive,great product affordable price satisfied purchase great restaurant,66,8
2917,"Outstanding business! Professional, reliable, and customer-focused. Great support!",2024-04-02,WhatsApp,Nakawa,positive,outstanding business professional reliable great support,56,6
2918,Slow response time and poor communication from the business. Located in Nakawa.,2024-09-06,Google,Muyenga,negative,slow response time poor communication business located nakawa,61,8
2919,Best customer service I've experienced. Products are top quality. Located in Kampala.,2024-02-08,WhatsApp,Nakawa,positive,best customer service experienced product top quality located kampala,69,9
2920,Fair experience overall. Nothing exceptional but acceptable.,2024-03-03,Facebook,Kawempe,neutral,fair experience overall nothing exceptional acceptable,54,6
2921,Poor value for money. Better options available elsewhere. Great price!,2023-06-12,Facebook,Lubaga,negative,poor value money better option available elsewhere great price,62,9
2922,Outstanding quality and service. Will definitely shop here again.,2024-05-15,WhatsApp,Nakawa,positive,outstanding quality service definitely shop,43,5
2923,Fair experience overall. Nothing exceptional but acceptable.,2024-11-07,Google,Ntinda,neutral,fair experience overall nothing exceptional acceptable,54,6
2924,"Fast shipping, good quality, and excellent customer support.",2024-07-13,WhatsApp,Muyenga,positive,fast shipping good quality excellent customer support,53,7
2925,Worst shopping experience. Poor quality and terrible service. Great product!,2023-03-08,WhatsApp,Lubaga,negative,worst shopping experience poor quality terrible service great product,69,9
2926,Amazing experience! The product arrived on time and in perfect condition.,2024-06-30,Google,Bukoto,positive,amazing experience product arrived time perfect condition,57,7
2927,Average quality products. Functional but not impressive.,2024-06-03,WhatsApp,Kololo,neutral,average quality product functional impressive,45,5
2928,Average experience overall. Product is fine but not great.,2023-11-20,Instagram,Nakawa,neutral,average experience overall product fine great,45,6
2929,Average product quality. Meets basic expectations.,2023-01-31,Facebook,Ntinda,neutral,average product quality meet basic expectation,46,6
2930,"Fast delivery, good quality, fair prices. What more could you ask for? Located in Lubaga. Great purchase!",2023-05-09,Twitter,Kampala,positive,fast delivery good quality fair price could ask located lubaga great purchase,77,12
2931,Great value for money. Fast delivery and excellent packaging. Located in Muyenga.,2023-09-08,Website,Lubaga,positive,great value money fast delivery excellent packaging located muyenga,67,9
2932,Best shop in Kawempe. Quality products and great service.,2023-03-10,Facebook,Kololo,positive,best shop kawempe quality product great service,47,7
2933,Outstanding service! The staff was very helpful and friendly.,2024-08-19,Google,Nakawa,positive,outstanding service staff helpful friendly,42,5
2934,Love shopping here! Always get great deals and quality products.,2024-02-23,WhatsApp,Kampala,positive,love shopping always get great deal quality product,51,8
2935,Average product quality. Meets basic needs adequately. Located in Kampala.,2023-05-17,Facebook,Kampala,neutral,average product quality meet basic need adequately located kampala,66,9
2936,Outstanding quality and service. Will definitely shop here again. Located in Muyenga.,2024-10-11,Google,Nakawa,positive,outstanding quality service definitely shop located muyenga,59,7
2937,Great business with excellent customer care. Very professional. Great store!,2023-09-19,Website,Ntinda,positive,great business excellent customer care professional great store,63,8
2938,Love the product quality. Fast shipping and good packaging.,2023-09-24,Website,Nakawa,positive,love product quality fast shipping good packaging,49,7
2939,Amazing experience! The product arrived on time and in perfect condition. Great customer!,2024-02-21,Instagram,Makindye,positive,amazing experience product arrived time perfect condition great customer,72,9
2940,"Outstanding business! Professional, reliable, and customer-focused. Great delivery!",2024-02-17,Facebook,Kawempe,positive,outstanding business professional reliable great delivery,57,6
2941,Average experience. Product is functional and adequate. Located in Nakawa.,2023-08-25,Website,Bukoto,neutral,average experience product functional adequate located nakawa,61,7
2942,Amazing quality products. Will definitely buy again from this shop. Located in Kololo.,2024-08-26,Google,Central,positive,amazing quality product definitely buy shop located kololo,58,8
2943,Quick response time and excellent customer care. Highly recommended!,2024-12-09,Google,Muyenga,positive,quick response time excellent customer care highly recommended,62,8
2944,Decent service. No major complaints but nothing impressive.,2023-08-13,Facebook,Lubaga,neutral,decent service major complaint nothing impressive,49,6
2945,Slow response time and poor communication from the business. Located in Kampala.,2023-06-09,Google,Makindye,negative,slow response time poor communication business located kampala,62,8
2946,Decent quality products. Price is fair for what you receive.,2024-02-29,Instagram,Bukoto,neutral,decent quality product price fair receive,41,6
2947,Amazing quality products. Will definitely buy again from this shop.,2023-02-11,Facebook,Kololo,positive,amazing quality product definitely buy shop,43,6
2948,Amazing service! The team went above and beyond to help me. Great staff!,2024-01-11,WhatsApp,Muyenga,positive,amazing service team went beyond help great staff,49,8
2949,Fair value for money. Quality is acceptable but not premium.,2023-03-15,Google,Nakawa,neutral,fair value money quality acceptable premium,43,6
2950,Outstanding quality and service. Will definitely shop here again.,2023-02-21,Twitter,Lubaga,positive,outstanding quality service definitely shop,43,5
2951,Amazing quality products. Will definitely buy again from this shop.,2024-08-29,Google,Bukoto,positive,amazing quality product definitely buy shop,43,6
2952,Great business with excellent customer care. Very professional. Located in Kawempe.,2024-08-24,Instagram,Lubaga,positive,great business excellent customer care professional located kawempe,67,8
2953,Product was damaged on arrival. Poor packaging quality. Located in Bukoto.,2023-02-20,Twitter,Lubaga,negative,product damaged arrival poor packaging quality located bukoto,61,8
2954,Standard service. No complaints but nothing exceptional either. Located in Nakawa.,2024-01-22,Facebook,Muyenga,neutral,standard service complaint nothing exceptional either located nakawa,68,8
2955,Great prices and even better service. Highly recommend this business!,2024-11-13,WhatsApp,Muyenga,positive,great price even better service highly recommend business,57,8
2956,Standard delivery. Product works but quality is average. Located in Makindye. Great shop!,2023-09-04,Facebook,Kololo,neutral,standard delivery product work quality average located makindye great shop,74,10
2957,Fair value for money. Quality is acceptable but not premium.,2024-11-23,Website,Bukoto,neutral,fair value money quality acceptable premium,43,6
2958,Amazing service! The team went above and beyond to help me. Located in Ntinda.,2023-02-18,Twitter,Kololo,positive,amazing service team went beyond help located ntinda,52,8
2959,Product works fine. Decent quality for the price paid. Great packaging!,2024-02-23,Instagram,Bukoto,neutral,product work fine decent quality price paid great packaging,59,9
2960,Average experience. Product is functional and adequate.,2024-02-18,Google,Ntinda,neutral,average experience product functional adequate,46,5
2961,Great business with excellent customer care. Very professional. Great store!,2024-05-17,Google,Lubaga,positive,great business excellent customer care professional great store,63,8
2962,Excellent customer support. They responded quickly to my questions.,2023-08-05,Instagram,Makindye,positive,excellent customer support responded quickly question,53,6
2963,Love the product quality. Fast shipping and good packaging. Located in Lubaga. Great product!,2023-07-04,Google,Lubaga,positive,love product quality fast shipping good packaging located lubaga great product,78,11
2964,Product arrived damaged and customer service refused to help.,2023-04-17,Instagram,Central,negative,product arrived damaged customer service refused help,53,7
2965,Standard business service. Acceptable but not exceptional.,2024-02-01,Instagram,Central,neutral,standard business service acceptable exceptional,48,5
2966,Best shop in Kawempe. Quality products and great service.,2023-07-22,Website,Kampala,positive,best shop kawempe quality product great service,47,7
2967,Product is fine. Meets expectations without exceeding them.,2024-02-22,Instagram,Kampala,neutral,product fine meet expectation without exceeding,47,6
2968,Standard service. No complaints but nothing exceptional either.,2023-08-04,Google,Muyenga,neutral,standard service complaint nothing exceptional either,53,6
2969,Amazing quality products. Will definitely buy again from this shop.,2023-11-06,Website,Muyenga,positive,amazing quality product definitely buy shop,43,6
2970,Amazing quality products. Will definitely buy again from this shop.,2024-06-17,Twitter,Kawempe,positive,amazing quality product definitely buy shop,43,6
2971,Outstanding quality and service. Will definitely shop here again.,2023-08-29,Twitter,Central,positive,outstanding quality service definitely shop,43,5
2972,Not satisfied at all. Product quality is below standard.,2023-05-11,WhatsApp,Muyenga,negative,satisfied product quality standard,34,4
2973,Top quality products at reasonable prices. Highly recommended! Great price!,2024-09-04,Twitter,Central,positive,top quality product reasonable price highly recommended great price,67,9
2974,Best customer service I've experienced. Products are top quality.,2023-07-10,Facebook,Lubaga,positive,best customer service experienced product top quality,53,7
2975,Great value for money. Fast delivery and excellent packaging.,2024-11-07,Facebook,Lubaga,positive,great value money fast delivery excellent packaging,51,7
2976,Okay service. Product meets basic requirements.,2023-07-22,Instagram,Ntinda,neutral,okay service product meet basic requirement,43,6
2977,Average quality products. Functional but not impressive.,2023-06-04,Facebook,Kampala,neutral,average quality product functional impressive,45,5
2978,Great prices and even better service. Highly recommend this business! Great staff!,2024-09-09,WhatsApp,Muyenga,positive,great price even better service highly recommend business great staff,69,10
2979,Excellent communication and fast delivery. Highly satisfied! Located in Lubaga.,2024-01-11,Google,Kampala,positive,excellent communication fast delivery highly satisfied located lubaga,69,8
2980,"Fast shipping, good quality, and excellent customer support. Located in Lubaga.",2023-06-11,Google,Kololo,positive,fast shipping good quality excellent customer support located lubaga,68,9
2981,Professional service and high-quality products. Very happy!,2023-06-19,Google,Makindye,positive,professional service product happy,34,4
2982,Amazing quality products. Will definitely buy again from this shop.,2024-01-13,Website,Kawempe,positive,amazing quality product definitely buy shop,43,6
2983,"Fast shipping, good quality, and excellent customer support. Located in Kololo.",2024-06-20,Facebook,Muyenga,positive,fast shipping good quality excellent customer support located kololo,68,9
2984,Okay service. Product meets basic requirements.,2023-02-13,Google,Ntinda,neutral,okay service product meet basic requirement,43,6
2985,Amazing quality products. Will definitely buy again from this shop. Located in Makindye. Great store!,2023-05-12,Instagram,Bukoto,positive,amazing quality product definitely buy shop located makindye great store,72,10
2986,Great experience from start to finish. Will shop here again! Located in Kampala.,2024-11-17,Twitter,Muyenga,positive,great experience start finish shop located kampala,50,7
2987,Best prices in Nakawa area. Great value for money. Located in Kololo.,2024-05-08,Twitter,Lubaga,positive,best price nakawa area great value money located kololo,55,9
2988,Great value for money. Fast delivery and excellent packaging. Located in Kololo. Great support!,2023-08-16,Twitter,Lubaga,positive,great value money fast delivery excellent packaging located kololo great support,80,11
2989,Standard delivery time. Product quality is average.,2023-01-07,WhatsApp,Kawempe,neutral,standard delivery time product quality average,46,6
2990,Okay product quality. Price matches the value received.,2023-02-22,WhatsApp,Bukoto,neutral,okay product quality price match value received,47,7
2991,Delivery was on time. Product is as expected.,2023-12-17,Facebook,Kawempe,neutral,delivery time product expected,30,4
2992,Delivery was delayed multiple times. Very frustrating experience.,2024-01-27,WhatsApp,Bukoto,negative,delivery delayed multiple time frustrating experience,53,6
2993,Great experience overall. Will be a returning customer. Located in Ntinda.,2023-10-29,Instagram,Nakawa,positive,great experience overall returning customer located ntinda,58,7
2994,Average experience. Product is functional and adequate.,2023-06-02,Website,Central,neutral,average experience product functional adequate,46,5
2995,Product works as expected. No major issues or complaints.,2024-01-02,Instagram,Ntinda,neutral,product work expected major issue complaint,43,6
2996,Product was damaged on arrival. Poor packaging quality. Located in Lubaga.,2023-12-09,Instagram,Muyenga,negative,product damaged arrival poor packaging quality located lubaga,61,8
2997,Standard delivery time. Product quality is average. Located in Kampala.,2024-08-27,Facebook,Bukoto,neutral,standard delivery time product quality average located kampala,62,8
2998,Excellent business! Highly professional and reliable. Great purchase!,2024-02-28,Instagram,Nakawa,positive,excellent business highly professional reliable great purchase,62,7
2999,"Fast shipping, good quality, and excellent customer support. Located in Kampala.",2023-03-14,WhatsApp,Kololo,positive,fast shipping good quality excellent customer support located kampala,69,9
3000,Decent quality products. Price is fair for what you receive. Great restaurant!,2024-09-10,Instagram,Lubaga,neutral,decent quality product price fair receive great restaurant,58,8
3001,Professional service and high-quality products. Very happy! Located in Lubaga. Great customer!,2024-06-16,Google,Muyenga,positive,professional service product happy located lubaga great customer,64,8
3002,Great experience from start to finish. Will shop here again! Located in Muyenga. Great product!,2024-09-29,Facebook,Central,positive,great experience start finish shop located muyenga great product,64,9
3003,Love the product quality. Fast shipping and good packaging. Located in Kololo. Great quality!,2024-02-23,Google,Kawempe,positive,love product quality fast shipping good packaging located kololo great quality,78,11
3004,Great prices and even better service. Highly recommend this business!,2024-12-31,Instagram,Makindye,positive,great price even better service highly recommend business,57,8
3005,Excellent business! Highly professional and reliable. Located in Makindye.,2023-10-29,Twitter,Bukoto,positive,excellent business highly professional reliable located makindye,64,7
3006,Best shop in Kawempe. Quality products and great service.,2024-08-06,Google,Kampala,positive,best shop kawempe quality product great service,47,7
3007,Fair value for money. Quality is acceptable but not premium.,2023-11-12,Website,Ntinda,neutral,fair value money quality acceptable premium,43,6
3008,Great business with excellent customer care. Very professional. Located in Muyenga.,2023-07-23,Facebook,Central,positive,great business excellent customer care professional located muyenga,67,8
3009,Great business with excellent customer care. Very professional.,2023-09-06,Twitter,Nakawa,positive,great business excellent customer care professional,51,6
3010,Amazing quality products. Will definitely buy again from this shop.,2023-06-22,Website,Kampala,positive,amazing quality product definitely buy shop,43,6
3011,Great products at affordable prices. Very satisfied with my purchase. Great store!,2024-09-04,WhatsApp,Makindye,positive,great product affordable price satisfied purchase great store,61,8
3012,Fair experience overall. Nothing exceptional but acceptable. Located in Bukoto.,2024-04-17,Twitter,Bukoto,neutral,fair experience overall nothing exceptional acceptable located bukoto,69,8
3013,Best prices in Nakawa area. Great value for money.,2023-02-13,Facebook,Ntinda,positive,best price nakawa area great value money,40,7
3014,Great value for money. Fast delivery and excellent packaging.,2023-11-01,Twitter,Makindye,positive,great value money fast delivery excellent packaging,51,7
3015,"Fast shipping, good quality, and excellent customer support.",2024-08-02,WhatsApp,Kampala,positive,fast shipping good quality excellent customer support,53,7
3016,Amazing experience! The product arrived on time and in perfect condition. Located in Kololo.,2024-05-27,WhatsApp,Makindye,positive,amazing experience product arrived time perfect condition located kololo,72,9
3017,Great service! Very fast delivery in Kampala. Highly recommend! Located in Bukoto. Great price!,2023-10-22,Website,Central,positive,great service fast delivery kampala highly recommend located bukoto great price,79,11
3018,"Outstanding business! Professional, reliable, and customer-focused. Located in Muyenga.",2023-08-18,Facebook,Ntinda,positive,outstanding business professional reliable located muyenga,58,6
3019,Worst shopping experience. Poor quality and terrible service.,2024-07-08,WhatsApp,Bukoto,negative,worst shopping experience poor quality terrible service,55,7
3020,Great prices and even better service. Highly recommend this business! Located in Central.,2023-06-30,Instagram,Muyenga,positive,great price even better service highly recommend business located central,73,10
3021,Okay service. Nothing special but gets the job done.,2023-05-23,Google,Muyenga,neutral,okay service nothing special get job done,41,7
3022,Customer service needs major improvement. Very unprofessional. Located in Kololo.,2023-07-10,WhatsApp,Bukoto,negative,customer service need major improvement unprofessional located kololo,69,8
3023,"Fast shipping, good quality, and excellent customer support.",2023-04-16,Twitter,Kololo,positive,fast shipping good quality excellent customer support,53,7
3024,Great service! Very fast delivery in Kampala. Highly recommend!,2024-07-28,Facebook,Ntinda,positive,great service fast delivery kampala highly recommend,52,7
3025,Love shopping here! Always get great deals and quality products.,2023-07-12,Website,Kampala,positive,love shopping always get great deal quality product,51,8
3026,Product arrived damaged and customer service refused to help.,2024-08-22,Website,Nakawa,negative,product arrived damaged customer service refused help,53,7
3027,Product was different from what was advertised. Misleading description. Great purchase!,2023-05-05,WhatsApp,Central,negative,product different advertised misleading description great purchase,66,7
3028,Great experience from start to finish. Will shop here again! Located in Ntinda.,2024-10-05,Google,Nakawa,positive,great experience start finish shop located ntinda,49,7
3029,Fair experience overall. Nothing exceptional but acceptable.,2023-11-06,Twitter,Muyenga,neutral,fair experience overall nothing exceptional acceptable,54,6
3030,Great prices and even better service. Highly recommend this business! Great product!,2024-10-21,Instagram,Kampala,positive,great price even better service highly recommend business great product,71,10
3031,Top quality products at reasonable prices. Highly recommended!,2023-10-08,Facebook,Kampala,positive,top quality product reasonable price highly recommended,55,7
3032,Great prices and even better service. Highly recommend this business!,2024-02-16,Twitter,Nakawa,positive,great price even better service highly recommend business,57,8
3033,Okay delivery time. Product is functional and usable.,2023-12-05,Instagram,Muyenga,neutral,okay delivery time product functional usable,44,6
3034,Okay service. Product meets basic requirements. Great shop!,2024-02-06,Facebook,Bukoto,neutral,okay service product meet basic requirement great shop,54,8
3035,Poor packaging led to damaged goods. Very unprofessional.,2024-09-03,Facebook,Kawempe,negative,poor packaging led damaged good unprofessional,46,6
3036,Excellent business! Highly professional and reliable.,2023-04-26,Twitter,Ntinda,positive,excellent business highly professional reliable,47,5
3037,Product was damaged on arrival. Poor packaging quality.,2024-10-18,Website,Ntinda,negative,product damaged arrival poor packaging quality,46,6
3038,Professional service and high-quality products. Very happy! Located in Kampala. Great delivery!,2024-01-31,Instagram,Central,positive,professional service product happy located kampala great delivery,65,8
3039,Excellent products and service. Best in the area! Great order!,2024-09-25,Instagram,Bukoto,positive,excellent product service best area great order,47,7
3040,Great products at affordable prices. Very satisfied with my purchase.,2023-01-11,Website,Bukoto,positive,great product affordable price satisfied purchase,49,6
3041,Average quality products. Functional but not impressive.,2023-10-29,Twitter,Ntinda,neutral,average quality product functional impressive,45,5
3042,Customer service was unresponsive. Had to wait days for a reply.,2023-05-10,Instagram,Muyenga,negative,customer service unresponsive wait day reply,44,6
3043,Standard delivery. Product works but quality is average.,2023-05-02,Twitter,Kawempe,neutral,standard delivery product work quality average,46,6
3044,Delivery was delayed multiple times. Very frustrating experience.,2023-08-01,Google,Makindye,negative,delivery delayed multiple time frustrating experience,53,6
3045,Customer service was unresponsive. Had to wait days for a reply. Located in Nakawa.,2023-12-20,Instagram,Nakawa,negative,customer service unresponsive wait day reply located nakawa,59,8
3046,Excellent customer support. They responded quickly to my questions.,2023-07-13,Facebook,Makindye,positive,excellent customer support responded quickly question,53,6
3047,Love the product quality. Fast shipping and good packaging.,2024-11-17,Facebook,Lubaga,positive,love product quality fast shipping good packaging,49,7
3048,Great experience from start to finish. Will shop here again!,2024-12-27,Instagram,Lubaga,positive,great experience start finish shop,34,5
3049,Product was defective but they refused to refund. Bad business.,2023-11-25,Instagram,Muyenga,negative,product defective refused refund bad business,45,6
3050,Product is okay. Nothing special but serves its purpose. Located in Makindye.,2024-12-12,Twitter,Bukoto,neutral,product okay nothing special serf purpose located makindye,58,8
3051,Love the product quality. Fast shipping and good packaging. Located in Lubaga. Great purchase!,2023-05-17,Instagram,Ntinda,positive,love product quality fast shipping good packaging located lubaga great purchase,79,11
3052,Excellent customer support. They responded quickly to my questions.,2024-02-29,Facebook,Lubaga,positive,excellent customer support responded quickly question,53,6
3053,Great service! Very fast delivery in Kampala. Highly recommend! Great price!,2023-02-16,Facebook,Makindye,positive,great service fast delivery kampala highly recommend great price,64,9
3054,Very slow delivery and unresponsive customer support.,2023-03-10,Google,Bukoto,negative,slow delivery unresponsive customer support,43,5
3055,"Fast delivery, good quality, fair prices. What more could you ask for? Great support!",2024-07-19,Twitter,Lubaga,positive,fast delivery good quality fair price could ask great support,61,10
3056,Amazing quality products. Will definitely buy again from this shop. Located in Kololo.,2024-02-18,Instagram,Kololo,positive,amazing quality product definitely buy shop located kololo,58,8
3057,Amazing service! The team went above and beyond to help me. Great product!,2024-04-07,Twitter,Muyenga,positive,amazing service team went beyond help great product,51,8
3058,Great service! Very fast delivery in Kampala. Highly recommend!,2024-10-11,Google,Bukoto,positive,great service fast delivery kampala highly recommend,52,7
3059,Amazing experience! The product arrived on time and in perfect condition.,2024-01-20,Twitter,Muyenga,positive,amazing experience product arrived time perfect condition,57,7
3060,Outstanding quality and service. Will definitely shop here again.,2024-10-24,Google,Kawempe,positive,outstanding quality service definitely shop,43,5
3061,Would not buy from here again. Poor experience overall. Located in Bukoto.,2024-09-16,Google,Central,negative,would buy poor experience overall located bukoto,48,7
3062,Average product quality. Meets basic expectations. Located in Lubaga.,2024-01-18,Google,Lubaga,neutral,average product quality meet basic expectation located lubaga,61,8
3063,Top-notch quality. Exceeded my expectations completely.,2023-02-25,Twitter,Muyenga,positive,quality exceeded expectation completely,39,4
3064,Outstanding service! The staff was very helpful and friendly.,2024-03-08,Instagram,Nakawa,positive,outstanding service staff helpful friendly,42,5
3065,Excellent communication and fast delivery. Highly satisfied! Located in Bukoto.,2023-09-14,Google,Ntinda,positive,excellent communication fast delivery highly satisfied located bukoto,69,8
3066,Best shop in Kawempe. Quality products and great service. Great staff!,2024-06-16,Facebook,Bukoto,positive,best shop kawempe quality product great service great staff,59,9
3067,Best prices in Nakawa area. Great value for money.,2024-03-02,Instagram,Nakawa,positive,best price nakawa area great value money,40,7
3068,Best customer service I've experienced. Products are top quality.,2024-05-04,Facebook,Ntinda,positive,best customer service experienced product top quality,53,7
3069,Fair experience overall. Nothing exceptional but acceptable.,2024-12-19,Twitter,Bukoto,neutral,fair experience overall nothing exceptional acceptable,54,6
3070,Outstanding service! The staff was very helpful and friendly. Located in Kampala.,2023-03-21,Google,Lubaga,positive,outstanding service staff helpful friendly located kampala,58,7
3071,Excellent customer support. They responded quickly to my questions.,2023-07-27,Facebook,Ntinda,positive,excellent customer support responded quickly question,53,6
3072,Great prices and even better service. Highly recommend this business!,2024-10-10,Website,Central,positive,great price even better service highly recommend business,57,8
3073,Excellent products and service. Best in the area!,2023-12-31,Twitter,Muyenga,positive,excellent product service best area,35,5
3074,Best customer service I've experienced. Products are top quality. Located in Lubaga.,2024-12-09,Google,Ntinda,positive,best customer service experienced product top quality located lubaga,68,9
3075,Love shopping here! Always get great deals and quality products. Located in Lubaga.,2023-11-23,Twitter,Kawempe,positive,love shopping always get great deal quality product located lubaga,66,10
3076,Poor value for money. Better options available elsewhere. Located in Ntinda.,2024-03-03,Google,Kawempe,negative,poor value money better option available elsewhere located ntinda,65,9
3077,Customer service needs major improvement. Very unprofessional. Located in Kampala.,2024-06-17,Instagram,Muyenga,negative,customer service need major improvement unprofessional located kampala,70,8
3078,Okay delivery time. Product is functional and usable. Great business!,2024-06-03,Google,Ntinda,neutral,okay delivery time product functional usable great business,59,8
3079,Okay product quality. Price matches the value received.,2023-03-22,Instagram,Kawempe,neutral,okay product quality price match value received,47,7
3080,Great experience from start to finish. Will shop here again!,2023-11-27,Website,Ntinda,positive,great experience start finish shop,34,5
3081,Very satisfied with my purchase. Great quality and fast delivery. Located in Makindye. Great shop!,2023-12-05,WhatsApp,Lubaga,positive,satisfied purchase great quality fast delivery located makindye great shop,74,10
3082,Great experience from start to finish. Will shop here again!,2024-09-10,Google,Muyenga,positive,great experience start finish shop,34,5
3083,Not satisfied at all. Product quality is below standard. Located in Nakawa.,2023-09-23,Website,Nakawa,negative,satisfied product quality standard located nakawa,49,6
3084,Product is fine. Meets expectations without exceeding them. Located in Kawempe.,2023-12-18,Google,Central,neutral,product fine meet expectation without exceeding located kawempe,63,8
3085,Product quality was disappointing. Not as described on the website.,2024-02-27,Instagram,Kawempe,negative,product quality disappointing described website,47,5
3086,Product is functional. Does what it's supposed to do.,2023-05-24,Twitter,Bukoto,neutral,product functional supposed,27,3
3087,Fair prices and acceptable quality. Nothing outstanding.,2024-12-01,Twitter,Central,neutral,fair price acceptable quality nothing outstanding,49,6
3088,Great experience from start to finish. Will shop here again!,2023-12-18,WhatsApp,Central,positive,great experience start finish shop,34,5
3089,Product was defective but they refused to refund. Bad business. Located in Nakawa.,2023-05-30,WhatsApp,Muyenga,negative,product defective refused refund bad business located nakawa,60,8
3090,Best shop in Kawempe. Quality products and great service. Located in Kawempe.,2024-11-06,Google,Lubaga,positive,best shop kawempe quality product great service located kawempe,63,9
3091,Decent value. Product works as expected. Located in Central.,2024-07-23,WhatsApp,Bukoto,neutral,decent value product work expected located central,50,7
3092,Excellent business! Highly professional and reliable.,2023-07-19,Twitter,Kawempe,positive,excellent business highly professional reliable,47,5
3093,Amazing service! The team went above and beyond to help me. Great product!,2024-08-13,WhatsApp,Makindye,positive,amazing service team went beyond help great product,51,8
3094,Love shopping here! Always get great deals and quality products. Located in Bukoto.,2024-06-16,Instagram,Bukoto,positive,love shopping always get great deal quality product located bukoto,66,10
3095,Overpriced compared to other shops in Nakawa area.,2024-12-06,Google,Ntinda,negative,overpriced compared shop nakawa area,36,5
3096,Great experience from start to finish. Will shop here again!,2024-11-04,Instagram,Kawempe,positive,great experience start finish shop,34,5
3097,Excellent communication and fast delivery. Highly satisfied! Located in Ntinda.,2023-11-19,Twitter,Makindye,positive,excellent communication fast delivery highly satisfied located ntinda,69,8
3098,Best customer service I've experienced. Products are top quality.,2023-11-28,Website,Nakawa,positive,best customer service experienced product top quality,53,7
3099,Best customer service I've experienced. Products are top quality. Located in Bukoto. Great product!,2024-10-24,Twitter,Ntinda,positive,best customer service experienced product top quality located bukoto great product,82,11
3100,Delivery was delayed multiple times. Very frustrating experience. Great purchase!,2023-10-28,Facebook,Kampala,negative,delivery delayed multiple time frustrating experience great purchase,68,8
3101,Great experience overall. Will be a returning customer. Great service!,2024-04-08,WhatsApp,Makindye,positive,great experience overall returning customer great service,57,7
3102,Excellent customer support. They responded quickly to my questions. Located in Central.,2023-12-02,Google,Lubaga,positive,excellent customer support responded quickly question located central,69,8
3103,Best shop in Kawempe. Quality products and great service.,2023-10-04,Facebook,Lubaga,positive,best shop kawempe quality product great service,47,7
3104,Outstanding quality and service. Will definitely shop here again.,2023-06-28,Twitter,Makindye,positive,outstanding quality service definitely shop,43,5
3105,Poor value for money. Better options available elsewhere.,2023-11-28,Twitter,Kololo,negative,poor value money better option available elsewhere,50,7
3106,"Outstanding business! Professional, reliable, and customer-focused.",2023-02-18,WhatsApp,Makindye,positive,outstanding business professional reliable,42,4
3107,Best shop in Kawempe. Quality products and great service.,2024-04-24,Website,Lubaga,positive,best shop kawempe quality product great service,47,7
3108,Okay service. Product meets basic requirements.,2023-02-03,Instagram,Kawempe,neutral,okay service product meet basic requirement,43,6
3109,Worst shopping experience. Poor quality and terrible service.,2024-07-18,Google,Kololo,negative,worst shopping experience poor quality terrible service,55,7
3110,Best customer service I've experienced. Products are top quality. Great shipping!,2023-12-12,WhatsApp,Lubaga,positive,best customer service experienced product top quality great shipping,68,9
3111,Outstanding quality and service. Will definitely shop here again.,2023-07-02,Twitter,Kawempe,positive,outstanding quality service definitely shop,43,5
3112,Average experience. Product is functional and adequate. Located in Bukoto.,2023-02-09,Twitter,Bukoto,neutral,average experience product functional adequate located bukoto,61,7
3113,Okay service. Product meets basic requirements. Located in Kawempe.,2024-07-12,Instagram,Kampala,neutral,okay service product meet basic requirement located kawempe,59,8
3114,Excellent business! Highly professional and reliable. Great support!,2023-02-24,Facebook,Central,positive,excellent business highly professional reliable great support,61,7
3115,Outstanding service! The staff was very helpful and friendly.,2024-05-06,Twitter,Muyenga,positive,outstanding service staff helpful friendly,42,5
3116,Best prices in Nakawa area. Great value for money.,2024-05-11,Instagram,Muyenga,positive,best price nakawa area great value money,40,7
3117,Top quality products at reasonable prices. Highly recommended! Located in Makindye.,2023-09-02,Website,Muyenga,positive,top quality product reasonable price highly recommended located makindye,72,9
3118,Top-notch quality. Exceeded my expectations completely.,2023-10-23,Facebook,Kololo,positive,quality exceeded expectation completely,39,4
3119,Product didn't work as expected. Waste of money.,2023-05-16,WhatsApp,Kawempe,negative,product work expected waste money,33,5
3120,Excellent business! Highly professional and reliable. Located in Lubaga.,2024-01-14,WhatsApp,Muyenga,positive,excellent business highly professional reliable located lubaga,62,7
3121,Great service! Very fast delivery in Kampala. Highly recommend! Located in Ntinda.,2024-02-08,Website,Kawempe,positive,great service fast delivery kampala highly recommend located ntinda,67,9
3122,Product is fine. Meets expectations without exceeding them. Located in Nakawa.,2023-05-05,Website,Nakawa,neutral,product fine meet expectation without exceeding located nakawa,62,8
3123,Product was different from what was advertised. Misleading description. Located in Lubaga.,2024-10-28,Twitter,Bukoto,negative,product different advertised misleading description located lubaga,66,7
3124,Very satisfied with my purchase. Great quality and fast delivery.,2023-01-27,Website,Lubaga,positive,satisfied purchase great quality fast delivery,46,6
3125,Delivery was on time. Product is as expected.,2023-04-09,WhatsApp,Nakawa,neutral,delivery time product expected,30,4
3126,Great service! Very fast delivery in Kampala. Highly recommend!,2024-05-18,Instagram,Central,positive,great service fast delivery kampala highly recommend,52,7
3127,Fair experience overall. Nothing exceptional but acceptable. Great service!,2023-08-15,WhatsApp,Ntinda,neutral,fair experience overall nothing exceptional acceptable great service,68,8
3128,Very disappointed. Product quality is poor and service is worse.,2023-02-23,Google,Kololo,negative,disappointed product quality poor service worse,47,6
3129,Great value for money. Fast delivery and excellent packaging.,2024-11-01,Instagram,Lubaga,positive,great value money fast delivery excellent packaging,51,7
3130,Quick response time and excellent customer care. Highly recommended! Located in Bukoto.,2024-11-16,Instagram,Kawempe,positive,quick response time excellent customer care highly recommended located bukoto,77,10
3131,Excellent customer support. They responded quickly to my questions.,2023-02-27,Google,Muyenga,positive,excellent customer support responded quickly question,53,6
3132,"Fast shipping, good quality, and excellent customer support.",2024-10-31,WhatsApp,Kololo,positive,fast shipping good quality excellent customer support,53,7
3133,Standard delivery. Product works but quality is average.,2023-08-14,WhatsApp,Bukoto,neutral,standard delivery product work quality average,46,6
3134,"Fast delivery, good quality, fair prices. What more could you ask for? Located in Lubaga. Great service!",2024-03-11,Google,Muyenga,positive,fast delivery good quality fair price could ask located lubaga great service,76,12
3135,Standard service. No complaints but nothing exceptional either.,2024-12-01,Google,Nakawa,neutral,standard service complaint nothing exceptional either,53,6
3136,Quick response time and excellent customer care. Highly recommended!,2024-08-02,Instagram,Kampala,positive,quick response time excellent customer care highly recommended,62,8
3137,Customer service is terrible. No one responds to complaints.,2023-11-08,WhatsApp,Kololo,negative,customer service terrible one responds complaint,48,6
3138,Very disappointed. Product quality is poor and service is worse.,2023-08-22,Facebook,Nakawa,negative,disappointed product quality poor service worse,47,6
3139,Love the product quality. Fast shipping and good packaging. Located in Kawempe.,2023-02-03,WhatsApp,Muyenga,positive,love product quality fast shipping good packaging located kawempe,65,9
3140,"Outstanding business! Professional, reliable, and customer-focused.",2024-07-30,Google,Kawempe,positive,outstanding business professional reliable,42,4
3141,Amazing experience! The product arrived on time and in perfect condition.,2024-03-08,WhatsApp,Kawempe,positive,amazing experience product arrived time perfect condition,57,7
3142,Top quality products at reasonable prices. Highly recommended!,2024-03-14,Facebook,Kampala,positive,top quality product reasonable price highly recommended,55,7
3143,Decent quality products. Price is fair for what you receive.,2023-11-26,Twitter,Muyenga,neutral,decent quality product price fair receive,41,6
3144,Top quality products at reasonable prices. Highly recommended! Located in Muyenga.,2024-09-13,WhatsApp,Lubaga,positive,top quality product reasonable price highly recommended located muyenga,71,9
3145,Quick response time and excellent customer care. Highly recommended!,2023-09-27,WhatsApp,Kampala,positive,quick response time excellent customer care highly recommended,62,8
3146,"Fast delivery, good quality, fair prices. What more could you ask for? Located in Lubaga.",2024-02-14,Google,Kololo,positive,fast delivery good quality fair price could ask located lubaga,62,10
3147,Decent service. No major complaints but nothing impressive. Located in Bukoto. Great customer!,2023-12-10,WhatsApp,Makindye,neutral,decent service major complaint nothing impressive located bukoto great customer,79,10
3148,Excellent business! Highly professional and reliable. Located in Kampala.,2023-11-13,Google,Kawempe,positive,excellent business highly professional reliable located kampala,63,7
3149,Top quality products at reasonable prices. Highly recommended! Located in Central.,2023-05-26,Twitter,Ntinda,positive,top quality product reasonable price highly recommended located central,71,9
3150,Delivery issues. Package arrived late and damaged. Located in Central.,2024-03-17,Website,Muyenga,negative,delivery issue package arrived late damaged located central,59,8
3151,Love the product quality. Fast shipping and good packaging.,2023-08-14,Website,Lubaga,positive,love product quality fast shipping good packaging,49,7
3152,Product is fine. Meets expectations without exceeding them.,2023-03-18,Instagram,Central,neutral,product fine meet expectation without exceeding,47,6
3153,Best customer service I've experienced. Products are top quality.,2024-07-01,Instagram,Kawempe,positive,best customer service experienced product top quality,53,7
3154,Top quality products at reasonable prices. Highly recommended! Located in Ntinda.,2023-08-01,Website,Kampala,positive,top quality product reasonable price highly recommended located ntinda,70,9
3155,Outstanding service! The staff was very helpful and friendly.,2024-07-31,Instagram,Bukoto,positive,outstanding service staff helpful friendly,42,5
3156,Outstanding service! The staff was very helpful and friendly. Great support!,2023-07-06,Website,Muyenga,positive,outstanding service staff helpful friendly great support,56,7
3157,Product didn't work as expected. Waste of money. Great business!,2023-07-24,Facebook,Central,negative,product work expected waste money great business,48,7
3158,Professional service and high-quality products. Very happy! Located in Kampala. Great quality!,2024-09-11,Facebook,Muyenga,positive,professional service product happy located kampala great quality,64,8
3159,Very slow delivery. Took over a week to arrive in Kampala.,2023-01-30,Google,Bukoto,negative,slow delivery took week arrive kampala,38,6
3160,Standard experience. Product does what it needs to do.,2024-07-20,Facebook,Makindye,neutral,standard experience product need,32,4
3161,Amazing service! The team went above and beyond to help me.,2023-12-10,WhatsApp,Bukoto,positive,amazing service team went beyond help,37,6
3162,Average quality products. Functional but not impressive. Located in Bukoto.,2023-12-15,WhatsApp,Makindye,neutral,average quality product functional impressive located bukoto,60,7
3163,"Outstanding business! Professional, reliable, and customer-focused.",2024-10-17,Twitter,Ntinda,positive,outstanding business professional reliable,42,4
3164,Decent value. Product works as expected.,2024-04-16,Instagram,Makindye,neutral,decent value product work expected,34,5
3165,Great prices and even better service. Highly recommend this business! Located in Nakawa.,2023-12-19,Website,Ntinda,positive,great price even better service highly recommend business located nakawa,72,10
3166,"Fast shipping, good quality, and excellent customer support.",2024-09-02,Website,Ntinda,positive,fast shipping good quality excellent customer support,53,7
3167,Professional service and high-quality products. Very happy!,2024-03-07,Google,Kololo,positive,professional service product happy,34,4
3168,Excellent communication and fast delivery. Highly satisfied!,2023-04-17,Website,Kololo,positive,excellent communication fast delivery highly satisfied,54,6
3169,Excellent business! Highly professional and reliable.,2024-02-16,Twitter,Ntinda,positive,excellent business highly professional reliable,47,5
3170,Great products at affordable prices. Very satisfied with my purchase.,2024-04-12,Twitter,Muyenga,positive,great product affordable price satisfied purchase,49,6
3171,Poor packaging led to damaged goods. Very unprofessional. Located in Central.,2024-10-01,Facebook,Makindye,negative,poor packaging led damaged good unprofessional located central,62,8
3172,"Outstanding business! Professional, reliable, and customer-focused.",2024-11-14,Facebook,Kampala,positive,outstanding business professional reliable,42,4
3173,Average quality products. Functional but not impressive.,2023-10-05,Facebook,Kawempe,neutral,average quality product functional impressive,45,5
3174,Great products at affordable prices. Very satisfied with my purchase. Located in Kampala.,2024-07-29,Twitter,Kololo,positive,great product affordable price satisfied purchase located kampala,65,8
3175,Best shop in Kawempe. Quality products and great service. Great support!,2023-10-17,Facebook,Makindye,positive,best shop kawempe quality product great service great support,61,9
3176,Best prices in Nakawa area. Great value for money.,2023-01-25,Website,Makindye,positive,best price nakawa area great value money,40,7
3177,Quick response time and excellent customer care. Highly recommended!,2024-08-31,WhatsApp,Kampala,positive,quick response time excellent customer care highly recommended,62,8
3178,Very disappointed with the quality. Not worth the money paid.,2023-09-01,Facebook,Ntinda,negative,disappointed quality worth money paid,37,5
3179,Great experience overall. Will be a returning customer.,2023-11-08,Google,Nakawa,positive,great experience overall returning customer,43,5
3180,Standard business service. Acceptable but not exceptional.,2023-11-09,Instagram,Muyenga,neutral,standard business service acceptable exceptional,48,5
3181,Outstanding service! The staff was very helpful and friendly.,2023-06-21,Instagram,Bukoto,positive,outstanding service staff helpful friendly,42,5
3182,Excellent communication and fast delivery. Highly satisfied! Located in Lubaga.,2023-07-09,WhatsApp,Kololo,positive,excellent communication fast delivery highly satisfied located lubaga,69,8
3183,Amazing service! The team went above and beyond to help me. Located in Lubaga.,2024-06-14,Website,Ntinda,positive,amazing service team went beyond help located lubaga,52,8
3184,Product arrived damaged and customer service refused to help. Great staff!,2023-05-31,Instagram,Muyenga,negative,product arrived damaged customer service refused help great staff,65,9
3185,Excellent communication and fast delivery. Highly satisfied!,2024-03-28,Twitter,Ntinda,positive,excellent communication fast delivery highly satisfied,54,6
3186,Great products at affordable prices. Very satisfied with my purchase.,2024-03-20,Twitter,Kampala,positive,great product affordable price satisfied purchase,49,6
3187,Great products at affordable prices. Very satisfied with my purchase.,2024-06-02,Instagram,Kololo,positive,great product affordable price satisfied purchase,49,6
3188,Quick response time and excellent customer care. Highly recommended! Located in Kololo.,2024-02-02,Website,Lubaga,positive,quick response time excellent customer care highly recommended located kololo,77,10
3189,Fair value for money. Quality is acceptable but not premium. Located in Lubaga.,2024-07-19,Website,Lubaga,neutral,fair value money quality acceptable premium located lubaga,58,8
3190,Love shopping here! Always get great deals and quality products. Located in Kawempe.,2024-01-14,Website,Lubaga,positive,love shopping always get great deal quality product located kawempe,67,10
3191,Best prices in Nakawa area. Great value for money. Great packaging!,2023-03-14,WhatsApp,Ntinda,positive,best price nakawa area great value money great packaging,56,9
3192,Great business with excellent customer care. Very professional.,2024-09-14,WhatsApp,Makindye,positive,great business excellent customer care professional,51,6
3193,Amazing quality products. Will definitely buy again from this shop. Great shop!,2023-09-08,WhatsApp,Bukoto,positive,amazing quality product definitely buy shop great shop,54,8
3194,Excellent products and service. Best in the area!,2024-06-12,Google,Nakawa,positive,excellent product service best area,35,5
3195,Product didn't work as expected. Waste of money.,2023-12-31,Instagram,Kampala,negative,product work expected waste money,33,5
3196,Top quality products at reasonable prices. Highly recommended!,2024-04-04,Twitter,Bukoto,positive,top quality product reasonable price highly recommended,55,7
3197,Outstanding quality and service. Will definitely shop here again.,2024-06-04,Website,Kololo,positive,outstanding quality service definitely shop,43,5
3198,Very satisfied with my purchase. Great quality and fast delivery.,2023-04-12,Instagram,Kololo,positive,satisfied purchase great quality fast delivery,46,6
3199,Amazing experience! The product arrived on time and in perfect condition. Located in Muyenga.,2024-02-24,WhatsApp,Ntinda,positive,amazing experience product arrived time perfect condition located muyenga,73,9
3200,Great prices and even better service. Highly recommend this business!,2023-09-22,Instagram,Nakawa,positive,great price even better service highly recommend business,57,8
3201,"Fast shipping, good quality, and excellent customer support. Located in Nakawa.",2024-01-16,Facebook,Lubaga,positive,fast shipping good quality excellent customer support located nakawa,68,9
3202,Average product quality. Meets basic needs adequately. Located in Kololo. Great packaging!,2024-04-05,Facebook,Muyenga,neutral,average product quality meet basic need adequately located kololo great packaging,81,11
3203,Excellent customer support. They responded quickly to my questions.,2024-03-11,Google,Bukoto,positive,excellent customer support responded quickly question,53,6
3204,"Fast delivery, good quality, fair prices. What more could you ask for?",2023-02-11,Facebook,Kampala,positive,fast delivery good quality fair price could ask,47,8
3205,Decent quality products. Price is fair for what you receive.,2024-10-05,Google,Bukoto,neutral,decent quality product price fair receive,41,6
3206,Product was defective but they refused to refund. Bad business.,2023-01-06,Website,Kawempe,negative,product defective refused refund bad business,45,6
3207,Worst shopping experience. Poor quality and terrible service. Great restaurant!,2023-04-25,Website,Muyenga,negative,worst shopping experience poor quality terrible service great restaurant,72,9
3208,Excellent communication and fast delivery. Highly satisfied!,2024-01-21,Facebook,Nakawa,positive,excellent communication fast delivery highly satisfied,54,6
3209,Excellent business! Highly professional and reliable.,2023-12-16,Google,Bukoto,positive,excellent business highly professional reliable,47,5
3210,Great products at affordable prices. Very satisfied with my purchase.,2024-01-14,Twitter,Makindye,positive,great product affordable price satisfied purchase,49,6
3211,Best customer service I've experienced. Products are top quality.,2024-05-05,WhatsApp,Ntinda,positive,best customer service experienced product top quality,53,7
3212,Professional service and high-quality products. Very happy!,2023-03-02,Instagram,Nakawa,positive,professional service product happy,34,4
3213,Love shopping here! Always get great deals and quality products.,2023-09-18,Facebook,Makindye,positive,love shopping always get great deal quality product,51,8
3214,Best customer service I've experienced. Products are top quality.,2023-04-30,Instagram,Muyenga,positive,best customer service experienced product top quality,53,7
3215,"Fast delivery, good quality, fair prices. What more could you ask for?",2024-09-21,Google,Central,positive,fast delivery good quality fair price could ask,47,8
3216,Excellent business! Highly professional and reliable.,2024-12-28,Instagram,Kampala,positive,excellent business highly professional reliable,47,5
3217,Best prices in Nakawa area. Great value for money. Located in Kawempe.,2024-02-24,Website,Kawempe,positive,best price nakawa area great value money located kawempe,56,9
3218,Professional service and high-quality products. Very happy!,2023-08-19,Twitter,Ntinda,positive,professional service product happy,34,4
3219,Okay experience. Nothing to complain about but not impressed either. Located in Nakawa.,2023-12-27,Google,Makindye,neutral,okay experience nothing complain impressed either located nakawa,64,8
3220,Okay experience. Nothing to complain about but not impressed either. Located in Ntinda. Great customer!,2023-07-10,Website,Muyenga,neutral,okay experience nothing complain impressed either located ntinda great customer,79,10
3221,Standard delivery. Product works but quality is average. Great packaging!,2024-07-01,Instagram,Central,neutral,standard delivery product work quality average great packaging,62,8
3222,Customer service needs major improvement. Very unprofessional. Located in Ntinda.,2023-03-18,Website,Lubaga,negative,customer service need major improvement unprofessional located ntinda,69,8
3223,Very slow delivery and unresponsive customer support. Located in Kawempe.,2024-07-29,Google,Bukoto,negative,slow delivery unresponsive customer support located kawempe,59,7
3224,Decent value. Product works as expected.,2024-03-24,Facebook,Lubaga,neutral,decent value product work expected,34,5
3225,Not satisfied at all. Product quality is below standard. Located in Ntinda. Great delivery!,2023-04-27,Website,Nakawa,negative,satisfied product quality standard located ntinda great delivery,64,8
3226,"Fast shipping, good quality, and excellent customer support. Located in Kawempe.",2023-03-31,Facebook,Kawempe,positive,fast shipping good quality excellent customer support located kawempe,69,9
3227,Poor packaging led to damaged goods. Very unprofessional.,2023-11-17,WhatsApp,Kololo,negative,poor packaging led damaged good unprofessional,46,6
3228,Excellent customer support. They responded quickly to my questions. Located in Ntinda.,2023-06-24,WhatsApp,Makindye,positive,excellent customer support responded quickly question located ntinda,68,8
3229,Amazing service! The team went above and beyond to help me.,2023-02-28,Google,Bukoto,positive,amazing service team went beyond help,37,6
3230,Product works fine. Decent quality for the price paid.,2023-01-11,Instagram,Kawempe,neutral,product work fine decent quality price paid,43,7
3231,Amazing quality products. Will definitely buy again from this shop.,2024-10-26,Website,Central,positive,amazing quality product definitely buy shop,43,6
3232,Outstanding service! The staff was very helpful and friendly. Located in Lubaga. Great delivery!,2024-05-21,WhatsApp,Central,positive,outstanding service staff helpful friendly located lubaga great delivery,72,9
3233,Delivery was delayed multiple times. Very frustrating experience.,2023-11-15,Twitter,Muyenga,negative,delivery delayed multiple time frustrating experience,53,6
3234,Great service! Very fast delivery in Kampala. Highly recommend!,2023-04-19,Twitter,Makindye,positive,great service fast delivery kampala highly recommend,52,7
3235,Best customer service I've experienced. Products are top quality.,2024-08-09,Facebook,Bukoto,positive,best customer service experienced product top quality,53,7
3236,Amazing quality products. Will definitely buy again from this shop.,2024-05-30,Website,Central,positive,amazing quality product definitely buy shop,43,6
3237,Amazing quality products. Will definitely buy again from this shop. Great store!,2023-03-27,Instagram,Ntinda,positive,amazing quality product definitely buy shop great store,55,8
3238,Not satisfied at all. Product quality is below standard.,2024-09-08,WhatsApp,Central,negative,satisfied product quality standard,34,4
3239,Not satisfied with the product. Quality is below expectations.,2024-12-09,Instagram,Makindye,negative,satisfied product quality expectation,37,4
3240,Love the product quality. Fast shipping and good packaging. Located in Makindye. Great order!,2023-09-23,Instagram,Kawempe,positive,love product quality fast shipping good packaging located makindye great order,78,11
3241,Average quality. Nothing special but nothing wrong either.,2024-01-04,Instagram,Bukoto,neutral,average quality nothing special nothing wrong either,52,7
3242,Amazing service! The team went above and beyond to help me.,2024-09-24,Google,Ntinda,positive,amazing service team went beyond help,37,6
3243,Amazing quality products. Will definitely buy again from this shop.,2024-03-15,Twitter,Ntinda,positive,amazing quality product definitely buy shop,43,6
3244,Excellent communication and fast delivery. Highly satisfied!,2023-03-14,Twitter,Bukoto,positive,excellent communication fast delivery highly satisfied,54,6
3245,Very satisfied with my purchase. Great quality and fast delivery. Located in Kololo.,2024-10-07,Twitter,Kampala,positive,satisfied purchase great quality fast delivery located kololo,61,8
3246,Okay service. Nothing special but gets the job done. Great shop!,2024-10-26,Website,Muyenga,neutral,okay service nothing special get job done great shop,52,9
3247,Very satisfied with my purchase. Great quality and fast delivery.,2023-05-06,Google,Muyenga,positive,satisfied purchase great quality fast delivery,46,6
3248,Slow response time and poor communication from the business. Located in Kampala.,2023-10-04,Twitter,Kololo,negative,slow response time poor communication business located kampala,62,8
3249,Top-notch quality. Exceeded my expectations completely. Located in Lubaga. Great product!,2023-11-01,Facebook,Ntinda,positive,quality exceeded expectation completely located lubaga great product,68,8
3250,Professional service and high-quality products. Very happy!,2024-06-29,WhatsApp,Makindye,positive,professional service product happy,34,4
3251,Great experience overall. Will be a returning customer.,2023-11-21,Instagram,Muyenga,positive,great experience overall returning customer,43,5
3252,Amazing quality products. Will definitely buy again from this shop.,2024-06-12,Instagram,Ntinda,positive,amazing quality product definitely buy shop,43,6
3253,Excellent customer support. They responded quickly to my questions. Located in Makindye.,2024-08-19,Facebook,Lubaga,positive,excellent customer support responded quickly question located makindye,70,8
3254,Top-notch quality. Exceeded my expectations completely. Located in Muyenga. Great support!,2023-01-03,Website,Ntinda,positive,quality exceeded expectation completely located muyenga great support,69,8
3255,Excellent products and service. Best in the area!,2024-02-08,Instagram,Bukoto,positive,excellent product service best area,35,5
3256,Delivery issues. Package arrived late and damaged. Great customer!,2023-11-03,Google,Lubaga,negative,delivery issue package arrived late damaged great customer,58,8
3257,Customer service was unresponsive. Had to wait days for a reply.,2024-07-27,Facebook,Central,negative,customer service unresponsive wait day reply,44,6
3258,Best shopping experience! Quality products and great prices. Great business!,2024-10-16,Instagram,Bukoto,positive,best shopping experience quality product great price great business,67,9
3259,Amazing experience! The product arrived on time and in perfect condition.,2024-03-14,WhatsApp,Kawempe,positive,amazing experience product arrived time perfect condition,57,7
3260,Great business with excellent customer care. Very professional. Located in Kawempe. Great store!,2023-12-08,WhatsApp,Makindye,positive,great business excellent customer care professional located kawempe great store,79,10
3261,Fair experience overall. Nothing exceptional but acceptable.,2024-09-09,Instagram,Nakawa,neutral,fair experience overall nothing exceptional acceptable,54,6
3262,Quick response time and excellent customer care. Highly recommended!,2024-10-23,Twitter,Muyenga,positive,quick response time excellent customer care highly recommended,62,8
3263,Great prices and even better service. Highly recommend this business!,2023-11-04,Twitter,Kawempe,positive,great price even better service highly recommend business,57,8
3264,Top-notch quality. Exceeded my expectations completely. Located in Bukoto. Great packaging!,2023-06-29,WhatsApp,Makindye,positive,quality exceeded expectation completely located bukoto great packaging,70,8
3265,Outstanding quality and service. Will definitely shop here again. Located in Kololo.,2024-02-10,Website,Central,positive,outstanding quality service definitely shop located kololo,58,7
3266,Great business with excellent customer care. Very professional. Great price!,2023-10-07,Website,Ntinda,positive,great business excellent customer care professional great price,63,8
3267,Quick response time and excellent customer care. Highly recommended!,2024-10-21,Google,Kawempe,positive,quick response time excellent customer care highly recommended,62,8
3268,Average quality products. Functional but not impressive. Located in Nakawa.,2023-03-08,Website,Ntinda,neutral,average quality product functional impressive located nakawa,60,7
3269,Love shopping here! Always get great deals and quality products. Located in Nakawa.,2024-04-05,WhatsApp,Kawempe,positive,love shopping always get great deal quality product located nakawa,66,10
3270,Very satisfied with my purchase. Great quality and fast delivery. Located in Nakawa.,2023-10-31,Instagram,Kampala,positive,satisfied purchase great quality fast delivery located nakawa,61,8
3271,"Fast delivery, good quality, fair prices. What more could you ask for?",2023-08-10,Google,Nakawa,positive,fast delivery good quality fair price could ask,47,8
3272,Outstanding service! The staff was very helpful and friendly.,2024-07-08,Website,Ntinda,positive,outstanding service staff helpful friendly,42,5
3273,Amazing quality products. Will definitely buy again from this shop. Great shop!,2024-12-08,Twitter,Kampala,positive,amazing quality product definitely buy shop great shop,54,8
3274,Product was damaged on arrival. Poor packaging quality. Located in Kololo. Great delivery!,2023-01-30,Instagram,Muyenga,negative,product damaged arrival poor packaging quality located kololo great delivery,76,10
3275,Great experience from start to finish. Will shop here again!,2024-02-27,WhatsApp,Ntinda,positive,great experience start finish shop,34,5
3276,Excellent communication and fast delivery. Highly satisfied!,2024-07-13,WhatsApp,Kawempe,positive,excellent communication fast delivery highly satisfied,54,6
3277,Love the product quality. Fast shipping and good packaging. Great delivery!,2024-05-01,Instagram,Makindye,positive,love product quality fast shipping good packaging great delivery,64,9
3278,Professional service and high-quality products. Very happy!,2024-02-17,Instagram,Kololo,positive,professional service product happy,34,4
3279,Excellent products and service. Best in the area!,2023-12-09,Website,Makindye,positive,excellent product service best area,35,5
3280,Okay experience. Nothing to complain about but not impressed either.,2023-11-25,Website,Nakawa,neutral,okay experience nothing complain impressed either,49,6
3281,Not satisfied at all. Product quality is below standard.,2024-07-05,Instagram,Muyenga,negative,satisfied product quality standard,34,4
3282,Love shopping here! Always get great deals and quality products.,2023-03-27,Twitter,Muyenga,positive,love shopping always get great deal quality product,51,8
3283,Standard delivery time. Product quality is average.,2024-06-22,WhatsApp,Nakawa,neutral,standard delivery time product quality average,46,6
3284,Excellent communication and fast delivery. Highly satisfied! Located in Central.,2024-07-31,Google,Kololo,positive,excellent communication fast delivery highly satisfied located central,70,8
3285,Product quality was disappointing. Not as described on the website.,2023-02-10,Facebook,Lubaga,negative,product quality disappointing described website,47,5
3286,Best shopping experience! Quality products and great prices. Located in Ntinda.,2024-02-16,Facebook,Nakawa,positive,best shopping experience quality product great price located ntinda,67,9
3287,Average quality. Nothing special but nothing wrong either. Located in Lubaga. Great order!,2023-08-01,Google,Nakawa,neutral,average quality nothing special nothing wrong either located lubaga great order,79,11
3288,Standard service. No complaints but nothing exceptional either.,2023-09-28,Website,Muyenga,neutral,standard service complaint nothing exceptional either,53,6
3289,Love shopping here! Always get great deals and quality products. Located in Nakawa.,2024-07-10,Website,Kampala,positive,love shopping always get great deal quality product located nakawa,66,10
3290,"Outstanding business! Professional, reliable, and customer-focused. Located in Central.",2024-08-24,Twitter,Bukoto,positive,outstanding business professional reliable located central,58,6
3291,Best customer service I've experienced. Products are top quality.,2023-12-20,Website,Central,positive,best customer service experienced product top quality,53,7
3292,Great service! Very fast delivery in Kampala. Highly recommend!,2023-04-05,WhatsApp,Kololo,positive,great service fast delivery kampala highly recommend,52,7
3293,Very slow delivery and unresponsive customer support.,2024-07-21,Instagram,Makindye,negative,slow delivery unresponsive customer support,43,5
3294,Fair prices and acceptable quality. Nothing outstanding.,2024-10-28,WhatsApp,Central,neutral,fair price acceptable quality nothing outstanding,49,6
3295,Great experience overall. Will be a returning customer.,2024-08-01,Twitter,Nakawa,positive,great experience overall returning customer,43,5
3296,Product arrived damaged and customer service refused to help.,2024-06-11,Instagram,Kololo,negative,product arrived damaged customer service refused help,53,7
3297,Top quality products at reasonable prices. Highly recommended!,2023-11-14,Twitter,Kawempe,positive,top quality product reasonable price highly recommended,55,7
3298,Excellent products and service. Best in the area!,2024-02-08,Instagram,Muyenga,positive,excellent product service best area,35,5
3299,Excellent products and service. Best in the area!,2024-09-19,Google,Makindye,positive,excellent product service best area,35,5
3300,Amazing quality products. Will definitely buy again from this shop. Great shipping!,2024-04-04,Facebook,Makindye,positive,amazing quality product definitely buy shop great shipping,58,8
3301,Great business with excellent customer care. Very professional.,2023-12-21,WhatsApp,Lubaga,positive,great business excellent customer care professional,51,6
3302,Okay experience. Nothing to complain about but not impressed either. Great restaurant!,2023-12-11,Google,Kampala,neutral,okay experience nothing complain impressed either great restaurant,66,8
3303,Outstanding service! The staff was very helpful and friendly. Great service!,2023-02-20,WhatsApp,Muyenga,positive,outstanding service staff helpful friendly great service,56,7
3304,Okay experience. Nothing to complain about but not impressed either. Great experience!,2024-12-16,Google,Muyenga,neutral,okay experience nothing complain impressed either great experience,66,8
3305,Decent value. Product works as expected.,2024-06-09,Facebook,Bukoto,neutral,decent value product work expected,34,5
3306,Excellent communication and fast delivery. Highly satisfied! Located in Nakawa.,2024-08-07,WhatsApp,Makindye,positive,excellent communication fast delivery highly satisfied located nakawa,69,8
3307,Very satisfied with my purchase. Great quality and fast delivery.,2024-07-03,WhatsApp,Nakawa,positive,satisfied purchase great quality fast delivery,46,6
3308,Professional service and high-quality products. Very happy!,2024-12-16,WhatsApp,Central,positive,professional service product happy,34,4
3309,Delivery issues. Package arrived late and damaged. Great product!,2024-05-09,Website,Kololo,negative,delivery issue package arrived late damaged great product,57,8
3310,Great value for money. Fast delivery and excellent packaging. Located in Kawempe.,2023-05-16,WhatsApp,Central,positive,great value money fast delivery excellent packaging located kawempe,67,9
3311,Great value for money. Fast delivery and excellent packaging.,2024-05-02,Google,Kampala,positive,great value money fast delivery excellent packaging,51,7
3312,Delivery issues. Package arrived late and damaged. Great purchase!,2023-08-31,WhatsApp,Kampala,negative,delivery issue package arrived late damaged great purchase,58,8
3313,Decent service. No major complaints but nothing impressive. Great order!,2024-04-07,Google,Ntinda,neutral,decent service major complaint nothing impressive great order,61,8
3314,Product is functional. Does what it's supposed to do.,2024-06-06,WhatsApp,Central,neutral,product functional supposed,27,3
3315,"Fast delivery, good quality, fair prices. What more could you ask for?",2023-08-24,Website,Muyenga,positive,fast delivery good quality fair price could ask,47,8
3316,Outstanding quality and service. Will definitely shop here again.,2023-04-29,Facebook,Central,positive,outstanding quality service definitely shop,43,5
3317,Best shopping experience! Quality products and great prices. Located in Kololo. Great store!,2023-12-18,WhatsApp,Kawempe,positive,best shopping experience quality product great price located kololo great store,79,11
3318,Quick response time and excellent customer care. Highly recommended! Located in Muyenga.,2023-10-11,Facebook,Ntinda,positive,quick response time excellent customer care highly recommended located muyenga,78,10
3319,Very disappointed. Product quality is poor and service is worse. Located in Kampala.,2024-11-10,Facebook,Kawempe,negative,disappointed product quality poor service worse located kampala,63,8
3320,Average quality. Nothing special but nothing wrong either.,2023-01-02,Twitter,Central,neutral,average quality nothing special nothing wrong either,52,7
3321,Excellent customer support. They responded quickly to my questions. Located in Ntinda.,2023-11-28,Website,Central,positive,excellent customer support responded quickly question located ntinda,68,8
3322,Standard delivery time. Product quality is average.,2023-08-28,Website,Makindye,neutral,standard delivery time product quality average,46,6
3323,Poor value for money. Better options available elsewhere.,2024-06-04,Google,Kampala,negative,poor value money better option available elsewhere,50,7
3324,Top quality products at reasonable prices. Highly recommended!,2024-09-05,Google,Nakawa,positive,top quality product reasonable price highly recommended,55,7
3325,Great business with excellent customer care. Very professional.,2024-05-31,Twitter,Kawempe,positive,great business excellent customer care professional,51,6
3326,"Outstanding business! Professional, reliable, and customer-focused.",2023-08-19,Twitter,Muyenga,positive,outstanding business professional reliable,42,4
3327,Outstanding quality and service. Will definitely shop here again. Located in Lubaga.,2023-09-14,Instagram,Makindye,positive,outstanding quality service definitely shop located lubaga,58,7
3328,Amazing service! The team went above and beyond to help me. Located in Kampala.,2023-07-17,Instagram,Kololo,positive,amazing service team went beyond help located kampala,53,8
3329,Great products at affordable prices. Very satisfied with my purchase.,2023-09-20,Website,Kawempe,positive,great product affordable price satisfied purchase,49,6
3330,Okay experience. Nothing to complain about but not impressed either. Great price!,2024-10-14,Twitter,Central,neutral,okay experience nothing complain impressed either great price,61,8
3331,Great business with excellent customer care. Very professional. Located in Kawempe. Great delivery!,2024-01-31,WhatsApp,Ntinda,positive,great business excellent customer care professional located kawempe great delivery,82,10
3332,Outstanding quality and service. Will definitely shop here again. Great purchase!,2024-01-02,Twitter,Muyenga,positive,outstanding quality service definitely shop great purchase,58,7
3333,Fair prices and acceptable quality. Nothing outstanding. Located in Muyenga.,2023-06-18,Facebook,Kampala,neutral,fair price acceptable quality nothing outstanding located muyenga,65,8
3334,Excellent communication and fast delivery. Highly satisfied!,2024-08-23,Facebook,Kampala,positive,excellent communication fast delivery highly satisfied,54,6
3335,Great value for money. Fast delivery and excellent packaging. Located in Muyenga.,2023-03-23,WhatsApp,Kampala,positive,great value money fast delivery excellent packaging located muyenga,67,9
3336,Okay service. Product meets basic requirements. Great order!,2023-07-11,Facebook,Nakawa,neutral,okay service product meet basic requirement great order,55,8
3337,Overpriced compared to other shops in Nakawa area. Located in Nakawa.,2024-10-20,Facebook,Lubaga,negative,overpriced compared shop nakawa area located nakawa,51,7
3338,Great business with excellent customer care. Very professional. Located in Lubaga.,2024-07-13,Facebook,Ntinda,positive,great business excellent customer care professional located lubaga,66,8
3339,Top quality products at reasonable prices. Highly recommended! Great price!,2023-01-19,Instagram,Kololo,positive,top quality product reasonable price highly recommended great price,67,9
3340,Top quality products at reasonable prices. Highly recommended!,2023-12-17,Instagram,Kampala,positive,top quality product reasonable price highly recommended,55,7
3341,Quick response time and excellent customer care. Highly recommended! Located in Kololo.,2024-08-28,Twitter,Kololo,positive,quick response time excellent customer care highly recommended located kololo,77,10
3342,Excellent business! Highly professional and reliable.,2023-05-15,WhatsApp,Bukoto,positive,excellent business highly professional reliable,47,5
3343,Excellent business! Highly professional and reliable.,2024-09-03,Facebook,Makindye,positive,excellent business highly professional reliable,47,5
3344,Average experience. Product is functional and adequate.,2024-10-25,Instagram,Kololo,neutral,average experience product functional adequate,46,5
3345,Excellent communication and fast delivery. Highly satisfied! Located in Lubaga.,2023-07-27,Website,Muyenga,positive,excellent communication fast delivery highly satisfied located lubaga,69,8
3346,Best shop in Kawempe. Quality products and great service.,2023-12-18,WhatsApp,Kawempe,positive,best shop kawempe quality product great service,47,7
3347,Top-notch quality. Exceeded my expectations completely. Great order!,2023-08-30,Google,Ntinda,positive,quality exceeded expectation completely great order,51,6
3348,Average product quality. Meets basic needs adequately.,2024-09-20,Facebook,Central,neutral,average product quality meet basic need adequately,50,7
3349,Best shop in Kawempe. Quality products and great service.,2024-11-03,Website,Kawempe,positive,best shop kawempe quality product great service,47,7
3350,Standard service. No complaints but nothing exceptional either. Great delivery!,2023-03-18,Website,Bukoto,neutral,standard service complaint nothing exceptional either great delivery,68,8
3351,Very satisfied with my purchase. Great quality and fast delivery.,2023-02-22,Twitter,Kampala,positive,satisfied purchase great quality fast delivery,46,6
3352,Professional service and high-quality products. Very happy!,2023-09-03,Twitter,Lubaga,positive,professional service product happy,34,4
3353,Love shopping here! Always get great deals and quality products. Located in Kampala. Great packaging!,2023-07-06,Facebook,Bukoto,positive,love shopping always get great deal quality product located kampala great packaging,83,12
3354,Great experience overall. Will be a returning customer. Located in Makindye.,2023-07-16,Instagram,Central,positive,great experience overall returning customer located makindye,60,7
3355,Love shopping here! Always get great deals and quality products.,2024-03-28,WhatsApp,Lubaga,positive,love shopping always get great deal quality product,51,8
3356,Worst shopping experience. Poor quality and terrible service.,2023-09-24,Google,Nakawa,negative,worst shopping experience poor quality terrible service,55,7
3357,Quick response time and excellent customer care. Highly recommended! Located in Muyenga.,2023-03-25,Twitter,Kampala,positive,quick response time excellent customer care highly recommended located muyenga,78,10
3358,Average quality products. Functional but not impressive. Great store!,2023-02-09,Twitter,Kawempe,neutral,average quality product functional impressive great store,57,7
3359,Okay product quality. Price matches the value received.,2024-01-15,Website,Lubaga,neutral,okay product quality price match value received,47,7
3360,Standard quality. Nothing to complain about or praise.,2023-08-11,Website,Kampala,neutral,standard quality nothing complain praise,40,5
3361,Very satisfied with my purchase. Great quality and fast delivery.,2023-01-10,Twitter,Ntinda,positive,satisfied purchase great quality fast delivery,46,6
3362,Very satisfied with my purchase. Great quality and fast delivery.,2024-12-21,Website,Kampala,positive,satisfied purchase great quality fast delivery,46,6
3363,Okay product quality. Price matches the value received.,2023-05-24,WhatsApp,Lubaga,neutral,okay product quality price match value received,47,7
3364,Excellent customer support. They responded quickly to my questions.,2024-08-31,WhatsApp,Lubaga,positive,excellent customer support responded quickly question,53,6
3365,Standard experience. Product does what it needs to do. Located in Ntinda.,2023-10-09,Facebook,Nakawa,neutral,standard experience product need located ntinda,47,6
3366,Top-notch quality. Exceeded my expectations completely.,2023-11-23,Instagram,Lubaga,positive,quality exceeded expectation completely,39,4
3367,Top-notch quality. Exceeded my expectations completely. Great product!,2023-05-28,Google,Bukoto,positive,quality exceeded expectation completely great product,53,6
3368,Product was defective but they refused to refund. Bad business. Located in Kololo.,2023-05-30,Instagram,Nakawa,negative,product defective refused refund bad business located kololo,60,8
3369,Average product quality. Meets basic expectations.,2024-08-29,Google,Kololo,neutral,average product quality meet basic expectation,46,6
3370,"Fast delivery, good quality, fair prices. What more could you ask for?",2024-12-13,Google,Kampala,positive,fast delivery good quality fair price could ask,47,8
3371,Average product quality. Meets basic needs adequately. Located in Makindye.,2023-05-16,Instagram,Kawempe,neutral,average product quality meet basic need adequately located makindye,67,9
3372,Great service! Very fast delivery in Kampala. Highly recommend! Located in Muyenga.,2023-02-14,Facebook,Makindye,positive,great service fast delivery kampala highly recommend located muyenga,68,9
3373,Delivery was on time. Product is as expected.,2023-08-29,Facebook,Muyenga,neutral,delivery time product expected,30,4
3374,Outstanding quality and service. Will definitely shop here again.,2023-04-01,Facebook,Central,positive,outstanding quality service definitely shop,43,5
3375,"Fast delivery, good quality, fair prices. What more could you ask for? Located in Bukoto. Great shop!",2024-01-14,WhatsApp,Central,positive,fast delivery good quality fair price could ask located bukoto great shop,73,12
3376,Love the product quality. Fast shipping and good packaging.,2023-05-03,Website,Kawempe,positive,love product quality fast shipping good packaging,49,7
3377,Excellent business! Highly professional and reliable.,2023-03-15,Instagram,Central,positive,excellent business highly professional reliable,47,5
3378,Love shopping here! Always get great deals and quality products. Great service!,2024-03-05,Facebook,Kampala,positive,love shopping always get great deal quality product great service,65,10
3379,Top-notch quality. Exceeded my expectations completely.,2024-03-13,Google,Muyenga,positive,quality exceeded expectation completely,39,4
3380,"Outstanding business! Professional, reliable, and customer-focused. Great restaurant!",2023-12-21,Twitter,Ntinda,positive,outstanding business professional reliable great restaurant,59,6
3381,Okay service. Nothing special but gets the job done. Located in Ntinda.,2024-07-27,Facebook,Lubaga,neutral,okay service nothing special get job done located ntinda,56,9
3382,Fair value for money. Quality is acceptable but not premium.,2023-01-29,Website,Central,neutral,fair value money quality acceptable premium,43,6
3383,Average experience overall. Product is fine but not great.,2024-10-30,WhatsApp,Nakawa,neutral,average experience overall product fine great,45,6
3384,Amazing quality products. Will definitely buy again from this shop.,2024-06-05,Instagram,Central,positive,amazing quality product definitely buy shop,43,6
3385,Great value for money. Fast delivery and excellent packaging.,2023-03-29,Google,Kololo,positive,great value money fast delivery excellent packaging,51,7
3386,Love the product quality. Fast shipping and good packaging. Located in Makindye.,2023-08-11,Facebook,Ntinda,positive,love product quality fast shipping good packaging located makindye,66,9
3387,Delivery issues. Package arrived late and damaged. Located in Central.,2024-11-28,Website,Nakawa,negative,delivery issue package arrived late damaged located central,59,8
3388,Standard delivery time. Product quality is average.,2024-08-13,Facebook,Central,neutral,standard delivery time product quality average,46,6
3389,Excellent communication and fast delivery. Highly satisfied! Great staff!,2023-05-16,Google,Central,positive,excellent communication fast delivery highly satisfied great staff,66,8
3390,Disappointing experience. Would not recommend this shop. Great purchase!,2024-07-26,Instagram,Ntinda,negative,disappointing experience would recommend shop great purchase,60,7
3391,Standard delivery. Product works but quality is average. Located in Kampala.,2024-09-28,Facebook,Bukoto,neutral,standard delivery product work quality average located kampala,62,8
3392,Great experience overall. Will be a returning customer.,2023-04-22,Instagram,Kawempe,positive,great experience overall returning customer,43,5
3393,Amazing quality products. Will definitely buy again from this shop. Located in Makindye.,2023-09-23,Instagram,Nakawa,positive,amazing quality product definitely buy shop located makindye,60,8
3394,Best shop in Kawempe. Quality products and great service. Located in Makindye. Great restaurant!,2023-04-18,Facebook,Kampala,positive,best shop kawempe quality product great service located makindye great restaurant,81,11
3395,Excellent business! Highly professional and reliable. Located in Bukoto. Great staff!,2023-01-06,Twitter,Lubaga,positive,excellent business highly professional reliable located bukoto great staff,74,9
3396,Quick response time and excellent customer care. Highly recommended! Great quality!,2023-11-27,Instagram,Central,positive,quick response time excellent customer care highly recommended great quality,76,10
3397,Okay service. Nothing special but gets the job done. Located in Muyenga.,2023-06-30,Instagram,Kololo,neutral,okay service nothing special get job done located muyenga,57,9
3398,Great experience overall. Will be a returning customer. Located in Central.,2024-09-20,WhatsApp,Nakawa,positive,great experience overall returning customer located central,59,7
3399,Excellent products and service. Best in the area!,2023-08-18,Google,Makindye,positive,excellent product service best area,35,5
3400,Excellent customer support. They responded quickly to my questions. Located in Nakawa.,2024-04-27,Instagram,Kampala,positive,excellent customer support responded quickly question located nakawa,68,8
3401,Decent service. No major complaints but nothing impressive. Located in Kampala. Great shipping!,2024-01-03,Facebook,Muyenga,neutral,decent service major complaint nothing impressive located kampala great shipping,80,10
3402,Terrible customer service. No help when I had an issue.,2023-02-27,Instagram,Central,negative,terrible customer service help issue,36,5
3403,Best prices in Nakawa area. Great value for money.,2024-08-09,Google,Kawempe,positive,best price nakawa area great value money,40,7
3404,"Fast shipping, good quality, and excellent customer support. Located in Bukoto.",2023-04-12,Website,Lubaga,positive,fast shipping good quality excellent customer support located bukoto,68,9
3405,Okay delivery time. Product is functional and usable. Located in Lubaga.,2024-11-22,Facebook,Central,neutral,okay delivery time product functional usable located lubaga,59,8
3406,"Outstanding business! Professional, reliable, and customer-focused.",2024-06-22,Facebook,Nakawa,positive,outstanding business professional reliable,42,4
3407,Top-notch quality. Exceeded my expectations completely. Located in Kololo.,2023-01-21,Google,Bukoto,positive,quality exceeded expectation completely located kololo,54,6
3408,Okay experience. Nothing to complain about but not impressed either.,2023-11-15,Twitter,Nakawa,neutral,okay experience nothing complain impressed either,49,6
3409,Great service! Very fast delivery in Kampala. Highly recommend! Located in Muyenga.,2024-05-23,Website,Kololo,positive,great service fast delivery kampala highly recommend located muyenga,68,9
3410,Amazing quality products. Will definitely buy again from this shop. Located in Muyenga.,2024-02-11,Google,Muyenga,positive,amazing quality product definitely buy shop located muyenga,59,8
3411,Amazing quality products. Will definitely buy again from this shop.,2024-07-28,WhatsApp,Kawempe,positive,amazing quality product definitely buy shop,43,6
3412,Professional service and high-quality products. Very happy! Located in Ntinda.,2024-05-20,Website,Bukoto,positive,professional service product happy located ntinda,49,6
3413,Great products at affordable prices. Very satisfied with my purchase. Located in Lubaga. Great order!,2024-10-14,Twitter,Lubaga,positive,great product affordable price satisfied purchase located lubaga great order,76,10
3414,Product works as expected. No major issues or complaints.,2024-03-25,Twitter,Muyenga,neutral,product work expected major issue complaint,43,6
3415,Best shopping experience! Quality products and great prices.,2023-11-15,Google,Bukoto,positive,best shopping experience quality product great price,52,7
3416,Great experience from start to finish. Will shop here again! Great shipping!,2024-06-10,Twitter,Nakawa,positive,great experience start finish shop great shipping,49,7
3417,Amazing quality products. Will definitely buy again from this shop. Located in Lubaga.,2023-03-27,Google,Lubaga,positive,amazing quality product definitely buy shop located lubaga,58,8
3418,Amazing service! The team went above and beyond to help me.,2024-01-04,Website,Central,positive,amazing service team went beyond help,37,6
3419,Professional service and high-quality products. Very happy! Great restaurant!,2024-11-19,Facebook,Kololo,positive,professional service product happy great restaurant,51,6
3420,Poor packaging led to damaged goods. Very unprofessional. Great price!,2023-10-26,Google,Muyenga,negative,poor packaging led damaged good unprofessional great price,58,8
3421,Average product quality. Meets basic needs adequately.,2023-04-17,Facebook,Makindye,neutral,average product quality meet basic need adequately,50,7
3422,Poor quality products. Broke within days of purchase. Located in Nakawa. Great service!,2024-09-19,Google,Ntinda,negative,poor quality product broke within day purchase located nakawa great service,75,11
3423,Great experience from start to finish. Will shop here again!,2023-06-21,Website,Kampala,positive,great experience start finish shop,34,5
3424,Great products at affordable prices. Very satisfied with my purchase.,2024-01-25,Website,Kampala,positive,great product affordable price satisfied purchase,49,6
3425,Great products at affordable prices. Very satisfied with my purchase. Located in Muyenga.,2023-06-17,Website,Kololo,positive,great product affordable price satisfied purchase located muyenga,65,8
3426,Amazing experience! The product arrived on time and in perfect condition. Great support!,2024-01-04,Instagram,Kampala,positive,amazing experience product arrived time perfect condition great support,71,9
3427,Professional service and high-quality products. Very happy!,2024-05-06,Twitter,Bukoto,positive,professional service product happy,34,4
3428,Excellent business! Highly professional and reliable. Located in Muyenga.,2024-07-07,Twitter,Kampala,positive,excellent business highly professional reliable located muyenga,63,7
3429,Top-notch quality. Exceeded my expectations completely.,2023-02-28,Twitter,Ntinda,positive,quality exceeded expectation completely,39,4
3430,Okay service. Product meets basic requirements. Located in Bukoto.,2024-03-08,Instagram,Kawempe,neutral,okay service product meet basic requirement located bukoto,58,8
3431,Average experience overall. Product is fine but not great. Located in Kampala. Great order!,2024-04-17,Twitter,Kawempe,neutral,average experience overall product fine great located kampala great order,73,10
3432,Best customer service I've experienced. Products are top quality. Located in Muyenga. Great store!,2023-06-22,Google,Muyenga,positive,best customer service experienced product top quality located muyenga great store,81,11
3433,Best shop in Kawempe. Quality products and great service.,2023-10-20,Website,Kampala,positive,best shop kawempe quality product great service,47,7
3434,Average quality. Price is reasonable for what you get.,2023-05-27,Facebook,Kawempe,neutral,average quality price reasonable get,36,5
3435,Best prices in Nakawa area. Great value for money. Great delivery!,2023-06-02,WhatsApp,Kawempe,positive,best price nakawa area great value money great delivery,55,9
3436,"Fast delivery, good quality, fair prices. What more could you ask for? Great delivery!",2023-09-28,Website,Bukoto,positive,fast delivery good quality fair price could ask great delivery,62,10
3437,Best customer service I've experienced. Products are top quality. Located in Lubaga. Great price!,2024-09-16,Facebook,Bukoto,positive,best customer service experienced product top quality located lubaga great price,80,11
3438,Amazing service! The team went above and beyond to help me. Located in Kampala.,2024-08-28,WhatsApp,Muyenga,positive,amazing service team went beyond help located kampala,53,8
3439,Outstanding quality and service. Will definitely shop here again.,2024-07-25,Website,Lubaga,positive,outstanding quality service definitely shop,43,5
3440,"Fast delivery, good quality, fair prices. What more could you ask for?",2024-11-24,WhatsApp,Nakawa,positive,fast delivery good quality fair price could ask,47,8
3441,Not satisfied with the product. Quality is below expectations. Located in Central.,2023-07-01,Facebook,Lubaga,negative,satisfied product quality expectation located central,53,6
3442,Great products at affordable prices. Very satisfied with my purchase.,2023-08-16,Website,Muyenga,positive,great product affordable price satisfied purchase,49,6
3443,Great experience from start to finish. Will shop here again!,2024-03-01,Facebook,Kampala,positive,great experience start finish shop,34,5
3444,Not satisfied with the product. Quality is below expectations. Great packaging!,2024-07-05,Google,Muyenga,negative,satisfied product quality expectation great packaging,53,6
3445,Top quality products at reasonable prices. Highly recommended!,2023-04-01,Website,Kawempe,positive,top quality product reasonable price highly recommended,55,7
3446,Best prices in Nakawa area. Great value for money. Located in Lubaga. Great customer!,2023-05-15,Twitter,Makindye,positive,best price nakawa area great value money located lubaga great customer,70,11
3447,Best customer service I've experienced. Products are top quality.,2023-10-13,Google,Central,positive,best customer service experienced product top quality,53,7
3448,Slow response time and poor communication from the business.,2023-08-28,Google,Ntinda,negative,slow response time poor communication business,46,6
3449,Outstanding service! The staff was very helpful and friendly.,2024-06-19,Twitter,Central,positive,outstanding service staff helpful friendly,42,5
3450,Top-notch quality. Exceeded my expectations completely. Located in Kampala.,2023-03-14,Instagram,Kawempe,positive,quality exceeded expectation completely located kampala,55,6
3451,Best shop in Kawempe. Quality products and great service.,2023-01-04,Facebook,Makindye,positive,best shop kawempe quality product great service,47,7
3452,Amazing experience! The product arrived on time and in perfect condition. Great experience!,2024-04-25,Instagram,Muyenga,positive,amazing experience product arrived time perfect condition great experience,74,9
3453,Amazing service! The team went above and beyond to help me.,2023-12-19,Facebook,Kawempe,positive,amazing service team went beyond help,37,6
3454,Great value for money. Fast delivery and excellent packaging. Great product!,2023-04-28,Twitter,Muyenga,positive,great value money fast delivery excellent packaging great product,65,9
3455,Professional service and high-quality products. Very happy! Great support!,2024-11-30,WhatsApp,Ntinda,positive,professional service product happy great support,48,6
3456,Love shopping here! Always get great deals and quality products. Located in Muyenga.,2024-06-13,Instagram,Ntinda,positive,love shopping always get great deal quality product located muyenga,67,10
3457,Excellent communication and fast delivery. Highly satisfied!,2023-03-08,Website,Central,positive,excellent communication fast delivery highly satisfied,54,6
3458,Great products at affordable prices. Very satisfied with my purchase.,2024-12-28,Instagram,Makindye,positive,great product affordable price satisfied purchase,49,6
3459,Product arrived damaged and customer service refused to help.,2024-06-02,WhatsApp,Kawempe,negative,product arrived damaged customer service refused help,53,7
3460,Standard business service. Acceptable but not exceptional.,2024-12-22,Google,Ntinda,neutral,standard business service acceptable exceptional,48,5
3461,Decent value. Product works as expected.,2023-07-09,WhatsApp,Muyenga,neutral,decent value product work expected,34,5
3462,Okay experience. Nothing to complain about but not impressed either. Great experience!,2024-03-11,Website,Muyenga,neutral,okay experience nothing complain impressed either great experience,66,8
3463,Love the product quality. Fast shipping and good packaging.,2023-02-13,Facebook,Kawempe,positive,love product quality fast shipping good packaging,49,7
3464,Poor customer service. Staff was rude and unhelpful. Located in Muyenga.,2023-01-22,Facebook,Ntinda,negative,poor customer service staff rude unhelpful located muyenga,58,8
3465,Product was different from what was advertised. Misleading description.,2023-03-20,Facebook,Kawempe,negative,product different advertised misleading description,51,5
3466,Product broke after just one week of use. Very poor quality. Great restaurant!,2024-12-09,WhatsApp,Kololo,negative,product broke one week use poor quality great restaurant,56,9
3467,Amazing service! The team went above and beyond to help me. Located in Lubaga.,2023-01-21,Twitter,Kololo,positive,amazing service team went beyond help located lubaga,52,8
3468,Disappointing experience. Would not recommend this shop. Located in Lubaga.,2023-08-18,Instagram,Nakawa,negative,disappointing experience would recommend shop located lubaga,60,7
3469,Love the product quality. Fast shipping and good packaging.,2024-08-29,Facebook,Kampala,positive,love product quality fast shipping good packaging,49,7
3470,Outstanding quality and service. Will definitely shop here again. Great store!,2023-06-04,Website,Nakawa,positive,outstanding quality service definitely shop great store,55,7
3471,Okay service. Product meets basic requirements. Located in Bukoto.,2024-08-03,Twitter,Kawempe,neutral,okay service product meet basic requirement located bukoto,58,8
3472,Great business with excellent customer care. Very professional.,2023-12-20,Twitter,Ntinda,positive,great business excellent customer care professional,51,6
3473,Overpriced products with low quality. Not good value for money. Located in Ntinda.,2023-03-25,Website,Bukoto,negative,overpriced product low quality good value money located ntinda,62,9
3474,Best shopping experience! Quality products and great prices. Located in Ntinda.,2023-01-26,Facebook,Kawempe,positive,best shopping experience quality product great price located ntinda,67,9
3475,Outstanding service! The staff was very helpful and friendly.,2023-09-28,WhatsApp,Muyenga,positive,outstanding service staff helpful friendly,42,5
3476,Love the product quality. Fast shipping and good packaging. Located in Kololo.,2024-08-31,Facebook,Muyenga,positive,love product quality fast shipping good packaging located kololo,64,9
3477,Fair prices and acceptable quality. Nothing outstanding. Located in Ntinda.,2023-12-08,WhatsApp,Kawempe,neutral,fair price acceptable quality nothing outstanding located ntinda,64,8
3478,Amazing experience! The product arrived on time and in perfect condition. Located in Bukoto.,2024-03-07,Twitter,Central,positive,amazing experience product arrived time perfect condition located bukoto,72,9
3479,"Outstanding business! Professional, reliable, and customer-focused.",2024-09-06,Website,Bukoto,positive,outstanding business professional reliable,42,4
3480,Amazing service! The team went above and beyond to help me.,2024-04-21,Facebook,Kawempe,positive,amazing service team went beyond help,37,6
3481,"Fast delivery, good quality, fair prices. What more could you ask for? Great support!",2024-10-01,Google,Central,positive,fast delivery good quality fair price could ask great support,61,10
3482,Excellent communication and fast delivery. Highly satisfied! Located in Kawempe.,2023-10-18,Twitter,Muyenga,positive,excellent communication fast delivery highly satisfied located kawempe,70,8
3483,Best shopping experience! Quality products and great prices. Located in Central.,2024-10-20,Google,Kawempe,positive,best shopping experience quality product great price located central,68,9
3484,Decent quality products. Price is fair for what you receive.,2024-09-17,Google,Lubaga,neutral,decent quality product price fair receive,41,6
3485,Product works as expected. No major issues or complaints. Located in Kampala.,2024-12-01,Website,Muyenga,neutral,product work expected major issue complaint located kampala,59,8
3486,"Outstanding business! Professional, reliable, and customer-focused.",2023-11-18,Google,Central,positive,outstanding business professional reliable,42,4
3487,Outstanding quality and service. Will definitely shop here again.,2023-08-22,WhatsApp,Ntinda,positive,outstanding quality service definitely shop,43,5
3488,"Fast delivery, good quality, fair prices. What more could you ask for?",2023-03-13,Twitter,Nakawa,positive,fast delivery good quality fair price could ask,47,8
3489,Okay delivery time. Product is functional and usable.,2024-08-03,Instagram,Bukoto,neutral,okay delivery time product functional usable,44,6
3490,Amazing quality products. Will definitely buy again from this shop. Located in Kololo.,2024-05-13,WhatsApp,Bukoto,positive,amazing quality product definitely buy shop located kololo,58,8
3491,Product quality was disappointing. Not as described on the website.,2023-03-21,Website,Nakawa,negative,product quality disappointing described website,47,5
3492,Great prices and even better service. Highly recommend this business! Located in Nakawa. Great staff!,2023-06-20,WhatsApp,Ntinda,positive,great price even better service highly recommend business located nakawa great staff,84,12
3493,Excellent customer support. They responded quickly to my questions.,2023-02-06,Google,Ntinda,positive,excellent customer support responded quickly question,53,6
3494,Amazing experience! The product arrived on time and in perfect condition. Located in Kampala. Great shop!,2023-07-12,Twitter,Kololo,positive,amazing experience product arrived time perfect condition located kampala great shop,84,11
3495,Product is functional. Does what it's supposed to do.,2023-09-20,WhatsApp,Ntinda,neutral,product functional supposed,27,3
3496,Top quality products at reasonable prices. Highly recommended! Located in Muyenga.,2023-09-26,Twitter,Nakawa,positive,top quality product reasonable price highly recommended located muyenga,71,9
3497,Outstanding quality and service. Will definitely shop here again.,2023-07-03,WhatsApp,Nakawa,positive,outstanding quality service definitely shop,43,5
3498,Excellent communication and fast delivery. Highly satisfied!,2023-02-16,Website,Central,positive,excellent communication fast delivery highly satisfied,54,6
3499,Fair experience overall. Nothing exceptional but acceptable. Great store!,2023-10-08,Google,Kololo,neutral,fair experience overall nothing exceptional acceptable great store,66,8
3500,Best shopping experience! Quality products and great prices. Located in Ntinda. Great delivery!,2024-02-28,Website,Makindye,positive,best shopping experience quality product great price located ntinda great delivery,82,11
3501,Amazing experience! The product arrived on time and in perfect condition.,2023-04-02,WhatsApp,Lubaga,positive,amazing experience product arrived time perfect condition,57,7
3502,Product is okay. Nothing special but serves its purpose. Located in Kawempe.,2024-10-14,Instagram,Ntinda,neutral,product okay nothing special serf purpose located kawempe,57,8
3503,Love shopping here! Always get great deals and quality products.,2023-08-02,Facebook,Muyenga,positive,love shopping always get great deal quality product,51,8
3504,Product is fine. Meets expectations without exceeding them. Located in Muyenga.,2024-12-07,Twitter,Kololo,neutral,product fine meet expectation without exceeding located muyenga,63,8
3505,Standard business service. Acceptable but not exceptional.,2023-04-25,Facebook,Kololo,neutral,standard business service acceptable exceptional,48,5
3506,Okay experience. Nothing to complain about but not impressed either.,2023-05-02,Instagram,Kololo,neutral,okay experience nothing complain impressed either,49,6
3507,Great experience overall. Will be a returning customer. Located in Kawempe.,2023-04-10,Facebook,Nakawa,positive,great experience overall returning customer located kawempe,59,7
3508,Disappointing experience. Would not recommend this shop. Located in Bukoto.,2024-03-04,WhatsApp,Kampala,negative,disappointing experience would recommend shop located bukoto,60,7
3509,Poor customer service. Staff was rude and unhelpful.,2023-01-01,Twitter,Kololo,negative,poor customer service staff rude unhelpful,42,6
3510,Outstanding service! The staff was very helpful and friendly. Located in Nakawa.,2024-10-01,Google,Kampala,positive,outstanding service staff helpful friendly located nakawa,57,7
3511,Best prices in Nakawa area. Great value for money.,2023-02-10,Facebook,Lubaga,positive,best price nakawa area great value money,40,7
3512,Okay experience. Nothing to complain about but not impressed either. Located in Kololo.,2024-08-05,Instagram,Bukoto,neutral,okay experience nothing complain impressed either located kololo,64,8
3513,Excellent customer support. They responded quickly to my questions.,2023-04-24,Facebook,Central,positive,excellent customer support responded quickly question,53,6
3514,Excellent products and service. Best in the area!,2024-02-03,Instagram,Muyenga,positive,excellent product service best area,35,5
3515,Okay product quality. Price matches the value received.,2023-09-13,Instagram,Muyenga,neutral,okay product quality price match value received,47,7
3516,Amazing service! The team went above and beyond to help me.,2024-02-04,Twitter,Nakawa,positive,amazing service team went beyond help,37,6
3517,Standard business service. Acceptable but not exceptional.,2023-10-10,WhatsApp,Makindye,neutral,standard business service acceptable exceptional,48,5
3518,Excellent customer support. They responded quickly to my questions.,2024-01-23,Website,Makindye,positive,excellent customer support responded quickly question,53,6
3519,Love shopping here! Always get great deals and quality products. Great packaging!,2023-01-01,Google,Ntinda,positive,love shopping always get great deal quality product great packaging,67,10
3520,Top-notch quality. Exceeded my expectations completely.,2024-07-22,Google,Kololo,positive,quality exceeded expectation completely,39,4
3521,Great products at affordable prices. Very satisfied with my purchase.,2024-03-17,Facebook,Nakawa,positive,great product affordable price satisfied purchase,49,6
3522,Best shopping experience! Quality products and great prices.,2024-06-09,Facebook,Bukoto,positive,best shopping experience quality product great price,52,7
3523,Top-notch quality. Exceeded my expectations completely.,2024-08-06,Website,Kampala,positive,quality exceeded expectation completely,39,4
3524,Professional service and high-quality products. Very happy! Located in Kololo.,2024-12-20,Twitter,Bukoto,positive,professional service product happy located kololo,49,6
3525,Top quality products at reasonable prices. Highly recommended! Great quality!,2024-04-25,Website,Kawempe,positive,top quality product reasonable price highly recommended great quality,69,9
3526,Product works as expected. No major issues or complaints. Located in Kololo.,2024-12-17,Twitter,Central,neutral,product work expected major issue complaint located kololo,58,8
3527,Excellent customer support. They responded quickly to my questions.,2024-07-14,Google,Lubaga,positive,excellent customer support responded quickly question,53,6
3528,Customer service needs major improvement. Very unprofessional.,2023-05-20,Facebook,Muyenga,negative,customer service need major improvement unprofessional,54,6
3529,Great experience overall. Will be a returning customer. Located in Nakawa.,2023-09-29,Website,Central,positive,great experience overall returning customer located nakawa,58,7
3530,Delivery was delayed multiple times. Very frustrating experience. Great staff!,2024-06-03,Twitter,Makindye,negative,delivery delayed multiple time frustrating experience great staff,65,8
3531,"Fast delivery, good quality, fair prices. What more could you ask for?",2023-01-24,Website,Nakawa,positive,fast delivery good quality fair price could ask,47,8
3532,Best customer service I've experienced. Products are top quality. Located in Kampala.,2023-07-09,Twitter,Lubaga,positive,best customer service experienced product top quality located kampala,69,9
3533,Best shop in Kawempe. Quality products and great service. Located in Nakawa.,2023-05-28,Facebook,Kololo,positive,best shop kawempe quality product great service located nakawa,62,9
3534,Outstanding quality and service. Will definitely shop here again.,2023-02-27,Facebook,Central,positive,outstanding quality service definitely shop,43,5
3535,Excellent communication and fast delivery. Highly satisfied!,2024-07-29,Facebook,Central,positive,excellent communication fast delivery highly satisfied,54,6
3536,Excellent customer support. They responded quickly to my questions. Located in Central. Great experience!,2024-09-01,WhatsApp,Lubaga,positive,excellent customer support responded quickly question located central great experience,86,10
3537,Excellent communication and fast delivery. Highly satisfied! Located in Kawempe.,2024-09-07,Facebook,Lubaga,positive,excellent communication fast delivery highly satisfied located kawempe,70,8
3538,Not satisfied with the product. Quality is below expectations.,2023-03-25,WhatsApp,Nakawa,negative,satisfied product quality expectation,37,4
3539,Excellent business! Highly professional and reliable. Great delivery!,2023-05-27,WhatsApp,Central,positive,excellent business highly professional reliable great delivery,62,7
3540,Best shopping experience! Quality products and great prices.,2024-12-29,Website,Kampala,positive,best shopping experience quality product great price,52,7
3541,Best shopping experience! Quality products and great prices.,2023-04-12,Google,Kampala,positive,best shopping experience quality product great price,52,7
3542,"Fast delivery, good quality, fair prices. What more could you ask for?",2024-03-02,Website,Muyenga,positive,fast delivery good quality fair price could ask,47,8
3543,"Fast shipping, good quality, and excellent customer support.",2023-09-30,Facebook,Bukoto,positive,fast shipping good quality excellent customer support,53,7
3544,Product was different from what was advertised. Misleading description. Great restaurant!,2024-04-15,Google,Lubaga,negative,product different advertised misleading description great restaurant,68,7
3545,Very disappointed. Product quality is poor and service is worse. Located in Makindye.,2023-04-17,Facebook,Kampala,negative,disappointed product quality poor service worse located makindye,64,8
3546,Decent service. No major complaints but nothing impressive.,2023-03-31,WhatsApp,Central,neutral,decent service major complaint nothing impressive,49,6
3547,Product was damaged on arrival. Poor packaging quality. Great business!,2023-06-08,Facebook,Kawempe,negative,product damaged arrival poor packaging quality great business,61,8
3548,Terrible customer service. No help when I had an issue.,2023-10-17,Facebook,Central,negative,terrible customer service help issue,36,5
3549,"Outstanding business! Professional, reliable, and customer-focused. Great support!",2024-04-27,Google,Lubaga,positive,outstanding business professional reliable great support,56,6
3550,Best shop in Kawempe. Quality products and great service. Located in Kawempe.,2024-02-03,Facebook,Nakawa,positive,best shop kawempe quality product great service located kawempe,63,9
3551,Amazing experience! The product arrived on time and in perfect condition. Located in Kawempe.,2024-11-18,WhatsApp,Nakawa,positive,amazing experience product arrived time perfect condition located kawempe,73,9
3552,Best shop in Kawempe. Quality products and great service. Located in Kampala.,2024-09-04,Website,Muyenga,positive,best shop kawempe quality product great service located kampala,63,9
3553,Professional service and high-quality products. Very happy!,2024-12-26,WhatsApp,Lubaga,positive,professional service product happy,34,4
3554,Great prices and even better service. Highly recommend this business! Great customer!,2023-12-24,Website,Lubaga,positive,great price even better service highly recommend business great customer,72,10
3555,Very slow delivery. Took over a week to arrive in Kampala. Located in Nakawa. Great shipping!,2024-03-25,Website,Bukoto,negative,slow delivery took week arrive kampala located nakawa great shipping,68,10
3556,Product was different from what was advertised. Misleading description.,2024-10-24,Twitter,Kampala,negative,product different advertised misleading description,51,5
3557,Okay product quality. Price matches the value received. Great support!,2023-10-27,Facebook,Kololo,neutral,okay product quality price match value received great support,61,9
3558,Great business with excellent customer care. Very professional.,2024-10-15,Twitter,Makindye,positive,great business excellent customer care professional,51,6
3559,Average quality. Nothing special but nothing wrong either.,2023-10-29,Twitter,Kawempe,neutral,average quality nothing special nothing wrong either,52,7
3560,Standard quality. Nothing to complain about or praise.,2023-08-04,WhatsApp,Bukoto,neutral,standard quality nothing complain praise,40,5
3561,Love shopping here! Always get great deals and quality products.,2024-01-13,Instagram,Makindye,positive,love shopping always get great deal quality product,51,8
3562,Top quality products at reasonable prices. Highly recommended!,2023-05-19,Website,Bukoto,positive,top quality product reasonable price highly recommended,55,7
3563,Love shopping here! Always get great deals and quality products.,2024-12-07,Website,Ntinda,positive,love shopping always get great deal quality product,51,8
3564,"Fast shipping, good quality, and excellent customer support. Located in Lubaga.",2024-05-02,Twitter,Makindye,positive,fast shipping good quality excellent customer support located lubaga,68,9
3565,Quick response time and excellent customer care. Highly recommended! Located in Makindye.,2024-08-19,WhatsApp,Kawempe,positive,quick response time excellent customer care highly recommended located makindye,79,10
3566,"Fast delivery, good quality, fair prices. What more could you ask for? Great product!",2023-04-07,Instagram,Kampala,positive,fast delivery good quality fair price could ask great product,61,10
3567,Customer service needs major improvement. Very unprofessional.,2024-12-14,Facebook,Kampala,negative,customer service need major improvement unprofessional,54,6
3568,Love shopping here! Always get great deals and quality products.,2024-11-29,WhatsApp,Kampala,positive,love shopping always get great deal quality product,51,8
3569,Okay service. Product meets basic requirements. Located in Kampala.,2024-11-05,Website,Bukoto,neutral,okay service product meet basic requirement located kampala,59,8
3570,"Outstanding business! Professional, reliable, and customer-focused.",2023-10-18,Facebook,Bukoto,positive,outstanding business professional reliable,42,4
3571,"Fast shipping, good quality, and excellent customer support.",2023-04-07,Google,Kawempe,positive,fast shipping good quality excellent customer support,53,7
3572,Standard delivery time. Product quality is average.,2024-05-21,Website,Lubaga,neutral,standard delivery time product quality average,46,6
3573,Great experience from start to finish. Will shop here again!,2024-08-30,WhatsApp,Lubaga,positive,great experience start finish shop,34,5
3574,Great value for money. Fast delivery and excellent packaging. Great delivery!,2024-03-26,Website,Kololo,positive,great value money fast delivery excellent packaging great delivery,66,9
3575,Great experience from start to finish. Will shop here again! Located in Lubaga.,2023-05-11,WhatsApp,Makindye,positive,great experience start finish shop located lubaga,49,7
3576,Standard business service. Acceptable but not exceptional.,2023-04-13,WhatsApp,Kampala,neutral,standard business service acceptable exceptional,48,5
3577,Average product quality. Meets basic needs adequately.,2023-06-05,Facebook,Nakawa,neutral,average product quality meet basic need adequately,50,7
3578,Overpriced compared to other shops in Nakawa area. Located in Kololo.,2024-03-30,Google,Ntinda,negative,overpriced compared shop nakawa area located kololo,51,7
3579,Very slow delivery and unresponsive customer support. Great product!,2023-09-16,Instagram,Muyenga,negative,slow delivery unresponsive customer support great product,57,7
3580,Love shopping here! Always get great deals and quality products. Located in Muyenga.,2023-07-31,Google,Bukoto,positive,love shopping always get great deal quality product located muyenga,67,10
3581,Product didn't work as expected. Waste of money. Located in Kampala.,2023-11-14,Twitter,Nakawa,negative,product work expected waste money located kampala,49,7
3582,Amazing experience! The product arrived on time and in perfect condition. Located in Nakawa.,2024-07-11,Twitter,Kololo,positive,amazing experience product arrived time perfect condition located nakawa,72,9
3583,"Fast delivery, good quality, fair prices. What more could you ask for?",2024-05-22,WhatsApp,Nakawa,positive,fast delivery good quality fair price could ask,47,8
3584,Very satisfied with my purchase. Great quality and fast delivery.,2024-11-23,Facebook,Lubaga,positive,satisfied purchase great quality fast delivery,46,6
3585,Love shopping here! Always get great deals and quality products.,2023-11-30,Google,Nakawa,positive,love shopping always get great deal quality product,51,8
3586,Standard delivery. Product works but quality is average. Located in Nakawa.,2024-12-26,Instagram,Ntinda,neutral,standard delivery product work quality average located nakawa,61,8
3587,Amazing quality products. Will definitely buy again from this shop.,2023-05-21,WhatsApp,Makindye,positive,amazing quality product definitely buy shop,43,6
3588,Great business with excellent customer care. Very professional.,2023-11-14,Twitter,Muyenga,positive,great business excellent customer care professional,51,6
3589,Excellent business! Highly professional and reliable.,2023-05-11,Instagram,Central,positive,excellent business highly professional reliable,47,5
3590,Product is okay. Nothing special but serves its purpose. Located in Kawempe.,2023-07-01,Instagram,Nakawa,neutral,product okay nothing special serf purpose located kawempe,57,8
3591,"Fast shipping, good quality, and excellent customer support. Located in Muyenga.",2023-10-20,Website,Kawempe,positive,fast shipping good quality excellent customer support located muyenga,69,9
3592,Quick response time and excellent customer care. Highly recommended!,2024-08-22,Facebook,Kampala,positive,quick response time excellent customer care highly recommended,62,8
3593,Top-notch quality. Exceeded my expectations completely. Great purchase!,2024-10-21,Website,Kampala,positive,quality exceeded expectation completely great purchase,54,6
3594,Standard delivery. Product works but quality is average.,2024-02-20,Instagram,Ntinda,neutral,standard delivery product work quality average,46,6
3595,Delivery was delayed multiple times. Very frustrating experience.,2024-04-14,WhatsApp,Kampala,negative,delivery delayed multiple time frustrating experience,53,6
3596,Poor value for money. Better options available elsewhere.,2024-09-27,Google,Muyenga,negative,poor value money better option available elsewhere,50,7
3597,Excellent business! Highly professional and reliable. Located in Nakawa.,2023-03-24,Facebook,Bukoto,positive,excellent business highly professional reliable located nakawa,62,7
3598,Delivery was on time. Product is as expected. Great experience!,2024-08-17,Google,Lubaga,neutral,delivery time product expected great experience,47,6
3599,Excellent products and service. Best in the area!,2024-07-03,WhatsApp,Bukoto,positive,excellent product service best area,35,5
3600,Excellent communication and fast delivery. Highly satisfied!,2023-05-19,WhatsApp,Kololo,positive,excellent communication fast delivery highly satisfied,54,6
3601,Amazing quality products. Will definitely buy again from this shop. Located in Muyenga.,2024-03-22,Twitter,Central,positive,amazing quality product definitely buy shop located muyenga,59,8
3602,Very satisfied with my purchase. Great quality and fast delivery. Located in Kawempe. Great quality!,2023-05-15,Twitter,Bukoto,positive,satisfied purchase great quality fast delivery located kawempe great quality,76,10
3603,Not satisfied with the product. Quality is below expectations. Great support!,2023-12-18,WhatsApp,Kololo,negative,satisfied product quality expectation great support,51,6
3604,Very slow delivery and unresponsive customer support.,2024-02-11,Instagram,Ntinda,negative,slow delivery unresponsive customer support,43,5
3605,Product works fine. Decent quality for the price paid.,2023-10-01,Instagram,Bukoto,neutral,product work fine decent quality price paid,43,7
3606,Professional service and high-quality products. Very happy! Great experience!,2023-10-21,Facebook,Lubaga,positive,professional service product happy great experience,51,6
3607,Love shopping here! Always get great deals and quality products.,2024-12-11,Twitter,Ntinda,positive,love shopping always get great deal quality product,51,8
3608,Professional service and high-quality products. Very happy!,2023-06-09,Facebook,Kawempe,positive,professional service product happy,34,4
3609,Love shopping here! Always get great deals and quality products.,2024-08-01,Website,Makindye,positive,love shopping always get great deal quality product,51,8
3610,Love the product quality. Fast shipping and good packaging. Located in Lubaga.,2024-11-24,Google,Kawempe,positive,love product quality fast shipping good packaging located lubaga,64,9
3611,Okay delivery time. Product is functional and usable. Located in Makindye.,2024-12-21,Google,Bukoto,neutral,okay delivery time product functional usable located makindye,61,8
3612,Decent value. Product works as expected. Located in Ntinda.,2024-05-14,Website,Makindye,neutral,decent value product work expected located ntinda,49,7
3613,Great products at affordable prices. Very satisfied with my purchase. Great experience!,2024-11-06,Facebook,Central,positive,great product affordable price satisfied purchase great experience,66,8
3614,Fair prices and acceptable quality. Nothing outstanding.,2023-12-18,Twitter,Kawempe,neutral,fair price acceptable quality nothing outstanding,49,6
3615,Professional service and high-quality products. Very happy! Located in Muyenga.,2023-09-18,Google,Bukoto,positive,professional service product happy located muyenga,50,6
3616,Great products at affordable prices. Very satisfied with my purchase.,2024-06-29,Facebook,Ntinda,positive,great product affordable price satisfied purchase,49,6
3617,"Fast delivery, good quality, fair prices. What more could you ask for? Located in Lubaga.",2024-02-07,Website,Kololo,positive,fast delivery good quality fair price could ask located lubaga,62,10
3618,Best customer service I've experienced. Products are top quality.,2024-07-03,Twitter,Lubaga,positive,best customer service experienced product top quality,53,7
3619,Great service! Very fast delivery in Kampala. Highly recommend! Great shipping!,2023-12-19,WhatsApp,Kampala,positive,great service fast delivery kampala highly recommend great shipping,67,9
3620,Fair experience overall. Nothing exceptional but acceptable.,2024-11-21,Twitter,Ntinda,neutral,fair experience overall nothing exceptional acceptable,54,6
3621,Amazing experience! The product arrived on time and in perfect condition. Great store!,2023-10-08,Website,Kololo,positive,amazing experience product arrived time perfect condition great store,69,9
3622,Top-notch quality. Exceeded my expectations completely. Great staff!,2024-05-22,Twitter,Muyenga,positive,quality exceeded expectation completely great staff,51,6
3623,"Outstanding business! Professional, reliable, and customer-focused. Located in Kawempe.",2024-11-28,Facebook,Kololo,positive,outstanding business professional reliable located kawempe,58,6
3624,Excellent products and service. Best in the area! Great product!,2023-09-18,Website,Ntinda,positive,excellent product service best area great product,49,7
3625,Best shopping experience! Quality products and great prices.,2024-10-22,Website,Kololo,positive,best shopping experience quality product great price,52,7
3626,Great prices and even better service. Highly recommend this business!,2024-12-10,WhatsApp,Bukoto,positive,great price even better service highly recommend business,57,8
3627,Decent quality products. Price is fair for what you receive.,2023-07-12,Facebook,Kampala,neutral,decent quality product price fair receive,41,6
3628,Best prices in Nakawa area. Great value for money.,2024-01-19,Google,Lubaga,positive,best price nakawa area great value money,40,7
3629,Worst shopping experience. Poor quality and terrible service.,2024-09-21,Google,Muyenga,negative,worst shopping experience poor quality terrible service,55,7
3630,Best prices in Nakawa area. Great value for money.,2024-10-23,Facebook,Makindye,positive,best price nakawa area great value money,40,7
3631,Excellent communication and fast delivery. Highly satisfied!,2023-03-26,Website,Lubaga,positive,excellent communication fast delivery highly satisfied,54,6
3632,Not satisfied with the product. Quality is below expectations. Great service!,2024-09-28,Google,Kawempe,negative,satisfied product quality expectation great service,51,6
3633,Customer service was unresponsive. Had to wait days for a reply.,2023-10-19,Website,Muyenga,negative,customer service unresponsive wait day reply,44,6
3634,"Fast delivery, good quality, fair prices. What more could you ask for?",2023-04-13,Facebook,Ntinda,positive,fast delivery good quality fair price could ask,47,8
3635,Okay service. Nothing special but gets the job done.,2023-03-01,Website,Ntinda,neutral,okay service nothing special get job done,41,7
3636,Average experience overall. Product is fine but not great.,2024-03-20,Twitter,Nakawa,neutral,average experience overall product fine great,45,6
3637,Decent service. No major complaints but nothing impressive.,2023-06-08,WhatsApp,Muyenga,neutral,decent service major complaint nothing impressive,49,6
3638,Amazing service! The team went above and beyond to help me.,2024-11-13,Website,Nakawa,positive,amazing service team went beyond help,37,6
3639,Outstanding service! The staff was very helpful and friendly. Located in Nakawa.,2024-10-25,Instagram,Makindye,positive,outstanding service staff helpful friendly located nakawa,57,7
3640,Product is fine. Meets expectations without exceeding them. Great shop!,2023-10-31,Facebook,Kawempe,neutral,product fine meet expectation without exceeding great shop,58,8
3641,Okay product quality. Price matches the value received.,2024-07-07,Google,Lubaga,neutral,okay product quality price match value received,47,7
3642,Decent quality products. Price is fair for what you receive. Located in Central.,2023-11-23,Instagram,Ntinda,neutral,decent quality product price fair receive located central,57,8
3643,Best shopping experience! Quality products and great prices. Located in Central. Great business!,2023-01-24,Google,Central,positive,best shopping experience quality product great price located central great business,83,11
3644,Great service! Very fast delivery in Kampala. Highly recommend! Located in Kampala.,2023-08-20,WhatsApp,Nakawa,positive,great service fast delivery kampala highly recommend located kampala,68,9
3645,Amazing experience! The product arrived on time and in perfect condition. Great quality!,2023-08-29,Twitter,Kawempe,positive,amazing experience product arrived time perfect condition great quality,71,9
3646,Best shop in Kawempe. Quality products and great service. Great support!,2024-09-22,Facebook,Muyenga,positive,best shop kawempe quality product great service great support,61,9
3647,Best shopping experience! Quality products and great prices. Great shop!,2023-09-18,Instagram,Kampala,positive,best shopping experience quality product great price great shop,63,9
3648,Decent value. Product works as expected.,2024-03-07,WhatsApp,Nakawa,neutral,decent value product work expected,34,5
3649,Fair value for money. Quality is acceptable but not premium.,2024-07-10,Google,Makindye,neutral,fair value money quality acceptable premium,43,6
3650,Product is fine. Meets expectations without exceeding them. Located in Ntinda.,2023-11-18,Twitter,Nakawa,neutral,product fine meet expectation without exceeding located ntinda,62,8
3651,Average product quality. Meets basic needs adequately. Great packaging!,2023-03-10,WhatsApp,Kololo,neutral,average product quality meet basic need adequately great packaging,66,9
3652,Love the product quality. Fast shipping and good packaging.,2023-01-01,Twitter,Muyenga,positive,love product quality fast shipping good packaging,49,7
3653,Average product quality. Meets basic expectations. Located in Kololo.,2023-12-16,Twitter,Bukoto,neutral,average product quality meet basic expectation located kololo,61,8
3654,Outstanding service! The staff was very helpful and friendly.,2024-05-29,Google,Kawempe,positive,outstanding service staff helpful friendly,42,5
3655,Great value for money. Fast delivery and excellent packaging.,2023-02-19,Facebook,Makindye,positive,great value money fast delivery excellent packaging,51,7
3656,Great experience overall. Will be a returning customer. Located in Ntinda.,2023-06-13,Twitter,Muyenga,positive,great experience overall returning customer located ntinda,58,7
3657,Great products at affordable prices. Very satisfied with my purchase.,2024-07-09,WhatsApp,Lubaga,positive,great product affordable price satisfied purchase,49,6
3658,Average product quality. Meets basic expectations.,2023-03-07,Google,Ntinda,neutral,average product quality meet basic expectation,46,6
3659,Amazing experience! The product arrived on time and in perfect condition. Located in Nakawa.,2023-04-04,Instagram,Bukoto,positive,amazing experience product arrived time perfect condition located nakawa,72,9
3660,Overpriced compared to other shops in Nakawa area.,2023-08-16,Twitter,Ntinda,negative,overpriced compared shop nakawa area,36,5
3661,Standard business service. Acceptable but not exceptional.,2024-11-14,Twitter,Muyenga,neutral,standard business service acceptable exceptional,48,5
3662,Professional service and high-quality products. Very happy! Located in Kawempe.,2024-06-30,Facebook,Muyenga,positive,professional service product happy located kawempe,50,6
3663,Standard service. No complaints but nothing exceptional either.,2023-06-10,Google,Central,neutral,standard service complaint nothing exceptional either,53,6
3664,Excellent products and service. Best in the area! Great restaurant!,2024-06-01,Facebook,Kawempe,positive,excellent product service best area great restaurant,52,7
3665,Fair prices and acceptable quality. Nothing outstanding.,2024-08-09,Instagram,Nakawa,neutral,fair price acceptable quality nothing outstanding,49,6
3666,Decent service. No major complaints but nothing impressive.,2023-06-28,Twitter,Kololo,neutral,decent service major complaint nothing impressive,49,6
3667,Top quality products at reasonable prices. Highly recommended! Located in Muyenga.,2024-01-01,Facebook,Kampala,positive,top quality product reasonable price highly recommended located muyenga,71,9
3668,Standard experience. Product does what it needs to do.,2024-06-21,Instagram,Lubaga,neutral,standard experience product need,32,4
3669,Great service! Very fast delivery in Kampala. Highly recommend! Located in Makindye.,2023-02-05,Twitter,Nakawa,positive,great service fast delivery kampala highly recommend located makindye,69,9
3670,Best shopping experience! Quality products and great prices.,2024-05-29,WhatsApp,Bukoto,positive,best shopping experience quality product great price,52,7
3671,Great service! Very fast delivery in Kampala. Highly recommend!,2023-08-06,Twitter,Nakawa,positive,great service fast delivery kampala highly recommend,52,7
3672,Okay service. Product meets basic requirements.,2024-12-22,Facebook,Kawempe,neutral,okay service product meet basic requirement,43,6
3673,Decent service. No major complaints but nothing impressive. Located in Muyenga.,2023-07-16,Website,Nakawa,neutral,decent service major complaint nothing impressive located muyenga,65,8
3674,Standard delivery time. Product quality is average.,2023-10-15,Instagram,Lubaga,neutral,standard delivery time product quality average,46,6
3675,Product is functional. Does what it's supposed to do. Located in Central.,2023-08-22,Twitter,Muyenga,neutral,product functional supposed located central,43,5
3676,Outstanding quality and service. Will definitely shop here again. Great shipping!,2023-11-18,Twitter,Makindye,positive,outstanding quality service definitely shop great shipping,58,7
3677,Best shopping experience! Quality products and great prices.,2024-08-23,WhatsApp,Ntinda,positive,best shopping experience quality product great price,52,7
3678,"Fast shipping, good quality, and excellent customer support.",2024-10-31,Instagram,Kampala,positive,fast shipping good quality excellent customer support,53,7
3679,Love shopping here! Always get great deals and quality products.,2023-06-24,WhatsApp,Nakawa,positive,love shopping always get great deal quality product,51,8
3680,Excellent communication and fast delivery. Highly satisfied!,2023-09-07,WhatsApp,Makindye,positive,excellent communication fast delivery highly satisfied,54,6
3681,Excellent business! Highly professional and reliable. Located in Kawempe.,2024-12-17,WhatsApp,Central,positive,excellent business highly professional reliable located kawempe,63,7
3682,"Fast shipping, good quality, and excellent customer support. Great packaging!",2024-10-28,Twitter,Kampala,positive,fast shipping good quality excellent customer support great packaging,69,9
3683,Top-notch quality. Exceeded my expectations completely.,2023-12-09,Twitter,Muyenga,positive,quality exceeded expectation completely,39,4
3684,Excellent products and service. Best in the area! Located in Lubaga. Great customer!,2024-08-22,Facebook,Muyenga,positive,excellent product service best area located lubaga great customer,65,9
3685,Excellent business! Highly professional and reliable.,2024-09-18,WhatsApp,Kawempe,positive,excellent business highly professional reliable,47,5
3686,Great service! Very fast delivery in Kampala. Highly recommend!,2023-11-03,WhatsApp,Kampala,positive,great service fast delivery kampala highly recommend,52,7
3687,Amazing service! The team went above and beyond to help me.,2023-07-21,Website,Makindye,positive,amazing service team went beyond help,37,6
3688,Best shopping experience! Quality products and great prices. Great quality!,2023-05-09,Website,Lubaga,positive,best shopping experience quality product great price great quality,66,9
3689,Average quality. Nothing special but nothing wrong either.,2024-05-02,Instagram,Lubaga,neutral,average quality nothing special nothing wrong either,52,7
3690,Disappointing experience. Would not recommend this shop.,2024-08-05,Instagram,Bukoto,negative,disappointing experience would recommend shop,45,5
3691,Quick response time and excellent customer care. Highly recommended! Located in Kawempe.,2024-07-13,WhatsApp,Kampala,positive,quick response time excellent customer care highly recommended located kawempe,78,10
3692,Quick response time and excellent customer care. Highly recommended! Great delivery!,2023-10-16,Twitter,Kawempe,positive,quick response time excellent customer care highly recommended great delivery,77,10
3693,Very disappointed. Product quality is poor and service is worse. Located in Makindye.,2023-12-02,Website,Kololo,negative,disappointed product quality poor service worse located makindye,64,8
3694,Great products at affordable prices. Very satisfied with my purchase.,2024-02-10,Twitter,Kololo,positive,great product affordable price satisfied purchase,49,6
3695,Outstanding service! The staff was very helpful and friendly. Great delivery!,2023-02-08,WhatsApp,Ntinda,positive,outstanding service staff helpful friendly great delivery,57,7
3696,Average product quality. Meets basic expectations.,2024-01-23,WhatsApp,Central,neutral,average product quality meet basic expectation,46,6
3697,Product was defective but they refused to refund. Bad business.,2023-12-10,Instagram,Muyenga,negative,product defective refused refund bad business,45,6
3698,Outstanding quality and service. Will definitely shop here again.,2023-10-25,Instagram,Lubaga,positive,outstanding quality service definitely shop,43,5
3699,Terrible customer service. No help when I had an issue.,2023-10-25,Instagram,Kawempe,negative,terrible customer service help issue,36,5
3700,Customer service was unresponsive. Had to wait days for a reply.,2024-12-23,Twitter,Kawempe,negative,customer service unresponsive wait day reply,44,6
3701,"Outstanding business! Professional, reliable, and customer-focused.",2023-05-23,Google,Makindye,positive,outstanding business professional reliable,42,4
3702,Average quality. Nothing special but nothing wrong either. Great business!,2023-09-17,WhatsApp,Bukoto,neutral,average quality nothing special nothing wrong either great business,67,9
3703,"Fast delivery, good quality, fair prices. What more could you ask for? Located in Makindye. Great experience!",2023-04-26,WhatsApp,Kampala,positive,fast delivery good quality fair price could ask located makindye great experience,81,12
3704,Would not buy from here again. Poor experience overall.,2024-07-15,Twitter,Lubaga,negative,would buy poor experience overall,33,5
3705,Amazing service! The team went above and beyond to help me. Great quality!,2023-01-03,Instagram,Makindye,positive,amazing service team went beyond help great quality,51,8
3706,Professional service and high-quality products. Very happy! Located in Kampala.,2023-08-13,Twitter,Central,positive,professional service product happy located kampala,50,6
3707,Quick response time and excellent customer care. Highly recommended!,2023-09-11,Google,Nakawa,positive,quick response time excellent customer care highly recommended,62,8
3708,Standard service. No complaints but nothing exceptional either.,2024-03-24,Facebook,Kampala,neutral,standard service complaint nothing exceptional either,53,6
3709,"Outstanding business! Professional, reliable, and customer-focused. Great service!",2024-02-02,WhatsApp,Muyenga,positive,outstanding business professional reliable great service,56,6
3710,Very satisfied with my purchase. Great quality and fast delivery.,2023-06-12,Facebook,Kawempe,positive,satisfied purchase great quality fast delivery,46,6
3711,Average quality products. Functional but not impressive. Great restaurant!,2024-01-20,Website,Bukoto,neutral,average quality product functional impressive great restaurant,62,7
3712,Great prices and even better service. Highly recommend this business!,2023-11-27,Twitter,Lubaga,positive,great price even better service highly recommend business,57,8
3713,Overpriced products with low quality. Not good value for money.,2023-04-06,Twitter,Kampala,negative,overpriced product low quality good value money,47,7
3714,Product is fine. Meets expectations without exceeding them.,2024-07-18,Twitter,Kololo,neutral,product fine meet expectation without exceeding,47,6
3715,Very satisfied with my purchase. Great quality and fast delivery. Located in Muyenga. Great purchase!,2024-04-11,Instagram,Central,positive,satisfied purchase great quality fast delivery located muyenga great purchase,77,10
3716,Very disappointed with the quality. Not worth the money paid. Great packaging!,2024-09-14,Facebook,Kampala,negative,disappointed quality worth money paid great packaging,53,7
3717,Amazing service! The team went above and beyond to help me.,2023-11-22,Twitter,Muyenga,positive,amazing service team went beyond help,37,6
3718,Poor value for money. Better options available elsewhere.,2023-04-03,Instagram,Kololo,negative,poor value money better option available elsewhere,50,7
3719,Standard business service. Acceptable but not exceptional.,2024-06-18,Instagram,Kawempe,neutral,standard business service acceptable exceptional,48,5
3720,Average quality products. Functional but not impressive. Great product!,2024-05-31,Facebook,Lubaga,neutral,average quality product functional impressive great product,59,7
3721,Top quality products at reasonable prices. Highly recommended!,2024-08-09,WhatsApp,Kololo,positive,top quality product reasonable price highly recommended,55,7
3722,Great experience overall. Will be a returning customer. Located in Bukoto.,2023-10-16,Instagram,Ntinda,positive,great experience overall returning customer located bukoto,58,7
3723,Decent service. No major complaints but nothing impressive. Great delivery!,2024-10-16,Facebook,Kawempe,neutral,decent service major complaint nothing impressive great delivery,64,8
3724,Outstanding service! The staff was very helpful and friendly.,2024-04-23,Instagram,Muyenga,positive,outstanding service staff helpful friendly,42,5
3725,Great experience overall. Will be a returning customer. Located in Central.,2023-08-11,Instagram,Lubaga,positive,great experience overall returning customer located central,59,7
3726,Great service! Very fast delivery in Kampala. Highly recommend! Great packaging!,2023-03-01,Twitter,Bukoto,positive,great service fast delivery kampala highly recommend great packaging,68,9
3727,Quick response time and excellent customer care. Highly recommended!,2024-10-28,Instagram,Kawempe,positive,quick response time excellent customer care highly recommended,62,8
3728,Customer service was unresponsive. Had to wait days for a reply. Located in Bukoto.,2024-12-19,Instagram,Kampala,negative,customer service unresponsive wait day reply located bukoto,59,8
3729,Product works as expected. No major issues or complaints.,2024-02-12,Twitter,Nakawa,neutral,product work expected major issue complaint,43,6
3730,Excellent customer support. They responded quickly to my questions.,2023-06-05,Twitter,Makindye,positive,excellent customer support responded quickly question,53,6
3731,Top quality products at reasonable prices. Highly recommended! Great shipping!,2023-01-01,Google,Central,positive,top quality product reasonable price highly recommended great shipping,70,9
3732,Outstanding service! The staff was very helpful and friendly. Great purchase!,2023-11-23,Facebook,Nakawa,positive,outstanding service staff helpful friendly great purchase,57,7
3733,Fair value for money. Quality is acceptable but not premium.,2024-02-06,Instagram,Central,neutral,fair value money quality acceptable premium,43,6
3734,Amazing quality products. Will definitely buy again from this shop. Great store!,2024-11-23,Facebook,Kawempe,positive,amazing quality product definitely buy shop great store,55,8
3735,Product was defective but they refused to refund. Bad business.,2024-09-03,Twitter,Ntinda,negative,product defective refused refund bad business,45,6
3736,Amazing service! The team went above and beyond to help me.,2023-06-01,Google,Kawempe,positive,amazing service team went beyond help,37,6
3737,Decent value. Product works as expected. Great shop!,2023-02-06,Facebook,Makindye,neutral,decent value product work expected great shop,45,7
3738,Best shopping experience! Quality products and great prices.,2024-03-19,Website,Nakawa,positive,best shopping experience quality product great price,52,7
3739,Customer service needs major improvement. Very unprofessional.,2024-03-04,Google,Kawempe,negative,customer service need major improvement unprofessional,54,6
3740,Customer service needs major improvement. Very unprofessional. Located in Muyenga.,2024-04-01,Instagram,Lubaga,negative,customer service need major improvement unprofessional located muyenga,70,8
3741,Fair experience overall. Nothing exceptional but acceptable. Located in Bukoto. Great purchase!,2024-03-06,WhatsApp,Muyenga,neutral,fair experience overall nothing exceptional acceptable located bukoto great purchase,84,10
3742,Love shopping here! Always get great deals and quality products.,2023-07-07,Website,Nakawa,positive,love shopping always get great deal quality product,51,8
3743,Standard quality. Nothing to complain about or praise.,2024-01-25,Instagram,Central,neutral,standard quality nothing complain praise,40,5
3744,Great value for money. Fast delivery and excellent packaging. Great delivery!,2024-10-15,Website,Kampala,positive,great value money fast delivery excellent packaging great delivery,66,9
3745,"Fast shipping, good quality, and excellent customer support.",2024-07-03,Google,Lubaga,positive,fast shipping good quality excellent customer support,53,7
3746,Love the product quality. Fast shipping and good packaging. Located in Lubaga.,2023-10-12,Twitter,Bukoto,positive,love product quality fast shipping good packaging located lubaga,64,9
3747,Excellent communication and fast delivery. Highly satisfied! Located in Kawempe.,2024-12-12,Twitter,Kawempe,positive,excellent communication fast delivery highly satisfied located kawempe,70,8
3748,Terrible customer service. No help when I had an issue.,2024-12-11,Google,Bukoto,negative,terrible customer service help issue,36,5
3749,Love shopping here! Always get great deals and quality products.,2024-02-18,Google,Nakawa,positive,love shopping always get great deal quality product,51,8
3750,"Fast shipping, good quality, and excellent customer support.",2023-11-23,Facebook,Kololo,positive,fast shipping good quality excellent customer support,53,7
3751,Great prices and even better service. Highly recommend this business!,2024-11-17,WhatsApp,Kawempe,positive,great price even better service highly recommend business,57,8
3752,Excellent communication and fast delivery. Highly satisfied! Located in Lubaga.,2023-06-05,Facebook,Kawempe,positive,excellent communication fast delivery highly satisfied located lubaga,69,8
3753,Product was different from what was advertised. Misleading description.,2023-04-28,Instagram,Ntinda,negative,product different advertised misleading description,51,5
3754,"Fast shipping, good quality, and excellent customer support.",2023-02-06,Website,Central,positive,fast shipping good quality excellent customer support,53,7
3755,Excellent communication and fast delivery. Highly satisfied!,2023-12-01,WhatsApp,Nakawa,positive,excellent communication fast delivery highly satisfied,54,6
3756,Great experience from start to finish. Will shop here again! Located in Makindye. Great staff!,2024-04-11,Website,Nakawa,positive,great experience start finish shop located makindye great staff,63,9
3757,Overpriced compared to other shops in Nakawa area.,2024-05-11,Instagram,Nakawa,negative,overpriced compared shop nakawa area,36,5
3758,Excellent business! Highly professional and reliable.,2024-03-02,Twitter,Nakawa,positive,excellent business highly professional reliable,47,5
3759,Product arrived damaged and customer service refused to help. Located in Makindye.,2024-10-09,WhatsApp,Kawempe,negative,product arrived damaged customer service refused help located makindye,70,9
3760,Product is functional. Does what it's supposed to do. Great service!,2023-10-01,Twitter,Lubaga,neutral,product functional supposed great service,41,5
3761,Average product quality. Meets basic needs adequately. Located in Kololo.,2023-03-11,Twitter,Kawempe,neutral,average product quality meet basic need adequately located kololo,65,9
3762,Professional service and high-quality products. Very happy! Located in Kololo.,2023-08-20,Facebook,Kampala,positive,professional service product happy located kololo,49,6
3763,Great value for money. Fast delivery and excellent packaging.,2024-03-30,Facebook,Central,positive,great value money fast delivery excellent packaging,51,7
3764,Top quality products at reasonable prices. Highly recommended! Located in Ntinda.,2024-07-23,Google,Nakawa,positive,top quality product reasonable price highly recommended located ntinda,70,9
3765,Product is functional. Does what it's supposed to do. Located in Bukoto.,2023-04-22,WhatsApp,Muyenga,neutral,product functional supposed located bukoto,42,5
3766,"Fast delivery, good quality, fair prices. What more could you ask for?",2023-01-09,Twitter,Bukoto,positive,fast delivery good quality fair price could ask,47,8
3767,Overpriced compared to other shops in Nakawa area. Great restaurant!,2024-01-13,Facebook,Ntinda,negative,overpriced compared shop nakawa area great restaurant,53,7
3768,Fair value for money. Quality is acceptable but not premium. Located in Kololo.,2023-05-05,Instagram,Kampala,neutral,fair value money quality acceptable premium located kololo,58,8
3769,Overpriced products with low quality. Not good value for money.,2023-02-05,Google,Kampala,negative,overpriced product low quality good value money,47,7
3770,Very satisfied with my purchase. Great quality and fast delivery. Located in Makindye.,2024-05-31,Instagram,Lubaga,positive,satisfied purchase great quality fast delivery located makindye,63,8
3771,Excellent communication and fast delivery. Highly satisfied! Located in Makindye.,2023-07-22,Instagram,Muyenga,positive,excellent communication fast delivery highly satisfied located makindye,71,8
3772,Great products at affordable prices. Very satisfied with my purchase.,2023-11-19,Website,Ntinda,positive,great product affordable price satisfied purchase,49,6
3773,Product was defective but they refused to refund. Bad business.,2023-09-20,Google,Makindye,negative,product defective refused refund bad business,45,6
3774,"Fast delivery, good quality, fair prices. What more could you ask for? Located in Makindye.",2023-10-20,Google,Bukoto,positive,fast delivery good quality fair price could ask located makindye,64,10
3775,Average product quality. Meets basic expectations. Located in Nakawa.,2023-02-12,Facebook,Ntinda,neutral,average product quality meet basic expectation located nakawa,61,8
3776,Best prices in Nakawa area. Great value for money. Great purchase!,2024-09-22,Twitter,Lubaga,positive,best price nakawa area great value money great purchase,55,9
3777,Fair value for money. Quality is acceptable but not premium.,2024-09-19,Instagram,Bukoto,neutral,fair value money quality acceptable premium,43,6
3778,Outstanding service! The staff was very helpful and friendly. Located in Makindye. Great staff!,2023-10-16,Facebook,Bukoto,positive,outstanding service staff helpful friendly located makindye great staff,71,9
3779,Great products at affordable prices. Very satisfied with my purchase. Located in Kampala.,2023-10-06,Google,Kawempe,positive,great product affordable price satisfied purchase located kampala,65,8
3780,Product works fine. Decent quality for the price paid. Great experience!,2024-07-30,Facebook,Muyenga,neutral,product work fine decent quality price paid great experience,60,9
3781,Outstanding service! The staff was very helpful and friendly. Located in Central.,2023-06-17,WhatsApp,Makindye,positive,outstanding service staff helpful friendly located central,58,7
3782,Okay delivery time. Product is functional and usable. Great restaurant!,2024-07-12,Google,Kawempe,neutral,okay delivery time product functional usable great restaurant,61,8
3783,Okay delivery time. Product is functional and usable.,2023-12-15,Instagram,Kampala,neutral,okay delivery time product functional usable,44,6
3784,Would not buy from here again. Poor experience overall.,2024-04-06,WhatsApp,Bukoto,negative,would buy poor experience overall,33,5
3785,Quick response time and excellent customer care. Highly recommended! Located in Central. Great support!,2024-01-24,Instagram,Lubaga,positive,quick response time excellent customer care highly recommended located central great support,92,12
3786,Outstanding service! The staff was very helpful and friendly.,2024-09-02,Google,Lubaga,positive,outstanding service staff helpful friendly,42,5
3787,Product broke after just one week of use. Very poor quality.,2023-05-01,Facebook,Lubaga,negative,product broke one week use poor quality,39,7
3788,Delivery was on time. Product is as expected. Great product!,2024-06-28,Google,Makindye,neutral,delivery time product expected great product,44,6
3789,Poor packaging led to damaged goods. Very unprofessional.,2024-10-18,Website,Muyenga,negative,poor packaging led damaged good unprofessional,46,6
3790,Great service! Very fast delivery in Kampala. Highly recommend!,2024-03-26,Facebook,Kampala,positive,great service fast delivery kampala highly recommend,52,7
3791,Outstanding quality and service. Will definitely shop here again.,2024-02-12,Facebook,Ntinda,positive,outstanding quality service definitely shop,43,5
3792,"Outstanding business! Professional, reliable, and customer-focused.",2024-01-29,WhatsApp,Ntinda,positive,outstanding business professional reliable,42,4
3793,Standard quality. Nothing to complain about or praise.,2024-07-10,Twitter,Kawempe,neutral,standard quality nothing complain praise,40,5
3794,Customer service needs major improvement. Very unprofessional.,2023-06-12,Twitter,Kololo,negative,customer service need major improvement unprofessional,54,6
3795,Best prices in Nakawa area. Great value for money.,2023-02-03,Instagram,Ntinda,positive,best price nakawa area great value money,40,7
3796,Product is fine. Meets expectations without exceeding them. Located in Nakawa.,2024-06-10,WhatsApp,Makindye,neutral,product fine meet expectation without exceeding located nakawa,62,8
3797,Standard delivery. Product works but quality is average. Located in Central.,2023-09-15,Google,Makindye,neutral,standard delivery product work quality average located central,62,8
3798,Great value for money. Fast delivery and excellent packaging.,2023-12-14,Google,Lubaga,positive,great value money fast delivery excellent packaging,51,7
3799,Fair experience overall. Nothing exceptional but acceptable. Located in Muyenga.,2023-02-14,Twitter,Kampala,neutral,fair experience overall nothing exceptional acceptable located muyenga,70,8
3800,Top quality products at reasonable prices. Highly recommended! Located in Muyenga.,2023-01-01,Facebook,Bukoto,positive,top quality product reasonable price highly recommended located muyenga,71,9
3801,Top-notch quality. Exceeded my expectations completely. Great shipping!,2024-11-30,Twitter,Nakawa,positive,quality exceeded expectation completely great shipping,54,6
3802,Best prices in Nakawa area. Great value for money.,2024-05-14,Website,Makindye,positive,best price nakawa area great value money,40,7
3803,"Outstanding business! Professional, reliable, and customer-focused.",2023-06-04,WhatsApp,Ntinda,positive,outstanding business professional reliable,42,4
3804,Great service! Very fast delivery in Kampala. Highly recommend!,2023-02-12,Website,Central,positive,great service fast delivery kampala highly recommend,52,7
3805,Standard service. No complaints but nothing exceptional either. Located in Bukoto.,2024-03-30,WhatsApp,Ntinda,neutral,standard service complaint nothing exceptional either located bukoto,68,8
3806,Best customer service I've experienced. Products are top quality. Located in Makindye.,2024-06-29,Twitter,Makindye,positive,best customer service experienced product top quality located makindye,70,9
3807,Amazing quality products. Will definitely buy again from this shop.,2024-04-21,WhatsApp,Central,positive,amazing quality product definitely buy shop,43,6
3808,Decent quality products. Price is fair for what you receive.,2023-11-30,Facebook,Lubaga,neutral,decent quality product price fair receive,41,6
3809,Excellent business! Highly professional and reliable.,2023-05-01,Website,Ntinda,positive,excellent business highly professional reliable,47,5
3810,Great products at affordable prices. Very satisfied with my purchase.,2024-03-12,WhatsApp,Nakawa,positive,great product affordable price satisfied purchase,49,6
3811,Top-notch quality. Exceeded my expectations completely.,2024-11-29,Instagram,Bukoto,positive,quality exceeded expectation completely,39,4
3812,Product was different from what was advertised. Misleading description.,2023-10-17,Twitter,Nakawa,negative,product different advertised misleading description,51,5
3813,Disappointing experience. Would not recommend this shop.,2024-11-30,Instagram,Makindye,negative,disappointing experience would recommend shop,45,5
3814,Decent quality products. Price is fair for what you receive.,2024-02-22,Twitter,Makindye,neutral,decent quality product price fair receive,41,6
3815,Quick response time and excellent customer care. Highly recommended! Located in Kololo.,2024-04-23,Instagram,Ntinda,positive,quick response time excellent customer care highly recommended located kololo,77,10
3816,Okay delivery time. Product is functional and usable.,2023-06-05,Website,Ntinda,neutral,okay delivery time product functional usable,44,6
3817,Great service! Very fast delivery in Kampala. Highly recommend! Located in Bukoto.,2023-09-26,Facebook,Central,positive,great service fast delivery kampala highly recommend located bukoto,67,9
3818,Top-notch quality. Exceeded my expectations completely.,2023-11-28,Google,Kampala,positive,quality exceeded expectation completely,39,4
3819,Product works fine. Decent quality for the price paid.,2024-02-12,WhatsApp,Ntinda,neutral,product work fine decent quality price paid,43,7
3820,Great service! Very fast delivery in Kampala. Highly recommend! Located in Kampala.,2023-08-13,Website,Kampala,positive,great service fast delivery kampala highly recommend located kampala,68,9
3821,"Fast shipping, good quality, and excellent customer support. Located in Lubaga. Great experience!",2024-01-06,WhatsApp,Muyenga,positive,fast shipping good quality excellent customer support located lubaga great experience,85,11
3822,Excellent customer support. They responded quickly to my questions. Located in Bukoto.,2023-06-08,Twitter,Kawempe,positive,excellent customer support responded quickly question located bukoto,68,8
3823,Great business with excellent customer care. Very professional. Located in Muyenga. Great price!,2023-10-15,Facebook,Kawempe,positive,great business excellent customer care professional located muyenga great price,79,10
3824,"Outstanding business! Professional, reliable, and customer-focused.",2023-01-05,Instagram,Kampala,positive,outstanding business professional reliable,42,4
3825,"Fast shipping, good quality, and excellent customer support.",2024-02-14,Google,Bukoto,positive,fast shipping good quality excellent customer support,53,7
3826,Outstanding service! The staff was very helpful and friendly.,2023-02-10,Google,Nakawa,positive,outstanding service staff helpful friendly,42,5
3827,Great prices and even better service. Highly recommend this business! Great staff!,2023-02-22,Twitter,Muyenga,positive,great price even better service highly recommend business great staff,69,10
3828,Overpriced products with low quality. Not good value for money.,2023-08-11,Instagram,Makindye,negative,overpriced product low quality good value money,47,7
3829,Best shop in Kawempe. Quality products and great service. Located in Lubaga.,2024-01-03,WhatsApp,Kampala,positive,best shop kawempe quality product great service located lubaga,62,9
3830,Excellent products and service. Best in the area!,2024-01-06,Twitter,Makindye,positive,excellent product service best area,35,5
3831,Average quality products. Functional but not impressive.,2024-01-05,WhatsApp,Ntinda,neutral,average quality product functional impressive,45,5
3832,Delivery issues. Package arrived late and damaged. Located in Central.,2024-06-22,Instagram,Kampala,negative,delivery issue package arrived late damaged located central,59,8
3833,Excellent customer support. They responded quickly to my questions. Great order!,2024-08-13,Facebook,Bukoto,positive,excellent customer support responded quickly question great order,65,8
3834,Product was different from what was advertised. Misleading description.,2024-02-26,WhatsApp,Makindye,negative,product different advertised misleading description,51,5
3835,Excellent products and service. Best in the area! Great delivery!,2024-06-09,Instagram,Ntinda,positive,excellent product service best area great delivery,50,7
3836,Excellent business! Highly professional and reliable.,2024-09-19,Instagram,Kawempe,positive,excellent business highly professional reliable,47,5
3837,"Fast shipping, good quality, and excellent customer support. Located in Ntinda.",2023-05-10,Website,Lubaga,positive,fast shipping good quality excellent customer support located ntinda,68,9
3838,Fair prices and acceptable quality. Nothing outstanding.,2024-04-26,Twitter,Central,neutral,fair price acceptable quality nothing outstanding,49,6
3839,Great value for money. Fast delivery and excellent packaging.,2023-09-07,WhatsApp,Kololo,positive,great value money fast delivery excellent packaging,51,7
3840,"Fast delivery, good quality, fair prices. What more could you ask for? Great business!",2023-12-11,Instagram,Central,positive,fast delivery good quality fair price could ask great business,62,10
3841,Best prices in Nakawa area. Great value for money.,2024-07-26,Google,Muyenga,positive,best price nakawa area great value money,40,7
3842,Excellent products and service. Best in the area!,2024-06-23,WhatsApp,Kampala,positive,excellent product service best area,35,5
3843,Fair prices and acceptable quality. Nothing outstanding.,2023-05-06,Google,Kampala,neutral,fair price acceptable quality nothing outstanding,49,6
3844,Delivery was delayed multiple times. Very frustrating experience.,2024-01-23,Facebook,Bukoto,negative,delivery delayed multiple time frustrating experience,53,6
3845,Product is fine. Meets expectations without exceeding them. Located in Kampala.,2023-10-26,Facebook,Kawempe,neutral,product fine meet expectation without exceeding located kampala,63,8
3846,Best customer service I've experienced. Products are top quality. Located in Muyenga. Great service!,2024-12-01,Google,Central,positive,best customer service experienced product top quality located muyenga great service,83,11
3847,Product was damaged on arrival. Poor packaging quality.,2024-02-28,Facebook,Kawempe,negative,product damaged arrival poor packaging quality,46,6
3848,Excellent products and service. Best in the area!,2024-05-12,Facebook,Kampala,positive,excellent product service best area,35,5
3849,Excellent customer support. They responded quickly to my questions. Located in Lubaga.,2023-05-14,Instagram,Lubaga,positive,excellent customer support responded quickly question located lubaga,68,8
3850,Love the product quality. Fast shipping and good packaging.,2024-12-07,Website,Kawempe,positive,love product quality fast shipping good packaging,49,7
3851,Customer service is terrible. No one responds to complaints.,2024-02-09,Twitter,Makindye,negative,customer service terrible one responds complaint,48,6
3852,Great experience from start to finish. Will shop here again! Located in Kawempe.,2023-03-12,WhatsApp,Lubaga,positive,great experience start finish shop located kawempe,50,7
3853,Best shopping experience! Quality products and great prices.,2024-07-01,WhatsApp,Kawempe,positive,best shopping experience quality product great price,52,7
3854,Great business with excellent customer care. Very professional. Located in Muyenga.,2023-08-19,Website,Kololo,positive,great business excellent customer care professional located muyenga,67,8
3855,Decent value. Product works as expected. Located in Makindye.,2024-09-13,Instagram,Makindye,neutral,decent value product work expected located makindye,51,7
3856,Professional service and high-quality products. Very happy!,2023-09-21,Facebook,Nakawa,positive,professional service product happy,34,4
3857,Excellent products and service. Best in the area!,2024-10-02,Twitter,Lubaga,positive,excellent product service best area,35,5
3858,Average product quality. Meets basic needs adequately.,2024-11-07,Google,Kawempe,neutral,average product quality meet basic need adequately,50,7
3859,Average experience overall. Product is fine but not great. Great restaurant!,2024-10-24,WhatsApp,Makindye,neutral,average experience overall product fine great great restaurant,62,8
3860,Top quality products at reasonable prices. Highly recommended!,2023-02-18,WhatsApp,Kawempe,positive,top quality product reasonable price highly recommended,55,7
3861,Very satisfied with my purchase. Great quality and fast delivery.,2023-08-15,Website,Kololo,positive,satisfied purchase great quality fast delivery,46,6
3862,Standard service. No complaints but nothing exceptional either. Located in Central.,2023-01-23,Instagram,Muyenga,neutral,standard service complaint nothing exceptional either located central,69,8
3863,Excellent customer support. They responded quickly to my questions.,2024-09-10,Website,Kawempe,positive,excellent customer support responded quickly question,53,6
3864,Very satisfied with my purchase. Great quality and fast delivery.,2024-03-17,Twitter,Nakawa,positive,satisfied purchase great quality fast delivery,46,6
3865,Okay product quality. Price matches the value received. Located in Kawempe. Great support!,2023-02-06,Twitter,Makindye,neutral,okay product quality price match value received located kawempe great support,77,11
3866,Average experience. Product is functional and adequate.,2024-06-07,Google,Ntinda,neutral,average experience product functional adequate,46,5
3867,Very satisfied with my purchase. Great quality and fast delivery.,2024-09-14,Twitter,Kampala,positive,satisfied purchase great quality fast delivery,46,6
3868,Poor value for money. Better options available elsewhere.,2024-02-19,Google,Nakawa,negative,poor value money better option available elsewhere,50,7
3869,Top-notch quality. Exceeded my expectations completely. Great delivery!,2024-07-09,Google,Bukoto,positive,quality exceeded expectation completely great delivery,54,6
3870,"Fast shipping, good quality, and excellent customer support. Located in Ntinda. Great experience!",2023-05-01,Twitter,Ntinda,positive,fast shipping good quality excellent customer support located ntinda great experience,85,11
3871,Okay service. Product meets basic requirements.,2024-08-17,Google,Kawempe,neutral,okay service product meet basic requirement,43,6
3872,Great business with excellent customer care. Very professional. Located in Makindye.,2024-05-30,WhatsApp,Kololo,positive,great business excellent customer care professional located makindye,68,8
3873,Terrible customer service. No help when I had an issue. Great restaurant!,2024-12-01,WhatsApp,Central,negative,terrible customer service help issue great restaurant,53,7
3874,Top-notch quality. Exceeded my expectations completely.,2024-11-26,Google,Nakawa,positive,quality exceeded expectation completely,39,4
3875,Very satisfied with my purchase. Great quality and fast delivery.,2024-06-12,Twitter,Kololo,positive,satisfied purchase great quality fast delivery,46,6
3876,Love shopping here! Always get great deals and quality products.,2024-03-17,Google,Makindye,positive,love shopping always get great deal quality product,51,8
3877,Product arrived damaged and customer service refused to help.,2024-07-23,Instagram,Lubaga,negative,product arrived damaged customer service refused help,53,7
3878,Okay product quality. Price matches the value received.,2024-06-27,Facebook,Kawempe,neutral,okay product quality price match value received,47,7
3879,Top quality products at reasonable prices. Highly recommended! Great shipping!,2023-11-18,Website,Muyenga,positive,top quality product reasonable price highly recommended great shipping,70,9
3880,Great prices and even better service. Highly recommend this business!,2024-06-23,Instagram,Bukoto,positive,great price even better service highly recommend business,57,8
3881,Professional service and high-quality products. Very happy! Great restaurant!,2023-12-01,WhatsApp,Makindye,positive,professional service product happy great restaurant,51,6
3882,Great experience overall. Will be a returning customer. Located in Kawempe.,2023-08-09,Facebook,Makindye,positive,great experience overall returning customer located kawempe,59,7
3883,Customer service is terrible. No one responds to complaints.,2023-02-19,Twitter,Kampala,negative,customer service terrible one responds complaint,48,6
3884,Great experience from start to finish. Will shop here again! Located in Lubaga.,2023-03-09,Google,Kampala,positive,great experience start finish shop located lubaga,49,7
3885,Love shopping here! Always get great deals and quality products. Located in Kololo.,2023-12-06,Twitter,Central,positive,love shopping always get great deal quality product located kololo,66,10
3886,Product is functional. Does what it's supposed to do. Located in Nakawa.,2024-11-26,Twitter,Ntinda,neutral,product functional supposed located nakawa,42,5
3887,Excellent business! Highly professional and reliable. Great quality!,2023-11-22,WhatsApp,Ntinda,positive,excellent business highly professional reliable great quality,61,7
3888,Okay experience. Nothing to complain about but not impressed either. Great restaurant!,2024-05-07,Google,Bukoto,neutral,okay experience nothing complain impressed either great restaurant,66,8
3889,Okay service. Nothing special but gets the job done. Located in Kololo. Great shipping!,2023-07-27,Instagram,Bukoto,neutral,okay service nothing special get job done located kololo great shipping,71,11
3890,Quick response time and excellent customer care. Highly recommended!,2024-04-18,Website,Kololo,positive,quick response time excellent customer care highly recommended,62,8
3891,Average product quality. Meets basic needs adequately.,2023-08-13,Google,Kawempe,neutral,average product quality meet basic need adequately,50,7
3892,Product works as expected. No major issues or complaints. Great order!,2023-07-09,Instagram,Kololo,neutral,product work expected major issue complaint great order,55,8
3893,"Fast delivery, good quality, fair prices. What more could you ask for?",2024-07-23,Facebook,Kawempe,positive,fast delivery good quality fair price could ask,47,8
3894,Excellent communication and fast delivery. Highly satisfied!,2024-01-30,Facebook,Makindye,positive,excellent communication fast delivery highly satisfied,54,6
3895,Okay delivery time. Product is functional and usable. Located in Kololo.,2023-10-12,Facebook,Kawempe,neutral,okay delivery time product functional usable located kololo,59,8
3896,Best shopping experience! Quality products and great prices. Located in Kololo.,2024-12-02,Twitter,Bukoto,positive,best shopping experience quality product great price located kololo,67,9
3897,Outstanding service! The staff was very helpful and friendly. Great customer!,2024-09-09,Instagram,Bukoto,positive,outstanding service staff helpful friendly great customer,57,7
3898,Decent service. No major complaints but nothing impressive.,2023-10-14,Instagram,Makindye,neutral,decent service major complaint nothing impressive,49,6
3899,Average quality. Nothing special but nothing wrong either.,2023-01-16,Google,Central,neutral,average quality nothing special nothing wrong either,52,7
3900,Best shop in Kawempe. Quality products and great service.,2024-05-07,Google,Makindye,positive,best shop kawempe quality product great service,47,7
3901,Love the product quality. Fast shipping and good packaging.,2024-04-05,WhatsApp,Kawempe,positive,love product quality fast shipping good packaging,49,7
3902,Great service! Very fast delivery in Kampala. Highly recommend!,2024-09-16,Instagram,Makindye,positive,great service fast delivery kampala highly recommend,52,7
3903,Decent service. No major complaints but nothing impressive. Located in Lubaga.,2024-05-15,WhatsApp,Makindye,neutral,decent service major complaint nothing impressive located lubaga,64,8
3904,Product broke after just one week of use. Very poor quality. Located in Kawempe. Great experience!,2023-04-28,Instagram,Kololo,negative,product broke one week use poor quality located kawempe great experience,72,11
3905,Outstanding quality and service. Will definitely shop here again. Located in Bukoto.,2024-08-13,WhatsApp,Muyenga,positive,outstanding quality service definitely shop located bukoto,58,7
3906,Love the product quality. Fast shipping and good packaging.,2023-02-07,Twitter,Makindye,positive,love product quality fast shipping good packaging,49,7
3907,Standard business service. Acceptable but not exceptional.,2023-07-01,Google,Muyenga,neutral,standard business service acceptable exceptional,48,5
3908,Amazing experience! The product arrived on time and in perfect condition.,2023-10-02,Twitter,Makindye,positive,amazing experience product arrived time perfect condition,57,7
3909,Great service! Very fast delivery in Kampala. Highly recommend!,2023-06-07,Twitter,Bukoto,positive,great service fast delivery kampala highly recommend,52,7
3910,Outstanding service! The staff was very helpful and friendly. Located in Muyenga. Great support!,2024-09-03,Facebook,Bukoto,positive,outstanding service staff helpful friendly located muyenga great support,72,9
3911,Excellent products and service. Best in the area!,2024-03-24,Google,Makindye,positive,excellent product service best area,35,5
3912,Very slow delivery and unresponsive customer support.,2023-05-01,Google,Makindye,negative,slow delivery unresponsive customer support,43,5
3913,"Fast delivery, good quality, fair prices. What more could you ask for? Located in Lubaga.",2023-12-23,Instagram,Kawempe,positive,fast delivery good quality fair price could ask located lubaga,62,10
3914,Love the product quality. Fast shipping and good packaging.,2023-02-16,WhatsApp,Ntinda,positive,love product quality fast shipping good packaging,49,7
3915,Standard delivery. Product works but quality is average.,2024-05-04,WhatsApp,Lubaga,neutral,standard delivery product work quality average,46,6
3916,Poor packaging led to damaged goods. Very unprofessional. Located in Makindye.,2024-01-05,Instagram,Kampala,negative,poor packaging led damaged good unprofessional located makindye,63,8
3917,"Outstanding business! Professional, reliable, and customer-focused. Located in Ntinda.",2023-06-27,Twitter,Kampala,positive,outstanding business professional reliable located ntinda,57,6
3918,Great value for money. Fast delivery and excellent packaging. Great shop!,2023-03-07,Facebook,Nakawa,positive,great value money fast delivery excellent packaging great shop,62,9
3919,Professional service and high-quality products. Very happy!,2023-07-27,Facebook,Kololo,positive,professional service product happy,34,4
3920,Great experience from start to finish. Will shop here again! Great customer!,2023-08-17,Twitter,Kampala,positive,great experience start finish shop great customer,49,7
3921,Love shopping here! Always get great deals and quality products. Located in Muyenga.,2023-07-23,Facebook,Nakawa,positive,love shopping always get great deal quality product located muyenga,67,10
3922,Excellent products and service. Best in the area!,2023-05-10,Facebook,Nakawa,positive,excellent product service best area,35,5
3923,Average product quality. Meets basic needs adequately. Located in Bukoto.,2024-11-26,Website,Nakawa,neutral,average product quality meet basic need adequately located bukoto,65,9
3924,Amazing service! The team went above and beyond to help me. Located in Muyenga.,2024-05-21,Google,Central,positive,amazing service team went beyond help located muyenga,53,8
3925,Product is okay. Nothing special but serves its purpose.,2023-08-14,Instagram,Ntinda,neutral,product okay nothing special serf purpose,41,6
3926,Great business with excellent customer care. Very professional. Located in Kawempe.,2023-06-05,Facebook,Makindye,positive,great business excellent customer care professional located kawempe,67,8
3927,Product quality was disappointing. Not as described on the website.,2023-03-24,Website,Makindye,negative,product quality disappointing described website,47,5
3928,Love the product quality. Fast shipping and good packaging. Great quality!,2024-07-09,Website,Kawempe,positive,love product quality fast shipping good packaging great quality,63,9
3929,Very disappointed. Product quality is poor and service is worse.,2024-06-09,Website,Lubaga,negative,disappointed product quality poor service worse,47,6
3930,Great products at affordable prices. Very satisfied with my purchase.,2023-02-27,Website,Nakawa,positive,great product affordable price satisfied purchase,49,6
3931,Outstanding service! The staff was very helpful and friendly.,2023-02-22,Instagram,Central,positive,outstanding service staff helpful friendly,42,5
3932,Outstanding service! The staff was very helpful and friendly.,2024-11-30,Instagram,Ntinda,positive,outstanding service staff helpful friendly,42,5
3933,Product works as expected. No major issues or complaints.,2023-10-11,WhatsApp,Makindye,neutral,product work expected major issue complaint,43,6
3934,Excellent communication and fast delivery. Highly satisfied! Located in Kololo.,2023-06-08,Website,Bukoto,positive,excellent communication fast delivery highly satisfied located kololo,69,8
3935,Standard business service. Acceptable but not exceptional.,2024-11-25,WhatsApp,Makindye,neutral,standard business service acceptable exceptional,48,5
3936,"Fast delivery, good quality, fair prices. What more could you ask for?",2024-12-28,Google,Muyenga,positive,fast delivery good quality fair price could ask,47,8
3937,Average product quality. Meets basic expectations. Great restaurant!,2024-03-24,WhatsApp,Central,neutral,average product quality meet basic expectation great restaurant,63,8
3938,Outstanding service! The staff was very helpful and friendly.,2024-09-05,WhatsApp,Kampala,positive,outstanding service staff helpful friendly,42,5
3939,Amazing quality products. Will definitely buy again from this shop.,2023-04-06,Facebook,Muyenga,positive,amazing quality product definitely buy shop,43,6
3940,Great prices and even better service. Highly recommend this business!,2023-06-26,Website,Ntinda,positive,great price even better service highly recommend business,57,8
3941,Amazing service! The team went above and beyond to help me. Great quality!,2023-02-05,Google,Ntinda,positive,amazing service team went beyond help great quality,51,8
3942,Fair value for money. Quality is acceptable but not premium. Great price!,2023-05-02,Twitter,Makindye,neutral,fair value money quality acceptable premium great price,55,8
3943,Standard quality. Nothing to complain about or praise.,2023-07-17,WhatsApp,Kampala,neutral,standard quality nothing complain praise,40,5
3944,Customer service was unresponsive. Had to wait days for a reply. Located in Kololo. Great product!,2024-12-19,Instagram,Bukoto,negative,customer service unresponsive wait day reply located kololo great product,73,10
3945,Excellent products and service. Best in the area! Great packaging!,2024-09-10,WhatsApp,Central,positive,excellent product service best area great packaging,51,7
3946,Product is okay. Nothing special but serves its purpose.,2024-10-15,Instagram,Bukoto,neutral,product okay nothing special serf purpose,41,6
3947,Product is okay. Nothing special but serves its purpose.,2024-06-14,Twitter,Central,neutral,product okay nothing special serf purpose,41,6
3948,Amazing service! The team went above and beyond to help me. Great restaurant!,2024-02-17,Google,Nakawa,positive,amazing service team went beyond help great restaurant,54,8
3949,"Fast shipping, good quality, and excellent customer support.",2023-10-10,Twitter,Central,positive,fast shipping good quality excellent customer support,53,7
3950,Best shop in Kawempe. Quality products and great service.,2023-09-24,Twitter,Central,positive,best shop kawempe quality product great service,47,7
3951,Best prices in Nakawa area. Great value for money.,2024-03-19,Facebook,Kampala,positive,best price nakawa area great value money,40,7
3952,Love the product quality. Fast shipping and good packaging.,2024-08-22,Instagram,Makindye,positive,love product quality fast shipping good packaging,49,7
3953,Very disappointed. Product quality is poor and service is worse.,2024-09-04,Facebook,Lubaga,negative,disappointed product quality poor service worse,47,6
3954,Average experience overall. Product is fine but not great.,2023-06-05,WhatsApp,Kololo,neutral,average experience overall product fine great,45,6
3955,Top-notch quality. Exceeded my expectations completely.,2023-08-02,Twitter,Ntinda,positive,quality exceeded expectation completely,39,4
3956,Top quality products at reasonable prices. Highly recommended! Great packaging!,2024-06-11,Instagram,Muyenga,positive,top quality product reasonable price highly recommended great packaging,71,9
3957,Disappointing experience. Would not recommend this shop.,2023-02-11,Twitter,Makindye,negative,disappointing experience would recommend shop,45,5
3958,Best shopping experience! Quality products and great prices. Located in Kololo.,2024-07-14,WhatsApp,Bukoto,positive,best shopping experience quality product great price located kololo,67,9
3959,Great business with excellent customer care. Very professional. Located in Kawempe.,2024-06-17,Google,Central,positive,great business excellent customer care professional located kawempe,67,8
3960,Fair value for money. Quality is acceptable but not premium.,2023-05-27,Website,Kampala,neutral,fair value money quality acceptable premium,43,6
3961,Very satisfied with my purchase. Great quality and fast delivery.,2023-07-03,WhatsApp,Muyenga,positive,satisfied purchase great quality fast delivery,46,6
3962,Amazing service! The team went above and beyond to help me.,2023-12-18,Facebook,Central,positive,amazing service team went beyond help,37,6
3963,Decent value. Product works as expected.,2023-04-13,WhatsApp,Muyenga,neutral,decent value product work expected,34,5
3964,Overpriced products with low quality. Not good value for money. Located in Central.,2024-01-21,Google,Bukoto,negative,overpriced product low quality good value money located central,63,9
3965,Best prices in Nakawa area. Great value for money. Great customer!,2023-02-28,Website,Ntinda,positive,best price nakawa area great value money great customer,55,9
3966,Average quality products. Functional but not impressive.,2023-07-15,WhatsApp,Muyenga,neutral,average quality product functional impressive,45,5
3967,Decent quality products. Price is fair for what you receive. Located in Kampala.,2024-12-03,Website,Ntinda,neutral,decent quality product price fair receive located kampala,57,8
3968,Excellent customer support. They responded quickly to my questions.,2023-12-10,Google,Kawempe,positive,excellent customer support responded quickly question,53,6
3969,Okay product quality. Price matches the value received.,2023-02-08,Website,Makindye,neutral,okay product quality price match value received,47,7
3970,Fair value for money. Quality is acceptable but not premium.,2024-02-08,Google,Muyenga,neutral,fair value money quality acceptable premium,43,6
3971,Okay experience. Nothing to complain about but not impressed either.,2023-11-15,Twitter,Kawempe,neutral,okay experience nothing complain impressed either,49,6
3972,Product was defective but they refused to refund. Bad business. Located in Muyenga.,2023-01-14,Facebook,Makindye,negative,product defective refused refund bad business located muyenga,61,8
3973,Great value for money. Fast delivery and excellent packaging. Located in Muyenga.,2023-04-22,Website,Kawempe,positive,great value money fast delivery excellent packaging located muyenga,67,9
3974,Great prices and even better service. Highly recommend this business! Great quality!,2023-12-25,Google,Nakawa,positive,great price even better service highly recommend business great quality,71,10
3975,Amazing service! The team went above and beyond to help me. Located in Kololo.,2024-02-15,Twitter,Makindye,positive,amazing service team went beyond help located kololo,52,8
3976,Love the product quality. Fast shipping and good packaging.,2024-06-17,Website,Kololo,positive,love product quality fast shipping good packaging,49,7
3977,Amazing quality products. Will definitely buy again from this shop.,2023-06-15,Facebook,Lubaga,positive,amazing quality product definitely buy shop,43,6
3978,Customer service was unresponsive. Had to wait days for a reply.,2024-05-23,Website,Ntinda,negative,customer service unresponsive wait day reply,44,6
3979,Excellent business! Highly professional and reliable. Located in Lubaga.,2023-11-30,Twitter,Makindye,positive,excellent business highly professional reliable located lubaga,62,7
3980,Poor value for money. Better options available elsewhere.,2023-03-24,Website,Central,negative,poor value money better option available elsewhere,50,7
3981,Very disappointed. Product quality is poor and service is worse.,2023-08-20,Google,Kololo,negative,disappointed product quality poor service worse,47,6
3982,Amazing service! The team went above and beyond to help me.,2023-10-16,Google,Muyenga,positive,amazing service team went beyond help,37,6
3983,Decent quality products. Price is fair for what you receive.,2024-10-24,Website,Lubaga,neutral,decent quality product price fair receive,41,6
3984,Excellent customer support. They responded quickly to my questions.,2023-05-10,WhatsApp,Muyenga,positive,excellent customer support responded quickly question,53,6
3985,Decent value. Product works as expected.,2024-04-29,Twitter,Makindye,neutral,decent value product work expected,34,5
3986,"Fast shipping, good quality, and excellent customer support.",2024-01-14,Facebook,Kampala,positive,fast shipping good quality excellent customer support,53,7
3987,Would not buy from here again. Poor experience overall. Great price!,2024-07-06,Facebook,Central,negative,would buy poor experience overall great price,45,7
3988,Great experience from start to finish. Will shop here again! Located in Ntinda.,2024-09-14,Google,Kololo,positive,great experience start finish shop located ntinda,49,7
3989,Product is functional. Does what it's supposed to do.,2024-04-04,Instagram,Kawempe,neutral,product functional supposed,27,3
3990,Would not buy from here again. Poor experience overall.,2024-06-17,Google,Central,negative,would buy poor experience overall,33,5
3991,Fair value for money. Quality is acceptable but not premium. Located in Kampala.,2023-10-18,Twitter,Bukoto,neutral,fair value money quality acceptable premium located kampala,59,8
3992,Product was defective but they refused to refund. Bad business. Located in Kawempe.,2024-03-20,WhatsApp,Nakawa,negative,product defective refused refund bad business located kawempe,61,8
3993,Okay service. Nothing special but gets the job done.,2023-06-25,Website,Ntinda,neutral,okay service nothing special get job done,41,7
3994,Standard experience. Product does what it needs to do.,2024-11-04,Instagram,Lubaga,neutral,standard experience product need,32,4
3995,Great business with excellent customer care. Very professional. Located in Bukoto. Great customer!,2024-10-13,Website,Kawempe,positive,great business excellent customer care professional located bukoto great customer,81,10
3996,Product works fine. Decent quality for the price paid. Located in Nakawa.,2023-10-27,Google,Kololo,neutral,product work fine decent quality price paid located nakawa,58,9
3997,Very disappointed with the quality. Not worth the money paid. Located in Nakawa.,2023-06-26,Google,Muyenga,negative,disappointed quality worth money paid located nakawa,52,7
3998,Fair prices and acceptable quality. Nothing outstanding.,2023-02-13,Twitter,Central,neutral,fair price acceptable quality nothing outstanding,49,6
3999,Fair experience overall. Nothing exceptional but acceptable.,2024-10-27,Website,Kampala,neutral,fair experience overall nothing exceptional acceptable,54,6
4000,Standard experience. Product does what it needs to do. Great delivery!,2023-07-30,Website,Makindye,neutral,standard experience product need great delivery,47,6
4001,Love shopping here! Always get great deals and quality products. Located in Kololo.,2024-01-11,Instagram,Lubaga,positive,love shopping always get great deal quality product located kololo,66,10
4002,Product is fine. Meets expectations without exceeding them.,2024-08-17,Twitter,Bukoto,neutral,product fine meet expectation without exceeding,47,6
4003,Great experience overall. Will be a returning customer. Located in Makindye. Great packaging!,2023-12-09,WhatsApp,Nakawa,positive,great experience overall returning customer located makindye great packaging,76,9
4004,Excellent communication and fast delivery. Highly satisfied!,2024-05-23,Facebook,Makindye,positive,excellent communication fast delivery highly satisfied,54,6
4005,Best customer service I've experienced. Products are top quality. Located in Central. Great price!,2023-10-21,Facebook,Muyenga,positive,best customer service experienced product top quality located central great price,81,11
4006,Great products at affordable prices. Very satisfied with my purchase.,2024-03-26,Instagram,Makindye,positive,great product affordable price satisfied purchase,49,6
4007,Great products at affordable prices. Very satisfied with my purchase.,2024-01-06,Instagram,Nakawa,positive,great product affordable price satisfied purchase,49,6
4008,Poor quality products. Broke within days of purchase. Located in Ntinda.,2023-01-07,Facebook,Kampala,negative,poor quality product broke within day purchase located ntinda,61,9
4009,Amazing quality products. Will definitely buy again from this shop. Located in Central.,2024-09-12,Website,Central,positive,amazing quality product definitely buy shop located central,59,8
4010,Okay service. Product meets basic requirements.,2023-05-24,Google,Central,neutral,okay service product meet basic requirement,43,6
4011,Delivery issues. Package arrived late and damaged.,2023-06-05,WhatsApp,Nakawa,negative,delivery issue package arrived late damaged,43,6
4012,Product works fine. Decent quality for the price paid.,2023-02-26,WhatsApp,Kawempe,neutral,product work fine decent quality price paid,43,7
4013,Top quality products at reasonable prices. Highly recommended! Located in Bukoto.,2024-11-13,Twitter,Lubaga,positive,top quality product reasonable price highly recommended located bukoto,70,9
4014,Product is fine. Meets expectations without exceeding them.,2024-04-15,Google,Bukoto,neutral,product fine meet expectation without exceeding,47,6
4015,Amazing experience! The product arrived on time and in perfect condition. Located in Kawempe.,2023-01-12,Instagram,Kololo,positive,amazing experience product arrived time perfect condition located kawempe,73,9
4016,Best shop in Kawempe. Quality products and great service. Great restaurant!,2023-09-30,Twitter,Ntinda,positive,best shop kawempe quality product great service great restaurant,64,9
4017,Standard delivery time. Product quality is average. Located in Makindye.,2023-04-12,Google,Muyenga,neutral,standard delivery time product quality average located makindye,63,8
4018,"Fast delivery, good quality, fair prices. What more could you ask for?",2023-04-12,Google,Kampala,positive,fast delivery good quality fair price could ask,47,8
4019,Great service! Very fast delivery in Kampala. Highly recommend! Located in Kawempe.,2024-01-16,Website,Nakawa,positive,great service fast delivery kampala highly recommend located kawempe,68,9
4020,Product works fine. Decent quality for the price paid.,2023-09-08,Twitter,Lubaga,neutral,product work fine decent quality price paid,43,7
4021,Top quality products at reasonable prices. Highly recommended!,2023-10-30,Twitter,Makindye,positive,top quality product reasonable price highly recommended,55,7
4022,Great prices and even better service. Highly recommend this business!,2024-11-07,Website,Kololo,positive,great price even better service highly recommend business,57,8
4023,Product is functional. Does what it's supposed to do. Located in Kololo.,2023-02-04,WhatsApp,Lubaga,neutral,product functional supposed located kololo,42,5
4024,Decent quality products. Price is fair for what you receive.,2024-11-03,Instagram,Muyenga,neutral,decent quality product price fair receive,41,6
4025,Professional service and high-quality products. Very happy! Located in Muyenga. Great service!,2023-12-03,Facebook,Lubaga,positive,professional service product happy located muyenga great service,64,8
4026,Best shopping experience! Quality products and great prices.,2023-05-09,Instagram,Muyenga,positive,best shopping experience quality product great price,52,7
4027,Great value for money. Fast delivery and excellent packaging.,2023-08-29,Instagram,Kololo,positive,great value money fast delivery excellent packaging,51,7
4028,Excellent business! Highly professional and reliable. Great product!,2023-06-13,Website,Makindye,positive,excellent business highly professional reliable great product,61,7
4029,Professional service and high-quality products. Very happy!,2023-03-20,Google,Central,positive,professional service product happy,34,4
4030,Outstanding service! The staff was very helpful and friendly. Great packaging!,2024-01-31,Google,Kololo,positive,outstanding service staff helpful friendly great packaging,58,7
4031,Best shop in Kawempe. Quality products and great service. Great delivery!,2023-03-19,Facebook,Makindye,positive,best shop kawempe quality product great service great delivery,62,9
4032,Overpriced compared to other shops in Nakawa area. Located in Central. Great staff!,2024-05-05,WhatsApp,Kawempe,negative,overpriced compared shop nakawa area located central great staff,64,9
4033,Excellent products and service. Best in the area!,2024-11-17,Instagram,Kampala,positive,excellent product service best area,35,5
4034,Amazing experience! The product arrived on time and in perfect condition. Great restaurant!,2023-05-20,Website,Muyenga,positive,amazing experience product arrived time perfect condition great restaurant,74,9
4035,Standard experience. Product does what it needs to do.,2023-01-07,Facebook,Central,neutral,standard experience product need,32,4
4036,Outstanding quality and service. Will definitely shop here again.,2024-08-16,Google,Kololo,positive,outstanding quality service definitely shop,43,5
4037,Great value for money. Fast delivery and excellent packaging. Great delivery!,2024-05-06,Google,Central,positive,great value money fast delivery excellent packaging great delivery,66,9
4038,Amazing experience! The product arrived on time and in perfect condition.,2023-04-11,Website,Makindye,positive,amazing experience product arrived time perfect condition,57,7
4039,Love shopping here! Always get great deals and quality products. Located in Kololo.,2023-07-17,WhatsApp,Kololo,positive,love shopping always get great deal quality product located kololo,66,10
4040,Standard experience. Product does what it needs to do.,2023-09-09,Twitter,Ntinda,neutral,standard experience product need,32,4
4041,"Fast shipping, good quality, and excellent customer support. Great packaging!",2024-07-21,Twitter,Bukoto,positive,fast shipping good quality excellent customer support great packaging,69,9
4042,Fair value for money. Quality is acceptable but not premium.,2023-02-13,Facebook,Kampala,neutral,fair value money quality acceptable premium,43,6
4043,Average quality. Price is reasonable for what you get. Great customer!,2023-07-12,Facebook,Central,neutral,average quality price reasonable get great customer,51,7
4044,Great business with excellent customer care. Very professional.,2023-09-21,WhatsApp,Kololo,positive,great business excellent customer care professional,51,6
4045,Great experience from start to finish. Will shop here again! Great shipping!,2023-07-24,Twitter,Kampala,positive,great experience start finish shop great shipping,49,7
4046,Great products at affordable prices. Very satisfied with my purchase.,2024-12-25,Twitter,Nakawa,positive,great product affordable price satisfied purchase,49,6
4047,Standard experience. Product does what it needs to do.,2023-05-21,Twitter,Ntinda,neutral,standard experience product need,32,4
4048,"Outstanding business! Professional, reliable, and customer-focused.",2023-01-01,Google,Makindye,positive,outstanding business professional reliable,42,4
4049,Decent quality products. Price is fair for what you receive. Located in Kawempe.,2023-12-10,WhatsApp,Kampala,neutral,decent quality product price fair receive located kawempe,57,8
4050,Standard experience. Product does what it needs to do.,2023-06-08,Twitter,Bukoto,neutral,standard experience product need,32,4
4051,Amazing service! The team went above and beyond to help me.,2023-02-03,Instagram,Kololo,positive,amazing service team went beyond help,37,6
4052,Overpriced compared to other shops in Nakawa area. Great store!,2023-09-26,Website,Central,negative,overpriced compared shop nakawa area great store,48,7
4053,Product didn't work as expected. Waste of money.,2024-04-13,Facebook,Central,negative,product work expected waste money,33,5
4054,Poor packaging led to damaged goods. Very unprofessional.,2023-05-12,Website,Nakawa,negative,poor packaging led damaged good unprofessional,46,6
4055,Standard experience. Product does what it needs to do.,2024-08-13,Twitter,Kampala,neutral,standard experience product need,32,4
4056,Outstanding service! The staff was very helpful and friendly.,2024-06-27,Instagram,Muyenga,positive,outstanding service staff helpful friendly,42,5
4057,Great experience from start to finish. Will shop here again!,2023-08-29,Facebook,Kololo,positive,great experience start finish shop,34,5
4058,Great experience overall. Will be a returning customer.,2024-09-30,Facebook,Nakawa,positive,great experience overall returning customer,43,5
4059,Poor value for money. Better options available elsewhere. Located in Kololo.,2024-07-26,Instagram,Lubaga,negative,poor value money better option available elsewhere located kololo,65,9
4060,Poor packaging led to damaged goods. Very unprofessional. Located in Lubaga. Great experience!,2024-10-13,Website,Makindye,negative,poor packaging led damaged good unprofessional located lubaga great experience,78,10
4061,Top quality products at reasonable prices. Highly recommended!,2023-06-27,Website,Ntinda,positive,top quality product reasonable price highly recommended,55,7
4062,Excellent customer support. They responded quickly to my questions. Located in Bukoto.,2023-09-30,Facebook,Ntinda,positive,excellent customer support responded quickly question located bukoto,68,8
4063,Excellent communication and fast delivery. Highly satisfied!,2024-11-23,Facebook,Nakawa,positive,excellent communication fast delivery highly satisfied,54,6
4064,"Outstanding business! Professional, reliable, and customer-focused. Located in Ntinda.",2024-02-22,WhatsApp,Lubaga,positive,outstanding business professional reliable located ntinda,57,6
4065,Great products at affordable prices. Very satisfied with my purchase. Located in Lubaga.,2024-09-22,Google,Ntinda,positive,great product affordable price satisfied purchase located lubaga,64,8
4066,Amazing quality products. Will definitely buy again from this shop.,2023-12-02,Twitter,Central,positive,amazing quality product definitely buy shop,43,6
4067,Overpriced compared to other shops in Nakawa area.,2024-09-13,Facebook,Makindye,negative,overpriced compared shop nakawa area,36,5
4068,Great experience overall. Will be a returning customer.,2023-04-21,Instagram,Kawempe,positive,great experience overall returning customer,43,5
4069,Top-notch quality. Exceeded my expectations completely. Located in Central.,2023-12-25,Instagram,Central,positive,quality exceeded expectation completely located central,55,6
4070,Very satisfied with my purchase. Great quality and fast delivery. Great customer!,2023-01-18,Instagram,Bukoto,positive,satisfied purchase great quality fast delivery great customer,61,8
4071,Decent quality products. Price is fair for what you receive. Located in Lubaga. Great shop!,2024-12-06,Instagram,Bukoto,neutral,decent quality product price fair receive located lubaga great shop,67,10
4072,Top-notch quality. Exceeded my expectations completely. Great purchase!,2024-11-14,Twitter,Kampala,positive,quality exceeded expectation completely great purchase,54,6
4073,Great prices and even better service. Highly recommend this business! Located in Kawempe.,2023-03-04,Twitter,Makindye,positive,great price even better service highly recommend business located kawempe,73,10
4074,Average experience. Product is functional and adequate.,2023-06-13,Website,Ntinda,neutral,average experience product functional adequate,46,5
4075,Slow response time and poor communication from the business.,2024-05-11,Website,Ntinda,negative,slow response time poor communication business,46,6
4076,Amazing experience! The product arrived on time and in perfect condition.,2023-05-23,Instagram,Kololo,positive,amazing experience product arrived time perfect condition,57,7
4077,Okay service. Nothing special but gets the job done.,2023-06-05,Google,Kampala,neutral,okay service nothing special get job done,41,7
4078,Great experience from start to finish. Will shop here again!,2023-02-27,WhatsApp,Ntinda,positive,great experience start finish shop,34,5
4079,Very disappointed with the quality. Not worth the money paid.,2024-02-25,WhatsApp,Lubaga,negative,disappointed quality worth money paid,37,5
4080,Excellent communication and fast delivery. Highly satisfied! Located in Kampala.,2023-12-01,Google,Nakawa,positive,excellent communication fast delivery highly satisfied located kampala,70,8
4081,Decent value. Product works as expected.,2023-02-21,Google,Kololo,neutral,decent value product work expected,34,5
4082,"Outstanding business! Professional, reliable, and customer-focused.",2024-12-05,Google,Makindye,positive,outstanding business professional reliable,42,4
4083,Very satisfied with my purchase. Great quality and fast delivery. Located in Makindye. Great customer!,2024-01-02,Website,Kampala,positive,satisfied purchase great quality fast delivery located makindye great customer,78,10
4084,Great products at affordable prices. Very satisfied with my purchase. Located in Lubaga. Great price!,2024-02-05,Website,Makindye,positive,great product affordable price satisfied purchase located lubaga great price,76,10
4085,"Fast shipping, good quality, and excellent customer support.",2024-10-19,Google,Kampala,positive,fast shipping good quality excellent customer support,53,7
4086,Would not buy from here again. Poor experience overall. Located in Ntinda. Great quality!,2023-09-29,Instagram,Bukoto,negative,would buy poor experience overall located ntinda great quality,62,9
4087,Excellent customer support. They responded quickly to my questions. Great customer!,2023-01-09,WhatsApp,Bukoto,positive,excellent customer support responded quickly question great customer,68,8
4088,"Outstanding business! Professional, reliable, and customer-focused. Located in Kawempe.",2023-10-19,Twitter,Kampala,positive,outstanding business professional reliable located kawempe,58,6
4089,Product quality was disappointing. Not as described on the website. Located in Lubaga.,2024-09-07,Website,Kampala,negative,product quality disappointing described website located lubaga,62,7
4090,Decent quality products. Price is fair for what you receive.,2023-02-22,Website,Kawempe,neutral,decent quality product price fair receive,41,6
4091,Love shopping here! Always get great deals and quality products. Located in Kawempe.,2023-04-01,Website,Ntinda,positive,love shopping always get great deal quality product located kawempe,67,10
4092,Very satisfied with my purchase. Great quality and fast delivery.,2024-07-16,Website,Lubaga,positive,satisfied purchase great quality fast delivery,46,6
4093,Product didn't work as expected. Waste of money. Located in Lubaga.,2023-07-31,Twitter,Nakawa,negative,product work expected waste money located lubaga,48,7
4094,Outstanding service! The staff was very helpful and friendly. Located in Muyenga.,2023-09-15,WhatsApp,Ntinda,positive,outstanding service staff helpful friendly located muyenga,58,7
4095,Outstanding service! The staff was very helpful and friendly.,2023-06-22,Google,Central,positive,outstanding service staff helpful friendly,42,5
4096,Great service! Very fast delivery in Kampala. Highly recommend! Located in Nakawa.,2024-06-17,WhatsApp,Kololo,positive,great service fast delivery kampala highly recommend located nakawa,67,9
4097,Standard service. No complaints but nothing exceptional either.,2023-11-13,Instagram,Bukoto,neutral,standard service complaint nothing exceptional either,53,6
4098,Outstanding service! The staff was very helpful and friendly.,2024-11-25,Facebook,Lubaga,positive,outstanding service staff helpful friendly,42,5
4099,"Outstanding business! Professional, reliable, and customer-focused.",2023-05-06,Instagram,Kololo,positive,outstanding business professional reliable,42,4
4100,Very satisfied with my purchase. Great quality and fast delivery.,2023-04-02,WhatsApp,Kampala,positive,satisfied purchase great quality fast delivery,46,6
4101,"Outstanding business! Professional, reliable, and customer-focused.",2024-10-05,Instagram,Bukoto,positive,outstanding business professional reliable,42,4
4102,"Fast shipping, good quality, and excellent customer support. Located in Kawempe. Great service!",2024-01-22,Website,Makindye,positive,fast shipping good quality excellent customer support located kawempe great service,83,11
4103,Okay service. Nothing special but gets the job done.,2023-03-31,Google,Makindye,neutral,okay service nothing special get job done,41,7
4104,Best shop in Kawempe. Quality products and great service. Located in Lubaga.,2024-04-10,Website,Kawempe,positive,best shop kawempe quality product great service located lubaga,62,9
4105,Excellent customer support. They responded quickly to my questions. Located in Kampala.,2024-06-06,Instagram,Bukoto,positive,excellent customer support responded quickly question located kampala,69,8
4106,Amazing experience! The product arrived on time and in perfect condition. Located in Makindye.,2024-09-01,Google,Lubaga,positive,amazing experience product arrived time perfect condition located makindye,74,9
4107,Amazing service! The team went above and beyond to help me.,2023-04-12,Instagram,Central,positive,amazing service team went beyond help,37,6
4108,"Fast shipping, good quality, and excellent customer support.",2024-03-30,Facebook,Kawempe,positive,fast shipping good quality excellent customer support,53,7
4109,Okay service. Nothing special but gets the job done.,2023-01-23,WhatsApp,Lubaga,neutral,okay service nothing special get job done,41,7
4110,Great value for money. Fast delivery and excellent packaging.,2023-05-12,Facebook,Makindye,positive,great value money fast delivery excellent packaging,51,7
4111,Best prices in Nakawa area. Great value for money.,2023-10-29,Instagram,Muyenga,positive,best price nakawa area great value money,40,7
4112,Great experience from start to finish. Will shop here again! Located in Kampala. Great shipping!,2024-06-22,WhatsApp,Kampala,positive,great experience start finish shop located kampala great shipping,65,9
4113,Very satisfied with my purchase. Great quality and fast delivery. Located in Muyenga.,2024-05-24,Website,Muyenga,positive,satisfied purchase great quality fast delivery located muyenga,62,8
4114,Disappointing experience. Would not recommend this shop.,2024-09-21,Twitter,Kampala,negative,disappointing experience would recommend shop,45,5
4115,Customer service needs major improvement. Very unprofessional.,2023-12-26,WhatsApp,Kololo,negative,customer service need major improvement unprofessional,54,6
4116,Outstanding quality and service. Will definitely shop here again. Great service!,2023-11-11,Google,Muyenga,positive,outstanding quality service definitely shop great service,57,7
4117,Excellent customer support. They responded quickly to my questions. Great quality!,2024-02-14,Website,Lubaga,positive,excellent customer support responded quickly question great quality,67,8
4118,Quick response time and excellent customer care. Highly recommended!,2023-05-29,Twitter,Kololo,positive,quick response time excellent customer care highly recommended,62,8
4119,Top quality products at reasonable prices. Highly recommended! Located in Central.,2023-09-13,Google,Kololo,positive,top quality product reasonable price highly recommended located central,71,9
4120,Very satisfied with my purchase. Great quality and fast delivery. Great experience!,2023-03-15,Facebook,Kololo,positive,satisfied purchase great quality fast delivery great experience,63,8
4121,Amazing service! The team went above and beyond to help me.,2024-07-31,Twitter,Kololo,positive,amazing service team went beyond help,37,6
4122,Product was damaged on arrival. Poor packaging quality.,2024-02-29,Twitter,Muyenga,negative,product damaged arrival poor packaging quality,46,6
4123,Best shopping experience! Quality products and great prices.,2024-05-09,WhatsApp,Nakawa,positive,best shopping experience quality product great price,52,7
4124,"Fast delivery, good quality, fair prices. What more could you ask for?",2024-03-29,Twitter,Nakawa,positive,fast delivery good quality fair price could ask,47,8
4125,Quick response time and excellent customer care. Highly recommended!,2024-02-20,Instagram,Lubaga,positive,quick response time excellent customer care highly recommended,62,8
4126,Best shop in Kawempe. Quality products and great service.,2024-10-24,WhatsApp,Kololo,positive,best shop kawempe quality product great service,47,7
4127,"Outstanding business! Professional, reliable, and customer-focused.",2024-03-20,Website,Makindye,positive,outstanding business professional reliable,42,4
4128,Outstanding service! The staff was very helpful and friendly. Great packaging!,2024-10-26,Website,Kololo,positive,outstanding service staff helpful friendly great packaging,58,7
4129,"Outstanding business! Professional, reliable, and customer-focused.",2023-03-14,Facebook,Kampala,positive,outstanding business professional reliable,42,4
4130,Quick response time and excellent customer care. Highly recommended!,2024-11-13,Facebook,Muyenga,positive,quick response time excellent customer care highly recommended,62,8
4131,Average quality products. Functional but not impressive.,2024-07-09,Instagram,Muyenga,neutral,average quality product functional impressive,45,5
4132,Fair value for money. Quality is acceptable but not premium.,2024-11-01,Twitter,Kawempe,neutral,fair value money quality acceptable premium,43,6
4133,Okay service. Nothing special but gets the job done. Located in Central. Great experience!,2024-10-10,Google,Ntinda,neutral,okay service nothing special get job done located central great experience,74,11
4134,Quick response time and excellent customer care. Highly recommended!,2024-12-31,Google,Ntinda,positive,quick response time excellent customer care highly recommended,62,8
4135,Decent value. Product works as expected.,2023-02-22,Google,Kampala,neutral,decent value product work expected,34,5
4136,Okay delivery time. Product is functional and usable.,2024-10-31,Instagram,Kawempe,neutral,okay delivery time product functional usable,44,6
4137,Quick response time and excellent customer care. Highly recommended! Located in Kololo.,2024-09-06,Instagram,Nakawa,positive,quick response time excellent customer care highly recommended located kololo,77,10
4138,Great service! Very fast delivery in Kampala. Highly recommend! Located in Muyenga. Great quality!,2023-06-12,Instagram,Bukoto,positive,great service fast delivery kampala highly recommend located muyenga great quality,82,11
4139,Poor quality products. Broke within days of purchase. Located in Makindye.,2023-12-21,Google,Kololo,negative,poor quality product broke within day purchase located makindye,63,9
4140,Excellent products and service. Best in the area! Located in Muyenga. Great delivery!,2023-01-23,WhatsApp,Muyenga,positive,excellent product service best area located muyenga great delivery,66,9
4141,Professional service and high-quality products. Very happy!,2024-03-04,Instagram,Kawempe,positive,professional service product happy,34,4
4142,"Fast delivery, good quality, fair prices. What more could you ask for?",2024-12-20,Website,Central,positive,fast delivery good quality fair price could ask,47,8
4143,Excellent communication and fast delivery. Highly satisfied! Located in Bukoto.,2024-09-26,Facebook,Lubaga,positive,excellent communication fast delivery highly satisfied located bukoto,69,8
4144,Disappointing experience. Would not recommend this shop.,2023-11-06,Instagram,Kawempe,negative,disappointing experience would recommend shop,45,5
4145,Top quality products at reasonable prices. Highly recommended!,2024-07-14,Google,Kololo,positive,top quality product reasonable price highly recommended,55,7
4146,Best customer service I've experienced. Products are top quality.,2023-05-26,WhatsApp,Central,positive,best customer service experienced product top quality,53,7
4147,Delivery was on time. Product is as expected. Located in Lubaga.,2024-12-31,Google,Makindye,neutral,delivery time product expected located lubaga,45,6
4148,Outstanding quality and service. Will definitely shop here again.,2024-10-23,Twitter,Kololo,positive,outstanding quality service definitely shop,43,5
4149,Average experience. Product is functional and adequate. Great product!,2024-12-03,Google,Makindye,neutral,average experience product functional adequate great product,60,7
4150,Not satisfied at all. Product quality is below standard.,2023-02-19,Twitter,Central,negative,satisfied product quality standard,34,4
4151,Top-notch quality. Exceeded my expectations completely. Located in Muyenga.,2023-09-02,Facebook,Central,positive,quality exceeded expectation completely located muyenga,55,6
4152,Top-notch quality. Exceeded my expectations completely. Located in Muyenga.,2023-12-15,Facebook,Kawempe,positive,quality exceeded expectation completely located muyenga,55,6
4153,Average quality. Nothing special but nothing wrong either. Great customer!,2024-02-26,Facebook,Kololo,neutral,average quality nothing special nothing wrong either great customer,67,9
4154,Average quality products. Functional but not impressive. Great order!,2024-01-31,Facebook,Ntinda,neutral,average quality product functional impressive great order,57,7
4155,Product is fine. Meets expectations without exceeding them.,2024-06-09,Google,Nakawa,neutral,product fine meet expectation without exceeding,47,6
4156,Delivery was on time. Product is as expected.,2024-03-29,Google,Makindye,neutral,delivery time product expected,30,4
4157,Average quality. Price is reasonable for what you get.,2023-08-16,Twitter,Muyenga,neutral,average quality price reasonable get,36,5
4158,Average quality. Price is reasonable for what you get. Located in Kawempe. Great delivery!,2024-08-10,Google,Kawempe,neutral,average quality price reasonable get located kawempe great delivery,67,9
4159,Delivery was on time. Product is as expected. Great product!,2023-03-17,Website,Nakawa,neutral,delivery time product expected great product,44,6
4160,Average quality. Nothing special but nothing wrong either.,2023-06-01,Twitter,Muyenga,neutral,average quality nothing special nothing wrong either,52,7
4161,Poor customer service. Staff was rude and unhelpful. Located in Muyenga. Great staff!,2023-09-29,Twitter,Bukoto,negative,poor customer service staff rude unhelpful located muyenga great staff,70,10
4162,Best shopping experience! Quality products and great prices.,2023-05-15,Twitter,Lubaga,positive,best shopping experience quality product great price,52,7
4163,Best shopping experience! Quality products and great prices. Located in Kololo. Great order!,2023-10-06,Facebook,Muyenga,positive,best shopping experience quality product great price located kololo great order,79,11
4164,Great value for money. Fast delivery and excellent packaging.,2024-09-01,Facebook,Central,positive,great value money fast delivery excellent packaging,51,7
4165,Product broke after just one week of use. Very poor quality.,2024-05-02,Google,Kololo,negative,product broke one week use poor quality,39,7
4166,Top-notch quality. Exceeded my expectations completely.,2023-04-03,Twitter,Ntinda,positive,quality exceeded expectation completely,39,4
4167,Fair experience overall. Nothing exceptional but acceptable.,2024-10-05,Twitter,Kololo,neutral,fair experience overall nothing exceptional acceptable,54,6
4168,Love the product quality. Fast shipping and good packaging. Great product!,2023-03-07,Facebook,Central,positive,love product quality fast shipping good packaging great product,63,9
4169,Terrible customer service. No help when I had an issue.,2023-12-27,Website,Makindye,negative,terrible customer service help issue,36,5
4170,Love shopping here! Always get great deals and quality products. Great staff!,2024-04-26,Website,Lubaga,positive,love shopping always get great deal quality product great staff,63,10
4171,Product was defective but they refused to refund. Bad business. Located in Kampala.,2024-07-03,Twitter,Nakawa,negative,product defective refused refund bad business located kampala,61,8
4172,Product quality was disappointing. Not as described on the website. Located in Lubaga.,2024-07-13,Instagram,Kololo,negative,product quality disappointing described website located lubaga,62,7
4173,Okay service. Product meets basic requirements. Located in Makindye.,2024-01-13,Twitter,Makindye,neutral,okay service product meet basic requirement located makindye,60,8
4174,Decent quality products. Price is fair for what you receive. Located in Ntinda.,2023-03-05,Website,Kawempe,neutral,decent quality product price fair receive located ntinda,56,8
4175,"Outstanding business! Professional, reliable, and customer-focused.",2023-07-29,Google,Nakawa,positive,outstanding business professional reliable,42,4
4176,Amazing service! The team went above and beyond to help me. Located in Bukoto.,2024-08-06,Instagram,Kawempe,positive,amazing service team went beyond help located bukoto,52,8
4177,Best prices in Nakawa area. Great value for money.,2023-12-30,Instagram,Kololo,positive,best price nakawa area great value money,40,7
4178,Great experience overall. Will be a returning customer. Located in Bukoto. Great purchase!,2024-11-20,Instagram,Muyenga,positive,great experience overall returning customer located bukoto great purchase,73,9
4179,Excellent customer support. They responded quickly to my questions. Located in Central.,2023-09-21,Twitter,Muyenga,positive,excellent customer support responded quickly question located central,69,8
4180,"Outstanding business! Professional, reliable, and customer-focused.",2024-12-12,Google,Kololo,positive,outstanding business professional reliable,42,4
4181,Top quality products at reasonable prices. Highly recommended!,2024-04-28,Google,Nakawa,positive,top quality product reasonable price highly recommended,55,7
4182,Great products at affordable prices. Very satisfied with my purchase. Located in Lubaga.,2023-05-01,WhatsApp,Ntinda,positive,great product affordable price satisfied purchase located lubaga,64,8
4183,Standard quality. Nothing to complain about or praise. Located in Ntinda. Great purchase!,2023-10-02,WhatsApp,Central,neutral,standard quality nothing complain praise located ntinda great purchase,70,9
4184,Product didn't work as expected. Waste of money. Located in Makindye.,2024-03-11,Facebook,Ntinda,negative,product work expected waste money located makindye,50,7
4185,Would not buy from here again. Poor experience overall. Located in Ntinda.,2024-09-18,Twitter,Kampala,negative,would buy poor experience overall located ntinda,48,7
4186,Best customer service I've experienced. Products are top quality.,2023-03-03,Website,Muyenga,positive,best customer service experienced product top quality,53,7
4187,Best prices in Nakawa area. Great value for money.,2023-06-10,Website,Kampala,positive,best price nakawa area great value money,40,7
4188,Excellent products and service. Best in the area! Great service!,2023-10-05,Facebook,Kololo,positive,excellent product service best area great service,49,7
4189,Love shopping here! Always get great deals and quality products. Great order!,2024-04-19,Website,Central,positive,love shopping always get great deal quality product great order,63,10
4190,Standard quality. Nothing to complain about or praise.,2023-10-06,Google,Lubaga,neutral,standard quality nothing complain praise,40,5
4191,Customer service needs major improvement. Very unprofessional. Located in Kololo.,2023-07-26,Website,Makindye,negative,customer service need major improvement unprofessional located kololo,69,8
4192,Best shop in Kawempe. Quality products and great service. Located in Ntinda. Great business!,2023-01-21,WhatsApp,Lubaga,positive,best shop kawempe quality product great service located ntinda great business,77,11
4193,Great products at affordable prices. Very satisfied with my purchase.,2024-05-07,Google,Makindye,positive,great product affordable price satisfied purchase,49,6
4194,Excellent customer support. They responded quickly to my questions.,2024-11-21,WhatsApp,Lubaga,positive,excellent customer support responded quickly question,53,6
4195,Outstanding quality and service. Will definitely shop here again.,2023-07-02,Website,Nakawa,positive,outstanding quality service definitely shop,43,5
4196,Great value for money. Fast delivery and excellent packaging. Located in Kololo.,2024-10-17,WhatsApp,Lubaga,positive,great value money fast delivery excellent packaging located kololo,66,9
4197,Great value for money. Fast delivery and excellent packaging. Located in Kampala.,2023-08-31,Google,Kampala,positive,great value money fast delivery excellent packaging located kampala,67,9
4198,Delivery was delayed multiple times. Very frustrating experience.,2024-03-05,Google,Kololo,negative,delivery delayed multiple time frustrating experience,53,6
4199,Slow response time and poor communication from the business.,2023-12-10,Instagram,Kampala,negative,slow response time poor communication business,46,6
4200,Great service! Very fast delivery in Kampala. Highly recommend!,2023-10-07,Instagram,Kawempe,positive,great service fast delivery kampala highly recommend,52,7
4201,Great prices and even better service. Highly recommend this business!,2024-08-04,Google,Ntinda,positive,great price even better service highly recommend business,57,8
4202,Best customer service I've experienced. Products are top quality. Great product!,2024-06-09,Google,Central,positive,best customer service experienced product top quality great product,67,9
4203,Average product quality. Meets basic needs adequately. Great packaging!,2023-06-11,Twitter,Lubaga,neutral,average product quality meet basic need adequately great packaging,66,9
4204,Great experience from start to finish. Will shop here again! Great business!,2023-05-29,Website,Kololo,positive,great experience start finish shop great business,49,7
4205,Love the product quality. Fast shipping and good packaging.,2023-03-29,Twitter,Nakawa,positive,love product quality fast shipping good packaging,49,7
4206,Amazing quality products. Will definitely buy again from this shop. Great business!,2024-03-27,Google,Bukoto,positive,amazing quality product definitely buy shop great business,58,8
4207,Product is functional. Does what it's supposed to do.,2024-04-11,Twitter,Nakawa,neutral,product functional supposed,27,3
4208,Love the product quality. Fast shipping and good packaging.,2023-07-03,Facebook,Muyenga,positive,love product quality fast shipping good packaging,49,7
4209,Top-notch quality. Exceeded my expectations completely. Located in Muyenga.,2024-03-20,Instagram,Kololo,positive,quality exceeded expectation completely located muyenga,55,6
4210,Quick response time and excellent customer care. Highly recommended!,2024-10-17,Website,Central,positive,quick response time excellent customer care highly recommended,62,8
4211,Love the product quality. Fast shipping and good packaging. Great delivery!,2023-08-09,Google,Nakawa,positive,love product quality fast shipping good packaging great delivery,64,9
4212,Decent quality products. Price is fair for what you receive.,2023-12-17,Twitter,Nakawa,neutral,decent quality product price fair receive,41,6
4213,Very slow delivery. Took over a week to arrive in Kampala. Great business!,2023-01-20,Twitter,Ntinda,negative,slow delivery took week arrive kampala great business,53,8
4214,"Outstanding business! Professional, reliable, and customer-focused.",2024-03-19,Website,Muyenga,positive,outstanding business professional reliable,42,4
4215,Best shop in Kawempe. Quality products and great service.,2023-04-28,WhatsApp,Kawempe,positive,best shop kawempe quality product great service,47,7
4216,Excellent products and service. Best in the area!,2023-09-13,Twitter,Central,positive,excellent product service best area,35,5
4217,"Fast delivery, good quality, fair prices. What more could you ask for?",2023-08-21,Twitter,Kawempe,positive,fast delivery good quality fair price could ask,47,8
4218,"Outstanding business! Professional, reliable, and customer-focused.",2024-01-30,Website,Makindye,positive,outstanding business professional reliable,42,4
4219,Okay product quality. Price matches the value received. Located in Bukoto.,2024-03-28,WhatsApp,Makindye,neutral,okay product quality price match value received located bukoto,62,9
4220,Excellent customer support. They responded quickly to my questions. Great shipping!,2024-08-23,Twitter,Lubaga,positive,excellent customer support responded quickly question great shipping,68,8
4221,Outstanding service! The staff was very helpful and friendly.,2023-04-01,Twitter,Nakawa,positive,outstanding service staff helpful friendly,42,5
4222,"Outstanding business! Professional, reliable, and customer-focused. Located in Kawempe. Great restaurant!",2023-07-31,Twitter,Central,positive,outstanding business professional reliable located kawempe great restaurant,75,8
4223,Overpriced products with low quality. Not good value for money.,2024-03-06,Facebook,Makindye,negative,overpriced product low quality good value money,47,7
4224,Quick response time and excellent customer care. Highly recommended! Located in Kampala.,2024-01-31,Google,Nakawa,positive,quick response time excellent customer care highly recommended located kampala,78,10
4225,Product quality was disappointing. Not as described on the website. Great packaging!,2024-11-03,Website,Central,negative,product quality disappointing described website great packaging,63,7
4226,Not satisfied at all. Product quality is below standard.,2024-07-11,Website,Kololo,negative,satisfied product quality standard,34,4
4227,"Fast shipping, good quality, and excellent customer support. Located in Makindye. Great restaurant!",2023-08-02,Website,Kololo,positive,fast shipping good quality excellent customer support located makindye great restaurant,87,11
4228,Average experience. Product is functional and adequate. Located in Muyenga.,2024-10-03,Google,Central,neutral,average experience product functional adequate located muyenga,62,7
4229,Love shopping here! Always get great deals and quality products.,2023-06-29,Facebook,Bukoto,positive,love shopping always get great deal quality product,51,8
4230,Amazing quality products. Will definitely buy again from this shop.,2024-11-09,Twitter,Bukoto,positive,amazing quality product definitely buy shop,43,6
4231,Excellent products and service. Best in the area! Located in Kampala.,2024-06-30,Google,Ntinda,positive,excellent product service best area located kampala,51,7
4232,Poor packaging led to damaged goods. Very unprofessional.,2023-04-30,WhatsApp,Ntinda,negative,poor packaging led damaged good unprofessional,46,6
4233,Great products at affordable prices. Very satisfied with my purchase. Located in Nakawa.,2024-12-20,Website,Lubaga,positive,great product affordable price satisfied purchase located nakawa,64,8
4234,Standard service. No complaints but nothing exceptional either.,2023-05-31,Google,Muyenga,neutral,standard service complaint nothing exceptional either,53,6
4235,Great service! Very fast delivery in Kampala. Highly recommend! Located in Kololo.,2024-08-11,Google,Muyenga,positive,great service fast delivery kampala highly recommend located kololo,67,9
4236,Excellent communication and fast delivery. Highly satisfied! Located in Lubaga.,2023-08-13,Instagram,Muyenga,positive,excellent communication fast delivery highly satisfied located lubaga,69,8
4237,Great prices and even better service. Highly recommend this business!,2023-10-19,Website,Kampala,positive,great price even better service highly recommend business,57,8
4238,Great products at affordable prices. Very satisfied with my purchase.,2023-07-21,Facebook,Kololo,positive,great product affordable price satisfied purchase,49,6
4239,Great experience from start to finish. Will shop here again! Located in Ntinda.,2024-10-20,Facebook,Makindye,positive,great experience start finish shop located ntinda,49,7
4240,Average experience overall. Product is fine but not great.,2023-12-10,Facebook,Nakawa,neutral,average experience overall product fine great,45,6
4241,Customer service is terrible. No one responds to complaints.,2023-09-07,WhatsApp,Bukoto,negative,customer service terrible one responds complaint,48,6
4242,Amazing quality products. Will definitely buy again from this shop. Located in Kololo.,2023-12-01,Facebook,Kawempe,positive,amazing quality product definitely buy shop located kololo,58,8
4243,Great products at affordable prices. Very satisfied with my purchase.,2023-05-10,WhatsApp,Muyenga,positive,great product affordable price satisfied purchase,49,6
4244,Fair experience overall. Nothing exceptional but acceptable.,2024-11-25,Twitter,Kampala,neutral,fair experience overall nothing exceptional acceptable,54,6
4245,Outstanding service! The staff was very helpful and friendly. Located in Lubaga.,2023-09-15,Instagram,Kampala,positive,outstanding service staff helpful friendly located lubaga,57,7
4246,Professional service and high-quality products. Very happy! Located in Muyenga. Great service!,2024-07-04,Twitter,Makindye,positive,professional service product happy located muyenga great service,64,8
4247,Amazing quality products. Will definitely buy again from this shop. Located in Kawempe.,2023-03-31,WhatsApp,Lubaga,positive,amazing quality product definitely buy shop located kawempe,59,8
4248,Outstanding quality and service. Will definitely shop here again.,2024-02-26,Website,Kampala,positive,outstanding quality service definitely shop,43,5
4249,Great experience from start to finish. Will shop here again!,2024-09-10,Twitter,Nakawa,positive,great experience start finish shop,34,5
4250,Great service! Very fast delivery in Kampala. Highly recommend! Located in Lubaga. Great shop!,2024-01-24,Twitter,Kololo,positive,great service fast delivery kampala highly recommend located lubaga great shop,78,11
4251,Amazing quality products. Will definitely buy again from this shop.,2024-10-10,WhatsApp,Lubaga,positive,amazing quality product definitely buy shop,43,6
4252,Product is okay. Nothing special but serves its purpose.,2024-08-13,Facebook,Kampala,neutral,product okay nothing special serf purpose,41,6
4253,Amazing experience! The product arrived on time and in perfect condition.,2024-09-15,WhatsApp,Makindye,positive,amazing experience product arrived time perfect condition,57,7
4254,Great experience from start to finish. Will shop here again!,2024-07-08,Facebook,Kololo,positive,great experience start finish shop,34,5
4255,"Fast shipping, good quality, and excellent customer support.",2023-05-24,Twitter,Kawempe,positive,fast shipping good quality excellent customer support,53,7
4256,Fair prices and acceptable quality. Nothing outstanding.,2023-11-27,Google,Bukoto,neutral,fair price acceptable quality nothing outstanding,49,6
4257,Quick response time and excellent customer care. Highly recommended! Great delivery!,2024-07-26,Twitter,Ntinda,positive,quick response time excellent customer care highly recommended great delivery,77,10
4258,Average quality. Nothing special but nothing wrong either.,2024-12-20,Twitter,Bukoto,neutral,average quality nothing special nothing wrong either,52,7
4259,Great prices and even better service. Highly recommend this business!,2023-02-03,Instagram,Central,positive,great price even better service highly recommend business,57,8
4260,"Outstanding business! Professional, reliable, and customer-focused.",2023-08-08,Facebook,Nakawa,positive,outstanding business professional reliable,42,4
4261,Very satisfied with my purchase. Great quality and fast delivery.,2024-07-10,Website,Makindye,positive,satisfied purchase great quality fast delivery,46,6
4262,Delivery was on time. Product is as expected.,2024-01-26,Website,Muyenga,neutral,delivery time product expected,30,4
4263,Customer service was unresponsive. Had to wait days for a reply. Located in Lubaga.,2023-06-20,Instagram,Kawempe,negative,customer service unresponsive wait day reply located lubaga,59,8
4264,Excellent products and service. Best in the area! Located in Central.,2024-10-17,Google,Makindye,positive,excellent product service best area located central,51,7
4265,Product is fine. Meets expectations without exceeding them.,2024-12-19,Instagram,Central,neutral,product fine meet expectation without exceeding,47,6
4266,"Fast delivery, good quality, fair prices. What more could you ask for? Great customer!",2023-02-16,Twitter,Makindye,positive,fast delivery good quality fair price could ask great customer,62,10
4267,Average product quality. Meets basic expectations.,2023-08-08,Facebook,Kawempe,neutral,average product quality meet basic expectation,46,6
4268,Very slow delivery. Took over a week to arrive in Kampala.,2024-03-21,WhatsApp,Ntinda,negative,slow delivery took week arrive kampala,38,6
4269,Standard quality. Nothing to complain about or praise.,2024-12-08,Twitter,Kawempe,neutral,standard quality nothing complain praise,40,5
4270,Very satisfied with my purchase. Great quality and fast delivery.,2024-12-22,WhatsApp,Kampala,positive,satisfied purchase great quality fast delivery,46,6
4271,Professional service and high-quality products. Very happy!,2024-09-29,Facebook,Nakawa,positive,professional service product happy,34,4
4272,Poor customer service. Staff was rude and unhelpful. Located in Bukoto.,2024-11-14,WhatsApp,Nakawa,negative,poor customer service staff rude unhelpful located bukoto,57,8
4273,Poor quality products. Broke within days of purchase.,2023-06-12,Website,Makindye,negative,poor quality product broke within day purchase,46,7
4274,Standard service. No complaints but nothing exceptional either. Located in Muyenga.,2023-09-22,Website,Kawempe,neutral,standard service complaint nothing exceptional either located muyenga,69,8
4275,Product quality was disappointing. Not as described on the website.,2024-08-18,Twitter,Kololo,negative,product quality disappointing described website,47,5
4276,Best shopping experience! Quality products and great prices.,2024-11-08,Google,Kampala,positive,best shopping experience quality product great price,52,7
4277,Amazing quality products. Will definitely buy again from this shop.,2023-12-15,Instagram,Makindye,positive,amazing quality product definitely buy shop,43,6
4278,Standard business service. Acceptable but not exceptional.,2023-12-14,WhatsApp,Kampala,neutral,standard business service acceptable exceptional,48,5
4279,Quick response time and excellent customer care. Highly recommended!,2024-05-15,Instagram,Kampala,positive,quick response time excellent customer care highly recommended,62,8
4280,Average product quality. Meets basic expectations.,2023-06-08,Google,Ntinda,neutral,average product quality meet basic expectation,46,6
4281,Top-notch quality. Exceeded my expectations completely.,2023-03-14,WhatsApp,Central,positive,quality exceeded expectation completely,39,4
4282,Best customer service I've experienced. Products are top quality. Located in Ntinda.,2024-02-13,Facebook,Bukoto,positive,best customer service experienced product top quality located ntinda,68,9
4283,Excellent communication and fast delivery. Highly satisfied!,2023-06-11,Twitter,Lubaga,positive,excellent communication fast delivery highly satisfied,54,6
4284,Product is functional. Does what it's supposed to do.,2023-02-20,Twitter,Ntinda,neutral,product functional supposed,27,3
4285,Decent quality products. Price is fair for what you receive. Located in Lubaga.,2024-03-14,Instagram,Nakawa,neutral,decent quality product price fair receive located lubaga,56,8
4286,Outstanding service! The staff was very helpful and friendly.,2024-08-17,Instagram,Kawempe,positive,outstanding service staff helpful friendly,42,5
4287,Standard quality. Nothing to complain about or praise.,2024-01-15,Facebook,Muyenga,neutral,standard quality nothing complain praise,40,5
4288,Great experience overall. Will be a returning customer.,2023-09-16,Twitter,Ntinda,positive,great experience overall returning customer,43,5
4289,Outstanding quality and service. Will definitely shop here again.,2023-04-16,WhatsApp,Nakawa,positive,outstanding quality service definitely shop,43,5
4290,Excellent products and service. Best in the area!,2023-05-03,Twitter,Kawempe,positive,excellent product service best area,35,5
4291,Standard business service. Acceptable but not exceptional. Located in Central.,2023-11-04,Google,Nakawa,neutral,standard business service acceptable exceptional located central,64,7
4292,Amazing service! The team went above and beyond to help me.,2024-06-16,Twitter,Kampala,positive,amazing service team went beyond help,37,6
4293,Amazing service! The team went above and beyond to help me. Located in Ntinda.,2024-11-19,Google,Bukoto,positive,amazing service team went beyond help located ntinda,52,8
4294,Quick response time and excellent customer care. Highly recommended!,2023-01-08,Instagram,Kampala,positive,quick response time excellent customer care highly recommended,62,8
4295,Customer service needs major improvement. Very unprofessional. Located in Central.,2024-07-29,Website,Lubaga,negative,customer service need major improvement unprofessional located central,70,8
4296,Great service! Very fast delivery in Kampala. Highly recommend! Great customer!,2024-03-25,Website,Lubaga,positive,great service fast delivery kampala highly recommend great customer,67,9
4297,Great prices and even better service. Highly recommend this business! Located in Muyenga.,2023-10-12,Facebook,Kawempe,positive,great price even better service highly recommend business located muyenga,73,10
4298,Very slow delivery and unresponsive customer support.,2023-08-22,Instagram,Kampala,negative,slow delivery unresponsive customer support,43,5
4299,Product was different from what was advertised. Misleading description. Great staff!,2023-05-18,Instagram,Makindye,negative,product different advertised misleading description great staff,63,7
4300,Excellent communication and fast delivery. Highly satisfied!,2024-03-01,Instagram,Ntinda,positive,excellent communication fast delivery highly satisfied,54,6
4301,Professional service and high-quality products. Very happy! Great restaurant!,2023-12-31,Facebook,Nakawa,positive,professional service product happy great restaurant,51,6
4302,Best prices in Nakawa area. Great value for money.,2024-04-17,Instagram,Kampala,positive,best price nakawa area great value money,40,7
4303,Great products at affordable prices. Very satisfied with my purchase.,2024-01-20,Twitter,Bukoto,positive,great product affordable price satisfied purchase,49,6
4304,Decent value. Product works as expected.,2024-06-11,Instagram,Ntinda,neutral,decent value product work expected,34,5
4305,Excellent communication and fast delivery. Highly satisfied! Located in Lubaga.,2024-02-25,Facebook,Lubaga,positive,excellent communication fast delivery highly satisfied located lubaga,69,8
4306,Product is fine. Meets expectations without exceeding them. Located in Makindye.,2023-11-28,WhatsApp,Makindye,neutral,product fine meet expectation without exceeding located makindye,64,8
4307,Average experience. Product is functional and adequate.,2024-12-10,Twitter,Kawempe,neutral,average experience product functional adequate,46,5
4308,Best shop in Kawempe. Quality products and great service.,2023-06-02,Google,Muyenga,positive,best shop kawempe quality product great service,47,7
4309,"Outstanding business! Professional, reliable, and customer-focused.",2024-08-11,Twitter,Ntinda,positive,outstanding business professional reliable,42,4
4310,Product works fine. Decent quality for the price paid.,2023-11-21,Twitter,Lubaga,neutral,product work fine decent quality price paid,43,7
4311,Very satisfied with my purchase. Great quality and fast delivery.,2023-09-05,Twitter,Ntinda,positive,satisfied purchase great quality fast delivery,46,6
4312,Standard experience. Product does what it needs to do.,2024-02-02,Website,Kololo,neutral,standard experience product need,32,4
4313,Great experience from start to finish. Will shop here again! Great customer!,2024-03-23,WhatsApp,Kawempe,positive,great experience start finish shop great customer,49,7
4314,Standard business service. Acceptable but not exceptional.,2024-09-11,Facebook,Kampala,neutral,standard business service acceptable exceptional,48,5
4315,"Fast delivery, good quality, fair prices. What more could you ask for?",2024-03-10,Facebook,Lubaga,positive,fast delivery good quality fair price could ask,47,8
4316,Okay experience. Nothing to complain about but not impressed either. Great service!,2023-10-06,Website,Makindye,neutral,okay experience nothing complain impressed either great service,63,8
4317,Excellent customer support. They responded quickly to my questions.,2023-01-30,WhatsApp,Lubaga,positive,excellent customer support responded quickly question,53,6
4318,Great prices and even better service. Highly recommend this business!,2023-10-01,Facebook,Nakawa,positive,great price even better service highly recommend business,57,8
4319,Amazing service! The team went above and beyond to help me.,2024-07-17,Instagram,Makindye,positive,amazing service team went beyond help,37,6
4320,Okay experience. Nothing to complain about but not impressed either.,2024-07-13,Website,Central,neutral,okay experience nothing complain impressed either,49,6
4321,Okay service. Nothing special but gets the job done.,2023-01-09,Twitter,Kampala,neutral,okay service nothing special get job done,41,7
4322,Quick response time and excellent customer care. Highly recommended! Located in Kawempe.,2024-01-29,Twitter,Kololo,positive,quick response time excellent customer care highly recommended located kawempe,78,10
4323,Product arrived damaged and customer service refused to help. Located in Nakawa.,2023-07-18,Google,Kampala,negative,product arrived damaged customer service refused help located nakawa,68,9
4324,Top-notch quality. Exceeded my expectations completely.,2023-11-12,Facebook,Lubaga,positive,quality exceeded expectation completely,39,4
4325,Worst shopping experience. Poor quality and terrible service. Located in Muyenga.,2024-10-04,Instagram,Nakawa,negative,worst shopping experience poor quality terrible service located muyenga,71,9
4326,Best customer service I've experienced. Products are top quality. Located in Kawempe.,2023-11-27,Twitter,Nakawa,positive,best customer service experienced product top quality located kawempe,69,9
4327,Great products at affordable prices. Very satisfied with my purchase. Located in Central.,2024-12-11,Facebook,Kampala,positive,great product affordable price satisfied purchase located central,65,8
4328,Decent value. Product works as expected.,2024-07-29,Twitter,Kololo,neutral,decent value product work expected,34,5
4329,Okay delivery time. Product is functional and usable.,2023-02-26,Google,Bukoto,neutral,okay delivery time product functional usable,44,6
4330,Average product quality. Meets basic needs adequately. Located in Kawempe.,2023-03-03,Twitter,Ntinda,neutral,average product quality meet basic need adequately located kawempe,66,9
4331,Great experience overall. Will be a returning customer.,2024-06-17,Website,Kampala,positive,great experience overall returning customer,43,5
4332,Product is fine. Meets expectations without exceeding them. Located in Ntinda.,2023-08-15,Twitter,Makindye,neutral,product fine meet expectation without exceeding located ntinda,62,8
4333,Poor value for money. Better options available elsewhere.,2024-09-20,Instagram,Ntinda,negative,poor value money better option available elsewhere,50,7
4334,Great experience from start to finish. Will shop here again!,2024-07-24,WhatsApp,Central,positive,great experience start finish shop,34,5
4335,Great experience from start to finish. Will shop here again!,2024-04-03,Twitter,Ntinda,positive,great experience start finish shop,34,5
4336,Great value for money. Fast delivery and excellent packaging. Great shipping!,2023-11-13,Google,Makindye,positive,great value money fast delivery excellent packaging great shipping,66,9
4337,Very slow delivery and unresponsive customer support.,2023-08-05,Facebook,Bukoto,negative,slow delivery unresponsive customer support,43,5
4338,Average quality. Nothing special but nothing wrong either.,2024-11-04,Twitter,Bukoto,neutral,average quality nothing special nothing wrong either,52,7
4339,Outstanding quality and service. Will definitely shop here again.,2023-05-14,Facebook,Central,positive,outstanding quality service definitely shop,43,5
4340,"Fast delivery, good quality, fair prices. What more could you ask for?",2023-10-29,Google,Lubaga,positive,fast delivery good quality fair price could ask,47,8
4341,Love the product quality. Fast shipping and good packaging. Located in Kampala.,2023-01-15,Instagram,Kawempe,positive,love product quality fast shipping good packaging located kampala,65,9
4342,Poor value for money. Better options available elsewhere. Located in Ntinda.,2023-09-23,WhatsApp,Kampala,negative,poor value money better option available elsewhere located ntinda,65,9
4343,Average quality. Nothing special but nothing wrong either. Great experience!,2024-11-21,WhatsApp,Ntinda,neutral,average quality nothing special nothing wrong either great experience,69,9
4344,Best shop in Kawempe. Quality products and great service. Located in Bukoto.,2023-08-23,Instagram,Makindye,positive,best shop kawempe quality product great service located bukoto,62,9
4345,Customer service was unresponsive. Had to wait days for a reply.,2023-10-24,WhatsApp,Lubaga,negative,customer service unresponsive wait day reply,44,6
4346,Average quality products. Functional but not impressive.,2024-10-13,Twitter,Kololo,neutral,average quality product functional impressive,45,5
4347,Top quality products at reasonable prices. Highly recommended!,2024-10-04,Instagram,Ntinda,positive,top quality product reasonable price highly recommended,55,7
4348,Great value for money. Fast delivery and excellent packaging.,2024-03-23,Website,Nakawa,positive,great value money fast delivery excellent packaging,51,7
4349,Love shopping here! Always get great deals and quality products.,2023-02-22,Google,Makindye,positive,love shopping always get great deal quality product,51,8
4350,Okay service. Product meets basic requirements. Located in Central. Great experience!,2024-11-04,Google,Bukoto,neutral,okay service product meet basic requirement located central great experience,76,10
4351,Excellent products and service. Best in the area! Great experience!,2024-07-30,WhatsApp,Lubaga,positive,excellent product service best area great experience,52,7
4352,Very slow delivery and unresponsive customer support.,2024-08-11,Instagram,Central,negative,slow delivery unresponsive customer support,43,5
4353,Customer service is terrible. No one responds to complaints. Located in Kampala.,2024-08-27,Website,Nakawa,negative,customer service terrible one responds complaint located kampala,64,8
4354,Amazing experience! The product arrived on time and in perfect condition.,2023-06-09,WhatsApp,Bukoto,positive,amazing experience product arrived time perfect condition,57,7
4355,Great experience overall. Will be a returning customer.,2023-09-06,Website,Makindye,positive,great experience overall returning customer,43,5
4356,Product is functional. Does what it's supposed to do. Located in Makindye.,2023-06-08,Twitter,Kololo,neutral,product functional supposed located makindye,44,5
4357,Average experience. Product is functional and adequate. Located in Lubaga.,2023-05-02,Twitter,Kawempe,neutral,average experience product functional adequate located lubaga,61,7
4358,Great prices and even better service. Highly recommend this business!,2024-01-14,Facebook,Kololo,positive,great price even better service highly recommend business,57,8
4359,Outstanding service! The staff was very helpful and friendly. Located in Nakawa.,2023-04-02,Instagram,Ntinda,positive,outstanding service staff helpful friendly located nakawa,57,7
4360,Average experience overall. Product is fine but not great.,2024-06-15,Google,Central,neutral,average experience overall product fine great,45,6
4361,Customer service was unresponsive. Had to wait days for a reply. Great business!,2023-12-29,Twitter,Ntinda,negative,customer service unresponsive wait day reply great business,59,8
4362,Average quality. Nothing special but nothing wrong either.,2023-08-13,Twitter,Kololo,neutral,average quality nothing special nothing wrong either,52,7
4363,Best customer service I've experienced. Products are top quality.,2023-03-15,Facebook,Makindye,positive,best customer service experienced product top quality,53,7
4364,Quick response time and excellent customer care. Highly recommended! Located in Central.,2024-12-28,Google,Central,positive,quick response time excellent customer care highly recommended located central,78,10
4365,Average quality products. Functional but not impressive. Located in Central. Great order!,2023-02-10,Instagram,Kawempe,neutral,average quality product functional impressive located central great order,73,9
4366,Okay service. Product meets basic requirements.,2023-09-12,Facebook,Muyenga,neutral,okay service product meet basic requirement,43,6
4367,Great products at affordable prices. Very satisfied with my purchase. Located in Kampala.,2024-10-09,Google,Kampala,positive,great product affordable price satisfied purchase located kampala,65,8
4368,Best customer service I've experienced. Products are top quality. Great shop!,2023-12-08,Twitter,Makindye,positive,best customer service experienced product top quality great shop,64,9
4369,"Fast shipping, good quality, and excellent customer support.",2023-06-14,WhatsApp,Ntinda,positive,fast shipping good quality excellent customer support,53,7
4370,Great value for money. Fast delivery and excellent packaging. Great service!,2024-07-03,Twitter,Central,positive,great value money fast delivery excellent packaging great service,65,9
4371,Standard business service. Acceptable but not exceptional.,2023-02-08,Twitter,Bukoto,neutral,standard business service acceptable exceptional,48,5
4372,Great experience overall. Will be a returning customer. Great service!,2024-01-05,Google,Muyenga,positive,great experience overall returning customer great service,57,7
4373,Great experience overall. Will be a returning customer.,2023-02-07,Twitter,Nakawa,positive,great experience overall returning customer,43,5
4374,Excellent communication and fast delivery. Highly satisfied!,2024-03-27,Google,Kampala,positive,excellent communication fast delivery highly satisfied,54,6
4375,Amazing experience! The product arrived on time and in perfect condition.,2024-08-12,Google,Kololo,positive,amazing experience product arrived time perfect condition,57,7
4376,Worst shopping experience. Poor quality and terrible service.,2024-11-22,Instagram,Makindye,negative,worst shopping experience poor quality terrible service,55,7
4377,Average experience overall. Product is fine but not great. Located in Makindye.,2024-03-03,Facebook,Muyenga,neutral,average experience overall product fine great located makindye,62,8
4378,Customer service is terrible. No one responds to complaints.,2023-05-06,WhatsApp,Central,negative,customer service terrible one responds complaint,48,6
4379,Fair prices and acceptable quality. Nothing outstanding.,2023-08-08,Facebook,Kawempe,neutral,fair price acceptable quality nothing outstanding,49,6
4380,Amazing service! The team went above and beyond to help me.,2023-03-01,Twitter,Bukoto,positive,amazing service team went beyond help,37,6
4381,Customer service needs major improvement. Very unprofessional.,2024-01-07,Facebook,Makindye,negative,customer service need major improvement unprofessional,54,6
4382,Great business with excellent customer care. Very professional.,2023-04-22,Website,Ntinda,positive,great business excellent customer care professional,51,6
4383,Great prices and even better service. Highly recommend this business!,2024-04-01,Instagram,Lubaga,positive,great price even better service highly recommend business,57,8
4384,Top quality products at reasonable prices. Highly recommended! Located in Kawempe.,2024-12-13,Twitter,Makindye,positive,top quality product reasonable price highly recommended located kawempe,71,9
4385,Top-notch quality. Exceeded my expectations completely.,2023-02-02,Google,Kawempe,positive,quality exceeded expectation completely,39,4
4386,Best prices in Nakawa area. Great value for money. Located in Nakawa.,2023-11-11,Google,Central,positive,best price nakawa area great value money located nakawa,55,9
4387,Great service! Very fast delivery in Kampala. Highly recommend! Great order!,2024-08-15,Google,Muyenga,positive,great service fast delivery kampala highly recommend great order,64,9
4388,Not satisfied with the product. Quality is below expectations.,2024-09-18,Website,Central,negative,satisfied product quality expectation,37,4
4389,Excellent products and service. Best in the area!,2024-11-21,Twitter,Makindye,positive,excellent product service best area,35,5
4390,Average quality. Nothing special but nothing wrong either.,2023-02-17,Instagram,Kawempe,neutral,average quality nothing special nothing wrong either,52,7
4391,Would not buy from here again. Poor experience overall.,2023-04-09,Facebook,Kololo,negative,would buy poor experience overall,33,5
4392,Disappointing experience. Would not recommend this shop. Great product!,2023-08-19,Instagram,Ntinda,negative,disappointing experience would recommend shop great product,59,7
4393,Best prices in Nakawa area. Great value for money.,2024-05-09,Google,Kawempe,positive,best price nakawa area great value money,40,7
4394,Average experience. Product is functional and adequate. Located in Makindye.,2024-06-07,Facebook,Lubaga,neutral,average experience product functional adequate located makindye,63,7
4395,Best prices in Nakawa area. Great value for money. Located in Makindye.,2024-11-15,Instagram,Central,positive,best price nakawa area great value money located makindye,57,9
4396,Decent value. Product works as expected.,2023-12-21,WhatsApp,Kololo,neutral,decent value product work expected,34,5
4397,Standard business service. Acceptable but not exceptional. Great product!,2024-11-24,Twitter,Muyenga,neutral,standard business service acceptable exceptional great product,62,7
4398,Outstanding quality and service. Will definitely shop here again. Great shipping!,2024-01-17,Instagram,Central,positive,outstanding quality service definitely shop great shipping,58,7
4399,Best shopping experience! Quality products and great prices.,2023-03-07,Instagram,Lubaga,positive,best shopping experience quality product great price,52,7
4400,Excellent customer support. They responded quickly to my questions.,2023-01-13,WhatsApp,Makindye,positive,excellent customer support responded quickly question,53,6
4401,Poor value for money. Better options available elsewhere. Located in Bukoto.,2024-09-06,Website,Kampala,negative,poor value money better option available elsewhere located bukoto,65,9
4402,Decent service. No major complaints but nothing impressive. Great quality!,2023-12-13,Twitter,Bukoto,neutral,decent service major complaint nothing impressive great quality,63,8
4403,"Outstanding business! Professional, reliable, and customer-focused. Great experience!",2024-07-16,Instagram,Makindye,positive,outstanding business professional reliable great experience,59,6
4404,Excellent products and service. Best in the area!,2024-09-05,WhatsApp,Lubaga,positive,excellent product service best area,35,5
4405,Decent quality products. Price is fair for what you receive. Located in Kampala.,2024-11-30,Facebook,Lubaga,neutral,decent quality product price fair receive located kampala,57,8
4406,Delivery was delayed multiple times. Very frustrating experience. Located in Central.,2024-05-17,Website,Central,negative,delivery delayed multiple time frustrating experience located central,69,8
4407,Product works fine. Decent quality for the price paid.,2024-05-30,Google,Kololo,neutral,product work fine decent quality price paid,43,7
4408,Disappointing experience. Would not recommend this shop.,2023-06-14,Website,Lubaga,negative,disappointing experience would recommend shop,45,5
4409,Product was damaged on arrival. Poor packaging quality.,2023-06-08,Instagram,Lubaga,negative,product damaged arrival poor packaging quality,46,6
4410,Average experience overall. Product is fine but not great. Located in Nakawa. Great restaurant!,2023-05-18,WhatsApp,Kololo,neutral,average experience overall product fine great located nakawa great restaurant,77,10
4411,Love the product quality. Fast shipping and good packaging. Located in Nakawa.,2024-09-14,Instagram,Kawempe,positive,love product quality fast shipping good packaging located nakawa,64,9
4412,Great value for money. Fast delivery and excellent packaging.,2024-06-08,Instagram,Nakawa,positive,great value money fast delivery excellent packaging,51,7
4413,Delivery was delayed multiple times. Very frustrating experience.,2023-12-15,Instagram,Ntinda,negative,delivery delayed multiple time frustrating experience,53,6
4414,Average product quality. Meets basic expectations.,2024-07-02,Instagram,Central,neutral,average product quality meet basic expectation,46,6
4415,Excellent business! Highly professional and reliable. Great price!,2024-05-11,Google,Makindye,positive,excellent business highly professional reliable great price,59,7
4416,Amazing experience! The product arrived on time and in perfect condition.,2024-09-29,Twitter,Kampala,positive,amazing experience product arrived time perfect condition,57,7
4417,Excellent products and service. Best in the area!,2024-01-24,WhatsApp,Makindye,positive,excellent product service best area,35,5
4418,Decent service. No major complaints but nothing impressive. Great store!,2024-08-29,Website,Makindye,neutral,decent service major complaint nothing impressive great store,61,8
4419,Okay service. Product meets basic requirements. Great delivery!,2024-03-16,Facebook,Central,neutral,okay service product meet basic requirement great delivery,58,8
4420,Great business with excellent customer care. Very professional.,2023-11-16,Instagram,Kampala,positive,great business excellent customer care professional,51,6
4421,Product didn't work as expected. Waste of money. Great support!,2024-07-29,Facebook,Central,negative,product work expected waste money great support,47,7
4422,Product is functional. Does what it's supposed to do.,2023-09-11,WhatsApp,Kawempe,neutral,product functional supposed,27,3
4423,Best prices in Nakawa area. Great value for money. Great price!,2024-03-24,Facebook,Makindye,positive,best price nakawa area great value money great price,52,9
4424,Very satisfied with my purchase. Great quality and fast delivery. Located in Nakawa.,2023-08-16,Website,Kololo,positive,satisfied purchase great quality fast delivery located nakawa,61,8
4425,"Outstanding business! Professional, reliable, and customer-focused.",2023-07-18,Google,Kololo,positive,outstanding business professional reliable,42,4
4426,Outstanding service! The staff was very helpful and friendly.,2024-03-19,WhatsApp,Makindye,positive,outstanding service staff helpful friendly,42,5
4427,"Outstanding business! Professional, reliable, and customer-focused.",2023-07-29,Instagram,Kawempe,positive,outstanding business professional reliable,42,4
4428,Average quality products. Functional but not impressive.,2024-12-03,Google,Muyenga,neutral,average quality product functional impressive,45,5
4429,Love the product quality. Fast shipping and good packaging.,2024-10-30,WhatsApp,Ntinda,positive,love product quality fast shipping good packaging,49,7
4430,Fair experience overall. Nothing exceptional but acceptable. Located in Kampala.,2024-02-16,Google,Nakawa,neutral,fair experience overall nothing exceptional acceptable located kampala,70,8
4431,Average experience. Product is functional and adequate.,2024-08-31,Instagram,Ntinda,neutral,average experience product functional adequate,46,5
4432,Amazing quality products. Will definitely buy again from this shop. Great delivery!,2023-10-30,Twitter,Kawempe,positive,amazing quality product definitely buy shop great delivery,58,8
4433,Poor packaging led to damaged goods. Very unprofessional.,2024-05-10,Google,Bukoto,negative,poor packaging led damaged good unprofessional,46,6
4434,Amazing service! The team went above and beyond to help me.,2024-06-19,Facebook,Nakawa,positive,amazing service team went beyond help,37,6
4435,Very disappointed. Product quality is poor and service is worse.,2024-03-11,Instagram,Nakawa,negative,disappointed product quality poor service worse,47,6
4436,Delivery was on time. Product is as expected.,2023-10-30,Google,Bukoto,neutral,delivery time product expected,30,4
4437,Top quality products at reasonable prices. Highly recommended!,2023-12-08,Facebook,Central,positive,top quality product reasonable price highly recommended,55,7
4438,Standard service. No complaints but nothing exceptional either. Located in Kawempe. Great support!,2024-04-08,Twitter,Nakawa,neutral,standard service complaint nothing exceptional either located kawempe great support,83,10
4439,Great experience from start to finish. Will shop here again! Located in Kololo.,2024-10-12,Website,Central,positive,great experience start finish shop located kololo,49,7
4440,Standard delivery time. Product quality is average.,2023-03-04,Website,Muyenga,neutral,standard delivery time product quality average,46,6
4441,Great prices and even better service. Highly recommend this business! Located in Muyenga. Great service!,2024-05-11,WhatsApp,Ntinda,positive,great price even better service highly recommend business located muyenga great service,87,12
4442,Great experience from start to finish. Will shop here again! Located in Muyenga. Great store!,2024-04-19,Facebook,Muyenga,positive,great experience start finish shop located muyenga great store,62,9
4443,Average quality products. Functional but not impressive. Located in Kampala.,2023-07-03,Instagram,Ntinda,neutral,average quality product functional impressive located kampala,61,7
4444,Average quality. Price is reasonable for what you get.,2023-09-27,Twitter,Muyenga,neutral,average quality price reasonable get,36,5
4445,Great experience from start to finish. Will shop here again!,2024-04-25,WhatsApp,Bukoto,positive,great experience start finish shop,34,5
4446,Great value for money. Fast delivery and excellent packaging. Located in Nakawa.,2024-10-17,Facebook,Bukoto,positive,great value money fast delivery excellent packaging located nakawa,66,9
4447,Overpriced products with low quality. Not good value for money. Located in Kololo.,2024-06-27,Instagram,Kawempe,negative,overpriced product low quality good value money located kololo,62,9
4448,Top quality products at reasonable prices. Highly recommended! Great delivery!,2023-09-18,WhatsApp,Lubaga,positive,top quality product reasonable price highly recommended great delivery,70,9
4449,Love shopping here! Always get great deals and quality products. Great shop!,2023-02-15,Website,Lubaga,positive,love shopping always get great deal quality product great shop,62,10
4450,Love the product quality. Fast shipping and good packaging. Located in Kawempe.,2024-12-07,Facebook,Nakawa,positive,love product quality fast shipping good packaging located kawempe,65,9
4451,Product is fine. Meets expectations without exceeding them. Located in Muyenga.,2024-11-17,Website,Kololo,neutral,product fine meet expectation without exceeding located muyenga,63,8
4452,Outstanding service! The staff was very helpful and friendly. Located in Makindye. Great product!,2024-05-26,Facebook,Central,positive,outstanding service staff helpful friendly located makindye great product,73,9
4453,Standard delivery time. Product quality is average. Located in Ntinda.,2024-10-17,Website,Makindye,neutral,standard delivery time product quality average located ntinda,61,8
4454,Amazing service! The team went above and beyond to help me. Located in Muyenga.,2023-11-22,Facebook,Kampala,positive,amazing service team went beyond help located muyenga,53,8
4455,Amazing experience! The product arrived on time and in perfect condition.,2024-09-24,Instagram,Ntinda,positive,amazing experience product arrived time perfect condition,57,7
4456,Outstanding service! The staff was very helpful and friendly.,2024-10-27,Facebook,Kololo,positive,outstanding service staff helpful friendly,42,5
4457,Product is okay. Nothing special but serves its purpose. Located in Central.,2023-01-26,Website,Nakawa,neutral,product okay nothing special serf purpose located central,57,8
4458,Customer service is terrible. No one responds to complaints.,2024-06-03,WhatsApp,Lubaga,negative,customer service terrible one responds complaint,48,6
4459,Best shopping experience! Quality products and great prices.,2024-11-03,Instagram,Makindye,positive,best shopping experience quality product great price,52,7
4460,Very slow delivery. Took over a week to arrive in Kampala. Located in Bukoto.,2023-03-12,Twitter,Kampala,negative,slow delivery took week arrive kampala located bukoto,53,8
4461,Best customer service I've experienced. Products are top quality.,2024-10-28,Instagram,Makindye,positive,best customer service experienced product top quality,53,7
4462,Great products at affordable prices. Very satisfied with my purchase. Located in Lubaga.,2023-06-27,Twitter,Central,positive,great product affordable price satisfied purchase located lubaga,64,8
4463,Standard service. No complaints but nothing exceptional either. Located in Nakawa.,2024-10-28,Facebook,Ntinda,neutral,standard service complaint nothing exceptional either located nakawa,68,8
4464,Excellent customer support. They responded quickly to my questions.,2023-01-29,Twitter,Nakawa,positive,excellent customer support responded quickly question,53,6
4465,Fair prices and acceptable quality. Nothing outstanding. Great product!,2023-04-11,Facebook,Ntinda,neutral,fair price acceptable quality nothing outstanding great product,63,8
4466,Very satisfied with my purchase. Great quality and fast delivery. Located in Kampala.,2024-11-22,Facebook,Muyenga,positive,satisfied purchase great quality fast delivery located kampala,62,8
4467,Great service! Very fast delivery in Kampala. Highly recommend! Located in Lubaga.,2023-07-08,Google,Lubaga,positive,great service fast delivery kampala highly recommend located lubaga,67,9
4468,Decent service. No major complaints but nothing impressive.,2024-08-13,Instagram,Kampala,neutral,decent service major complaint nothing impressive,49,6
4469,"Fast shipping, good quality, and excellent customer support.",2024-01-09,Facebook,Ntinda,positive,fast shipping good quality excellent customer support,53,7
4470,Great prices and even better service. Highly recommend this business! Located in Kampala. Great business!,2024-08-05,WhatsApp,Kampala,positive,great price even better service highly recommend business located kampala great business,88,12
4471,Standard quality. Nothing to complain about or praise. Great price!,2023-06-10,Twitter,Central,neutral,standard quality nothing complain praise great price,52,7
4472,Average product quality. Meets basic needs adequately.,2024-12-06,Facebook,Muyenga,neutral,average product quality meet basic need adequately,50,7
4473,Great products at affordable prices. Very satisfied with my purchase. Located in Kawempe.,2024-08-12,WhatsApp,Makindye,positive,great product affordable price satisfied purchase located kawempe,65,8
4474,Standard experience. Product does what it needs to do. Great customer!,2024-12-14,WhatsApp,Kawempe,neutral,standard experience product need great customer,47,6
4475,"Outstanding business! Professional, reliable, and customer-focused. Located in Ntinda.",2024-11-25,Instagram,Kawempe,positive,outstanding business professional reliable located ntinda,57,6
4476,Product was defective but they refused to refund. Bad business.,2023-04-15,Website,Kawempe,negative,product defective refused refund bad business,45,6
4477,Love the product quality. Fast shipping and good packaging.,2023-10-23,Website,Nakawa,positive,love product quality fast shipping good packaging,49,7
4478,Excellent business! Highly professional and reliable.,2023-05-13,Facebook,Ntinda,positive,excellent business highly professional reliable,47,5
4479,Okay service. Product meets basic requirements.,2024-03-23,Facebook,Lubaga,neutral,okay service product meet basic requirement,43,6
4480,Not satisfied at all. Product quality is below standard.,2024-10-11,Facebook,Kawempe,negative,satisfied product quality standard,34,4
4481,Great prices and even better service. Highly recommend this business! Great store!,2024-11-03,Facebook,Muyenga,positive,great price even better service highly recommend business great store,69,10
4482,Great experience from start to finish. Will shop here again! Located in Nakawa.,2023-09-29,Website,Central,positive,great experience start finish shop located nakawa,49,7
4483,Fair value for money. Quality is acceptable but not premium. Located in Muyenga.,2024-08-06,Instagram,Makindye,neutral,fair value money quality acceptable premium located muyenga,59,8
4484,Love the product quality. Fast shipping and good packaging. Great price!,2024-12-07,WhatsApp,Kampala,positive,love product quality fast shipping good packaging great price,61,9
4485,Top quality products at reasonable prices. Highly recommended!,2023-05-28,Instagram,Central,positive,top quality product reasonable price highly recommended,55,7
4486,Very slow delivery. Took over a week to arrive in Kampala. Located in Lubaga.,2023-06-26,Twitter,Lubaga,negative,slow delivery took week arrive kampala located lubaga,53,8
4487,Standard business service. Acceptable but not exceptional.,2023-02-16,Website,Kololo,neutral,standard business service acceptable exceptional,48,5
4488,Would not buy from here again. Poor experience overall. Great packaging!,2023-01-10,Facebook,Muyenga,negative,would buy poor experience overall great packaging,49,7
4489,Excellent customer support. They responded quickly to my questions.,2024-08-24,Twitter,Kololo,positive,excellent customer support responded quickly question,53,6
4490,Love shopping here! Always get great deals and quality products. Located in Kololo.,2024-05-21,Facebook,Kawempe,positive,love shopping always get great deal quality product located kololo,66,10
4491,Amazing experience! The product arrived on time and in perfect condition.,2024-02-04,Instagram,Kawempe,positive,amazing experience product arrived time perfect condition,57,7
4492,Standard quality. Nothing to complain about or praise.,2023-09-23,Website,Kampala,neutral,standard quality nothing complain praise,40,5
4493,Product arrived damaged and customer service refused to help. Located in Lubaga.,2023-03-03,WhatsApp,Makindye,negative,product arrived damaged customer service refused help located lubaga,68,9
4494,Great products at affordable prices. Very satisfied with my purchase. Located in Makindye.,2023-03-19,Website,Ntinda,positive,great product affordable price satisfied purchase located makindye,66,8
4495,Professional service and high-quality products. Very happy!,2024-01-11,Instagram,Central,positive,professional service product happy,34,4
4496,Amazing service! The team went above and beyond to help me.,2023-05-20,Google,Central,positive,amazing service team went beyond help,37,6
4497,Great prices and even better service. Highly recommend this business!,2024-01-29,Facebook,Nakawa,positive,great price even better service highly recommend business,57,8
4498,Terrible customer service. No help when I had an issue.,2024-06-04,Website,Kololo,negative,terrible customer service help issue,36,5
4499,Customer service was unresponsive. Had to wait days for a reply.,2024-02-05,Instagram,Kawempe,negative,customer service unresponsive wait day reply,44,6
4500,Average experience. Product is functional and adequate.,2024-11-05,Instagram,Kololo,neutral,average experience product functional adequate,46,5
4501,"Fast shipping, good quality, and excellent customer support. Located in Muyenga.",2024-03-07,Twitter,Muyenga,positive,fast shipping good quality excellent customer support located muyenga,69,9
4502,Overpriced compared to other shops in Nakawa area.,2023-08-06,Website,Lubaga,negative,overpriced compared shop nakawa area,36,5
4503,Excellent products and service. Best in the area! Great customer!,2024-06-29,Google,Bukoto,positive,excellent product service best area great customer,50,7
4504,Standard business service. Acceptable but not exceptional.,2024-04-24,Twitter,Muyenga,neutral,standard business service acceptable exceptional,48,5
4505,Product works fine. Decent quality for the price paid. Great shipping!,2024-11-19,Facebook,Makindye,neutral,product work fine decent quality price paid great shipping,58,9
4506,Product is functional. Does what it's supposed to do. Great restaurant!,2023-12-22,WhatsApp,Lubaga,neutral,product functional supposed great restaurant,44,5
4507,Excellent products and service. Best in the area! Great price!,2023-04-24,Google,Ntinda,positive,excellent product service best area great price,47,7
4508,Fair prices and acceptable quality. Nothing outstanding.,2024-10-17,Facebook,Bukoto,neutral,fair price acceptable quality nothing outstanding,49,6
4509,Okay delivery time. Product is functional and usable.,2023-03-31,Instagram,Kampala,neutral,okay delivery time product functional usable,44,6
4510,Would not buy from here again. Poor experience overall.,2024-10-07,Website,Ntinda,negative,would buy poor experience overall,33,5
4511,Excellent products and service. Best in the area! Great customer!,2023-12-26,WhatsApp,Central,positive,excellent product service best area great customer,50,7
4512,Love the product quality. Fast shipping and good packaging.,2024-01-03,WhatsApp,Kawempe,positive,love product quality fast shipping good packaging,49,7
4513,Product was damaged on arrival. Poor packaging quality.,2023-06-04,Instagram,Nakawa,negative,product damaged arrival poor packaging quality,46,6
4514,Okay product quality. Price matches the value received.,2024-06-20,Facebook,Kampala,neutral,okay product quality price match value received,47,7
4515,Decent value. Product works as expected.,2023-01-13,Google,Muyenga,neutral,decent value product work expected,34,5
4516,Product works as expected. No major issues or complaints. Located in Central.,2024-11-07,Instagram,Nakawa,neutral,product work expected major issue complaint located central,59,8
4517,"Outstanding business! Professional, reliable, and customer-focused. Located in Ntinda.",2023-07-16,Google,Nakawa,positive,outstanding business professional reliable located ntinda,57,6
4518,Standard business service. Acceptable but not exceptional.,2024-11-15,Website,Nakawa,neutral,standard business service acceptable exceptional,48,5
4519,Standard business service. Acceptable but not exceptional. Located in Muyenga. Great store!,2023-03-15,Instagram,Central,neutral,standard business service acceptable exceptional located muyenga great store,76,9
4520,Top-notch quality. Exceeded my expectations completely. Located in Nakawa. Great customer!,2023-07-24,Website,Lubaga,positive,quality exceeded expectation completely located nakawa great customer,69,8
4521,Great experience overall. Will be a returning customer.,2023-12-21,WhatsApp,Makindye,positive,great experience overall returning customer,43,5
4522,Standard quality. Nothing to complain about or praise.,2023-03-02,Twitter,Kawempe,neutral,standard quality nothing complain praise,40,5
4523,Great experience from start to finish. Will shop here again!,2023-05-03,Google,Nakawa,positive,great experience start finish shop,34,5
4524,Decent service. No major complaints but nothing impressive.,2024-05-08,WhatsApp,Kawempe,neutral,decent service major complaint nothing impressive,49,6
4525,Best shop in Kawempe. Quality products and great service. Great customer!,2024-07-28,Website,Muyenga,positive,best shop kawempe quality product great service great customer,62,9
4526,Poor value for money. Better options available elsewhere. Located in Kawempe.,2023-09-16,Facebook,Nakawa,negative,poor value money better option available elsewhere located kawempe,66,9
4527,Standard business service. Acceptable but not exceptional. Located in Ntinda.,2023-12-14,WhatsApp,Ntinda,neutral,standard business service acceptable exceptional located ntinda,63,7
4528,Professional service and high-quality products. Very happy!,2023-05-19,Instagram,Kawempe,positive,professional service product happy,34,4
4529,Best shop in Kawempe. Quality products and great service.,2023-07-20,Google,Kololo,positive,best shop kawempe quality product great service,47,7
4530,Top-notch quality. Exceeded my expectations completely. Located in Kampala.,2024-02-04,Facebook,Kololo,positive,quality exceeded expectation completely located kampala,55,6
4531,Product broke after just one week of use. Very poor quality. Located in Bukoto.,2024-04-03,Twitter,Nakawa,negative,product broke one week use poor quality located bukoto,54,9
4532,Product works as expected. No major issues or complaints. Located in Ntinda. Great product!,2023-04-20,Instagram,Makindye,neutral,product work expected major issue complaint located ntinda great product,72,10
4533,Great business with excellent customer care. Very professional.,2023-10-20,Google,Central,positive,great business excellent customer care professional,51,6
4534,Product works fine. Decent quality for the price paid. Great restaurant!,2023-05-14,Website,Makindye,neutral,product work fine decent quality price paid great restaurant,60,9
4535,Great business with excellent customer care. Very professional. Located in Kololo.,2024-05-02,Google,Ntinda,positive,great business excellent customer care professional located kololo,66,8
4536,Average experience overall. Product is fine but not great.,2024-01-14,Website,Muyenga,neutral,average experience overall product fine great,45,6
4537,Fair value for money. Quality is acceptable but not premium. Great delivery!,2024-07-07,Website,Kampala,neutral,fair value money quality acceptable premium great delivery,58,8
4538,Average product quality. Meets basic needs adequately. Located in Lubaga.,2023-12-01,Google,Bukoto,neutral,average product quality meet basic need adequately located lubaga,65,9
4539,Okay service. Nothing special but gets the job done.,2023-10-21,Website,Lubaga,neutral,okay service nothing special get job done,41,7
4540,Poor customer service. Staff was rude and unhelpful.,2023-09-23,Website,Kawempe,negative,poor customer service staff rude unhelpful,42,6
4541,Fair prices and acceptable quality. Nothing outstanding. Located in Ntinda.,2024-05-01,Instagram,Makindye,neutral,fair price acceptable quality nothing outstanding located ntinda,64,8
4542,Great prices and even better service. Highly recommend this business!,2024-06-30,Twitter,Makindye,positive,great price even better service highly recommend business,57,8
4543,Great products at affordable prices. Very satisfied with my purchase. Located in Kampala.,2023-02-14,Twitter,Bukoto,positive,great product affordable price satisfied purchase located kampala,65,8
4544,Amazing service! The team went above and beyond to help me.,2023-03-15,Instagram,Ntinda,positive,amazing service team went beyond help,37,6
4545,Would not buy from here again. Poor experience overall. Located in Lubaga.,2023-06-18,Twitter,Muyenga,negative,would buy poor experience overall located lubaga,48,7
4546,Quick response time and excellent customer care. Highly recommended! Located in Lubaga.,2024-03-04,Instagram,Ntinda,positive,quick response time excellent customer care highly recommended located lubaga,77,10
4547,"Fast shipping, good quality, and excellent customer support.",2024-03-11,Twitter,Lubaga,positive,fast shipping good quality excellent customer support,53,7
4548,Great experience overall. Will be a returning customer.,2024-09-19,WhatsApp,Kampala,positive,great experience overall returning customer,43,5
4549,Amazing experience! The product arrived on time and in perfect condition.,2024-08-30,WhatsApp,Nakawa,positive,amazing experience product arrived time perfect condition,57,7
4550,Top quality products at reasonable prices. Highly recommended!,2023-06-30,Facebook,Central,positive,top quality product reasonable price highly recommended,55,7
4551,Great prices and even better service. Highly recommend this business!,2024-02-02,Twitter,Nakawa,positive,great price even better service highly recommend business,57,8
4552,Great prices and even better service. Highly recommend this business! Great store!,2024-09-12,Website,Ntinda,positive,great price even better service highly recommend business great store,69,10
4553,Okay experience. Nothing to complain about but not impressed either.,2023-12-22,WhatsApp,Central,neutral,okay experience nothing complain impressed either,49,6
4554,"Outstanding business! Professional, reliable, and customer-focused.",2024-11-01,Instagram,Nakawa,positive,outstanding business professional reliable,42,4
4555,Best shop in Kawempe. Quality products and great service.,2023-02-25,Google,Muyenga,positive,best shop kawempe quality product great service,47,7
4556,Amazing service! The team went above and beyond to help me.,2023-10-15,Website,Ntinda,positive,amazing service team went beyond help,37,6
4557,Average quality. Price is reasonable for what you get.,2024-12-16,Twitter,Muyenga,neutral,average quality price reasonable get,36,5
4558,Great products at affordable prices. Very satisfied with my purchase. Great shipping!,2023-05-03,WhatsApp,Lubaga,positive,great product affordable price satisfied purchase great shipping,64,8
4559,Product was defective but they refused to refund. Bad business. Located in Nakawa.,2024-12-29,Facebook,Muyenga,negative,product defective refused refund bad business located nakawa,60,8
4560,Standard service. No complaints but nothing exceptional either.,2024-12-18,WhatsApp,Ntinda,neutral,standard service complaint nothing exceptional either,53,6
4561,Love shopping here! Always get great deals and quality products.,2023-02-27,Google,Kololo,positive,love shopping always get great deal quality product,51,8
4562,Great experience from start to finish. Will shop here again!,2024-05-14,Facebook,Kawempe,positive,great experience start finish shop,34,5
4563,Amazing experience! The product arrived on time and in perfect condition. Located in Kololo.,2024-07-28,Instagram,Ntinda,positive,amazing experience product arrived time perfect condition located kololo,72,9
4564,Great experience from start to finish. Will shop here again! Located in Bukoto. Great shop!,2024-08-12,WhatsApp,Makindye,positive,great experience start finish shop located bukoto great shop,60,9
4565,Love shopping here! Always get great deals and quality products.,2023-02-08,Instagram,Kawempe,positive,love shopping always get great deal quality product,51,8
4566,"Fast delivery, good quality, fair prices. What more could you ask for?",2023-12-30,Twitter,Nakawa,positive,fast delivery good quality fair price could ask,47,8
4567,Product is fine. Meets expectations without exceeding them.,2024-06-08,Google,Makindye,neutral,product fine meet expectation without exceeding,47,6
4568,Average experience. Product is functional and adequate. Located in Muyenga. Great customer!,2024-03-06,Twitter,Kawempe,neutral,average experience product functional adequate located muyenga great customer,77,9
4569,"Fast shipping, good quality, and excellent customer support.",2023-01-07,Website,Kololo,positive,fast shipping good quality excellent customer support,53,7
4570,Amazing service! The team went above and beyond to help me. Located in Bukoto. Great support!,2024-10-21,Twitter,Central,positive,amazing service team went beyond help located bukoto great support,66,10
4571,Customer service was unresponsive. Had to wait days for a reply. Located in Makindye.,2023-03-06,Website,Ntinda,negative,customer service unresponsive wait day reply located makindye,61,8
4572,Product arrived damaged and customer service refused to help. Great delivery!,2023-06-13,Facebook,Central,negative,product arrived damaged customer service refused help great delivery,68,9
4573,Very satisfied with my purchase. Great quality and fast delivery. Located in Makindye.,2023-01-26,Facebook,Ntinda,positive,satisfied purchase great quality fast delivery located makindye,63,8
4574,Product arrived damaged and customer service refused to help.,2023-03-05,Facebook,Makindye,negative,product arrived damaged customer service refused help,53,7
4575,Great value for money. Fast delivery and excellent packaging. Great business!,2024-05-28,Facebook,Kawempe,positive,great value money fast delivery excellent packaging great business,66,9
4576,Fair prices and acceptable quality. Nothing outstanding. Great shop!,2024-02-21,Instagram,Kawempe,neutral,fair price acceptable quality nothing outstanding great shop,60,8
4577,Average quality products. Functional but not impressive.,2024-05-02,Twitter,Nakawa,neutral,average quality product functional impressive,45,5
4578,Amazing quality products. Will definitely buy again from this shop. Located in Kololo.,2024-08-15,Instagram,Kampala,positive,amazing quality product definitely buy shop located kololo,58,8
4579,Amazing quality products. Will definitely buy again from this shop.,2024-04-16,Website,Muyenga,positive,amazing quality product definitely buy shop,43,6
4580,Standard delivery. Product works but quality is average. Located in Central.,2023-05-02,WhatsApp,Ntinda,neutral,standard delivery product work quality average located central,62,8
4581,Love shopping here! Always get great deals and quality products. Great store!,2024-10-07,WhatsApp,Kololo,positive,love shopping always get great deal quality product great store,63,10
4582,Amazing experience! The product arrived on time and in perfect condition.,2024-03-15,WhatsApp,Makindye,positive,amazing experience product arrived time perfect condition,57,7
4583,Product was different from what was advertised. Misleading description. Great packaging!,2024-02-27,Google,Ntinda,negative,product different advertised misleading description great packaging,67,7
4584,Outstanding service! The staff was very helpful and friendly. Located in Kololo. Great store!,2024-01-04,Website,Lubaga,positive,outstanding service staff helpful friendly located kololo great store,69,9
4585,Very satisfied with my purchase. Great quality and fast delivery. Located in Ntinda.,2024-03-22,Twitter,Ntinda,positive,satisfied purchase great quality fast delivery located ntinda,61,8
4586,Average experience. Product is functional and adequate. Located in Central. Great product!,2023-07-28,Facebook,Ntinda,neutral,average experience product functional adequate located central great product,76,9
4587,Best prices in Nakawa area. Great value for money.,2023-10-19,Website,Bukoto,positive,best price nakawa area great value money,40,7
4588,Customer service was unresponsive. Had to wait days for a reply.,2023-10-31,Website,Ntinda,negative,customer service unresponsive wait day reply,44,6
4589,Okay product quality. Price matches the value received. Located in Kololo.,2024-08-20,Google,Central,neutral,okay product quality price match value received located kololo,62,9
4590,Excellent products and service. Best in the area!,2023-04-18,Twitter,Bukoto,positive,excellent product service best area,35,5
4591,Okay product quality. Price matches the value received.,2023-08-16,Twitter,Nakawa,neutral,okay product quality price match value received,47,7
4592,Amazing quality products. Will definitely buy again from this shop. Located in Muyenga.,2024-06-26,Google,Kawempe,positive,amazing quality product definitely buy shop located muyenga,59,8
4593,Standard service. No complaints but nothing exceptional either.,2024-01-14,Facebook,Bukoto,neutral,standard service complaint nothing exceptional either,53,6
4594,Product works fine. Decent quality for the price paid.,2023-04-29,Instagram,Nakawa,neutral,product work fine decent quality price paid,43,7
4595,Product didn't work as expected. Waste of money. Located in Bukoto.,2023-06-13,Facebook,Kololo,negative,product work expected waste money located bukoto,48,7
4596,Top-notch quality. Exceeded my expectations completely.,2024-10-30,Google,Bukoto,positive,quality exceeded expectation completely,39,4
4597,Professional service and high-quality products. Very happy! Great packaging!,2024-10-21,Website,Kololo,positive,professional service product happy great packaging,50,6
4598,Professional service and high-quality products. Very happy!,2024-04-07,Twitter,Kololo,positive,professional service product happy,34,4
4599,Outstanding service! The staff was very helpful and friendly. Located in Muyenga.,2024-04-19,Facebook,Central,positive,outstanding service staff helpful friendly located muyenga,58,7
4600,Standard delivery. Product works but quality is average.,2023-09-10,Google,Makindye,neutral,standard delivery product work quality average,46,6
4601,Great service! Very fast delivery in Kampala. Highly recommend! Great delivery!,2024-08-04,Facebook,Kololo,positive,great service fast delivery kampala highly recommend great delivery,67,9
4602,Top-notch quality. Exceeded my expectations completely. Great support!,2023-03-28,Website,Muyenga,positive,quality exceeded expectation completely great support,53,6
4603,Outstanding quality and service. Will definitely shop here again.,2024-09-04,Twitter,Kololo,positive,outstanding quality service definitely shop,43,5
4604,Product was damaged on arrival. Poor packaging quality.,2024-09-27,Google,Makindye,negative,product damaged arrival poor packaging quality,46,6
4605,Very slow delivery and unresponsive customer support.,2023-10-12,Google,Bukoto,negative,slow delivery unresponsive customer support,43,5
4606,Fair value for money. Quality is acceptable but not premium. Located in Ntinda.,2023-12-24,Website,Lubaga,neutral,fair value money quality acceptable premium located ntinda,58,8
4607,Great value for money. Fast delivery and excellent packaging.,2024-10-19,WhatsApp,Bukoto,positive,great value money fast delivery excellent packaging,51,7
4608,Outstanding quality and service. Will definitely shop here again.,2023-07-31,Twitter,Kololo,positive,outstanding quality service definitely shop,43,5
4609,Amazing service! The team went above and beyond to help me.,2023-07-14,Facebook,Kololo,positive,amazing service team went beyond help,37,6
4610,Great experience overall. Will be a returning customer. Great staff!,2024-09-30,Instagram,Lubaga,positive,great experience overall returning customer great staff,55,7
4611,Outstanding service! The staff was very helpful and friendly.,2024-06-12,WhatsApp,Nakawa,positive,outstanding service staff helpful friendly,42,5
4612,Standard service. No complaints but nothing exceptional either. Located in Kawempe.,2023-10-05,Instagram,Ntinda,neutral,standard service complaint nothing exceptional either located kawempe,69,8
4613,Best shop in Kawempe. Quality products and great service. Great business!,2024-07-03,Instagram,Kawempe,positive,best shop kawempe quality product great service great business,62,9
4614,Excellent customer support. They responded quickly to my questions.,2023-11-29,Instagram,Bukoto,positive,excellent customer support responded quickly question,53,6
4615,Top quality products at reasonable prices. Highly recommended!,2023-03-28,Twitter,Kawempe,positive,top quality product reasonable price highly recommended,55,7
4616,Product was defective but they refused to refund. Bad business. Located in Ntinda.,2023-03-08,Facebook,Lubaga,negative,product defective refused refund bad business located ntinda,60,8
4617,Excellent communication and fast delivery. Highly satisfied! Located in Lubaga.,2023-04-03,Facebook,Central,positive,excellent communication fast delivery highly satisfied located lubaga,69,8
4618,Product is fine. Meets expectations without exceeding them. Located in Kawempe. Great purchase!,2024-10-05,Google,Ntinda,neutral,product fine meet expectation without exceeding located kawempe great purchase,78,10
4619,Great value for money. Fast delivery and excellent packaging. Great shipping!,2024-09-08,Google,Bukoto,positive,great value money fast delivery excellent packaging great shipping,66,9
4620,Great value for money. Fast delivery and excellent packaging. Located in Central.,2023-07-05,Website,Kololo,positive,great value money fast delivery excellent packaging located central,67,9
4621,Great experience overall. Will be a returning customer. Located in Central.,2024-07-24,Instagram,Kampala,positive,great experience overall returning customer located central,59,7
4622,Fair prices and acceptable quality. Nothing outstanding.,2024-06-23,Instagram,Muyenga,neutral,fair price acceptable quality nothing outstanding,49,6
4623,Best shop in Kawempe. Quality products and great service.,2023-11-06,WhatsApp,Lubaga,positive,best shop kawempe quality product great service,47,7
4624,Standard experience. Product does what it needs to do. Located in Lubaga.,2024-10-05,Google,Kololo,neutral,standard experience product need located lubaga,47,6
4625,Great business with excellent customer care. Very professional.,2023-08-19,Twitter,Nakawa,positive,great business excellent customer care professional,51,6
4626,Delivery was on time. Product is as expected.,2023-08-13,WhatsApp,Bukoto,neutral,delivery time product expected,30,4
4627,Love the product quality. Fast shipping and good packaging. Located in Bukoto.,2023-09-17,Instagram,Kampala,positive,love product quality fast shipping good packaging located bukoto,64,9
4628,Product is okay. Nothing special but serves its purpose.,2023-06-22,Website,Ntinda,neutral,product okay nothing special serf purpose,41,6
4629,Excellent business! Highly professional and reliable. Located in Muyenga.,2024-07-28,Twitter,Nakawa,positive,excellent business highly professional reliable located muyenga,63,7
4630,Terrible customer service. No help when I had an issue.,2024-06-17,WhatsApp,Lubaga,negative,terrible customer service help issue,36,5
4631,Amazing quality products. Will definitely buy again from this shop. Located in Central.,2024-02-25,Twitter,Nakawa,positive,amazing quality product definitely buy shop located central,59,8
4632,Okay product quality. Price matches the value received. Located in Muyenga.,2023-11-27,Twitter,Ntinda,neutral,okay product quality price match value received located muyenga,63,9
4633,Okay service. Nothing special but gets the job done. Located in Kololo.,2023-01-02,WhatsApp,Kololo,neutral,okay service nothing special get job done located kololo,56,9
4634,Best shop in Kawempe. Quality products and great service.,2023-01-07,Instagram,Nakawa,positive,best shop kawempe quality product great service,47,7
4635,Very satisfied with my purchase. Great quality and fast delivery.,2023-04-19,Twitter,Kololo,positive,satisfied purchase great quality fast delivery,46,6
4636,Standard business service. Acceptable but not exceptional.,2024-10-14,WhatsApp,Lubaga,neutral,standard business service acceptable exceptional,48,5
4637,Average experience. Product is functional and adequate.,2024-11-03,Twitter,Bukoto,neutral,average experience product functional adequate,46,5
4638,"Fast delivery, good quality, fair prices. What more could you ask for?",2024-07-10,Twitter,Lubaga,positive,fast delivery good quality fair price could ask,47,8
4639,Best customer service I've experienced. Products are top quality. Located in Makindye.,2023-09-16,Facebook,Kololo,positive,best customer service experienced product top quality located makindye,70,9
4640,Okay product quality. Price matches the value received. Located in Central.,2024-04-11,Website,Kololo,neutral,okay product quality price match value received located central,63,9
4641,Great experience from start to finish. Will shop here again!,2024-02-02,Facebook,Central,positive,great experience start finish shop,34,5
4642,Great experience overall. Will be a returning customer. Located in Ntinda.,2023-08-11,Instagram,Ntinda,positive,great experience overall returning customer located ntinda,58,7
4643,Customer service needs major improvement. Very unprofessional.,2024-06-24,Google,Lubaga,negative,customer service need major improvement unprofessional,54,6
4644,Best shopping experience! Quality products and great prices.,2023-03-22,WhatsApp,Kampala,positive,best shopping experience quality product great price,52,7
4645,Okay experience. Nothing to complain about but not impressed either. Located in Kampala.,2023-11-30,Google,Ntinda,neutral,okay experience nothing complain impressed either located kampala,65,8
4646,Outstanding quality and service. Will definitely shop here again. Great purchase!,2024-02-04,WhatsApp,Makindye,positive,outstanding quality service definitely shop great purchase,58,7
4647,Amazing experience! The product arrived on time and in perfect condition.,2024-01-17,Instagram,Kololo,positive,amazing experience product arrived time perfect condition,57,7
4648,Top quality products at reasonable prices. Highly recommended! Located in Nakawa. Great experience!,2024-11-02,Facebook,Kololo,positive,top quality product reasonable price highly recommended located nakawa great experience,87,11
4649,Excellent products and service. Best in the area! Located in Nakawa.,2023-07-11,Facebook,Kawempe,positive,excellent product service best area located nakawa,50,7
4650,Average experience. Product is functional and adequate.,2024-12-24,Google,Kampala,neutral,average experience product functional adequate,46,5
4651,Great prices and even better service. Highly recommend this business! Located in Ntinda.,2024-12-07,Website,Lubaga,positive,great price even better service highly recommend business located ntinda,72,10
4652,Best customer service I've experienced. Products are top quality.,2023-05-27,Twitter,Kampala,positive,best customer service experienced product top quality,53,7
4653,Average quality products. Functional but not impressive. Located in Makindye.,2024-01-25,WhatsApp,Kololo,neutral,average quality product functional impressive located makindye,62,7
4654,Standard delivery. Product works but quality is average. Great staff!,2024-08-31,Facebook,Ntinda,neutral,standard delivery product work quality average great staff,58,8
4655,"Fast delivery, good quality, fair prices. What more could you ask for? Located in Bukoto.",2024-11-23,WhatsApp,Ntinda,positive,fast delivery good quality fair price could ask located bukoto,62,10
4656,Great products at affordable prices. Very satisfied with my purchase.,2023-07-06,Google,Nakawa,positive,great product affordable price satisfied purchase,49,6
4657,Love shopping here! Always get great deals and quality products. Located in Kampala.,2023-02-04,Facebook,Kampala,positive,love shopping always get great deal quality product located kampala,67,10
4658,Decent quality products. Price is fair for what you receive.,2024-08-22,Facebook,Makindye,neutral,decent quality product price fair receive,41,6
4659,Okay service. Nothing special but gets the job done.,2024-08-10,Google,Makindye,neutral,okay service nothing special get job done,41,7
4660,Excellent customer support. They responded quickly to my questions. Located in Muyenga.,2023-06-16,Instagram,Kololo,positive,excellent customer support responded quickly question located muyenga,69,8
4661,Top-notch quality. Exceeded my expectations completely. Great packaging!,2023-02-04,Facebook,Nakawa,positive,quality exceeded expectation completely great packaging,55,6
4662,Love the product quality. Fast shipping and good packaging. Great order!,2023-04-17,Website,Kololo,positive,love product quality fast shipping good packaging great order,61,9
4663,Fair prices and acceptable quality. Nothing outstanding. Located in Bukoto.,2023-11-23,Website,Bukoto,neutral,fair price acceptable quality nothing outstanding located bukoto,64,8
4664,Poor quality products. Broke within days of purchase. Located in Ntinda.,2023-05-26,WhatsApp,Muyenga,negative,poor quality product broke within day purchase located ntinda,61,9
4665,Great experience from start to finish. Will shop here again!,2023-03-11,WhatsApp,Lubaga,positive,great experience start finish shop,34,5
4666,Very satisfied with my purchase. Great quality and fast delivery.,2024-11-01,Google,Nakawa,positive,satisfied purchase great quality fast delivery,46,6
4667,Best customer service I've experienced. Products are top quality.,2024-01-18,Twitter,Central,positive,best customer service experienced product top quality,53,7
4668,Product didn't work as expected. Waste of money.,2023-07-27,WhatsApp,Muyenga,negative,product work expected waste money,33,5
4669,Best customer service I've experienced. Products are top quality. Located in Kampala.,2023-07-30,WhatsApp,Muyenga,positive,best customer service experienced product top quality located kampala,69,9
4670,Love shopping here! Always get great deals and quality products.,2024-03-02,Facebook,Lubaga,positive,love shopping always get great deal quality product,51,8
4671,Amazing service! The team went above and beyond to help me.,2023-07-09,Instagram,Kololo,positive,amazing service team went beyond help,37,6
4672,Decent quality products. Price is fair for what you receive.,2024-11-06,WhatsApp,Ntinda,neutral,decent quality product price fair receive,41,6
4673,Product is functional. Does what it's supposed to do.,2023-02-02,Facebook,Kawempe,neutral,product functional supposed,27,3
4674,Product arrived damaged and customer service refused to help. Located in Central.,2024-11-12,Facebook,Kawempe,negative,product arrived damaged customer service refused help located central,69,9
4675,Great prices and even better service. Highly recommend this business! Located in Nakawa.,2023-01-05,WhatsApp,Kololo,positive,great price even better service highly recommend business located nakawa,72,10
4676,Best customer service I've experienced. Products are top quality. Great business!,2023-07-17,Website,Lubaga,positive,best customer service experienced product top quality great business,68,9
4677,Excellent communication and fast delivery. Highly satisfied!,2023-05-22,Google,Central,positive,excellent communication fast delivery highly satisfied,54,6
4678,Outstanding quality and service. Will definitely shop here again.,2023-11-14,Instagram,Nakawa,positive,outstanding quality service definitely shop,43,5
4679,Average quality. Price is reasonable for what you get.,2024-09-03,Google,Ntinda,neutral,average quality price reasonable get,36,5
4680,Great experience from start to finish. Will shop here again! Located in Ntinda. Great restaurant!,2024-07-19,WhatsApp,Makindye,positive,great experience start finish shop located ntinda great restaurant,66,9
4681,Top-notch quality. Exceeded my expectations completely. Located in Bukoto.,2024-08-07,Website,Kololo,positive,quality exceeded expectation completely located bukoto,54,6
4682,Poor packaging led to damaged goods. Very unprofessional. Great product!,2023-06-20,Facebook,Bukoto,negative,poor packaging led damaged good unprofessional great product,60,8
4683,Product is okay. Nothing special but serves its purpose. Located in Bukoto.,2023-09-15,Website,Kololo,neutral,product okay nothing special serf purpose located bukoto,56,8
4684,Top quality products at reasonable prices. Highly recommended!,2023-04-14,Google,Lubaga,positive,top quality product reasonable price highly recommended,55,7
4685,Great products at affordable prices. Very satisfied with my purchase.,2023-08-30,Twitter,Lubaga,positive,great product affordable price satisfied purchase,49,6
4686,Love the product quality. Fast shipping and good packaging.,2024-07-31,WhatsApp,Kawempe,positive,love product quality fast shipping good packaging,49,7
4687,Decent value. Product works as expected. Located in Kololo.,2024-07-29,Google,Ntinda,neutral,decent value product work expected located kololo,49,7
4688,Amazing service! The team went above and beyond to help me.,2024-08-12,Google,Bukoto,positive,amazing service team went beyond help,37,6
4689,Great business with excellent customer care. Very professional.,2023-03-19,Facebook,Ntinda,positive,great business excellent customer care professional,51,6
4690,Okay service. Nothing special but gets the job done.,2024-01-01,Facebook,Muyenga,neutral,okay service nothing special get job done,41,7
4691,Best shopping experience! Quality products and great prices.,2023-12-19,WhatsApp,Kawempe,positive,best shopping experience quality product great price,52,7
4692,Best shopping experience! Quality products and great prices.,2024-09-22,Instagram,Muyenga,positive,best shopping experience quality product great price,52,7
4693,Terrible experience. Would not recommend this business to anyone.,2023-11-03,WhatsApp,Muyenga,negative,terrible experience would recommend business anyone,51,6
4694,Top-notch quality. Exceeded my expectations completely.,2024-12-29,Google,Muyenga,positive,quality exceeded expectation completely,39,4
4695,Slow response time and poor communication from the business.,2023-01-16,Website,Muyenga,negative,slow response time poor communication business,46,6
4696,Top quality products at reasonable prices. Highly recommended! Located in Ntinda.,2024-08-30,Instagram,Kampala,positive,top quality product reasonable price highly recommended located ntinda,70,9
4697,Okay experience. Nothing to complain about but not impressed either. Located in Makindye.,2023-01-01,Facebook,Nakawa,neutral,okay experience nothing complain impressed either located makindye,66,8
4698,Very satisfied with my purchase. Great quality and fast delivery. Located in Kololo. Great delivery!,2024-03-14,Facebook,Muyenga,positive,satisfied purchase great quality fast delivery located kololo great delivery,76,10
4699,Average quality. Nothing special but nothing wrong either. Located in Lubaga.,2023-11-07,WhatsApp,Kawempe,neutral,average quality nothing special nothing wrong either located lubaga,67,9
4700,Amazing quality products. Will definitely buy again from this shop.,2024-04-23,Google,Kampala,positive,amazing quality product definitely buy shop,43,6
4701,Excellent communication and fast delivery. Highly satisfied!,2023-06-24,WhatsApp,Nakawa,positive,excellent communication fast delivery highly satisfied,54,6
4702,Love the product quality. Fast shipping and good packaging.,2023-07-06,Twitter,Makindye,positive,love product quality fast shipping good packaging,49,7
4703,Decent value. Product works as expected.,2024-03-03,Twitter,Kawempe,neutral,decent value product work expected,34,5
4704,Best prices in Nakawa area. Great value for money. Great restaurant!,2023-04-29,WhatsApp,Makindye,positive,best price nakawa area great value money great restaurant,57,9
4705,Love the product quality. Fast shipping and good packaging.,2023-08-21,Instagram,Bukoto,positive,love product quality fast shipping good packaging,49,7
4706,Great business with excellent customer care. Very professional.,2023-07-17,WhatsApp,Ntinda,positive,great business excellent customer care professional,51,6
4707,"Outstanding business! Professional, reliable, and customer-focused. Located in Ntinda.",2023-11-10,Twitter,Nakawa,positive,outstanding business professional reliable located ntinda,57,6
4708,Great experience from start to finish. Will shop here again! Located in Central.,2024-08-11,Website,Bukoto,positive,great experience start finish shop located central,50,7
4709,Average experience. Product is functional and adequate.,2023-04-18,Website,Muyenga,neutral,average experience product functional adequate,46,5
4710,Overpriced products with low quality. Not good value for money. Located in Nakawa. Great product!,2024-09-02,Website,Kawempe,negative,overpriced product low quality good value money located nakawa great product,76,11
4711,"Fast shipping, good quality, and excellent customer support. Great quality!",2023-06-08,WhatsApp,Kololo,positive,fast shipping good quality excellent customer support great quality,67,9
4712,Great service! Very fast delivery in Kampala. Highly recommend!,2024-02-24,Google,Kawempe,positive,great service fast delivery kampala highly recommend,52,7
4713,Quick response time and excellent customer care. Highly recommended!,2023-07-04,Twitter,Ntinda,positive,quick response time excellent customer care highly recommended,62,8
4714,Standard quality. Nothing to complain about or praise.,2023-12-13,Google,Kololo,neutral,standard quality nothing complain praise,40,5
4715,Top quality products at reasonable prices. Highly recommended! Located in Kampala.,2023-12-11,Website,Kololo,positive,top quality product reasonable price highly recommended located kampala,71,9
4716,Not satisfied at all. Product quality is below standard.,2024-11-03,Website,Central,negative,satisfied product quality standard,34,4
4717,Amazing experience! The product arrived on time and in perfect condition. Great customer!,2023-10-27,Facebook,Central,positive,amazing experience product arrived time perfect condition great customer,72,9
4718,Amazing quality products. Will definitely buy again from this shop. Located in Makindye.,2023-03-26,Instagram,Ntinda,positive,amazing quality product definitely buy shop located makindye,60,8
4719,Overpriced compared to other shops in Nakawa area.,2023-03-23,Website,Makindye,negative,overpriced compared shop nakawa area,36,5
4720,Excellent business! Highly professional and reliable. Located in Makindye. Great experience!,2024-11-20,Facebook,Nakawa,positive,excellent business highly professional reliable located makindye great experience,81,9
4721,Product is functional. Does what it's supposed to do.,2024-10-06,Website,Ntinda,neutral,product functional supposed,27,3
4722,Okay delivery time. Product is functional and usable.,2023-11-02,Facebook,Makindye,neutral,okay delivery time product functional usable,44,6
4723,Top quality products at reasonable prices. Highly recommended!,2023-06-13,Google,Bukoto,positive,top quality product reasonable price highly recommended,55,7
4724,Not satisfied with the product. Quality is below expectations.,2023-10-20,Google,Bukoto,negative,satisfied product quality expectation,37,4
4725,Would not buy from here again. Poor experience overall.,2024-05-20,WhatsApp,Muyenga,negative,would buy poor experience overall,33,5
4726,Amazing quality products. Will definitely buy again from this shop. Located in Nakawa.,2023-10-21,Google,Bukoto,positive,amazing quality product definitely buy shop located nakawa,58,8
4727,Average quality. Price is reasonable for what you get.,2023-05-23,Facebook,Bukoto,neutral,average quality price reasonable get,36,5
4728,Excellent products and service. Best in the area!,2023-05-21,Instagram,Kawempe,positive,excellent product service best area,35,5
4729,Standard delivery. Product works but quality is average.,2023-10-07,WhatsApp,Makindye,neutral,standard delivery product work quality average,46,6
4730,Okay service. Product meets basic requirements.,2023-02-18,Instagram,Makindye,neutral,okay service product meet basic requirement,43,6
4731,Product works fine. Decent quality for the price paid.,2024-01-20,Google,Bukoto,neutral,product work fine decent quality price paid,43,7
4732,Great products at affordable prices. Very satisfied with my purchase.,2024-01-08,WhatsApp,Kampala,positive,great product affordable price satisfied purchase,49,6
4733,Excellent customer support. They responded quickly to my questions.,2024-06-19,WhatsApp,Bukoto,positive,excellent customer support responded quickly question,53,6
4734,Great experience overall. Will be a returning customer. Located in Ntinda.,2024-12-25,Twitter,Kawempe,positive,great experience overall returning customer located ntinda,58,7
4735,Excellent products and service. Best in the area! Located in Ntinda.,2023-12-25,WhatsApp,Muyenga,positive,excellent product service best area located ntinda,50,7
4736,Best shopping experience! Quality products and great prices.,2024-06-05,Twitter,Bukoto,positive,best shopping experience quality product great price,52,7
4737,Top quality products at reasonable prices. Highly recommended!,2023-07-18,WhatsApp,Kawempe,positive,top quality product reasonable price highly recommended,55,7
4738,Great products at affordable prices. Very satisfied with my purchase. Located in Nakawa.,2023-09-23,Twitter,Muyenga,positive,great product affordable price satisfied purchase located nakawa,64,8
4739,Best customer service I've experienced. Products are top quality. Located in Ntinda.,2024-02-29,WhatsApp,Kampala,positive,best customer service experienced product top quality located ntinda,68,9
4740,Standard quality. Nothing to complain about or praise.,2023-05-28,Website,Kawempe,neutral,standard quality nothing complain praise,40,5
4741,Product arrived damaged and customer service refused to help. Great business!,2023-07-24,WhatsApp,Kawempe,negative,product arrived damaged customer service refused help great business,68,9
4742,Decent quality products. Price is fair for what you receive. Located in Kololo. Great store!,2023-08-23,Website,Central,neutral,decent quality product price fair receive located kololo great store,68,10
4743,Quick response time and excellent customer care. Highly recommended!,2024-03-30,Instagram,Lubaga,positive,quick response time excellent customer care highly recommended,62,8
4744,Great products at affordable prices. Very satisfied with my purchase.,2023-02-14,Facebook,Kololo,positive,great product affordable price satisfied purchase,49,6
4745,Terrible experience. Would not recommend this business to anyone.,2023-02-26,Website,Kawempe,negative,terrible experience would recommend business anyone,51,6
4746,Disappointing experience. Would not recommend this shop.,2023-12-06,Instagram,Kololo,negative,disappointing experience would recommend shop,45,5
4747,Great experience overall. Will be a returning customer.,2023-07-10,Twitter,Central,positive,great experience overall returning customer,43,5
4748,Average quality. Nothing special but nothing wrong either.,2024-10-25,Website,Nakawa,neutral,average quality nothing special nothing wrong either,52,7
4749,Great service! Very fast delivery in Kampala. Highly recommend!,2023-09-16,Website,Kampala,positive,great service fast delivery kampala highly recommend,52,7
4750,Average product quality. Meets basic expectations. Located in Makindye.,2024-06-27,Google,Kololo,neutral,average product quality meet basic expectation located makindye,63,8
4751,Best prices in Nakawa area. Great value for money.,2024-01-25,Website,Bukoto,positive,best price nakawa area great value money,40,7
4752,Standard quality. Nothing to complain about or praise.,2024-03-17,Google,Nakawa,neutral,standard quality nothing complain praise,40,5
4753,Quick response time and excellent customer care. Highly recommended! Great price!,2024-11-06,Website,Makindye,positive,quick response time excellent customer care highly recommended great price,74,10
4754,Average experience. Product is functional and adequate.,2023-05-09,Website,Bukoto,neutral,average experience product functional adequate,46,5
4755,Excellent communication and fast delivery. Highly satisfied!,2024-09-27,Twitter,Lubaga,positive,excellent communication fast delivery highly satisfied,54,6
4756,Very slow delivery and unresponsive customer support. Located in Bukoto. Great order!,2024-09-04,Instagram,Kampala,negative,slow delivery unresponsive customer support located bukoto great order,70,9
4757,Very disappointed with the quality. Not worth the money paid. Located in Kololo.,2024-04-24,Website,Central,negative,disappointed quality worth money paid located kololo,52,7
4758,Outstanding service! The staff was very helpful and friendly.,2024-04-14,Google,Central,positive,outstanding service staff helpful friendly,42,5
4759,Okay experience. Nothing to complain about but not impressed either.,2024-03-27,Facebook,Makindye,neutral,okay experience nothing complain impressed either,49,6
4760,Great service! Very fast delivery in Kampala. Highly recommend! Located in Kololo.,2024-10-06,Website,Ntinda,positive,great service fast delivery kampala highly recommend located kololo,67,9
4761,Best shopping experience! Quality products and great prices.,2023-08-29,Facebook,Central,positive,best shopping experience quality product great price,52,7
4762,Product quality was disappointing. Not as described on the website.,2023-02-10,Twitter,Kololo,negative,product quality disappointing described website,47,5
4763,"Fast shipping, good quality, and excellent customer support.",2024-01-18,Facebook,Kololo,positive,fast shipping good quality excellent customer support,53,7
4764,Product is functional. Does what it's supposed to do.,2023-11-25,Instagram,Muyenga,neutral,product functional supposed,27,3
4765,Slow response time and poor communication from the business.,2024-10-12,WhatsApp,Kawempe,negative,slow response time poor communication business,46,6
4766,Great service! Very fast delivery in Kampala. Highly recommend! Great service!,2023-09-24,WhatsApp,Kololo,positive,great service fast delivery kampala highly recommend great service,66,9
4767,Great service! Very fast delivery in Kampala. Highly recommend!,2023-08-19,WhatsApp,Nakawa,positive,great service fast delivery kampala highly recommend,52,7
4768,Best customer service I've experienced. Products are top quality.,2023-01-10,WhatsApp,Lubaga,positive,best customer service experienced product top quality,53,7
4769,Very slow delivery. Took over a week to arrive in Kampala.,2023-07-07,Facebook,Kololo,negative,slow delivery took week arrive kampala,38,6
4770,Product works fine. Decent quality for the price paid.,2023-12-24,Facebook,Bukoto,neutral,product work fine decent quality price paid,43,7
4771,Average product quality. Meets basic needs adequately. Great restaurant!,2024-03-18,Website,Ntinda,neutral,average product quality meet basic need adequately great restaurant,67,9
4772,Great products at affordable prices. Very satisfied with my purchase.,2023-04-08,Facebook,Nakawa,positive,great product affordable price satisfied purchase,49,6
4773,Love shopping here! Always get great deals and quality products.,2023-01-20,Facebook,Kawempe,positive,love shopping always get great deal quality product,51,8
4774,Fair prices and acceptable quality. Nothing outstanding.,2024-11-20,WhatsApp,Kampala,neutral,fair price acceptable quality nothing outstanding,49,6
4775,Love shopping here! Always get great deals and quality products.,2024-08-11,Twitter,Nakawa,positive,love shopping always get great deal quality product,51,8
4776,Love the product quality. Fast shipping and good packaging. Great business!,2024-05-15,Website,Bukoto,positive,love product quality fast shipping good packaging great business,64,9
4777,Very satisfied with my purchase. Great quality and fast delivery.,2024-02-18,Twitter,Muyenga,positive,satisfied purchase great quality fast delivery,46,6
4778,Best shop in Kawempe. Quality products and great service.,2023-01-26,Facebook,Makindye,positive,best shop kawempe quality product great service,47,7
4779,Standard quality. Nothing to complain about or praise.,2024-04-20,WhatsApp,Bukoto,neutral,standard quality nothing complain praise,40,5
4780,Love shopping here! Always get great deals and quality products.,2024-04-16,Twitter,Ntinda,positive,love shopping always get great deal quality product,51,8
4781,Would not buy from here again. Poor experience overall.,2023-05-08,Twitter,Kololo,negative,would buy poor experience overall,33,5
4782,Love the product quality. Fast shipping and good packaging. Located in Ntinda.,2024-10-11,Google,Muyenga,positive,love product quality fast shipping good packaging located ntinda,64,9
4783,Amazing service! The team went above and beyond to help me. Great order!,2024-02-12,Instagram,Kawempe,positive,amazing service team went beyond help great order,49,8
4784,"Fast shipping, good quality, and excellent customer support.",2023-05-18,Website,Kampala,positive,fast shipping good quality excellent customer support,53,7
4785,Excellent products and service. Best in the area! Located in Ntinda.,2024-11-23,Twitter,Central,positive,excellent product service best area located ntinda,50,7
4786,Product is okay. Nothing special but serves its purpose. Located in Kawempe. Great business!,2023-06-08,Google,Makindye,neutral,product okay nothing special serf purpose located kawempe great business,72,10
4787,Product works as expected. No major issues or complaints.,2024-04-10,Google,Central,neutral,product work expected major issue complaint,43,6
4788,Great experience from start to finish. Will shop here again! Great price!,2024-09-12,Twitter,Lubaga,positive,great experience start finish shop great price,46,7
4789,Product didn't work as expected. Waste of money.,2023-11-30,Twitter,Lubaga,negative,product work expected waste money,33,5
4790,Excellent products and service. Best in the area!,2024-07-24,Twitter,Lubaga,positive,excellent product service best area,35,5
4791,Excellent customer support. They responded quickly to my questions.,2023-08-04,Instagram,Makindye,positive,excellent customer support responded quickly question,53,6
4792,Very slow delivery and unresponsive customer support.,2023-08-19,Website,Bukoto,negative,slow delivery unresponsive customer support,43,5
4793,Okay service. Nothing special but gets the job done.,2024-03-01,Facebook,Bukoto,neutral,okay service nothing special get job done,41,7
4794,Great experience from start to finish. Will shop here again! Located in Makindye.,2024-10-30,Instagram,Central,positive,great experience start finish shop located makindye,51,7
4795,Decent quality products. Price is fair for what you receive. Great restaurant!,2024-04-06,Instagram,Central,neutral,decent quality product price fair receive great restaurant,58,8
4796,Product was damaged on arrival. Poor packaging quality. Located in Nakawa.,2023-08-08,WhatsApp,Kampala,negative,product damaged arrival poor packaging quality located nakawa,61,8
4797,Great service! Very fast delivery in Kampala. Highly recommend! Great business!,2024-05-21,Instagram,Bukoto,positive,great service fast delivery kampala highly recommend great business,67,9
4798,Best customer service I've experienced. Products are top quality.,2023-09-05,Facebook,Kampala,positive,best customer service experienced product top quality,53,7
4799,Amazing experience! The product arrived on time and in perfect condition.,2023-06-20,Google,Ntinda,positive,amazing experience product arrived time perfect condition,57,7
4800,Great experience overall. Will be a returning customer. Great restaurant!,2023-12-17,Google,Nakawa,positive,great experience overall returning customer great restaurant,60,7
4801,Great experience from start to finish. Will shop here again!,2024-09-13,Instagram,Kampala,positive,great experience start finish shop,34,5
4802,Great experience from start to finish. Will shop here again! Located in Nakawa.,2024-02-07,Facebook,Bukoto,positive,great experience start finish shop located nakawa,49,7
4803,Outstanding service! The staff was very helpful and friendly.,2023-11-28,Instagram,Kawempe,positive,outstanding service staff helpful friendly,42,5
4804,Not satisfied at all. Product quality is below standard. Located in Lubaga. Great delivery!,2023-03-11,Instagram,Ntinda,negative,satisfied product quality standard located lubaga great delivery,64,8
4805,Average quality. Nothing special but nothing wrong either.,2024-05-05,Facebook,Makindye,neutral,average quality nothing special nothing wrong either,52,7
4806,Great products at affordable prices. Very satisfied with my purchase.,2024-04-12,Facebook,Kololo,positive,great product affordable price satisfied purchase,49,6
4807,Okay product quality. Price matches the value received.,2024-07-22,Google,Central,neutral,okay product quality price match value received,47,7
4808,Product is functional. Does what it's supposed to do.,2023-11-04,WhatsApp,Kololo,neutral,product functional supposed,27,3
4809,Excellent customer support. They responded quickly to my questions.,2024-02-19,Google,Kawempe,positive,excellent customer support responded quickly question,53,6
4810,Great service! Very fast delivery in Kampala. Highly recommend! Located in Bukoto.,2024-01-12,Instagram,Ntinda,positive,great service fast delivery kampala highly recommend located bukoto,67,9
4811,Top-notch quality. Exceeded my expectations completely.,2024-08-19,Instagram,Lubaga,positive,quality exceeded expectation completely,39,4
4812,Product works fine. Decent quality for the price paid.,2024-12-15,Twitter,Kololo,neutral,product work fine decent quality price paid,43,7
4813,Product works fine. Decent quality for the price paid. Located in Makindye.,2024-12-28,Facebook,Central,neutral,product work fine decent quality price paid located makindye,60,9
4814,Fair experience overall. Nothing exceptional but acceptable.,2023-03-07,Facebook,Lubaga,neutral,fair experience overall nothing exceptional acceptable,54,6
4815,Excellent customer support. They responded quickly to my questions. Located in Bukoto.,2024-11-14,Twitter,Central,positive,excellent customer support responded quickly question located bukoto,68,8
4816,Standard delivery. Product works but quality is average. Located in Makindye.,2024-01-08,WhatsApp,Nakawa,neutral,standard delivery product work quality average located makindye,63,8
4817,Love shopping here! Always get great deals and quality products. Located in Ntinda.,2024-07-14,WhatsApp,Ntinda,positive,love shopping always get great deal quality product located ntinda,66,10
4818,Love the product quality. Fast shipping and good packaging. Located in Kololo.,2024-08-10,Twitter,Central,positive,love product quality fast shipping good packaging located kololo,64,9
4819,Okay service. Nothing special but gets the job done. Located in Lubaga.,2024-03-03,WhatsApp,Central,neutral,okay service nothing special get job done located lubaga,56,9
4820,Best customer service I've experienced. Products are top quality. Located in Muyenga.,2024-03-29,Google,Kampala,positive,best customer service experienced product top quality located muyenga,69,9
4821,"Fast shipping, good quality, and excellent customer support.",2024-06-22,Twitter,Makindye,positive,fast shipping good quality excellent customer support,53,7
4822,Average product quality. Meets basic needs adequately. Great order!,2023-10-18,Facebook,Ntinda,neutral,average product quality meet basic need adequately great order,62,9
4823,Okay delivery time. Product is functional and usable. Great support!,2024-08-03,Website,Makindye,neutral,okay delivery time product functional usable great support,58,8
4824,Standard experience. Product does what it needs to do.,2024-08-16,WhatsApp,Bukoto,neutral,standard experience product need,32,4
4825,Love shopping here! Always get great deals and quality products. Located in Lubaga.,2024-08-16,Twitter,Kawempe,positive,love shopping always get great deal quality product located lubaga,66,10
4826,Love shopping here! Always get great deals and quality products.,2023-05-25,Facebook,Muyenga,positive,love shopping always get great deal quality product,51,8
4827,Excellent communication and fast delivery. Highly satisfied!,2023-07-24,Facebook,Lubaga,positive,excellent communication fast delivery highly satisfied,54,6
4828,Amazing service! The team went above and beyond to help me.,2024-08-15,WhatsApp,Ntinda,positive,amazing service team went beyond help,37,6
4829,Product is fine. Meets expectations without exceeding them. Located in Muyenga.,2024-11-22,Website,Kampala,neutral,product fine meet expectation without exceeding located muyenga,63,8
4830,Best shopping experience! Quality products and great prices.,2023-03-28,Instagram,Kololo,positive,best shopping experience quality product great price,52,7
4831,Great products at affordable prices. Very satisfied with my purchase.,2024-05-11,Facebook,Central,positive,great product affordable price satisfied purchase,49,6
4832,Amazing quality products. Will definitely buy again from this shop. Great store!,2023-04-01,Website,Bukoto,positive,amazing quality product definitely buy shop great store,55,8
4833,Quick response time and excellent customer care. Highly recommended!,2024-11-23,Website,Nakawa,positive,quick response time excellent customer care highly recommended,62,8
4834,Fair prices and acceptable quality. Nothing outstanding. Located in Ntinda.,2023-01-21,WhatsApp,Makindye,neutral,fair price acceptable quality nothing outstanding located ntinda,64,8
4835,Poor packaging led to damaged goods. Very unprofessional.,2024-04-06,Twitter,Bukoto,negative,poor packaging led damaged good unprofessional,46,6
4836,Terrible experience. Would not recommend this business to anyone. Located in Makindye. Great staff!,2023-06-26,WhatsApp,Muyenga,negative,terrible experience would recommend business anyone located makindye great staff,80,10
4837,Product works as expected. No major issues or complaints. Great restaurant!,2024-09-23,Website,Kampala,neutral,product work expected major issue complaint great restaurant,60,8
4838,Very disappointed with the quality. Not worth the money paid.,2024-03-30,WhatsApp,Kampala,negative,disappointed quality worth money paid,37,5
4839,Very slow delivery and unresponsive customer support. Great support!,2024-12-21,Instagram,Makindye,negative,slow delivery unresponsive customer support great support,57,7
4840,Poor value for money. Better options available elsewhere.,2024-08-10,Facebook,Kawempe,negative,poor value money better option available elsewhere,50,7
4841,Great value for money. Fast delivery and excellent packaging. Located in Kawempe.,2023-07-18,Twitter,Nakawa,positive,great value money fast delivery excellent packaging located kawempe,67,9
4842,Love shopping here! Always get great deals and quality products.,2024-03-18,Google,Muyenga,positive,love shopping always get great deal quality product,51,8
4843,Amazing quality products. Will definitely buy again from this shop.,2023-05-02,WhatsApp,Kololo,positive,amazing quality product definitely buy shop,43,6
4844,Not satisfied at all. Product quality is below standard.,2023-11-30,Website,Nakawa,negative,satisfied product quality standard,34,4
4845,Excellent communication and fast delivery. Highly satisfied! Great order!,2024-04-14,Google,Ntinda,positive,excellent communication fast delivery highly satisfied great order,66,8
4846,Outstanding quality and service. Will definitely shop here again.,2024-04-25,Facebook,Makindye,positive,outstanding quality service definitely shop,43,5
4847,Product is fine. Meets expectations without exceeding them.,2024-04-12,Facebook,Bukoto,neutral,product fine meet expectation without exceeding,47,6
4848,Great products at affordable prices. Very satisfied with my purchase.,2023-06-01,Facebook,Bukoto,positive,great product affordable price satisfied purchase,49,6
4849,Best customer service I've experienced. Products are top quality.,2023-06-13,Website,Kololo,positive,best customer service experienced product top quality,53,7
4850,Product works as expected. No major issues or complaints. Located in Makindye.,2023-02-15,Website,Muyenga,neutral,product work expected major issue complaint located makindye,60,8
4851,Best shop in Kawempe. Quality products and great service. Located in Kawempe.,2024-05-20,Instagram,Bukoto,positive,best shop kawempe quality product great service located kawempe,63,9
4852,Outstanding service! The staff was very helpful and friendly.,2023-05-27,Google,Kampala,positive,outstanding service staff helpful friendly,42,5
4853,Fair value for money. Quality is acceptable but not premium. Located in Nakawa.,2023-06-08,Instagram,Central,neutral,fair value money quality acceptable premium located nakawa,58,8
4854,Not satisfied with the product. Quality is below expectations.,2024-12-20,Facebook,Muyenga,negative,satisfied product quality expectation,37,4
4855,Product is okay. Nothing special but serves its purpose. Located in Kawempe.,2024-11-24,Google,Muyenga,neutral,product okay nothing special serf purpose located kawempe,57,8
4856,Product was different from what was advertised. Misleading description.,2023-07-21,Facebook,Kampala,negative,product different advertised misleading description,51,5
4857,Standard service. No complaints but nothing exceptional either.,2023-03-29,Facebook,Muyenga,neutral,standard service complaint nothing exceptional either,53,6
4858,Okay delivery time. Product is functional and usable. Great order!,2024-11-06,WhatsApp,Central,neutral,okay delivery time product functional usable great order,56,8
4859,Okay service. Nothing special but gets the job done.,2024-10-11,Facebook,Lubaga,neutral,okay service nothing special get job done,41,7
4860,Very disappointed with the quality. Not worth the money paid. Great purchase!,2023-02-11,Google,Kawempe,negative,disappointed quality worth money paid great purchase,52,7
4861,Great experience from start to finish. Will shop here again! Great product!,2024-03-22,WhatsApp,Muyenga,positive,great experience start finish shop great product,48,7
4862,Top quality products at reasonable prices. Highly recommended!,2024-09-11,Instagram,Bukoto,positive,top quality product reasonable price highly recommended,55,7
4863,Average experience overall. Product is fine but not great.,2024-04-19,Website,Lubaga,neutral,average experience overall product fine great,45,6
4864,Best shopping experience! Quality products and great prices. Located in Bukoto.,2024-03-12,Google,Ntinda,positive,best shopping experience quality product great price located bukoto,67,9
4865,Top-notch quality. Exceeded my expectations completely. Located in Lubaga.,2024-01-05,Instagram,Ntinda,positive,quality exceeded expectation completely located lubaga,54,6
4866,Product was defective but they refused to refund. Bad business. Located in Kololo.,2024-11-02,Twitter,Ntinda,negative,product defective refused refund bad business located kololo,60,8
4867,Great experience overall. Will be a returning customer.,2024-06-29,WhatsApp,Nakawa,positive,great experience overall returning customer,43,5
4868,Great products at affordable prices. Very satisfied with my purchase. Located in Kawempe.,2024-12-06,WhatsApp,Lubaga,positive,great product affordable price satisfied purchase located kawempe,65,8
4869,Standard delivery. Product works but quality is average. Located in Muyenga.,2024-06-17,Instagram,Muyenga,neutral,standard delivery product work quality average located muyenga,62,8
4870,Amazing quality products. Will definitely buy again from this shop.,2024-01-17,Facebook,Lubaga,positive,amazing quality product definitely buy shop,43,6
4871,Okay experience. Nothing to complain about but not impressed either.,2024-05-19,Twitter,Kololo,neutral,okay experience nothing complain impressed either,49,6
4872,Standard delivery time. Product quality is average. Located in Ntinda.,2024-11-22,Twitter,Kampala,neutral,standard delivery time product quality average located ntinda,61,8
4873,Love shopping here! Always get great deals and quality products.,2024-08-05,WhatsApp,Kololo,positive,love shopping always get great deal quality product,51,8
4874,Great prices and even better service. Highly recommend this business!,2024-07-09,Website,Kawempe,positive,great price even better service highly recommend business,57,8
4875,"Fast shipping, good quality, and excellent customer support. Located in Central.",2023-04-01,Instagram,Kololo,positive,fast shipping good quality excellent customer support located central,69,9
4876,Poor customer service. Staff was rude and unhelpful. Great packaging!,2023-09-25,Website,Kampala,negative,poor customer service staff rude unhelpful great packaging,58,8
4877,Great products at affordable prices. Very satisfied with my purchase. Located in Kawempe.,2023-01-14,Website,Ntinda,positive,great product affordable price satisfied purchase located kawempe,65,8
4878,Poor packaging led to damaged goods. Very unprofessional.,2024-04-03,Instagram,Makindye,negative,poor packaging led damaged good unprofessional,46,6
4879,Standard service. No complaints but nothing exceptional either. Great customer!,2023-09-13,Twitter,Central,neutral,standard service complaint nothing exceptional either great customer,68,8
4880,Fair prices and acceptable quality. Nothing outstanding.,2024-09-18,Website,Lubaga,neutral,fair price acceptable quality nothing outstanding,49,6
4881,Poor packaging led to damaged goods. Very unprofessional. Located in Bukoto.,2023-05-22,Website,Kampala,negative,poor packaging led damaged good unprofessional located bukoto,61,8
4882,Very satisfied with my purchase. Great quality and fast delivery.,2023-10-17,Twitter,Muyenga,positive,satisfied purchase great quality fast delivery,46,6
4883,Outstanding service! The staff was very helpful and friendly.,2024-11-02,Twitter,Central,positive,outstanding service staff helpful friendly,42,5
4884,Best shop in Kawempe. Quality products and great service.,2024-10-13,Google,Kololo,positive,best shop kawempe quality product great service,47,7
4885,Slow response time and poor communication from the business. Located in Kololo. Great quality!,2023-11-26,Twitter,Makindye,negative,slow response time poor communication business located kololo great quality,75,10
4886,Best shop in Kawempe. Quality products and great service.,2023-05-01,Website,Kampala,positive,best shop kawempe quality product great service,47,7
4887,Standard delivery time. Product quality is average.,2023-04-12,Google,Nakawa,neutral,standard delivery time product quality average,46,6
4888,Amazing experience! The product arrived on time and in perfect condition.,2024-10-13,Facebook,Muyenga,positive,amazing experience product arrived time perfect condition,57,7
4889,Amazing experience! The product arrived on time and in perfect condition.,2024-07-14,Website,Kololo,positive,amazing experience product arrived time perfect condition,57,7
4890,Terrible customer service. No help when I had an issue. Located in Nakawa.,2023-01-20,Twitter,Ntinda,negative,terrible customer service help issue located nakawa,51,7
4891,Excellent products and service. Best in the area!,2024-05-21,Website,Bukoto,positive,excellent product service best area,35,5
4892,Very satisfied with my purchase. Great quality and fast delivery.,2023-06-21,WhatsApp,Kawempe,positive,satisfied purchase great quality fast delivery,46,6
4893,Best prices in Nakawa area. Great value for money.,2023-07-11,WhatsApp,Muyenga,positive,best price nakawa area great value money,40,7
4894,Great prices and even better service. Highly recommend this business!,2024-05-01,Facebook,Kampala,positive,great price even better service highly recommend business,57,8
4895,Not satisfied with the product. Quality is below expectations.,2024-06-29,Twitter,Muyenga,negative,satisfied product quality expectation,37,4
4896,Outstanding quality and service. Will definitely shop here again. Located in Kololo. Great restaurant!,2024-10-23,WhatsApp,Muyenga,positive,outstanding quality service definitely shop located kololo great restaurant,75,9
4897,Average quality products. Functional but not impressive. Great staff!,2023-11-24,Website,Kampala,neutral,average quality product functional impressive great staff,57,7
4898,Best customer service I've experienced. Products are top quality. Great service!,2023-09-08,Website,Ntinda,positive,best customer service experienced product top quality great service,67,9
4899,Great service! Very fast delivery in Kampala. Highly recommend!,2024-07-25,Google,Makindye,positive,great service fast delivery kampala highly recommend,52,7
4900,Delivery was delayed multiple times. Very frustrating experience. Located in Nakawa. Great packaging!,2023-08-22,Google,Kampala,negative,delivery delayed multiple time frustrating experience located nakawa great packaging,84,10
4901,Great value for money. Fast delivery and excellent packaging.,2024-05-03,Facebook,Ntinda,positive,great value money fast delivery excellent packaging,51,7
4902,Product was defective but they refused to refund. Bad business. Located in Kawempe.,2024-01-05,Instagram,Makindye,negative,product defective refused refund bad business located kawempe,61,8
4903,Outstanding service! The staff was very helpful and friendly.,2024-02-14,Facebook,Muyenga,positive,outstanding service staff helpful friendly,42,5
4904,Product broke after just one week of use. Very poor quality.,2024-08-11,WhatsApp,Kawempe,negative,product broke one week use poor quality,39,7
4905,"Outstanding business! Professional, reliable, and customer-focused.",2023-11-11,Website,Ntinda,positive,outstanding business professional reliable,42,4
4906,Product is fine. Meets expectations without exceeding them. Located in Kololo.,2024-03-13,Instagram,Kololo,neutral,product fine meet expectation without exceeding located kololo,62,8
4907,Best shop in Kawempe. Quality products and great service.,2024-10-31,Facebook,Kampala,positive,best shop kawempe quality product great service,47,7
4908,Delivery was on time. Product is as expected.,2024-10-14,Facebook,Makindye,neutral,delivery time product expected,30,4
4909,Best customer service I've experienced. Products are top quality.,2024-01-20,WhatsApp,Muyenga,positive,best customer service experienced product top quality,53,7
4910,Standard service. No complaints but nothing exceptional either. Great staff!,2024-05-13,Google,Bukoto,neutral,standard service complaint nothing exceptional either great staff,65,8
4911,Amazing service! The team went above and beyond to help me.,2023-05-23,Instagram,Bukoto,positive,amazing service team went beyond help,37,6
4912,Top-notch quality. Exceeded my expectations completely.,2023-07-12,Google,Kampala,positive,quality exceeded expectation completely,39,4
4913,Product is functional. Does what it's supposed to do. Located in Kololo.,2024-07-25,Twitter,Kololo,neutral,product functional supposed located kololo,42,5
4914,Decent service. No major complaints but nothing impressive.,2023-06-06,Facebook,Lubaga,neutral,decent service major complaint nothing impressive,49,6
4915,Product works fine. Decent quality for the price paid. Located in Kampala.,2023-05-30,Google,Makindye,neutral,product work fine decent quality price paid located kampala,59,9
4916,"Outstanding business! Professional, reliable, and customer-focused.",2023-02-26,Twitter,Ntinda,positive,outstanding business professional reliable,42,4
4917,Excellent customer support. They responded quickly to my questions.,2023-02-25,Facebook,Ntinda,positive,excellent customer support responded quickly question,53,6
4918,Great business with excellent customer care. Very professional.,2023-06-02,Website,Lubaga,positive,great business excellent customer care professional,51,6
4919,Average product quality. Meets basic needs adequately.,2023-09-07,Twitter,Kampala,neutral,average product quality meet basic need adequately,50,7
4920,Amazing experience! The product arrived on time and in perfect condition.,2024-11-28,Facebook,Kampala,positive,amazing experience product arrived time perfect condition,57,7
4921,Best prices in Nakawa area. Great value for money.,2023-08-18,Facebook,Kawempe,positive,best price nakawa area great value money,40,7
4922,Product was defective but they refused to refund. Bad business.,2023-04-01,Google,Central,negative,product defective refused refund bad business,45,6
4923,Product was damaged on arrival. Poor packaging quality.,2023-11-03,Instagram,Central,negative,product damaged arrival poor packaging quality,46,6
4924,Terrible customer service. No help when I had an issue.,2024-01-06,Website,Central,negative,terrible customer service help issue,36,5
4925,Professional service and high-quality products. Very happy! Great delivery!,2024-09-22,Website,Makindye,positive,professional service product happy great delivery,49,6
4926,Very satisfied with my purchase. Great quality and fast delivery. Located in Central.,2023-11-08,Website,Kampala,positive,satisfied purchase great quality fast delivery located central,62,8
4927,Outstanding service! The staff was very helpful and friendly. Located in Nakawa.,2023-11-26,WhatsApp,Central,positive,outstanding service staff helpful friendly located nakawa,57,7
4928,Okay experience. Nothing to complain about but not impressed either. Located in Nakawa.,2023-09-05,WhatsApp,Kampala,neutral,okay experience nothing complain impressed either located nakawa,64,8
4929,Delivery was delayed multiple times. Very frustrating experience. Located in Kawempe.,2024-09-02,Twitter,Lubaga,negative,delivery delayed multiple time frustrating experience located kawempe,69,8
4930,Great products at affordable prices. Very satisfied with my purchase. Located in Ntinda.,2023-12-14,Google,Kololo,positive,great product affordable price satisfied purchase located ntinda,64,8
4931,Professional service and high-quality products. Very happy!,2023-02-17,Facebook,Kampala,positive,professional service product happy,34,4
4932,Great value for money. Fast delivery and excellent packaging.,2023-08-31,Google,Bukoto,positive,great value money fast delivery excellent packaging,51,7
4933,Amazing quality products. Will definitely buy again from this shop. Located in Ntinda.,2023-04-30,Instagram,Makindye,positive,amazing quality product definitely buy shop located ntinda,58,8
4934,Overpriced compared to other shops in Nakawa area.,2023-11-01,Website,Lubaga,negative,overpriced compared shop nakawa area,36,5
4935,Love the product quality. Fast shipping and good packaging. Great packaging!,2023-08-12,WhatsApp,Central,positive,love product quality fast shipping good packaging great packaging,65,9
4936,Average quality. Nothing special but nothing wrong either. Located in Kololo.,2023-02-19,Facebook,Lubaga,neutral,average quality nothing special nothing wrong either located kololo,67,9
4937,Terrible experience. Would not recommend this business to anyone.,2024-02-21,Instagram,Lubaga,negative,terrible experience would recommend business anyone,51,6
4938,Decent service. No major complaints but nothing impressive. Great shipping!,2024-10-30,Website,Kampala,neutral,decent service major complaint nothing impressive great shipping,64,8
4939,Overpriced compared to other shops in Nakawa area.,2024-05-19,Website,Ntinda,negative,overpriced compared shop nakawa area,36,5
4940,Fair experience overall. Nothing exceptional but acceptable.,2023-05-26,Website,Nakawa,neutral,fair experience overall nothing exceptional acceptable,54,6
4941,Average experience. Product is functional and adequate.,2023-06-12,Website,Lubaga,neutral,average experience product functional adequate,46,5
4942,Average product quality. Meets basic needs adequately. Located in Lubaga. Great store!,2023-09-30,Facebook,Ntinda,neutral,average product quality meet basic need adequately located lubaga great store,77,11
4943,Great experience from start to finish. Will shop here again! Great shipping!,2024-09-07,Website,Central,positive,great experience start finish shop great shipping,49,7
4944,Excellent customer support. They responded quickly to my questions. Located in Kololo.,2023-10-14,Google,Bukoto,positive,excellent customer support responded quickly question located kololo,68,8
4945,Quick response time and excellent customer care. Highly recommended! Great delivery!,2024-06-19,WhatsApp,Bukoto,positive,quick response time excellent customer care highly recommended great delivery,77,10
4946,Standard experience. Product does what it needs to do. Located in Kampala.,2024-04-02,Google,Ntinda,neutral,standard experience product need located kampala,48,6
4947,Average quality. Price is reasonable for what you get. Located in Kololo.,2023-08-27,Website,Kololo,neutral,average quality price reasonable get located kololo,51,7
4948,Great value for money. Fast delivery and excellent packaging.,2023-02-11,Twitter,Bukoto,positive,great value money fast delivery excellent packaging,51,7
4949,Product is fine. Meets expectations without exceeding them. Located in Kololo.,2023-07-21,Twitter,Muyenga,neutral,product fine meet expectation without exceeding located kololo,62,8
4950,Quick response time and excellent customer care. Highly recommended! Located in Central.,2024-01-19,Instagram,Central,positive,quick response time excellent customer care highly recommended located central,78,10
4951,Top-notch quality. Exceeded my expectations completely.,2023-05-18,Twitter,Bukoto,positive,quality exceeded expectation completely,39,4
4952,Standard experience. Product does what it needs to do. Great staff!,2023-03-08,Facebook,Bukoto,neutral,standard experience product need great staff,44,6
4953,Very slow delivery. Took over a week to arrive in Kampala.,2024-09-13,WhatsApp,Kawempe,negative,slow delivery took week arrive kampala,38,6
4954,Standard quality. Nothing to complain about or praise.,2024-08-26,Facebook,Kololo,neutral,standard quality nothing complain praise,40,5
4955,Top quality products at reasonable prices. Highly recommended! Located in Kawempe.,2023-05-30,WhatsApp,Central,positive,top quality product reasonable price highly recommended located kawempe,71,9
4956,Customer service was unresponsive. Had to wait days for a reply. Great support!,2024-12-23,Website,Muyenga,negative,customer service unresponsive wait day reply great support,58,8
4957,Average product quality. Meets basic needs adequately.,2023-03-08,Facebook,Kololo,neutral,average product quality meet basic need adequately,50,7
4958,Delivery was on time. Product is as expected.,2024-09-05,WhatsApp,Lubaga,neutral,delivery time product expected,30,4
4959,Amazing experience! The product arrived on time and in perfect condition.,2024-03-08,WhatsApp,Makindye,positive,amazing experience product arrived time perfect condition,57,7
4960,Amazing quality products. Will definitely buy again from this shop.,2024-02-11,Twitter,Lubaga,positive,amazing quality product definitely buy shop,43,6
4961,Outstanding quality and service. Will definitely shop here again. Located in Bukoto.,2024-07-24,Website,Central,positive,outstanding quality service definitely shop located bukoto,58,7
4962,Best prices in Nakawa area. Great value for money. Located in Muyenga.,2023-09-04,Facebook,Kampala,positive,best price nakawa area great value money located muyenga,56,9
4963,Amazing service! The team went above and beyond to help me. Located in Kawempe.,2023-10-09,Google,Kampala,positive,amazing service team went beyond help located kawempe,53,8
4964,Standard quality. Nothing to complain about or praise.,2023-07-14,WhatsApp,Kampala,neutral,standard quality nothing complain praise,40,5
4965,Outstanding quality and service. Will definitely shop here again.,2023-03-20,WhatsApp,Lubaga,positive,outstanding quality service definitely shop,43,5
4966,Average quality. Price is reasonable for what you get.,2023-09-16,WhatsApp,Kawempe,neutral,average quality price reasonable get,36,5
4967,Amazing service! The team went above and beyond to help me.,2023-05-27,Google,Lubaga,positive,amazing service team went beyond help,37,6
4968,Excellent customer support. They responded quickly to my questions.,2023-11-03,Google,Bukoto,positive,excellent customer support responded quickly question,53,6
4969,Great prices and even better service. Highly recommend this business!,2024-09-17,Facebook,Muyenga,positive,great price even better service highly recommend business,57,8
4970,Excellent communication and fast delivery. Highly satisfied!,2023-03-26,Twitter,Makindye,positive,excellent communication fast delivery highly satisfied,54,6
4971,Great experience from start to finish. Will shop here again!,2024-07-17,Instagram,Muyenga,positive,great experience start finish shop,34,5
4972,Amazing experience! The product arrived on time and in perfect condition.,2023-06-19,Google,Bukoto,positive,amazing experience product arrived time perfect condition,57,7
4973,Very slow delivery and unresponsive customer support. Located in Lubaga.,2024-02-15,Twitter,Kololo,negative,slow delivery unresponsive customer support located lubaga,58,7
4974,Average quality. Price is reasonable for what you get.,2023-03-19,Instagram,Muyenga,neutral,average quality price reasonable get,36,5
4975,Product was defective but they refused to refund. Bad business. Located in Nakawa.,2023-03-24,Website,Makindye,negative,product defective refused refund bad business located nakawa,60,8
4976,Average quality products. Functional but not impressive. Located in Muyenga.,2024-08-17,Facebook,Kampala,neutral,average quality product functional impressive located muyenga,61,7
4977,Average experience overall. Product is fine but not great.,2023-11-03,Website,Muyenga,neutral,average experience overall product fine great,45,6
4978,Product was different from what was advertised. Misleading description.,2023-06-13,Twitter,Kololo,negative,product different advertised misleading description,51,5
4979,Not satisfied at all. Product quality is below standard.,2023-07-05,Twitter,Bukoto,negative,satisfied product quality standard,34,4
4980,Average experience. Product is functional and adequate. Located in Central.,2024-12-26,Facebook,Muyenga,neutral,average experience product functional adequate located central,62,7
4981,Outstanding quality and service. Will definitely shop here again.,2024-11-06,Instagram,Kawempe,positive,outstanding quality service definitely shop,43,5
4982,"Fast shipping, good quality, and excellent customer support. Located in Nakawa. Great price!",2023-10-22,Google,Central,positive,fast shipping good quality excellent customer support located nakawa great price,80,11
4983,Standard service. No complaints but nothing exceptional either. Located in Nakawa.,2023-01-22,WhatsApp,Ntinda,neutral,standard service complaint nothing exceptional either located nakawa,68,8
4984,Overpriced products with low quality. Not good value for money.,2024-06-24,Facebook,Lubaga,negative,overpriced product low quality good value money,47,7
4985,Outstanding quality and service. Will definitely shop here again.,2023-02-15,Facebook,Kololo,positive,outstanding quality service definitely shop,43,5
4986,Poor quality products. Broke within days of purchase. Located in Bukoto.,2023-09-07,Twitter,Kawempe,negative,poor quality product broke within day purchase located bukoto,61,9
4987,Love the product quality. Fast shipping and good packaging. Located in Kawempe.,2024-03-24,Website,Lubaga,positive,love product quality fast shipping good packaging located kawempe,65,9
4988,Best shopping experience! Quality products and great prices. Located in Central.,2024-08-07,Website,Lubaga,positive,best shopping experience quality product great price located central,68,9
4989,Amazing quality products. Will definitely buy again from this shop.,2023-02-15,Facebook,Central,positive,amazing quality product definitely buy shop,43,6
4990,Best shop in Kawempe. Quality products and great service.,2024-03-14,Instagram,Nakawa,positive,best shop kawempe quality product great service,47,7
4991,Amazing experience! The product arrived on time and in perfect condition. Great customer!,2023-12-08,Twitter,Ntinda,positive,amazing experience product arrived time perfect condition great customer,72,9
4992,"Fast shipping, good quality, and excellent customer support. Great support!",2023-03-01,Google,Nakawa,positive,fast shipping good quality excellent customer support great support,67,9
4993,Best prices in Nakawa area. Great value for money. Located in Lubaga.,2023-02-23,Instagram,Central,positive,best price nakawa area great value money located lubaga,55,9
4994,Average experience. Product is functional and adequate.,2024-12-28,WhatsApp,Kampala,neutral,average experience product functional adequate,46,5
4995,Best shopping experience! Quality products and great prices. Located in Bukoto. Great experience!,2024-12-08,Google,Kampala,positive,best shopping experience quality product great price located bukoto great experience,84,11
4996,Product is okay. Nothing special but serves its purpose. Located in Makindye.,2023-05-15,Instagram,Kampala,neutral,product okay nothing special serf purpose located makindye,58,8
4997,Okay experience. Nothing to complain about but not impressed either.,2023-05-18,Twitter,Kololo,neutral,okay experience nothing complain impressed either,49,6
4998,Best customer service I've experienced. Products are top quality. Located in Ntinda. Great staff!,2024-12-28,Website,Nakawa,positive,best customer service experienced product top quality located ntinda great staff,80,11
4999,Great experience from start to finish. Will shop here again!,2024-01-27,Instagram,Ntinda,positive,great experience start finish shop,34,5
5000,Poor packaging led to damaged goods. Very unprofessional.,2023-08-18,WhatsApp,Ntinda,negative,poor packaging led damaged good unprofessional,46,6
5001,"📢 Important Announcement: New Community Rules! We're excited to see our community grow, and with that in mind, we're implementing some new rules to ensure a positive and engaging environment for everyone. Please take a moment to familiarize yourself with the following guidelines:

# 1. No Spamming: 🚫

We value quality over quantity. Avoid excessive self-promotion, repetitive content, or any form of spam. Let's keep our community clutter-free and focused on meaningful discussions.

# 2. No Low Effort Posts: 📉

We encourage thoughtful contributions that add value to discussions. Please refrain from low effort, one-word, or nonsensical posts. Let's maintain a standard of quality that enriches our community experience.

# 3. No Affiliate Links Spamming: 🚷

To foster genuine interactions, we discourage the indiscriminate sharing of affiliate links. If you have a relevant link to share, please ensure it adds value to the community and adheres to our guidelines.
These rules are designed to create a vibrant and respectful community where everyone feels welcome. We appreciate your cooperation in making this community a fantastic place for all members.

Thank you for being a part of our growing community!",2024-01-17,Reddit,Online,unknown,important announcement new community rule excited see community grow mind implementing new rule ensure positive engaging environment everyone please take moment familiarize following guideline spamming value quality quantity avoid excessive repetitive content form spam let keep community focused meaningful discussion low effort post encourage thoughtful contribution add value discussion please refrain low effort nonsensical post let maintain standard quality enriches community experience affiliate link spamming foster genuine interaction discourage indiscriminate sharing affiliate link relevant link share please ensure add value community adheres guideline rule designed create vibrant respectful community everyone feel welcome appreciate cooperation making community fantastic place member thank part growing community,828,103
5002,"Recommendations for Electronic Accessories Bag? Hey fellas,

I've been thinking to buy an Accessories Bag for travel. Does anyone have any recommendations?

I've been thinking to get anyone from these:

https://amzn.in/d/hVQhPg5
https://amzn.in/d/gmfS8SV  

This should also give an idea what I'm looking in a bag.",2025-12-02,Reddit,Online,unknown,recommendation electronic accessory bag hey fella thinking buy accessory bag travel anyone recommendation thinking get anyone also give idea looking bag,152,21
5003,"Google reviews exchange swap Anyone want to exchange google reviews? California based, but I travel a lot and noticed my reviews stick fine in other states. DM me your GBP link and what you’d like the review to say and let’s swap!

 Note, I’m *not* looking to buy reviews or services",2025-12-01,Reddit,Online,unknown,google review exchange swap anyone want exchange google review california based travel lot noticed review stick fine state gbp link like review say let swap note looking buy review service,188,30
5004,Cyber Monday USA – 12/01/2025,2025-12-01,Reddit,Online,unknown,cyber monday usa,16,3
5005,"Galaxy.ai Review I’ve been having a blast using Galaxy.ai/tools! Their video and image generators are always up-to-date, which makes experimenting with new ideas really exciting. I love how intuitive the platform is, so I can jump right in and create without any hassle. The results are consistently impressive, and it’s amazing to see my concepts come to life so quickly. Overall, its great, its not really credit hungry, i can use nano banana Pro a lot with very low credits. Highly recommend!",2025-12-01,Reddit,Online,unknown,review blast using tool video image generator always make experimenting new idea really exciting love intuitive platform jump right create without hassle result consistently impressive amazing see concept come life quickly overall great really credit hungry use nano banana pro lot low credit highly recommend,309,45
5006,"Tired of Short Reviews? Seeking Honest 2+ Year Ownership Stories for ANY Durable Gear (Let's build a trusted archive) Fellow buyers, are you tired of 1-week reviews? I'm building a community archive of **authentic, long-term ownership stories** for high-commitment products (appliances, tech, furniture, tools, etc.).

We are tracking **real flaws, maintenance costs, and long-term durability**—not just initial star ratings.

If you own a high-cost item and have a 2+ year story to share (5-min survey):

👉 [**https://forms.gle/AoD1q6jhEWggPtzX8**](https://forms.gle/AoD1q6jhEWggPtzX8) Write your review here

Help us build the honest resource we all wish existed!",2025-12-01,Reddit,Online,unknown,tired short review seeking honest year ownership story durable gear let build trusted archive fellow buyer tired review building community archive authentic ownership story product appliance tech furniture tool tracking real flaw maintenance cost durability initial star rating item year story share survey write review help build honest resource wish existed,359,51
5007,Best Cashback Sites to Use for Cyber Monday (Free Money on Stuff You’re Already Buying),2025-12-01,Reddit,Online,unknown,best cashback site use cyber monday free money stuff already buying,67,11
5008,Predator Adapts to Survive and So Must the Franchise,2025-12-01,Reddit,Online,unknown,predator adapts survive must franchise,38,5
5009,Kendar Sunderland rides her boss’s big hard cock,2025-11-30,Reddit,Online,unknown,kendar sunderland ride bos big hard cock,40,7
5010,"Warning about Ikon Pass: No refunds even for unused digital passes purchased by mistake I want to share my recent experience with Ikon Pass so others don’t get caught off-guard. I accidentally purchased the wrong Ikon pass type, a 4-day Session Pass, after being led to believe it included certain mountains that are heavily featured in their marketing. Only after buying it did I discover the pass excludes the destination I needed.

The pass was completely unused, the season hasn’t started, and it’s a purely digital product that requires no shipping, no activation, and no cost for Ikon to reverse. I contacted customer service and even spoke with a supervisor, but they still refused any refund or one-time courtesy cancellation under any circumstances.

I understand having policies, but refusing refunds for an unused digital service purchased by mistake feels unnecessarily rigid and customer-unfriendly. If you’re considering buying an Ikon Pass, be very careful during checkout, their different pass tiers aren’t as clear as they should be, and a simple mistake can cost hundreds of dollars with no recourse.

Hope this helps someone avoid the same issue.",2025-11-29,Reddit,Online,unknown,warning ikon pas refund even unused digital pass purchased mistake want share recent experience ikon pas others get caught accidentally purchased wrong ikon pas type session pas led believe included certain mountain heavily featured marketing buying discover pas excludes destination needed pas completely unused season started purely digital product requires shipping activation cost ikon reverse contacted customer service even spoke supervisor still refused refund courtesy cancellation circumstance understand policy refusing refund unused digital service purchased mistake feel unnecessarily rigid considering buying ikon pas careful checkout different pas tier clear simple mistake cost hundred dollar recourse hope help someone avoid issue,746,100
5011,"Fansfei.com a scam? *** BEWARE *** Bought 2 toys from this site, i was given the tracking number, it come to my country (apparently) then said delivered on a Saturday at 5:15 (weird). I checked my camera's, and nothing was delivered. They did initially respond to my emails but have since gone silent. SCAM! All i can do is give you my true experience on my purchase.😔 I thought the price was too good to be true, turns out it was....",2025-11-29,Reddit,Online,unknown,scam beware bought toy site given tracking number come country apparently said delivered saturday weird checked camera nothing delivered initially respond email since gone silent scam give true experience purchase thought price good true turn,242,35
5012,"Do most businesses really need AI analysis of reviews? I've had the idea for the creation of a system which sucks in reviews from various platforms on a weekly basis and emails you each week with a summary of its findings along with a list of positives and negatives, so as to give you a quick yet accurate idea of what is going on and what people say. Is there such a need though in the market? Take your own business as an example. Is this something you would actually value and pay for?

Naturally it makes more sense for those who have many reviews, scattered actross difference platforms. Someone with 5 reviews here and 6 reviews there can quickly understand what is going on. So it would be those with many reviews who would find it the most useful I think. But then again, how many of those businesses are there?",2025-11-29,Reddit,Online,unknown,business really need analysis review idea creation system suck review various platform weekly basis email week summary finding along list positive negative give quick yet accurate idea going people say need though market take business example something would actually value pay naturally make sense many review scattered actross difference platform someone review review quickly understand going would many review would find useful think many business,451,65
5013,"Instant funding I’ve been very disappointed with Instant Funding lately. I’ve contacted support several times regarding two serious issues — one trade was closed even though *it never hit my stop loss*, and another experienced *over $50 in slippage*. Despite multiple messages, I haven’t received any clear proof, proper explanation, or resolution.

On top of that, *95% of the trades I’ve taken have had unusually large slippage and wide spreads*, which makes it extremely difficult to manage risk effectively. I understand some slippage is normal, especially during volatile periods, but this has become a consistent problem.

Traders need to trust that their executions are fair — and right now, that trust is missing. I hope Instant Funding takes these complaints seriously and improves both support and trade execution. Until then, I would advise others to be cautious.not been a nice experience so far",2025-11-28,Reddit,Online,unknown,instant funding disappointed instant funding lately contacted support several time regarding two serious issue one trade closed even though never hit stop loss another experienced slippage despite multiple message received clear proof proper explanation resolution top trade taken unusually large slippage wide spread make extremely difficult manage risk effectively understand slippage normal especially volatile period become consistent problem trader need trust execution fair right trust missing hope instant funding take complaint seriously improves support trade execution would advise others nice experience far,618,82
5014,"Looking for CSGOFast review, what do you guys think about it? [question] I’ve seen CSGOFast around forever but never actually tried it myself.  
Is it still considered a solid site these days? Not expecting to “win big”, just wondering about withdrawals, fairness, general vibe, etc.

Curious to hear from people who actually used it recently.",2025-11-28,Reddit,Online,unknown,looking csgofast review guy think question seen csgofast around forever never actually tried still considered solid site day expecting win big wondering withdrawal fairness general vibe etc curious hear people actually used recently,232,33
5015,"Arzam shehzad reviews? Anyone heard of him? Seeing this guy Arzam Shehzad all over my youtube. He talks about ways of earning online and ties it back to deen, which i don’t really hear often. Most of what’s out there either feels off or just not something i’d be comfortable doing. I live in glasgow and am looking for something i can do from home that doesn’t pull me away from my kids or make me feel uneasy about how i’m earning. saw a few of his videos, but can never tell till someone’s been through it. so if anyone’s seen benefit in what he teaches please sh⁤are.",2025-11-27,Reddit,Online,unknown,arzam shehzad review anyone heard seeing guy arzam shehzad youtube talk way earning online tie back deen really hear often either feel something comfortable live glasgow looking something home pull away kid make feel uneasy earning saw video never tell till someone anyone seen benefit teach please,298,47
5016,"Has anyone tried the Air Diet app? How was your experience? I’ve been seeing the Air Diet app around and I’m thinking about giving it a try. It focuses on air fryer meal plans, light workouts, and some progress trackers.



Before I start, I wanted to ask if anyone here has actually used it.

Did it help you eat healthier?

Are the meal plans realistic?

And is the app easy to follow long-term?



I’d really appreciate any honest reviews or experiences. I’m trying to make some healthier changes and don’t want to waste time on something that doesn’t work.



Thanks in advance!",2025-11-27,Reddit,Online,unknown,anyone tried air diet app experience seeing air diet app around thinking giving try focus air fryer meal plan light workout progress tracker start wanted ask anyone actually used help eat healthier meal plan realistic app easy follow really appreciate honest review experience trying make healthier change want waste time something work thanks advance,351,54
5017,"Adanola Scamming Customers Adanola are scamming customers

Note to never buy from this company! I’m one of many that have returned items and they have said they’ve not received it and refunded for only 1! Be aware!!! 

#adanola",2025-11-27,Reddit,Online,unknown,adanola scamming customer adanola scamming customer note never buy company one many returned item said received refunded aware adanola,134,19
5018,"AMORPHIS-Borderland [https://stbasbas.blogspot.com/2025/11/amorphis-borderland.html](https://stbasbas.blogspot.com/2025/11/amorphis-borderland.html)

  
they came through the fog",2025-11-27,Reddit,Online,unknown,came fog,8,2
5019,"Is Wakie actually a good anonymous voice chat app to talk to strangers? My honest review after 2 years Have some thoughts built up after 2 years and over a thousand calls, so figured I'd share what's good and what sucks.
I'm an average looking guy and didn't have a real relationship until 25, had some virtual thing on Discord before but that doesn't really count. I tried tinder and hinge, got nowhere, I wasn't really into hookup culture but not gonna lie- my ego was bruised. I thought I was at least somewhat above average. Apparently not lol

I was fine with people I already knew but had trouble talking to strangers, covid made my phone anxiety worse, I'd ask people to text instead of call. When I started looking for work I realized how f*ed my social skills were.
Remembered Omegle and chatroulette, looked for alternatives without video, found some voice chats but too many horny old dudes and trolls, kept searching and found wakie where at least people had some rating system, downloaded it.

Around that time I was playing Genshin Impact and practicing voice acting, got decent at it, figured I'd test it on random calls. I was a bit nervous before my first call on the app but got used to it fast, I didnt try hard, just acted normal, people gave me positive ratings. Started trying voice stuff with girls and suprisingly it worked, lot of them added me to favorites, even dated one - didn't last but it was my first real relationship. She said I don't act the same as on the app, so I guess don't create a completely new personality if you're planning to meet someone irl, you can't keep up the character in real life unless you're some kind of actor.

Some annoying stuff- people expect you to entertain them, sometimes when I stop asking questions they don't talk and we just sit in awkward silence. Also you feel pressured to be nice for ratings.
Idk if it works for everyone but it worked for me, my social skills got better, I got a decent job where I don't stress too much but show up on calls. If you want instant convos and don't mind camera- ometv might work better, if looks are your thing- stick to video apps. Otherwise try wakie I guess, depends what you're working with.",2025-11-26,Reddit,Online,unknown,wakie actually good anonymous voice chat app talk stranger honest review year thought built year thousand call figured share good suck average looking guy real relationship virtual thing discord really count tried tinder hinge got nowhere really hookup culture gon ego bruised thought least somewhat average apparently lol fine people already knew trouble talking stranger covid made phone anxiety worse ask people text instead call started looking work realized social skill remembered omegle chatroulette looked alternative without video found voice chat many horny old dude troll kept searching found wakie least people rating system downloaded around time playing genshin impact practicing voice acting got decent figured test random call bit nervous first call app got used fast didnt try hard acted normal people gave positive rating started trying voice stuff girl suprisingly worked lot added favorite even dated one last first real relationship said act app guess create completely new personality planning meet someone irl keep character real life unless kind actor annoying people expect entertain sometimes stop asking question talk sit awkward silence also feel pressured nice rating idk work everyone worked social skill got better got decent job stress much show call want instant convos mind ometv might work better look stick video apps otherwise try wakie guess depends working,1395,212
5020,"Edibles Arrangements I ordered 1 for my friend it was 76.00. They Charged my card twice. I called them but was told by who answered phone that she couldn't understand me and I certainly could not understand her.  So I have sent 3 emails but they still haven't even bothered to return my call, text, or email. So beware of their business practices as they have no customer service and don't even care enough to return corresponds.",2025-11-26,Reddit,Online,unknown,edible arrangement ordered friend charged card twice called told answered phone could understand certainly could understand sent email still even bothered return call text email beware business practice customer service even care enough return corresponds,255,35
5021,"The one thing that finally got us real customer reviews I used to waste so much time on those automatic review texts that nobody ever answers. You know the ones. We had plenty of happy customers, but our Google reviews were barely ticking up. What finally changed things was a super simple shift: we stopped texting and started talking. Instead of sending another robotic link, we had a real person just give some of our past customers a quick, friendly call to ask about their exprience. It sounds almost too simple, but it worked. People were surprised to be asked, and they actually seemed happy to help us out by leaving a review. We found a small team in Provo, UT called StarBrite that handles this kind of personal review and referral gathering. Having them make those genuine calls for us was the fix we needed. The reviews they got felt real because they were real. If you're stuck in the same automated review loop, looking into a human approach like that mght be your answer. It was for us.",2025-11-26,Reddit,Online,unknown,one thing finally got real customer review used waste much time automatic review text nobody ever answer know one plenty happy customer google review barely ticking finally changed thing super simple shift stopped texting started talking instead sending another robotic link real person give past customer quick friendly call ask exprience sound almost simple worked people surprised asked actually seemed happy help leaving review found small team provo called starbrite handle kind personal review referral gathering make genuine call fix needed review got felt real real stuck automated review loop looking human approach like mght answer,641,96
5022,"☕ Stop Guessing: Seeking 2+ Year Ownership Stories for High-End Coffee Gear (Let's build a real durability archive) Fellow enthusiasts, are you tired of one-week reviews? I am building a dedicated, high-trust archive of **2+ year ownership stories** for expensive gear like espresso machines, grinders, and kettles.

We are tracking **maintenance costs, flaws, and long-term durability**—not just initial purchase scores.

If you own high-end **coffee gear** and have a story to share (15-min survey):

👉 [**https://forms.gle/j5fFpTQtDtuGShrBA**](https://forms.gle/j5fFpTQtDtuGShrBA)

Help us build the resource we all wish existed!",2025-11-26,Reddit,Online,unknown,stop guessing seeking year ownership story coffee gear let build real durability archive fellow enthusiast tired review building dedicated archive year ownership story expensive gear like espresso machine grinder kettle tracking maintenance cost flaw durability initial purchase score coffee gear story share survey help build resource wish existed,348,48
5023,"Weil Cornell reproductive center **I’m very disappointed with my experience at Weill Cornell Reproductive Medicine, and I think people deserve to know what to expect.**



**My doctor, Hey Joo Kang, saw me in person during my first IVF cycle, but during my second cycle I’ve only seen her through Zoom. My case is more complex — fibroids, a tilted uterus, and ovaries that are hard to visualize — so consistent, hands-on care actually matters. Instead, every appointment feels unpredictable. I constantly have to re-explain my situation to new physicians, and many appointments felt rushed or disconnected.**



**There were a few times I went in for monitoring and was supposed to receive a call with medication instructions — instructions that are time-sensitive and crucial for success. Instead, no one contacted me, and I had to call the emergency line just to get basic guidance. That should never happen at a fertility clinic of this size.**



**Communication after my second egg retrieval was just as poor. I waited over a week with no update on my embryos. When they finally called, all they said was that five were frozen — no details. I had to email out of frustration to get the information I should have been told upfront. I constantly had to advocate for myself.**



**The billing department has been the worst part of this entire experience. No one explained that a frozen transfer is much more expensive than a fresh one. No one told me that Weill Cornell is significantly more expensive than most clinics. They also never warned me that I was nearing my yearly insurance max. Instead, they let me go through an entire stimulation cycle and egg retrieval, and now — just a week before transfer — they suddenly tell me I owe $4,993 out of pocket.**



**To make matters worse, they billed my insurance in a way that used my IVF benefit limit for services that should NOT have been billed under my IVF limit, draining my $25k IVF coverage much faster than necessary. There was no transparency or accountability.**



**And what really shocked me: they refused to move forward with my transfer until the $4,993 was paid in full.**

**Most fertility clinics offer payment plans or financial flexibility, especially during active treatment — but Weill Cornell doesn’t. They offered nothing. No plan, no options, no compassion.**



**Overall, the communication is inconsistent, the care feels impersonal, and the billing department has zero empathy or transparency. After everything, I’m transferring myself — and my frozen embryos — to another clinic that is more affordable, more supportive, and truly patient-centered.**",2025-11-26,Reddit,Online,unknown,weil cornell reproductive center disappointed experience weill cornell reproductive medicine think people deserve know expect doctor hey joo kang saw person first ivf cycle second cycle seen zoom case complex fibroid tilted uterus ovary hard visualize consistent care actually matter instead every appointment feel unpredictable constantly situation new physician many appointment felt rushed disconnected time went monitoring supposed receive call medication instruction instruction crucial success instead one contacted call emergency line get basic guidance never happen fertility clinic size communication second egg retrieval poor waited week update embryo finally called said five frozen detail email frustration get information told upfront constantly advocate billing department worst part entire experience one explained frozen transfer much expensive fresh one one told weill cornell significantly expensive clinic also never warned nearing yearly insurance max instead let entire stimulation cycle egg retrieval week transfer suddenly tell owe pocket make matter worse billed insurance way used ivf benefit limit service billed ivf limit draining ivf coverage much faster necessary transparency accountability really shocked refused move forward transfer paid full fertility clinic offer payment plan financial flexibility especially active treatment weill cornell offered nothing plan option compassion overall communication inconsistent care feel impersonal billing department zero empathy transparency everything transferring frozen embryo another clinic affordable supportive truly,1596,210
5024,"Exchange reviews for the app (Android) Guys, please leave a review, write a link to the application, I will write you a good review. [https://play.google.com/store/apps/details?id=com.project.russian](https://play.google.com/store/apps/details?id=com.project.russian)",2025-11-24,Reddit,Online,unknown,exchange review app android guy please leave review write link application write good review,92,14
5025,"FM-Brotherhood [https://stbasbas.blogspot.com/2025/11/fm-brotherhood.html](https://stbasbas.blogspot.com/2025/11/fm-brotherhood.html)

  
Superb British FM/Soul infused meloic rock",2025-11-24,Reddit,Online,unknown,superb british soul infused meloic rock,39,6
5026,What review website can I use for my garbage bin cleaning business?,2025-11-23,Reddit,Online,unknown,review website use garbage bin cleaning business,48,7
5027,"Request for Parkfield Supplies reviews, or info on ANY waterproof phone case that isn't a scam I've been desperately trying to get a waterproof phone case now that LifeProof switched to only iPhones.

I've tried Ghosteck and they were terrible, read that both Punckcase and Casebus are scams.

Just discovered Parkfield Supplies and don't see any obvious red flags, has anyone used them?

Any other recommendations?

For reference, I'm about to leave for a month long rafting expedition. Last time I did this I had my phone in my lifejacket pocket the whole time so that I could take photos. It swam rapids with me pretty much daily and came out fine, this was with the LifeProof case. I even took my phone scuba diving with me at one point to take photos.

I'm looking for something equivalent, not ""oh if some rain gets on it or you drop it on a puddle for a sec it will probably be fine"" which seems to be the new standard for waterproofing.

Thank you!",2025-11-22,Reddit,Online,unknown,request parkfield supply review info waterproof phone case scam desperately trying get waterproof phone case lifeproof switched iphones tried ghosteck terrible read punckcase casebus scam discovered parkfield supply see obvious red flag anyone used recommendation reference leave month long rafting expedition last time phone lifejacket pocket whole time could take photo swam rapid pretty much daily came fine lifeproof case even took phone scuba diving one point take photo looking something equivalent rain get drop puddle sec probably fine seems new standard waterproofing thank,582,84
5028,"Tired of 1-week reviews? I'm building a database of authentic, 2+ year ownership stories for high-end coffee grinders. * Hello r/Reviews community,

I'm a fellow enthusiast, and like many of you, I'm frustrated by how hard it is to find real, long-term advice on expensive gear. We see plenty of reviews written one week after purchase, but those tell you nothing about bearing failures, burr replacement costs, or long-term workflow hassles at the 3-year mark.

I’m working on a community research project to fix this. The goal is to create the internet's most honest, in-depth archive of long-term ownership stories, pain points, and specific DIY fixes for the gear we invest in.

# I Need Your Story!

I am currently collecting data from owners of high-commitment coffee grinders who have used their gear for at least 2 years.

Specifically, I am targeting the following models (among others):

* Flat Burrs: \[Specific Flat Burr Model, e.g., Fellow Ode Gen 1/2\]
* Conical Burrs: \[Specific Conical Burr Model, e.g., Niche Zero\]
* Professional/High-Volume: \[Specific High-End Model, e.g., Mahlkönig EK43\]

If you own one of these (or a similar high-end machine) and have been using it for a while, your story is incredibly valuable.

# Why Share Your Story?

1. Help the next buyer: Your detailed account will save the next enthusiast serious time and money.
2. Get your pain points heard: We are structuring the data to highlight the most common failures across different brands.
3. It’s quick: I've created a short, structured Google Form that takes about 10-15 minutes to complete. It focuses on costs, maintenance, and the single biggest piece of advice you would give your past self.

# Ready to share your long-term review?

Please fill out the simple form below. I will personally review and curate every response into our initial archive.

👉 \[[https://forms.gle/ufUj98x6zBJVYJgq8\]](https://forms.gle/ufUj98x6zBJVYJgq8]) 👈",2025-11-22,Reddit,Online,unknown,tired review building database authentic year ownership story coffee grinder hello review community fellow enthusiast like many frustrated hard find real advice expensive gear see plenty review written one week purchase tell nothing bearing failure burr replacement cost workflow hassle mark working community research project fix goal create internet honest archive ownership story pain point specific diy fix gear invest need story currently collecting data owner coffee grinder used gear least year specifically targeting following model among others flat burr specific flat burr model fellow ode gen conical burr specific conical burr model niche zero professional specific model mahlkönig one similar machine using story incredibly valuable share story help next buyer detailed account save next enthusiast serious time money get pain point heard structuring data highlight common failure across different brand quick created short structured google form take minute complete focus cost maintenance single biggest piece advice would give past self ready share review please fill simple form personally review curate every response initial archive,1151,165
5029,"Sports fan merch - AVOID Ordered a game day buffalo helmet from them on October 3rd, then a day or two later received an email claiming it takes 4-6 weeks to fulfill the order because it’s on back order. Sent an email to them inquiring about the order at the beginning of November and they said it takes 4-6 weeks. Today, (nov 21) I sent an email requesting a refund, and they said they issued the refund and to not attempt to order from their website again.

Avoid this scam company.",2025-11-22,Reddit,Online,unknown,sport fan merch avoid ordered game day buffalo helmet october day two later received email claiming take week fulfill order back order sent email inquiring order beginning november said take week today nov sent email requesting refund said issued refund attempt order website avoid scam company,294,46
5030,DONT use Petco Groomers in East Windsor,2025-11-22,Reddit,Online,unknown,dont use petco groomers east windsor,36,6
5031,"DONT use Petco Groomers in East Windsor I will never use Petco Grooming at East Windsor again. I find them to always be rude and judgmental but today - after making my appt a month ago and confirming it three times AND taking the day off of work to get my dog there, they told me they couldn’t take me because I was 11 minu I will never use Petco Grooming at East Windsor again. I find them to always be rude and judgmental but today - after confirming my appointment three times and taking the day off of work to get my dog there, they told me they couldn’t take me because I was 11 minutes late. They told me the reason was because that they were triple booked. I said well maybe you shouldn’t be triple booking in the first place to allow for some variability in peoples time. I asked them nicely a few times to try to accommodate me even if it meant coming back another day or time before Thanksgiving  and they repeatedly told me that it was not going to happen and then I shouldn’t have been late. This was after me being courteous enough to reschedule for them when they called me a few weeks ago and said that they were overbooked on my original date i was scheduled for - so I was nice enough to reschedule for them  and change my day off for them. Then because I showed up 11 minutes late ( to  allow my dog to poop outside the store rather than inside the store) they turned me away in a VERY rude and  nasty manner - because THEY are overbooked. Sounds like a time management problem on their end, not mine. They were disgraceful. The girl at the computer JENNIFER was awful  and the groomer ANNA  was disgusting. They told me that they would not see my dog ever again because I was arguing my point.  To be honest, I’m never impressed by their grooming anyway, it always looks half assed and rushed.  I guess that explains the triple booking, they’re always in too much of a rush to do a good job . The last time I took my dog home and realized that they only cut one side nails and totally forgot to do the other side. I had to bring him back and wait for them to complete the job… And they had the nerve to charge me an extra fee for extra brushing!! 
  * I will say, though, that my experiences with Grace, Hannah, and Alyssa have been positive. **",2025-11-22,Reddit,Online,unknown,dont use petco groomers east windsor never use petco grooming east windsor find always rude judgmental today making appt month ago confirming three time taking day work get dog told take minu never use petco grooming east windsor find always rude judgmental today confirming appointment three time taking day work get dog told take minute late told reason triple booked said well maybe triple booking first place allow variability people time asked nicely time try accommodate even meant coming back another day time thanksgiving repeatedly told going happen late courteous enough reschedule called week ago said overbooked original date scheduled nice enough reschedule change day showed minute late allow dog poop outside store rather inside store turned away rude nasty manner overbooked sound like time management problem end mine disgraceful girl computer jennifer awful groomer anna disgusting told would see dog ever arguing point honest never impressed grooming anyway always look half assed rushed guess explains triple booking always much rush good job last time took dog home realized cut one side nail totally forgot side bring back wait complete job nerve charge extra fee extra brushing say though experience grace hannah alyssa positive,1251,194
5032,"My honest experience using a Welzo Home Blood Test last month I wanted to share a genuine review because I was really unsure about home blood tests before I tried one. Last month I’d been dealing with low energy, random headaches, and just feeling “off.” I couldn’t get a GP appointment for weeks, so out of frustration I decided to try one of the **Welzo Home Blood Tests** 

I picked the general health panel since I didn’t know what exactly I was looking for.

Here’s my honest experience:

• The kit arrived in about 2–3 days  
• The instructions were clear, and collecting the sample wasn’t as scary as I expected  
• It took me two tries to get enough blood (this part was slightly annoying but manageable)  
• I posted it back the same day  
• Results came in around 48 hours and were surprisingly easy to understand  
• It actually highlighted low Vitamin D and borderline B12 — which I didn’t even suspect

I took the results to my GP afterwards, and he agreed the numbers made sense considering my symptoms. He recommended supplementation, and after starting it, I do feel a bit better.

This isn’t some miracle solution, but for me it was useful — especially because getting a GP appointment takes forever where I live.

If anyone else has used home blood tests, did your results match your symptoms?  
Curious to hear how others’ experiences compare.",2025-11-22,Reddit,Online,unknown,honest experience using welzo home blood test last month wanted share genuine review really unsure home blood test tried one last month dealing low energy random headache feeling get appointment week frustration decided try one welzo home blood test picked general health panel since know exactly looking honest experience kit arrived day instruction clear collecting sample scary expected took two try get enough blood part slightly annoying manageable posted back day result came around hour surprisingly easy understand actually highlighted low vitamin borderline even suspect took result afterwards agreed number made sense considering symptom recommended supplementation starting feel bit better miracle solution useful especially getting appointment take forever live anyone else used home blood test result match symptom curious hear others experience compare,866,123
5033,"7 Kings honest review 5 Stars!!! I have never written a Reddit review but I need to get the word out! I just received my second order from 7 Kings 7oh &amp; OMG I’m impressed. They ship fast, their products are potent &amp; their prices are the most reasonable I have found for such quality products.",2025-11-22,Reddit,Online,unknown,king honest review star never written reddit review need get word received second order king amp omg impressed ship fast product potent amp price reasonable found quality product,178,28
5034,📢 I Write Professional Reviews for Your Business (Google | Trustpilot | Airbnb &amp; more!),2025-11-21,Reddit,Online,unknown,write professional review business google trustpilot airbnb amp,63,8
5035,"Do NOT buy from Doletics! worst experience with online buying ever! I bought leggings from Doletics that were advertised as 100% opaque, helps reduce cellulite but they are completely sheer! You can see my skin and underwear as if I wasn’t wearing leggings. when I went to return them I wasn’t informed until the very  last step of the return process that returns are international to Germany! I had checked their site before purchasing to see their return policy and checked reviews, all of which were great. And their return policy  does not indicate that returns are international. So I purchased them. what a mistake! I asked Doletics for a prepaid return label to the Germany return address OR to provide a United States return address so I could pay for them to be returned, but they refused to do either. what a colossal waste of money and time. Don’t buy from them, they’re dishonest and their customer service is horrible. They take days, in my case, almost a whole week to get back to me about my inquiry. then they were completely unapologetic about not having  any transparency in their return policy or willingness to help with the return. The best leggings I’ve found online so far are from Fanka. those are actually opaque and help with cellulite reduction  and are without friendly/compatible.",2025-11-21,Reddit,Online,unknown,buy doletics worst experience online buying ever bought legging doletics advertised opaque help reduce cellulite completely sheer see skin underwear wearing legging went return informed last step return process return international germany checked site purchasing see return policy checked review great return policy indicate return international purchased mistake asked doletics prepaid return label germany return address provide united state return address could pay returned refused either colossal waste money time buy dishonest customer service horrible take day case almost whole week get back inquiry completely unapologetic transparency return policy willingness help return best legging found online far fanka actually opaque help cellulite reduction without friendly compatible,788,106
5036,"My experience using a red-light cap after years of bleaching  here’s what actually changed I wanted to share a genuine review because I spent months wondering if red-light therapy could help with scalp health after years of bleaching. My hair story is basically the same as a lot of people who bleach: I loved the look, but over time the top of my head started feeling weaker. My new growth felt softer and almost “thin,” not in a medical way, just noticeably different in texture and strength.

Conditioners fixed the dry ends, but nothing I tried really changed the way my *roots* felt. I didn’t want to overload my scalp with too many products, so I started looking into tools people use for basic scalp support. That’s how I ended up trying the [Welzo Red Light Cap](https://welzo.com/products/red-light-infrared-cap).

I didn’t go into it expecting miracles. I used it just because it seemed like a simple, non-chemical way to maybe encourage healthier new growth.

Here’s what actually happened over a few weeks:

**• Week 1–2:**  
Honestly, nothing dramatic. I used it while watching TV. The warmth felt relaxing, but I didn’t notice changes in my scalp or hair texture yet.

**• Week 3–4:**  
This is when I started noticing tiny differences. My roots didn’t feel as “fragile” when I touched them. When I brushed my hair, it felt like the new growth had a bit more grip instead of that overly soft, processed feel. Not thicker — just slightly stronger.

**• Week 5–6:**  
I noticed that the areas near my part line felt less delicate. My scalp also felt calmer overall. Again, nothing overnight or dramatic, but I could feel my new growth wasn’t as flimsy as before.

**• Current verdict:**  
It didn’t magically fix years of bleaching (and I didn’t expect it to), but it genuinely did something for the *texture* and *strength* of new growth. The biggest change was that the fresh hair coming in didn’t feel as fragile. It just felt “healthier,” like the scalp was happier.

Red-light therapy won’t replace good haircare routines, but as a supportive tool, I actually think it helped me in a gradual, subtle way.

**So overall:**  
If you’re expecting dramatic thickening  no.  
If you’re hoping your new growth feels stronger and your scalp feels supported  it might be worth trying.

That was my experience with the Welzo Red Light Cap, and hopefully it helps someone who’s wondering the same things I was Googling at 2AM.",2025-11-21,Reddit,Online,unknown,experience using cap year bleaching actually changed wanted share genuine review spent month wondering therapy could help scalp health year bleaching hair story basically lot people bleach loved look time top head started feeling weaker new growth felt softer almost thin medical way noticeably different texture strength conditioner fixed dry end nothing tried really changed way root felt want overload scalp many product started looking tool people use basic scalp support ended trying welzo red light cap expecting miracle used seemed like simple way maybe encourage healthier new growth actually happened week week honestly nothing dramatic used watching warmth felt relaxing notice change scalp hair texture yet week started noticing tiny difference root feel fragile touched brushed hair felt like new growth bit grip instead overly soft processed feel thicker slightly stronger week noticed area near part line felt less delicate scalp also felt calmer overall nothing overnight dramatic could feel new growth flimsy current verdict magically fix year bleaching expect genuinely something texture strength new growth biggest change fresh hair coming feel fragile felt healthier like scalp happier therapy replace good haircare routine supportive tool actually think helped gradual subtle way overall expecting dramatic thickening hoping new growth feel stronger scalp feel supported might worth trying experience welzo red light cap hopefully help someone wondering thing googling,1488,218
5037,"The Borz Store Hey everyone!
I’m new to Reddit and made this account just for this.
Christmas is coming up and my boyfriend is a huge Khamzat Chimaev fan. I’m from Europe and it’s really hard to find any of his merch here. I came across The Borz Store, which seems to be his official merch site, but I can’t find any real reviews.
Has anyone bought a hoodie or T-shirt from there? How’s the quality?
I’d love some help choosing the perfect gift for my boyfriend!",2025-11-21,Reddit,Online,unknown,borz store hey everyone new reddit made account christmas coming boyfriend huge khamzat chimaev fan europe really hard find merch came across borz store seems official merch site find real review anyone bought hoodie quality love help choosing perfect gift boyfriend,266,41
5038,"turn podpak and podpen I wanted to leave a great review for turn as a company. Their customer service dept. was really wonderful with the help I needed for a strange occurrence with one of their products. I am in business myself, and want to applaud them for their immediate and careful assistant to a customer. I will definitely recommend their superb products to my friends. I am very happy with their help.",2025-11-20,Reddit,Online,unknown,turn podpak podpen wanted leave great review turn company customer service dept really wonderful help needed strange occurrence one product business want applaud immediate careful assistant customer definitely recommend superb product friend happy help,252,34
5039,"SwellAI.com review - NOT recommended I have been using [Swellai.com](http://Swellai.com) since the start of the year. It's a decent program to help make podcast notes, emails, social media worlds, transcripts etc.  I had to remind them to renew my minutes every month, which was annoying, but whatever, the program was good for what I needed. All of a sudden, they stopped responding to all my messages and have not topped up my minutes in a couple months. I have emailed, I have used their chat box, I have called the phone number, all to no avail. I paid for a year worth of services but they stopped providing their services and now I'm out the money and need to find a new way to do this.   
I'm frustrated, and my bank can't do anything as it's past their dispute window. 

Find a different company to help write show notes, as this one is unreliable.",2025-11-20,Reddit,Online,unknown,review recommended using since start year decent program help make podcast note email social medium world transcript etc remind renew minute every month annoying whatever program good needed sudden stopped responding message topped minute couple month emailed used chat box called phone number avail paid year worth service stopped providing service money need find new way frustrated bank anything past dispute window find different company help write show note one unreliable,477,71
5040,"Five Towns College (five clowns) is the worst college ever, do not EVER think of going, a waste of money, a waste of time, and something you WILL regret. I attended Five Towns for about two weeks before dropping out because of how bad it was. I felt like I got demoted from where I was when I graduated high school. I graduated with a 4.0 GPA, received a pretty scholarship (20k a year) from the desperate, money hungry people at five towns, and accidentally put myself in a horrible situation that I do not wish on any student with a passion for art, music, or anything else for that matter. 

My tuition for the semester was about 4k, and I only received back $1,900. It was supposed to be a 60 percent refund. The president of the college refuses to refund anymore of the money. I only attended classes for two weeks. It was not worth that much money, and I feel absolutely robbed. The happier part to my story is that I got out of five towns before it was too late. I took what I could get back and ran. Please do not put yourself in this situation, it is so disheartening. Even the women who worked in the advising office at told me that my best option was to drop out, that my full potential could not be met at five towns. 

I was so unsure about attending this college that I made myself sick about it so many times. The day that I went to register for classes and got my ID card, I got sick with some sort of stomach bug (I think it was a sign from somewhere warning me not to go.) If that sounds crazy to you, just continue reading!! I also had multiple nightmares where I was screaming that I did not want to go to five towns, and I would wake up feeling absolutely sick mentally and also throwing up from the stress. This was over the summer after I had already committed to the college, and all of my friends had big plans for themselves at great colleges. I just knew something was wrong. I did not want to go, I was absolutely killing myself over it. I couldn't do anything to change it because it was too late. My parents told me to just try it out for a semester and if I did not like it, I could transfer out. If you are considering this college, and this is what your parents are saying to you, tell them of my experience and I assure you, they will change their minds. 

To start off, the people are pushy, they do not stop calling you once you apply. Not even just emailing you. They call, text, and email like a desperate ex trying to get you back. It is so pathetic. They also push all of their programs on you and barely give you any time to think about what it is that YOU want. I felt as if I got roped into the business and audio concentration program just because it was the easiest thing for them to do for me. So many of the students there feel the same way, there is just this feeling of hopelessness that plagues everyone there. No one can have a conversation without hating on the college or saying that they want to leave.

To add about the business program, it is such a joke; unfortunately, it really is sad because the teachers are all very sweet and I honestly feel bad for them. The business program consists of mostly male athletes who are there on a scholarship, or kids who have no idea what they want to do with their lives. Do not fall for this program or the audio concentration that they make so enticing. You can get a much better education at one of the amazing SUNY schools nearby, even SUNY Farmingdale if business or even communications is what you want to go for. They also have visual arts programs that five towns offers, and they have even more variety. SUNY Stony Brook also offers music and SO MANY arts majors, it is outstanding and so wonderful. It is also MUCH cheaper than five towns, you will have an actual college experience, and the college that YOU are paying will actually invest in you instead of investing in themselves. Out of all of the friends I made there, they all also want to transfer out because they know they deserve better. One of my friends dropped out just as I did, and another one of my friends is also transferring out at the end of the semester. 

What was extremely alarming to me at my time there was how small the college was and how there are not even 1,000 students, maybe 500. I'm not really sure how the college is still running. The accreditation should be taken away. I attended a department mixer for business, and each year (freshman-senior) stood before the rest of the department year by year. The freshman class was the biggest one and as you got down to the seniors, two people stood. I felt so sick. I knew I had to get myself out of there. They explained that they ""lost"" a couple of students over the years, and of course when you put it together, these are the students that got out and realized there were better opportunities for them. Those are the lucky ones, and I am one of them. 

If you are looking for an exciting college experience with student life funded and supported, do not choose five clowns. Choose any other college, I guarantee you it will be much better. I almost wish high schools could exclude five towns from their college fairs. This should not even be an option for passionate and talented high school students getting ready to face the real world. They lie to you, they manipulate you, and they only want your money. Not to mention, five towns credits barely transfer to other colleges, so if you are thinking of just ""trying it out"" for a semester, don't. If you are at all unsure of what you want to do with your life or career, do not choose this school, you are putting yourself in a prison. You will waste your time, money, and your passion might even feel like it is dissipating. It definitely drained the life out of me.

It is a FOR PROFIT institution, read that loud and clear. All private colleges are, but what makes five clowns different is the fact that it quite literally is just money hungry people feeding on profit, not giving enough funding to the arts, and honestly not even understanding how to run a college whatsoever. They sell you on the audio program, which is a load of crap. The access students have to the studios is so limited and also nothing is ever taken seriously. The audio part also does not go on your degree. They do the bare minimum. Everything is the bare minimum. The food, the dorms, the curriculum, the student life. 

When I say that the food is BAD, I mean it. The cafeteria was smaller than the one at my high school, and the limited options were insane. I felt so bad for the kids who chose to dorm and that is their only option. If you choose to dorm at this college and have no car, you are quite literally putting yourself in a prison. Long Island is so wonderful and full of things to do, but this college is in the middle of a suburban neighborhood on LI. You cannot walk anywhere, it will take forever. 

I also know many people who are upperclassman at five towns who regret their choice to stay. They feel that they also could have gotten better educations and more opportunities elsewhere. They only stay now because they have dug themselves a hole. They put so much money into the school of credits that will barely transfer anywhere else, so they have no choice but to finish it.

At the end of the day, do not EVER choose this college. I don't care if you're confused, stuck on the money end of things, or looking for an easy way out. You deserve better. Money is not the most important thing in life, it comes and goes. Experience stays with you, the environment you are putting yourself in will mold you into who you are. Choose a good one. Choose a place that makes you feel like you can do anything, that you can reach for the stars, have opportunities, and dream. Do not put yourself in a situation where you think about what could have been. If you are not happy with your environment during such formative years, you will have trouble in the future. Life is short. Go somewhere that you can change your mind. One day you may be a STEM major and decide that you hate science and want to be immersed in the arts or humanities instead. Five Towns is not the college you can change your mind at or customize your education. Go somewhere that really supports your dream, and you will never regret that decision. I promise.",2025-11-19,Reddit,Online,unknown,five town college five clown worst college ever ever think going waste money waste time something regret attended five town two week dropping bad felt like got demoted graduated high school graduated gpa received pretty scholarship year desperate money hungry people five town accidentally put horrible situation wish student passion art music anything else matter tuition semester received back supposed percent refund president college refuse refund anymore money attended class two week worth much money feel absolutely robbed happier part story got five town late took could get back ran please put situation disheartening even woman worked advising office told best option drop full potential could met five town unsure attending college made sick many time day went register class got card got sick sort stomach bug think sign somewhere warning sound crazy continue reading also multiple nightmare screaming want five town would wake feeling absolutely sick mentally also throwing stress summer already committed college friend big plan great college knew something wrong want absolutely killing could anything change late parent told try semester like could transfer considering college parent saying tell experience assure change mind start people pushy stop calling apply even emailing call text email like desperate trying get back pathetic also push program barely give time think want felt got roped business audio concentration program easiest thing many student feel way feeling hopelessness plague everyone one conversation without hating college saying want leave add business program joke unfortunately really sad teacher sweet honestly feel bad business program consists mostly male athlete scholarship kid idea want life fall program audio concentration make enticing get much better education one amazing suny school nearby even suny farmingdale business even communication want also visual art program five town offer even variety suny stony brook also offer music many art major outstanding wonderful also much cheaper five town actual college experience college paying actually invest instead investing friend made also want transfer know deserve better one friend dropped another one friend also transferring end semester extremely alarming time small college even student maybe really sure college still running accreditation taken away attended department mixer business year stood rest department year year freshman class biggest one got senior two people stood felt sick knew get explained lost couple student year course put together student got realized better opportunity lucky one one looking exciting college experience student life funded supported choose five clown choose college guarantee much better almost wish high school could exclude five town college fair even option passionate talented high school student getting ready face real world lie manipulate want money mention five town credit barely transfer college thinking trying semester unsure want life career choose school putting prison waste time money passion might even feel like dissipating definitely drained life profit institution read loud clear private college make five clown different fact quite literally money hungry people feeding profit giving enough funding art honestly even understanding run college whatsoever sell audio program load crap access student studio limited also nothing ever taken seriously audio part also degree bare minimum everything bare minimum food dorm curriculum student life say food bad mean cafeteria smaller one high school limited option insane felt bad kid chose dorm option choose dorm college car quite literally putting prison long island wonderful full thing college middle suburban neighborhood walk anywhere take forever also know many people upperclassman five town regret choice stay feel also could gotten better education opportunity elsewhere stay dug hole put much money school credit barely transfer anywhere else choice finish end day ever choose college care confused stuck money end thing looking easy way deserve better money important thing life come go experience stay environment putting mold choose good one choose place make feel like anything reach star opportunity dream put situation think could happy environment formative year trouble future life short somewhere change mind one day may stem major decide hate science want immersed art humanity instead five town college change mind customize education somewhere really support dream never regret decision promise,4533,671
5041,"burning witches Inquisition [https://stbasbas.blogspot.com/2025/10/burning-witches-inquisition.html](https://stbasbas.blogspot.com/2025/10/burning-witches-inquisition.html)

  
Female fronted metal in the vein of Dio,Black Sabbath",2025-11-19,Reddit,Online,unknown,burning witch inquisition female fronted metal vein dio black sabbath,69,10
5042,"SameSidewalk Review I saw someone asking about SameSidewalk and wanted to weigh in.  It's a company that is able to apply the best promo deals and rates to your monthly bills ....like your electric bill, gas, internet, streaming services, etc.  (they can even find deals that are hard to score). There is no cost - it's free to use.  I had no idea there were companies who did something like this.  Glad I found them. It's a pretty great way to save money.  Just go to samesidewalk.com.",2025-11-19,Reddit,Online,unknown,samesidewalk review saw someone asking samesidewalk wanted weigh company able apply best promo deal rate monthly bill like electric bill gas internet streaming service etc even find deal hard score cost free use idea company something like glad found pretty great way save money,278,44
5043,"Review of Empire Today - San Diego, CA WARNING! DO NOT USE THIS COMPANY! I wish I would have read the reviews before choosing Empire! It has not even been 2 years and the laminate planks are already coming up from the edges. I have lived in my home for 20 years and the rest of my laminate flooring (not from Empire) still remains perfect. They told me it would be $500 to fix their subpar product.",2025-11-18,Reddit,Online,unknown,review empire today san diego warning use company wish would read review choosing empire even year laminate plank already coming edge lived home year rest laminate flooring empire still remains perfect told would fix subpar product,231,36
5044,"FEICE WATCHES - Unless you know you will definitely keep the watch, avoid ordering from this company ! I ordered a Feice Midnight Reserve FM202 watch online on 27 September 2025 and paid £148 GBP as I loved the look of it.  It was shipped form Shenzhen (China) and it arrived on 10 October. When I opened it I immediately did not like it and decided to return it for a refund.  I emailed Feice and they explained the return procedure - I had to pay the shipping cost to China and any Customs duties.  I returned the watch on 18 October and paid £23.50 GBP for shipping. Nothing happened for 10 days or so I checked the courier's tracking information and found that the watch was being held by the Customs at Shenzhen for approximately two weeks. Eventually when the watch was released by Customs Feice sent me a refund of £128 GBP on 14 November, saying that there were Customs duties to pay.   

So I had to pay £23.50 GBP shipping and £20 GBP in Customs duties.  

I emailed Feice to complain about this but, as expected, they did not come back to me.

So, unless you know you will definitely keep the watch, avoid this company !",2025-11-18,Reddit,Online,unknown,feice watch unless know definitely keep watch avoid ordering company ordered feice midnight reserve watch online september paid gbp loved look shipped form shenzhen china arrived october opened immediately like decided return refund emailed feice explained return procedure pay shipping cost china custom duty returned watch october paid gbp shipping nothing happened day checked courier tracking information found watch held custom shenzhen approximately two week eventually watch released custom feice sent refund gbp november saying custom duty pay pay gbp shipping gbp custom duty emailed feice complain expected come back unless know definitely keep watch avoid company,674,97
5045,"Now You See Me 3 was interesting, but it ultimately made me disappointed, and I personally think if you haven’t watch the movie yet, don’t.",2025-11-18,Reddit,Online,unknown,see interesting ultimately made disappointed personally think watch movie yet,77,10
5046,"Now You See Me 3 was interesting, but it ultimately made me disappointed, and I personally think if you haven’t watch the movie yet, don’t.",2025-11-18,Reddit,Online,unknown,see interesting ultimately made disappointed personally think watch movie yet,77,10
5047,"Is Ace Working Holidays a Scam? I’m heavily debating going to Zante in 2026 with Ace. I’m just curious if anyone has any experiences (good or bad) to share? 


I’ve noticed that a lot of there posts have 0 comments which I find odd. 


I also want to know is there any hidden costs involved with ace? Most of the reviews are really good but I’m just nervous to pay 
£700 and be scammed.",2025-11-18,Reddit,Online,unknown,ace working holiday scam heavily debating going zante ace curious anyone experience good bad share noticed lot post comment find odd also want know hidden cost involved ace review really good nervous pay scammed,211,34
5048,Lenovo or Asus or Acer ?,2025-11-18,Reddit,Online,unknown,lenovo asus acer,16,3
5049,"Afternic Review-Slowpay Overall, the experience was pretty good (3/5 Stars) — especially upfront, where everything felt smooth and professional. The problem comes when it’s time to get paid. It seems like they make a lot of money off float, meaning they hold onto people’s money longer than necessary.

First, they didn’t have a 1099 from me. After a week with no payment, I reached out, and only then did they say they never received my information and that I needed to fill it out. I did so immediately. Now it’s been another week, and the latest excuse is that they “need to verify” the information on my 1099.

As far as I understand it, the IRS requires the issuer to obtain a completed 1099 from the recipient — signed and dated. That’s it. The issuer isn’t responsible for validating the information; verification is the payee’s responsibility.",2025-11-17,Reddit,Online,unknown,afternic overall experience pretty good star especially upfront everything felt smooth professional problem come time get paid seems like make lot money float meaning hold onto people money longer necessary first week payment reached say never received information needed fill immediately another week latest excuse need verify information far understand irs requires issuer obtain completed recipient signed dated issuer responsible validating information verification payee responsibility,490,65
5050,"Search for live reviews has finnaly came true! No bots, real people with real reviews! Personaly Shillworks is the gem thats been missing online. First time that i got what i paid for. I did wait a couple of days for reviews unlike the bot reviews that came instantly, but man was it worth it, we skyrocketed finally with our app, thank you Shillworks! I got in early access also and they just made partnership with Unigox so def hanging on to this one. No fees on unigox,zero, like man i really got in within the golden time! And the best think of all od that i literaly paid less the i paid for bots, double! So shout out to all of us out there fighting with simmilar problem! Your welcome!",2025-11-17,Reddit,Online,unknown,search live review finnaly came true bot real people real review personaly shillworks gem thats missing online first time got paid wait couple day review unlike bot review came instantly man worth skyrocketed finally app thank shillworks got early access also made partnership unigox def hanging one fee unigox zero like man really got within golden time best think literaly paid less paid bot double shout fighting simmilar problem welcome,440,70
5051,"Hongyu Apparel is a SCAM At first, I truly believed that Hongyu Apparel would be able to execute the designer jacket I’ve been developing for my fashion line. I provided them with detailed tech packages, material information, and very clear instructions — including the fact that my garment requires attached gloves, which are a signature part of my brand identity.

After they accepted my payment and confirmed they understood the design, they suddenly told me they could not make the gloves that were clearly included in the tech pack. Since my entire line is based on garments with integrated gloves, this was extremely disappointing. I tried to give them the benefit of the doubt, thinking maybe the material choice was too difficult, so we moved forward with a second material.

Second attempt:
We selected a new fabric, and once again they failed to properly produce the gloves. I reminded them how essential the gloves are to my collection. After some back-and-forth, they told me they would try again with a simpler glove design. They attempted it — and the result was extremely poor-quality and not wearable. It looked nothing like the design I submitted.

Third attempt:
Despite the ongoing issues, they quoted me another $40, raising the cost to $180 (after already paying $140 twice), bringing my total to $420. Even after paying the additional amount, they still could not execute the gloves. I also asked for the skirt in the back to be more flowing — I sent illustrations and reference images — and they still sent me the same flat, non-flowing skirt as before.

Again, they admitted they were unable to make the gloves.
This is after multiple payments and after repeatedly promising they could.

What makes this even more frustrating is that they kept pushing me toward a bulk order — of a design they couldn’t even produce correctly.

My tech pack was detailed. My instructions were clear. I paid for the work. They repeatedly told me they could do it — and repeatedly failed to deliver the core elements of the design.

I am extremely dissatisfied with the lack of skill, inconsistency, price changes, and the misleading assurances.

⚠️ I strongly recommend avoiding Hongyu Apparel.

They take on projects they cannot complete, produce weak and inaccurate results, and continue to request payment even when they fail to execute the design.
Proceed with caution — or better yet, stay away.",2025-11-17,Reddit,Online,unknown,hongyu apparel scam first truly believed hongyu apparel would able execute designer jacket developing fashion line provided detailed tech package material information clear instruction including fact garment requires attached glove signature part brand identity accepted payment confirmed understood design suddenly told could make glove clearly included tech pack since entire line based garment integrated glove extremely disappointing tried give benefit doubt thinking maybe material choice difficult moved forward second material second attempt selected new fabric failed properly produce glove reminded essential glove collection told would try simpler glove design attempted result extremely wearable looked nothing like design submitted third attempt despite ongoing issue quoted another raising cost already paying twice bringing total even paying additional amount still could execute glove also asked skirt back flowing sent illustration reference image still sent flat skirt admitted unable make glove multiple payment repeatedly promising could make even frustrating kept pushing toward bulk order design even produce correctly tech pack detailed instruction clear paid work repeatedly told could repeatedly failed deliver core element design extremely dissatisfied lack skill inconsistency price change misleading assurance strongly recommend avoiding hongyu apparel take project complete produce weak inaccurate result continue request payment even fail execute design proceed caution better yet stay away,1519,204
5052,shitty website trash asf,2025-11-17,Reddit,Online,unknown,shitty website trash asf,24,4
5053,Moomoo Review Moomoo Is a great trading platform. The cash sweep is nice! The savings Yield is excellent! This is my first experience with moomoo! And so far I am very impressed! And I have not been hit with any surprise fees like some of the other trading apps! I hate hidden fees!!!,2025-11-16,Reddit,Online,unknown,moomoo review moomoo great trading platform cash sweep nice saving yield excellent first experience moomoo far impressed hit surprise fee like trading apps hate hidden fee,171,26
5054,Moomoo Review Moomoo Is a great trading platform. The cash sweep is nice! The savings Yield is excellent! This is my first experience with moomoo! And so far I am very impressed! And I have not been hit with any surprise fees like some of the other trading apps! I hate hidden fees!!!,2025-11-16,Reddit,Online,unknown,moomoo review moomoo great trading platform cash sweep nice saving yield excellent first experience moomoo far impressed hit surprise fee like trading apps hate hidden fee,171,26
5055,"Is Moulinex good for exhausted people who don't like cooking? Hi. I'm trying to understand if the Moulinex machine (TM7 I think it's the name) will be a good match for me.

I don't like cooking. I have lunch included at work and at dinner and weekends I either skip, eat a yogurt or eat an instant ramen during the last 20 years.

Many people have told me that once you start to learn how to cook you just get better and start to like cooking, or at least stop disliking it. Well... I tried hard during 20 years (because I've always wanted to eat better) and I always eventually come back to packed instant food because I just can't keep up with it, I'm **always exhausted** and it takes too much effort and time. 


I would be interested in hearing opinions about the Moulinex TM7 from:


* People who likes cooking and has energy left at the end of the day
* People who likes cooking but is exhausted
* People who doesn't like cooking and has energy left at the end of the day
* People who doesn't like cooking and is exhausted at the end of the day (this would be my bucket) 

I want to understand if this product can help me or not.

Please leave a comment with a review and specify which category from the ones above you belong to.",2025-11-16,Reddit,Online,unknown,moulinex good exhausted people like cooking trying understand moulinex machine think name good match like cooking lunch included work dinner weekend either skip eat yogurt eat instant ramen last year many people told start learn cook get better start like cooking least stop disliking well tried hard year always wanted eat better always eventually come back packed instant food keep always exhausted take much effort time would interested hearing opinion moulinex people like cooking energy left end day people like cooking exhausted people like cooking energy left end day people like cooking exhausted end day would bucket want understand product help please leave comment review specify category one belong,710,109
5056,"Much Better Adventures - Ultimate Adventure in British Columbia and Vancouver Island I participated on the September 2025 trip. This is a new MBA trip and had only run once before in June 2025. My experience of this trip and MBA was disappointing. 

The trip itself was unenjoyable and overpriced given the experience. At times, the 'adventure'  felt more like a school trip with a treadmill of activities than a holiday. It felt like the trip had not been properly tested before being released to paying customers. 

There were numerous issues throughout the trip including rigid scheduling and an overpacked itinerary, incorrect information on MBA's website (e.g length of time and difficulty rating for hikes), an inexperienced guide, poor campsite facilities and little time to enjoy being in any place due to the tight schedule. Not to mention, being required to dry out the tents and clean out the trailer and van at the end of the trip albeit MBA did acknowledge that this had crossed the line. 

If you decide to book this trip, be aware that unless the itinerary has been changed, you are likely to spend a lot of your time putting tents up and down, packing and unpacking the trailer, packing and unpacking day packs and own luggage for each day, eating and washing up and bear prevention rather than enjoying being in each location in the present moment. It was such a shame because Canada is stunning but the cumulative negative points of this trip overshadowed what otherwise should have been a once in a lifetime holiday. 

I gave detailed feedback to MBA and eventually settled on an agreed level of compensation payment but this did take time and the 'host' supplier/MBA tried to settle at a low level initially. 

Anyone booking through MBA needs to be aware that MBA is a booking agent only which means they are responsible for the booking but not the trip.  The 'host' supplier is responsible for delivering the trip. This is set out in the t&amp;cs but not apparent on the face of MBA's website.",2025-11-15,Reddit,Online,unknown,much better adventure ultimate adventure british columbia vancouver island participated september trip new mba trip run june experience trip mba disappointing trip unenjoyable overpriced given experience time felt like school trip treadmill activity holiday felt like trip properly tested released paying customer numerous issue throughout trip including rigid scheduling overpacked itinerary incorrect information mba website length time difficulty rating hike inexperienced guide poor campsite facility little time enjoy place due tight schedule mention required dry tent clean trailer van end trip albeit mba acknowledge crossed line decide book trip aware unless itinerary changed likely spend lot time putting tent packing unpacking trailer packing unpacking day pack luggage day eating washing bear prevention rather enjoying location present moment shame canada stunning cumulative negative point trip overshadowed otherwise lifetime holiday gave detailed feedback mba eventually settled agreed level compensation payment take time supplier mba tried settle low level initially anyone booking mba need aware mba booking agent mean responsible booking trip supplier responsible delivering trip set amp apparent face mba website,1233,169
5057,How good is this phone? [https://www.mercadolibre.com.mx/tecno-pova-7-pro-5g-ai-gaming-phone-256gb-rom-1212gb-ram-dual-sim-mediatek-dimensity-7300-ultimate-6000mah-carga-inalambrica-de-30w-pantalla-678-amoled-144hz-nfc-64mp-motor-de-juegos-hyper-negro/p/MLM55889861?pdp\_filters=item\_id:MLM2454370737#highlighted-specs](https://www.mercadolibre.com.mx/tecno-pova-7-pro-5g-ai-gaming-phone-256gb-rom-1212gb-ram-dual-sim-mediatek-dimensity-7300-ultimate-6000mah-carga-inalambrica-de-30w-pantalla-678-amoled-144hz-nfc-64mp-motor-de-juegos-hyper-negro/p/MLM55889861?pdp_filters=item_id:MLM2454370737#highlighted-specs),2025-11-15,Reddit,Online,unknown,good phone,10,2
5058,"Needed some new clothes for work and ended up browsing online again So I recently started going out more for work stuff, and I realized most of my clothes are either too casual or just old. I wanted something simple but decent enough to wear outside without spending too much.

While scrolling online, I found a site that had some really nice pieces clean shirts, light jackets, and comfy shoes that looked perfect for everyday wear. The prices were fair, but since it’s my first time seeing the brand, I’m still a bit unsure about the quality.

Has anyone here tried shopping from Voghion before? I’d love to know if their stuff is actually as good as it looks online.",2025-11-14,Reddit,Online,unknown,needed new clothes work ended browsing online recently started going work stuff realized clothes either casual old wanted something simple decent enough wear outside without spending much scrolling online found site really nice piece clean shirt light jacket comfy shoe looked perfect everyday wear price fair since first time seeing brand still bit unsure quality anyone tried shopping voghion love know stuff actually good look online,436,66
5059,"Seacoast Renovation Systems * I have lived on Galway Lane in Columbia SC for the last 22 years. I write this to strongly recommend Seacoast Renovation Systems (owned by Chris Pressley). His team did a superb job with my renovations. He and his team built me a new metal gate on the side of my house, are repairing window sills for 9 of my windows, (Lowes tried to get me to purchase entire windows for $12,000) gutted and replaced the cabinet and plumbing under my kitchen sink, and repaired my garage door. About 5 years ago, this team built an entire fence in my backyard and side yard with vinyl fencing (much better than wood). These guys are not only honest, but loyal, and they explain exactly what they are gonna do. The price was so very reasonable and not sky high. I just can't speak enough about how happy I am with the service of Scott Pressley and his team. PS, I am not paid to send reviews, and this review is completely unbiased.",2025-11-13,Reddit,Online,unknown,seacoast renovation system lived galway lane columbia last year write strongly recommend seacoast renovation system owned chris pressley team superb job renovation team built new metal gate side house repairing window sill window lowes tried get purchase entire window gutted replaced cabinet plumbing kitchen sink repaired garage door year ago team built entire fence backyard side yard vinyl fencing much better wood guy honest loyal explain exactly gon price reasonable sky high speak enough happy service scott pressley team paid send review review completely unbiased,572,85
5060,“AnActionADay” clothing — legit? Anyone bought anything from them? This brand popped up in my insta feed and it looks great but is it too good to be true especially at this price point?,2025-11-12,Reddit,Online,unknown,anactionaday clothing legit anyone bought anything brand popped insta feed look great good true especially price point,118,17
5061,Korean mineral foundation I bought the Korean Skin Care mineral foundation that claims to blend with your natural skin color. But all I get is the white foundation on my face not blending with my skin color. My face looks like a clow’s face! Anyone else having the same experience?,2025-11-12,Reddit,Online,unknown,korean mineral foundation bought korean skin care mineral foundation claim blend natural skin color get white foundation face blending skin color face look like clow face anyone else experience,193,29
5062,"Bloom Flower Delievery is a JOKE!!!! Please don't order from this business. They'll never deliver your order &amp; they don't have the flowers to do any arrangements. Again, DON'T ORDER FROM THIS PLACE!!   -100 rating",2025-11-11,Reddit,Online,unknown,bloom flower delievery joke please order business never deliver order amp flower arrangement order place rating,111,16
5063,"Sharing quick reviews of gear I’ve actually used outdoors Hey everyone!

I’ve been working on a page called Quality Tested Gear where I post quick, practical reviews of outdoor equipment I’ve actually used. My goal is to show how gear really performs after getting beat up, dropped, soaked, and used the way it’s meant to be used.

You can check it out here:
👉 tiktok.com/@quality.tested.gear￼

From there you can find my other socials, including YouTube. I’m not sponsored or selling anything, I just enjoy sharing honest feedback on gear that’s built to last. Whether it’s backpacks, tools, or outdoor accessories, I try to keep my videos short and real so people can get the info fast.

I’m mainly just trying to get a little traffic on the page and would really appreciate it if a few people here checked it out or shared some feedback. I’d love to hear what gear has held up best for you too.

Thanks for taking a minute to read this. If you’re into durable, no-nonsense outdoor gear that’s actually used and tested, I think you’ll like what I’m doing.",2025-11-11,Reddit,Online,unknown,sharing quick review gear actually used outdoors hey everyone working page called quality tested gear post quick practical review outdoor equipment actually used goal show gear really performs getting beat dropped soaked used way meant used check find social including youtube sponsored selling anything enjoy sharing honest feedback gear built last whether backpack tool outdoor accessory try keep video short real people get info fast mainly trying get little traffic page would really appreciate people checked shared feedback love hear gear held best thanks taking minute read durable outdoor gear actually used tested think like,633,95
5064,I am curious to know - How trustworthy are online review sites considered source for accurate information?,2025-11-11,Reddit,Online,unknown,curious know trustworthy online review site considered source accurate information,82,10
5065,"Do not buy tickets from Get Your Guide 
Get Your Guide completely RUINED our visit to the Frida Kahlo Museum. They sent the WRONG TICKETS — tickets that the museum couldn't even scan because they had a QR code instead of the proper BARCODE. The museum told us they NO LONGER WORK with Get Your Guide, so what exactly did we pay for?!

We were denied entry and spent OVER AN HOUR in chat with customer support, only for them to say the best they could do was a refund. WHICH IS NOT FAIR because by then, FRIDA KAHLO MUSEUM TICKETS WERE SOLD OUT FOR THE DAY. So we missed out completely.

Get Your Guide had NO idea what was going on, offered ZERO real help, and wasted our time, money, and the entire experience. They even promised to refund my Uber ride to the museum after 1 provided a screenshot of the receipt — only to message me a week later asking for ""proof"" AGAIN after I had ALREADY SENT IT.

Absolutely unacceptable. WORST service ever. If I could give 0 stars, I would. DO NOT RECOMMEND.
I will NEVER use Get Your Guide again.",2025-11-11,Reddit,Online,unknown,buy ticket get guide get guide completely ruined visit frida kahlo museum sent wrong ticket ticket museum could even scan code instead proper barcode museum told longer work get guide exactly pay denied entry spent hour chat customer support say best could refund fair frida kahlo museum ticket sold day missed completely get guide idea going offered zero real help wasted time money entire experience even promised refund uber ride museum provided screenshot receipt message week later asking proof already sent absolutely unacceptable worst service ever could give star would recommend never use get guide,607,95
5066,"Rob Leins blood ,sweat and beers [https://stbasbas.blogspot.com/2021/05/rob-leins-blood-sweat-and-beers.html](https://stbasbas.blogspot.com/2021/05/rob-leins-blood-sweat-and-beers.html)

  
country rock with a twist",2025-11-11,Reddit,Online,unknown,rob leins blood sweat beer country rock twist,45,8
5067,"TEMCO LOGISTICS UPDATE: 2 weeks later after trying to reach management, and they’re still arriving. Today they stayed at my job for an hour… we don’t have Temco work orders here. Home Depot &amp; Temco hasn’t done anything about this.

Drivers are disorderly in other businesses locations. Management doesn't answer or reach out. I've been dealing with 4 drivers giving me a hard time every single morning at my job location.

Truck numbers ( 409074 &amp; 8306137 ). I really want these guys to stop coming to my place of employment. 

As a (gay) woman dealing with 4 men getting a kick out of harassing me by forcing interactions and contact with me.... I hate this company. I've also taken back my support for Home Depot due to not taking this situation seriously enough to stop these drivers.

I've tried being polite &amp; was greeted with hostility and sarcasm. In a ""What are you gonna do about it"" demeanor and undertone.

These men won't stop coming to my place of work in a disorderly fashion.",2025-11-10,Reddit,Online,unknown,temco logistics update week later trying reach management still arriving today stayed job hour temco work order home depot amp temco done anything driver disorderly business location management answer reach dealing driver giving hard time every single morning job location truck number amp really want guy stop coming place employment gay woman dealing men getting kick harassing forcing interaction contact hate company also taken back support home depot due taking situation seriously enough stop driver tried polite amp greeted hostility sarcasm gon demeanor undertone men stop coming place work disorderly fashion,617,91
5068,"Salt and Stone, Neroli and Basil Scent Purchased Salt and Stone deodorant, body wash, and body mist, in the Neroli &amp; Basil scent, totaling $94. Scent is so weak, there's literally, nothing there at all. I had high hopes, but received disappointment instead.

I'm also very skeptical of their return process. I went through the return steps, as instructed on their site, and received the following email stating:

""Your return has been submitted.
Good news—you don’t need to ship anything 🍃
In an effort to reduce waste and carbon footprint, you don’t need to return the item(s) to us. We hope that you donate or find a good home for them. We’ll issue your refund, gift card, or exchange once we process your return.

We hope that you donate or find a good home for them.""

Body Wash
Neroli &amp; Basil / 15.2 FL OZ / 450 ML
$36.00
Signature Scent Duo
Neroli &amp; Basil / 3.4 FL OZ / 100 ML
$59.00

I've never heard of such a thing. Is this real? Or am I setting myself up for a painful refund experience?",2025-11-10,Reddit,Online,unknown,salt stone neroli basil scent purchased salt stone deodorant body wash body mist neroli amp basil scent totaling scent weak literally nothing high hope received disappointment instead also skeptical return process went return step instructed site received following email stating return submitted good news need ship anything effort reduce waste carbon footprint need return item hope donate find good home issue refund gift card exchange process return hope donate find good home body wash neroli amp basil signature scent duo neroli amp basil never heard thing real setting painful refund experience,601,91
5069,"Another bad UberEats experience I was a regular UberEats user. Most recent deliverer Viktor dumped my order on someone else’s patio apparently or just kept it. He pinged me to say he had arrived, I immediately went to the door, nothing there. Clearly he didn’t ring the doorbell as requested. Called deliverer and no answer. Uber response was that this was my problem, not theirs and that he delivered the food. Fortunately my bank has a fraud department (go Chase). $150 later, no dinner and had to order elsewhere. Buyer beware!",2025-11-09,Reddit,Online,unknown,another bad ubereats experience regular ubereats user recent deliverer viktor dumped order someone else patio apparently kept pinged say arrived immediately went door nothing clearly ring doorbell requested called deliverer answer uber response problem delivered food fortunately bank fraud department chase later dinner order elsewhere buyer beware,349,47
5070,"Love letter to the movie Frankenstein 2025 As a huge fan of the book, when I saw the trailer, seeing Frankenstein's monster with features much closer to the book's description and clothing, I was excited that it would be a faithful adaptation. And for that very reason, I became increasingly disappointed as I watched it, a feeling that quickly changed when I realized that, unlike versions that simply take a book, strip it of its depth, and leave it empty, this is truly a coherent alternate version with a new vision of the story. It starts with the most obvious point: this work adds humanity to the ""monster"" and further dehumanizes the humans, not only within themselves but also in their surroundings, in how they interact with them from the very beginning. One of the reasons I loved this story is precisely because of how painful it was to see Victor so loved and the ""monster"" so utterly alone and despised, and here things are balanced.

Victor's past as the beloved son of a couple who adored each other and took him traveling the world, encouraging him to learn whatever he wanted, even if it was the damned science of alchemy, is erased. Now he is the son of a mother who, just like in the novel, loves him dearly, but a father who treats him with contempt and demands (it's not explicitly stated, but it's possible Victor isn't actually his son, and his parents married after he was born, judging by his treatment of him and the comment, ""You bear my name and represent me,"" as if it were something bestowed upon him and not rather than by birth), along with a toxic relationship marked by domestic violence with his mother. From the very beginning, Victor's surroundings become less human. He grows up shouting in everyone's face that he is a genius, the complete opposite of the Victor who worked in absolute secrecy and was humiliated by his teachers for his outdated ""scientific"" beliefs. Instead of Clerval, his dreamy and vibrant friend. You have an arms dealer. He causes the deaths of innocents and blames the monster. He refuses to create a companion so the monster won't be alone and will have a friend by his side, feeling not a trace of empathy for him. He directs cold phrases at him, like a narcissistic scientist proud of his genius despite everything, even though, unlike in the novel, he hadn't killed anything Victor knew, and that Victor did feel a minimum of empathy for the monster. Everything about Victor and his surroundings is much more dehumanized, including him.

Instead, the Monster receives a certain lesson at his birth: the acceptance of the blind old man, even after learning his story; the affection and empathy of Elizabeth; the acceptance and final apology—something beautiful to see for those who have the injustice of the novel etched in their memory. His life is still awful, traumatic, but he receives much more appreciation than in the novel, and his purity is even more evident.

Speaking of Elizabeth, she's no longer that sickly, cheerful character who loves Victor almost out of obligation, but also with immense attachment. She's become a much freer thinker, much stronger, a protagonist, with a profound appreciation for all things life (something that was already present, but her interaction with the monster adds much more meaning to that quality of hers). And with a significant ending, where she manages to see the purity of the ""monster"" as no one else was able to. She rejects Victor, rejects his pathetic attempt to beg for forgiveness while he was obviously drowning in his hatred and delusions of God.

I also noticed something that might bother many: sometimes the makeup, the reactions at certain moments. Like Victor's brother throwing the moral lesson in his face quite directly before dying, how everyone moved aside when he was carrying Elizabeth. How he reached, Victor on the ship and no one seemed to have died on that occasion, the crew waiting outside for her to finish her story and then giving her space to leave without asking questions. But it didn't really bother me; I see it more as a play than a film, and in many scenes I get the feeling that was precisely the intention. To eliminate a certain semblance of realism, of logical reactions, to obtain instead a scene linked solely to art and not to coherence. Furthermore, the detail of Frankenstein's immortality and super strength initially seemed incoherent to me, but the way they lighten the burden of immortality later becomes something with great significance. Since the ""monster"" wasn't always alone, he received affection, but the burden was no longer just loneliness, but also eternity. The option of burning at the stake to ashes no longer exists; eternity is part of the condemnation that continues to make his life a hell, lacking the raw and pervasive loneliness of his namesake.

In conclusion, I'm pleasantly surprised by this true reinterpretation of a story I've always loved, but which has always caused me a lot of suffering. If I had to say something negative, it's that I might have liked to see a lot more expressiveness from the ""monster"" in some scenes, but since it's a face made up of different parts, and generally doesn't know how to physically react to feelings, I can accept it as it is.",2025-11-09,Reddit,Online,unknown,love letter movie frankenstein huge fan book saw trailer seeing frankenstein monster feature much closer book description clothing excited would faithful adaptation reason became increasingly disappointed watched feeling quickly changed realized unlike version simply take book strip depth leave empty truly coherent alternate version new vision story start obvious point work add humanity monster dehumanizes human within also surroundings interact beginning one reason loved story precisely painful see victor loved monster utterly alone despised thing balanced victor past beloved son couple adored took traveling world encouraging learn whatever wanted even damned science alchemy erased son mother like novel love dearly father treat contempt demand explicitly stated possible victor actually son parent married born judging treatment comment bear name represent something bestowed upon rather birth along toxic relationship marked domestic violence mother beginning victor surroundings become less human grows shouting everyone face genius complete opposite victor worked absolute secrecy humiliated teacher outdated scientific belief instead clerval dreamy vibrant friend arm dealer cause death innocent blame monster refuse create companion monster alone friend side feeling trace empathy directs cold phrase like narcissistic scientist proud genius despite everything even though unlike novel killed anything victor knew victor feel minimum empathy monster everything victor surroundings much dehumanized including instead monster receives certain lesson birth acceptance blind old man even learning story affection empathy elizabeth acceptance final apology something beautiful see injustice novel etched memory life still awful traumatic receives much appreciation novel purity even evident speaking elizabeth longer sickly cheerful character love victor almost obligation also immense attachment become much freer thinker much stronger protagonist profound appreciation thing life something already present interaction monster add much meaning quality significant ending manages see purity monster one else able reject victor reject pathetic attempt beg forgiveness obviously drowning hatred delusion god also noticed something might bother many sometimes makeup reaction certain moment like victor brother throwing moral lesson face quite directly dying everyone moved aside carrying elizabeth reached victor ship one seemed died occasion crew waiting outside finish story giving space leave without asking question really bother see play film many scene get feeling precisely intention eliminate certain semblance realism logical reaction obtain instead scene linked solely art coherence furthermore detail frankenstein immortality super strength initially seemed incoherent way lighten burden immortality later becomes something great significance since monster always alone received affection burden longer loneliness also eternity option burning stake ash longer exists eternity part condemnation continues make life hell lacking raw pervasive loneliness namesake conclusion pleasantly surprised true reinterpretation story always loved always caused lot suffering say something negative might liked see lot expressiveness monster scene since face made different part generally know physically react feeling accept,3331,443
5071,"Juan &amp; Only Plumber Not Trustworthy I normally do not write negative reviews as I know that people, companies can have a bad day. My experience is one that I feel needs to be shared as it showed very untrustworthy practices. I selected Juan &amp; Only Plumber to look at our hot water heated based on reviews and posts on Reddit. While searching, I found that people experience “zip code” pricing by some companies. I have never experienced this and did not believe it until working with Juan &amp; Only Plumber in Austin. The tech was supposed to arrive between 1-4pm. I called at 4:30 to see if we needed to reschedule. I was told I would get an update ASAP. Finally at 6:20p, I got a text saying a different tech would arrive in 15min. My husband met w/ the technicians, they decided it best to replace the hot water heater. We were given a verbal quote of $3250 for replacement of the propane heater. I received a quote later that evening for $2650 that stated in 3 areas replacement of a propane heater, propane lines &amp; propane set up. I accepted the quote. In the morning, the tech texted, said he quoted incorrectly as it was not for a propane heater and would send one for the $3250 he told us. I then got the same exact quote from the night before with the only change being the price which was now $3750. I pointed this out via text to the tech. Someone from the company then texted &amp; emailed saying that I should accept or deny. No explanation of why my price jumped overnight by $1100. DO NOT TRUST THIS COMPANY.",2025-11-08,Reddit,Online,unknown,juan amp plumber trustworthy normally write negative review know people company bad day experience one feel need shared showed untrustworthy practice selected juan amp plumber look hot water heated based review post reddit searching found people experience zip code pricing company never experienced believe working juan amp plumber austin tech supposed arrive called see needed reschedule told would get update asap finally got text saying different tech would arrive husband met technician decided best replace hot water heater given verbal quote replacement propane heater received quote later evening stated area replacement propane heater propane line amp propane set accepted quote morning tech texted said quoted incorrectly propane heater would send one told got exact quote night change price pointed via text tech someone company texted amp emailed saying accept deny explanation price jumped overnight trust company,926,136
5072,"Mr. Tire, Edgewater MD: Criminal Negligence! Appallingly bad service at Mr. Tire's Edgewater, MD shop.  Took daughter's car in for a routine oil change and the tech found an oil leak we had not known about (no yellow light, no oil puddles), ignored it, put new oil in, managed to strip the threads of the drain plug so it couldn't close, and told their internal manager, who ignored it as well and let us take the car as if nothing was wrong.  Disaster was averted when she unexpectedly came home early from her nursing shift in Baltimore, driving back before all of the new oil had drained, but with the RED oil light on and the car actually beeping at her during the last few miles.  By then the sun was up and we found the overnight oil puddle in the driveway.  Criminal negligence!  We will never use Mr. Tire or their parent company Monro ever again, and neither should you!",2025-11-08,Reddit,Online,unknown,tire edgewater criminal negligence appallingly bad service tire edgewater shop took daughter car routine oil change tech found oil leak known yellow light oil puddle ignored put new oil managed strip thread drain plug could close told internal manager ignored well let take car nothing wrong disaster averted unexpectedly came home early nursing shift baltimore driving back new oil drained red oil light car actually beeping last mile sun found overnight oil puddle driveway criminal negligence never use tire parent company monro ever neither,544,84
5073,"Review of EyeCandys Colored Contacts For Astigmatism  I ordered my contacts from Eye Candy's in order to enhance my already green eyes as my regular contacts had a slight blue tint. I have astigmatism and myopia (nearsightedness). I thought that Desire in green would be a touch brighter, but, as it turns out, they are tinted slightly olive green. Although I was hoping that they'd be a bit more “electric green” just for fun. Although I was initially a bit disappointed, it turns out that, after I put them on, the Desire contacts in green offset my olive green eyes perfectly.  They had the added advantage that I didn't have to try to pop any vials open because they came in a box in regular contact lens sealed “solution blister packs”. I was pleased with the quality overall, although the right contact did seem a bit more flimsy, so I handle these contacts carefully. I do plan to order again. Maybe some more fun colors next time!
https://eyecandys.com",2025-11-08,Reddit,Online,unknown,review eyecandys colored contact astigmatism ordered contact eye candy order enhance already green eye regular contact slight blue tint astigmatism myopia nearsightedness thought desire green would touch brighter turn tinted slightly olive green although hoping bit electric green fun although initially bit disappointed turn put desire contact green offset olive green eye perfectly added advantage try pop vial open came box regular contact lens sealed solution blister pack pleased quality overall although right contact seem bit flimsy handle contact carefully plan order maybe fun color next time,601,87
5074,"Arjen Lucassen Songs no one will hear [https://stbasbas.blogspot.com/2025/11/arjen-lucassen-songs-no-one-will-hear.html](https://stbasbas.blogspot.com/2025/11/arjen-lucassen-songs-no-one-will-hear.html)

  
70s prog rock inspired concept album by Dutch master",2025-11-07,Reddit,Online,unknown,arjen lucassen song one hear prog rock inspired concept album dutch master,74,12
5075,Here’s my pick of the WTF films- let me know if you’ve enjoyed them.,2025-11-06,Reddit,Online,unknown,pick wtf let know enjoyed,25,5
5076,"Has anyone tried the SpyraThree electric water gun? Worth the hype? 
I'm looking at getting the SpyraThree and trying to figure out if it's actually worth the price or just overhyped. The price is pretty steep - like $180-200 depending on where you buy it. I've seen some cheaper alternatives on Alibaba that look similar for under $50, but I'm skeptical about quality and whether they actually work the same way.

I'm considering it because my nephew won't stop talking about it and his birthday is coming up soon, but I need to know if it's actually worth dropping that much on a water gun.

What I want to know from anyone who's actually used the SpyraThree:

Does it actually perform as advertised or is it gimmicky?

How's the durability? Will it last or break after a few uses?

Is the self-refill feature actually useful or just a novelty?

What's the water pressure/shooting speed like compared to regular water guns?

Battery life - how long does it actually last in real use?

Worth the premium over cheaper electric water guns?

I'm willing to spend the money if it's genuinely better, but I don't want to drop $200 on something that's basically the same as a $30 knockoff with better marketing.

If you've used both the SpyraThree and cheaper alternatives, I'd especially love to hear comparisons.",2025-11-05,Reddit,Online,unknown,anyone tried spyrathree electric water gun worth hype looking getting spyrathree trying figure actually worth price overhyped price pretty steep like depending buy seen cheaper alternative alibaba look similar skeptical quality whether actually work way considering nephew stop talking birthday coming soon need know actually worth dropping much water gun want know anyone actually used spyrathree actually perform advertised gimmicky durability last break us feature actually useful novelty water pressure shooting speed like compared regular water gun battery life long actually last real use worth premium cheaper electric water gun willing spend money genuinely better want drop something basically knockoff better marketing used spyrathree cheaper alternative especially love hear comparison,796,110
5077,"Stokke clikk high chair Has anyone bought this high chair?

Pros and cons? I’ve heard it’s easy to clean :)",2025-11-05,Reddit,Online,unknown,stokke clikk high chair anyone bought high chair pro con heard easy clean,73,13
5078,"Farmers Dog Food I’ve been ordering farmers dog food products for about half a year for my dog he’s a bit older , the food was amazing quality not to mention their packaging is top tier . Included in your package is dry ice that keep your food cold for days in case any back . Well i recently lost my dog after 14 years 😔, farmers dog customer support was amazing . They Helped me cancel my subscription and sent me their condolences, I was texting a real person , I had a order that had already shipped out and they gave me the option to donate it to a shelter nearby, and refunded my money . What a great company they are a true family organization. I will be a customer for life when i decide to get another dog 😔",2025-11-05,Reddit,Online,unknown,farmer dog food ordering farmer dog food product half year dog bit older food amazing quality mention packaging top tier included package dry ice keep food cold day case back well recently lost dog year farmer dog customer support amazing helped cancel subscription sent condolence texting real person order already shipped gave option donate shelter nearby refunded money great company true family organization customer life decide get another dog,448,69
5079,"Internship review I am currently doing an online internship at *Mindenious* as a *Marketing Intern*. Every week, I am given new tasks and I have completed all of them successfully. This internship has provided me with the opportunity to learn and understand online marketing strategies, campaigns, and promotions. I am grateful for this experience and the practical knowledge I have gained.",2025-11-04,Reddit,Online,unknown,internship review currently online internship mindenious marketing intern every week given new task completed successfully internship provided opportunity learn understand online marketing strategy campaign promotion grateful experience practical knowledge gained,263,30
5080,"Doskoch Lawn Care Services, Cleveland Ohio area I wrote an excellent review a few years ago. A lot has changed since then. Doskoch failed to show up multiple times and when they did, their work was shoddy. They over sprayed my front brick walkway and killed over a foot of grass on each side. Never came to fix this and even apologized. Doskoch was contracted to weed and feed my front yard. It looks the worst it has ever looked with dead patches everywhere They also failed to show up to trim bushes repeatedly. I had to trim a couple times myself. When they finally showed up, the bushes ended up being a wild variety of shapes and sizes. VERY poor work. They never acknowledged this or came to fix it. The bushes in the back were trimmed so severely that I thought they were going to die. They have finally started coming back. They charged $3600 to weed and mulch. Dozens of weeds starting growing up in the mulch within 3 days. They also never finished the job. I finally cancelled their service in writing (twice). However, they came and mowed three times after being cancelled. I finally was able to catch them unloading and sent them away. Nick has promised four times to refund for the mowing, but never has after several weeks. I have given up and do not believe he ever intended to refund anything. Very poor communication, very poor quality work. I recommended this company when Nick first started his business, but I have found my experience with Doskoch Landscaping to be completely unprofessional this year.",2025-11-03,Reddit,Online,unknown,doskoch lawn care service cleveland ohio area wrote excellent review year ago lot changed since doskoch failed show multiple time work shoddy sprayed front brick walkway killed foot grass side never came fix even apologized doskoch contracted weed feed front yard look worst ever looked dead patch everywhere also failed show trim bush repeatedly trim couple time finally showed bush ended wild variety shape size poor work never acknowledged came fix bush back trimmed severely thought going die finally started coming back charged weed mulch dozen weed starting growing mulch within day also never finished job finally cancelled service writing twice however came mowed three time cancelled finally able catch unloading sent away nick promised four time refund mowing never several week given believe ever intended refund anything poor communication poor quality work recommended company nick first started business found experience doskoch landscaping completely unprofessional year,985,146
5081,"BUYER BEWARE I got the Ray-Ban Med glasses, and they came in total with six black air bubbles and the tint wasn’t cut correctly. When I tried to return them with the manufacturer, they said it would take 4 to 6 weeks to evaluate the glasses and then after the evaluation, it will take another two more weeks for me to receive my glasses that they sent me damaged. Meta told me just to get a refund and re-order it, but just a heads up, be careful with the Ray-Ban glasses or you will wait two months to get it back.",2025-11-03,Reddit,Online,unknown,buyer beware got med glass came total six black air bubble tint cut correctly tried return manufacturer said would take week evaluate glass evaluation take another two week receive glass sent damaged meta told get refund head careful glass wait two month get back,263,44
5082,"Andy Timmons Recovery [https://stbasbas.blogspot.com/2025/10/andy-timmons-recovery.html](https://stbasbas.blogspot.com/2025/10/andy-timmons-recovery.html)

  
Fusion,rock guitar heaven by Andy Timmons",2025-11-03,Reddit,Online,unknown,andy timmons recovery fusion rock guitar heaven andy timmons,60,9
5083,"How to upload a CSV file to Trustpilot without SKUs? I’m working with a website and starts using Trustpilot for collecting reviews. They have a feature where you can upload a CSV of your customers (within a 90-day window) to send review invitation emails via Trustpilot. 

But I have a problem — my CSV **doesn’t have SKUs** (product identifiers) and I’m not sure how to best format the file so that Trustpilot will accept it.

Here’s what I know so far:

* The CSV upload is done via Trustpilot’s portal (via the “upload customer list / invitation” feature) and you are supposed to provide certain columns (email, name, maybe order reference).
* My company doesn’t use distinct product SKUs for every customer transaction (we may just use generic order or “package” references).
* Trustpilot says you need “order details” or “product identifiers” in some formats, but I’m not sure whether SKUs are **mandatory** or what the minimum requirement is.
* The 90-day window is specifically for the invitation upload, so I want to do this correctly the first time.

So my questions for anyone who’s done this:

1. Has anyone uploaded a CSV to Trustpilot **without** a SKU field? If yes — what did your CSV look like (what columns did you include and what did you leave blank)?
2. Do you know if Trustpilot reject any rows because “missing SKU” or “missing product ID” — and if so, how did you fix it?",2025-11-02,Reddit,Online,unknown,upload csv file trustpilot without skus working website start using trustpilot collecting review feature upload csv customer within window send review invitation email via trustpilot problem csv skus product identifier sure best format file trustpilot accept know far csv upload done via trustpilot portal via upload customer list invitation feature supposed provide certain column email name maybe order reference company use distinct product skus every customer transaction may use generic order package reference trustpilot say need order detail product identifier format sure whether skus mandatory minimum requirement window specifically invitation upload want correctly first time question anyone done anyone uploaded csv trustpilot without sku field yes csv look like column include leave blank know trustpilot reject row missing sku missing product fix,860,122
5084,"Feedback request: I have built a solution for helping companies hire quicker HI Everyone,

Me and my friend built this solution in our free time to . called Vertex Find: an AI-powered recruiting assistant that helps companies and startups handle resume screening and candidate calls faster. 

Right now, it does three things really well:

1. Analyzes resumes with AI to find the best-fit candidates.

2.Calls candidates, asks short personalized screening questions, and

3.Notes their preferred time(s) for the interview.

And it can do all this at scale, handling hundreds of resumes and calls effortlessly.

If you’re running a team or hiring for clients or in general, I’d love for you to try it out and share honest feedback what works, what doesn’t, and what you’d love to see next?

URL: [https://vertexfind.com](https://vertexfind.com)",2025-11-02,Reddit,Online,unknown,feedback request built solution helping company hire quicker everyone friend built solution free time called vertex find recruiting assistant help company startup handle resume screening candidate call faster right three thing really well analyzes resume find candidate candidate asks short personalized screening question preferred time interview scale handling hundred resume call effortlessly running team hiring client general love try share honest feedback work love see next url,484,67
5085,Pointless I make the bots that leave your comments and just bought our 3rd house in 5 years. Get wrecked,2025-11-01,Reddit,Online,unknown,pointless make bot leave comment bought house year get wrecked,62,10
5086,"Scammed by “Earnstock LTD” (earnstock.uk) — fake investment platform using Coinbase + fake UK tax letters I want to warn others about **Earnstock LTD (earnstock.uk)**.

I saw their ad on Facebook, filled their form, and was contacted by *Anthony Lorenzo*. He convinced me to invest in their platform. I sent **$15,000 via Coinbase (wire transfer)** and **$270 by credit card.**

My account showed “profits,” but when I tried to withdraw, they said I had to pay “commissions” and “taxes"" before letting me withdraw. They even sent **fake letters from Coinbase and HM Revenue &amp; Customs (UK)** to look real.

Once I refused, they stopped answering calls or emails — my money is gone.

I’m in **Puerto Rico** and already reported this to Coinbase and my bank. If anyone knows **where else to report** or has dealt with Earnstock before, please comment.

\#ScamAlert #Earnstock #InvestmentScam #CryptoScam #FraudAlert #FakeInvestment #ScamWarning",2025-11-01,Reddit,Online,unknown,scammed earnstock ltd fake investment platform using coinbase fake tax letter want warn others earnstock ltd saw facebook filled form contacted anthony lorenzo convinced invest platform sent via coinbase wire transfer credit card account showed profit tried withdraw said pay commission tax letting withdraw even sent fake letter coinbase revenue amp custom look real refused stopped answering call email money gone puerto rico already reported coinbase bank anyone know else report dealt earnstock please comment scamalert earnstock investmentscam cryptoscam fraudalert fakeinvestment scamwarning,597,82
5087,"Gave Apliiq a Shot for a Custom Jacket, Here’s What I Think just wanted to share my experience with Apliiq after I decided to customize a jacket through their platform. I’ve always wanted something a little more unique in my wardrobe, and I thought their service might be the perfect way to create a one-of-a-kind piece.

I went with a bomber jacket as my base and chose a mix of fabrics, denim for the sleeves and a wool blend for the body. It was pretty simple to design, and the website lets you see a preview of your jacket before ordering, which was really helpful to make sure everything looked right.

When it arrived, I was really impressed with the materials. The denim feels solid and adds a bit of an edge to the jacket, while the wool blend gives it a cozy feel that’s perfect for colder months. The weight of the jacket is definitely noticeable, but it’s still comfortable to wear.

I went with a medium, and the fit was just right, no issues there. The custom fabrics didn’t affect the fit much, which was a relief. It still feels like a jacket I could wear regularly, not something too bulky or stiff.

All in all, I’m really happy with how it turned out. It wasn’t the cheapest, but if you’re looking for something personalized and different, I think Apliiq is a solid choice. Shipping took a little longer than I expected (about 10 days), but it was definitely worth the wait for the final product.

Has anyone else tried out Apliiq for custom jackets or other pieces? Would love to hear how your experience went and if you have any tips for making the most of custom designs!",2025-10-30,Reddit,Online,unknown,gave apliiq shot custom jacket think wanted share experience apliiq decided customize jacket platform always wanted something little unique wardrobe thought service might perfect way create piece went bomber jacket base chose mix fabric denim sleeve wool blend body pretty simple design website let see preview jacket ordering really helpful make sure everything looked right arrived really impressed material denim feel solid add bit edge jacket wool blend give cozy feel perfect colder month weight jacket definitely noticeable still comfortable wear went medium fit right issue custom fabric affect fit much relief still feel like jacket could wear regularly something bulky stiff really happy turned cheapest looking something personalized different think apliiq solid choice shipping took little longer expected day definitely worth wait final product anyone else tried apliiq custom jacket piece would love hear experience went tip making custom design,958,141
5088,The worst dentist place ever Is dental dreams on upland St in chester . They bait they bait n switched my teeth and I am gonna sue . Somebody tell me a lawyer that I can sue for malpractice thanks,2025-10-31,Reddit,Online,unknown,worst dentist place ever dental dream upland chester bait bait switched teeth gon sue somebody tell lawyer sue malpractice thanks,129,20
5089,"Truepouch.ca Seems like a scam says 24/7 support but no one has responded to my emails, the payment went to wangyahaizi@gmail.com. I don’t typically fall for scams but the website seemed legit. Had PayPal as payment method which I thought would be legit. Just want to inform people before purchasing as they don’t have any reviews surprisingly.",2025-10-30,Reddit,Online,unknown,seems like scam say support one responded email payment went typically fall scam website seemed legit paypal payment method thought would legit want inform people purchasing review surprisingly,193,28
5090,"How do you decide if an online store is trustworthy before buying? I’ve been online shopping for years, but lately it feels harder to know what’s legit. Some websites look professional, have hundreds of products, and even reviews, but then you find out later it’s all fake or poorly managed.

I was checking out one site the other night because I liked their prices and designs. It’s called V*oghion*, and on first look, it seems okay. Still, before I take a chance, I wanted to see if anyone else has tried ordering from there or similar stores. 

What do you usually look for before trusting a new site?",2025-10-30,Reddit,Online,unknown,decide online store trustworthy buying online shopping year lately feel harder know legit website look professional hundred product even review find later fake poorly managed checking one site night liked price design called oghion first look seems okay still take chance wanted see anyone else tried ordering similar store usually look trusting new site,354,54
5091,"Phil Vincent Backstabber [https://stbasbas.blogspot.com/2025/10/phil-vincent-backstabber.html](https://stbasbas.blogspot.com/2025/10/phil-vincent-backstabber.html)

  
Us Hard rock with modern edge",2025-10-30,Reddit,Online,unknown,phil vincent backstabber hard rock modern edge,46,7
5092,"I really love reddit This month i really used this application all the time comment and posting and like the post and serching many questions that i want to know and do some stupid things and asking stupid questions form many people and asking questions about many things and i don't thought anything and doing this thing because nobody knows me and don't have damm clue about me and really like this thing 

Thank you reddit 🫡 
You are my best friend",2025-10-30,Reddit,Online,unknown,really love reddit month really used application time comment posting like post serching many question want know stupid thing asking stupid question form many people asking question many thing thought anything thing nobody know damm clue really like thing thank reddit best friend,280,43
5093,Britt box What streaming apps will access this for free. I am trying to find Law and order UK.,2025-10-29,Reddit,Online,unknown,britt box streaming apps access free trying find law order,58,10
5094,"Hair dryer recommendations Hey guys, I'm looking to buy a new hair dryer. There are wayyy too many options so I'm hoping to narrow down to 1-2 and select from them. My criteria:

1. Fast drying time: I wash my hair every alternate day (I live in Singapore and its very humid here) so prefer a hair dryer than can dry my hair in &lt; 5 mins. My hair is medium length and relatively thick.

2. Lightweight &amp; not heavy to carry. 

3. Budget: &lt; $200

I've come across T3, Shark, GHD Helios, Ella Bella. All seem great! Can anyone please help recommend their top choices based on experience and suitability with my requirements?

P.S. I've tried Dyson and hate it. Took 15 mins to dry my hair!",2025-10-29,Reddit,Online,unknown,hair dryer recommendation hey guy looking buy new hair dryer wayyy many option hoping narrow select criterion fast drying time wash hair every alternate day live singapore humid prefer hair dryer dry hair min hair medium length relatively thick lightweight amp heavy carry budget come across shark ghd helios ella bella seem great anyone please help recommend top choice based experience suitability requirement tried dyson hate took min dry hair,446,70
5095,"Has anyone bought this before? I adore this bedding from FunnyFuzzy. However (thanks to the review page on reddit) everyone is saying not to shop there. Has anyone ordered it from an amazon or Aliexpress page?? I'm having trouble finding a trustworthy vendor but the photos have to come from SOMEWHERE. It's this pink fuzzy zebra comforter and bed set.

 [https://funnyfuzzy.com/products/zebra-thickened-fluffy-fur-bed-sheet-set?cjdata=MXxOfDB8WXww&amp;srsltid=AfmBOorQ1Plff2mktUeQpDHzIs6hYCcPYKnbiT\_UMgbhCgjwcuagBSJr&amp;variant=45432465031395&amp;cjevent=374f36ceb2ea11f083f502200a82b839&amp;utm\_source=cj&amp;utm\_content=101145680&amp;utm\_medium=affiliate&amp;utm\_term=15584218](https://funnyfuzzy.com/products/zebra-thickened-fluffy-fur-bed-sheet-set?cjdata=MXxOfDB8WXww&amp;srsltid=AfmBOorQ1Plff2mktUeQpDHzIs6hYCcPYKnbiT_UMgbhCgjwcuagBSJr&amp;variant=45432465031395&amp;cjevent=374f36ceb2ea11f083f502200a82b839&amp;utm_source=cj&amp;utm_content=101145680&amp;utm_medium=affiliate&amp;utm_term=15584218)

Thanks!!!",2025-10-28,Reddit,Online,unknown,anyone bought adore bedding funnyfuzzy however thanks review page reddit everyone saying shop anyone ordered amazon aliexpress page trouble finding trustworthy vendor photo come somewhere pink fuzzy zebra comforter bed set thanks,229,32
5096,"Honest feedback Hey there! I would really appreciate some brutally honest opinions on this - I have created a tool that helps parents get a notification once their kids have asked something they should've have not to Chat GPT and the GPT gave the response. The kid gets an alert to make him/her aware he/she should not be having this convos with GPT but instead talk about it to his/her parents. And the parents receive the alert with the topic only, not what the kid prompted or received as an answer. This is a privacy-first tool, no data collection, no screen-recordings, no monitoring, only alarms for cases where teens are vulnerable.",2025-10-28,Reddit,Online,unknown,honest feedback hey would really appreciate brutally honest opinion created tool help parent get notification kid asked something chat gpt gpt gave response kid get alert make aware convos gpt instead talk parent parent receive alert topic kid prompted received answer tool data collection monitoring alarm case teen vulnerable,327,49
5097,"SIXT Rental Car Experience Whatever you do, do not rent from SIXT! Our bad experience got even worse when we were asked to pay nearly $1,000 for damage to the front right passenger door. When we returned the vehicle on October 10th, we were told that there we no additional charges and no problems. Later, I received an email indicating there was a scratch on the front right passenger door, something neither I or the airport agent observed. Add that to the fact that the engine oil light came on during our trip (for which we had to purchase oil), the navigation system did not work, and the rear hatch door did not work in automatic mode, and you have an overall bad experience. I have rented cars from many different companies all over the world and this is the first time I ever had a problem.",2025-10-27,Reddit,Online,unknown,sixt rental car experience whatever rent sixt bad experience got even worse asked pay nearly damage front right passenger door returned vehicle october told additional charge problem later received email indicating scratch front right passenger door something neither airport agent observed add fact engine oil light came trip purchase oil navigation system work rear hatch door work automatic mode overall bad experience rented car many different company world first time ever problem,485,72
5098,"Sleep number bed Hi all! We’re thinking about the sleep number bed, with the tops that levitate. Maybe the one that does temp control. (Cause hormones are a B!). Pros/cons?? Any tips or anything is helpful!! Thank you!!",2025-10-27,Reddit,Online,unknown,sleep number bed thinking sleep number bed top levitate maybe one temp control cause hormone pro con tip anything helpful thank,127,21
5099,"VRBO Coles Properties ATL Made a reservation thru VRBO 
After the reservation was confirmed the property owner emailed a renter’s agreement which included a $300 deposit for possible damages….this was never mentioned during reservation process
Renter confronted and said she would waive the fee
2 days later she fraudulently charges me Amex $300
VRBO won’t let us out of the reservation despite this illegal activity",2025-10-27,Reddit,Online,unknown,vrbo cole property atl made reservation thru vrbo reservation confirmed property owner emailed renter agreement included deposit possible damage never mentioned reservation process renter confronted said would waive fee day later fraudulently charge amex vrbo let reservation despite illegal activity,300,40
