review_id,text,date,source,location,sentiment_label
1,Excellent business! Highly professional and reliable.,2024-07-28,WhatsApp,Central,positive
2,Standard experience. Product does what it needs to do. Located in Bukoto. Great quality!,2024-04-26,Facebook,Ntinda,neutral
3,Okay service. Nothing special but gets the job done.,2024-06-18,Twitter,Kololo,neutral
4,Average quality products. Functional but not impressive.,2023-01-21,Google,Kawempe,neutral
5,Amazing quality products. Will definitely buy again from this shop. Great experience!,2024-05-23,WhatsApp,Makindye,positive
6,Product quality was disappointing. Not as described on the website.,2024-01-24,Google,Bukoto,negative
7,Best shop in Kawempe. Quality products and great service. Located in Kampala. Great order!,2024-11-02,Instagram,Makindye,positive
8,Excellent customer support. They responded quickly to my questions. Great order!,2024-12-24,WhatsApp,Lubaga,positive
9,Average product quality. Meets basic expectations.,2023-08-14,Google,Bukoto,neutral
10,Customer service was unresponsive. Had to wait days for a reply. Great price!,2024-06-19,Website,Central,negative
11,Quick response time and excellent customer care. Highly recommended!,2024-10-20,Facebook,Makindye,positive
12,Decent service. No major complaints but nothing impressive. Located in Central.,2024-03-23,Facebook,Kampala,neutral
13,Product works fine. Decent quality for the price paid. Located in Bukoto.,2024-08-11,Instagram,Kawempe,neutral
14,Product was damaged on arrival. Poor packaging quality.,2023-10-15,Instagram,Bukoto,negative
15,Fair experience overall. Nothing exceptional but acceptable.,2023-11-27,Website,Nakawa,neutral
16,Great experience from start to finish. Will shop here again! Located in Central.,2023-02-05,Facebook,Central,positive
17,Standard delivery. Product works but quality is average. Located in Bukoto.,2023-11-29,Website,Makindye,neutral
18,Fair experience overall. Nothing exceptional but acceptable. Located in Makindye.,2023-02-08,Google,Muyenga,neutral
19,Average product quality. Meets basic expectations. Located in Kampala.,2024-11-09,Twitter,Nakawa,neutral
20,Delivery was on time. Product is as expected.,2024-09-09,Google,Bukoto,neutral
21,"Fast delivery, good quality, fair prices. What more could you ask for? Great purchase!",2024-03-26,Twitter,Muyenga,positive
22,Product didn't work as expected. Waste of money. Great restaurant!,2023-10-23,Website,Central,negative
23,Very disappointed with the quality. Not worth the money paid. Located in Kololo.,2023-05-11,Facebook,Central,negative
24,Top-notch quality. Exceeded my expectations completely.,2023-12-29,WhatsApp,Nakawa,positive
25,Great service! Very fast delivery in Kampala. Highly recommend! Located in Central.,2023-04-01,Google,Lubaga,positive
26,Standard experience. Product does what it needs to do. Located in Bukoto. Great staff!,2023-07-18,Google,Lubaga,neutral
27,"Fast shipping, good quality, and excellent customer support. Located in Ntinda.",2023-01-10,Google,Kololo,positive
28,Customer service was unresponsive. Had to wait days for a reply.,2023-08-04,WhatsApp,Makindye,negative
29,Great business with excellent customer care. Very professional.,2023-02-15,WhatsApp,Muyenga,positive
30,Amazing service! The team went above and beyond to help me.,2024-07-26,WhatsApp,Lubaga,positive
31,Average product quality. Meets basic expectations. Located in Kawempe.,2023-05-01,Google,Muyenga,neutral
32,Product is fine. Meets expectations without exceeding them.,2024-07-02,Google,Makindye,neutral
33,Excellent products and service. Best in the area!,2024-03-30,Facebook,Ntinda,positive
34,Delivery was on time. Product is as expected.,2023-10-06,WhatsApp,Bukoto,neutral
35,"Fast shipping, good quality, and excellent customer support.",2023-01-05,Google,Lubaga,positive
36,Average product quality. Meets basic needs adequately.,2023-05-02,Instagram,Ntinda,neutral
37,Great products at affordable prices. Very satisfied with my purchase. Great restaurant!,2023-02-14,Instagram,Central,positive
38,Excellent products and service. Best in the area!,2023-03-06,WhatsApp,Lubaga,positive
39,Excellent customer support. They responded quickly to my questions.,2023-02-17,Facebook,Bukoto,positive
40,Excellent customer support. They responded quickly to my questions. Located in Lubaga.,2024-10-14,Twitter,Lubaga,positive
41,Top-notch quality. Exceeded my expectations completely. Located in Lubaga. Great quality!,2023-01-13,Facebook,Kampala,positive
42,Excellent communication and fast delivery. Highly satisfied!,2023-04-07,Google,Makindye,positive
43,Poor customer service. Staff was rude and unhelpful. Located in Kampala.,2024-05-19,Facebook,Kampala,negative
44,Product didn't work as expected. Waste of money.,2024-10-22,Facebook,Kololo,negative
45,Decent service. No major complaints but nothing impressive. Located in Central.,2024-11-03,Google,Central,neutral
46,Customer service was unresponsive. Had to wait days for a reply. Located in Muyenga.,2024-02-07,WhatsApp,Makindye,negative
47,Overpriced products with low quality. Not good value for money.,2024-05-23,WhatsApp,Nakawa,negative
48,Quick response time and excellent customer care. Highly recommended!,2023-01-11,WhatsApp,Kampala,positive
49,Standard service. No complaints but nothing exceptional either.,2024-05-11,Twitter,Makindye,neutral
50,Customer service is terrible. No one responds to complaints. Located in Lubaga.,2024-07-10,Instagram,Kampala,negative
51,Great business with excellent customer care. Very professional. Located in Kampala.,2024-07-15,Instagram,Central,positive
52,Great products at affordable prices. Very satisfied with my purchase. Located in Nakawa. Great purchase!,2024-01-30,WhatsApp,Muyenga,positive
53,"Outstanding business! Professional, reliable, and customer-focused. Great quality!",2024-11-14,Google,Central,positive
54,Outstanding service! The staff was very helpful and friendly. Great purchase!,2023-09-24,Instagram,Kawempe,positive
55,Amazing experience! The product arrived on time and in perfect condition.,2023-08-07,Website,Nakawa,positive
56,Product works as expected. No major issues or complaints. Located in Makindye.,2023-11-10,Google,Nakawa,neutral
57,Not satisfied with the product. Quality is below expectations. Great store!,2023-09-15,Google,Kawempe,negative
58,Outstanding service! The staff was very helpful and friendly. Located in Lubaga.,2023-09-06,Twitter,Kololo,positive
59,Average quality. Nothing special but nothing wrong either. Great delivery!,2024-06-22,Google,Ntinda,neutral
60,Average quality products. Functional but not impressive. Located in Kololo. Great order!,2023-09-01,Facebook,Kampala,neutral
61,Best prices in Nakawa area. Great value for money. Located in Ntinda.,2023-10-28,Instagram,Kampala,positive
62,Professional service and high-quality products. Very happy!,2023-02-22,Facebook,Central,positive
63,Product arrived damaged and customer service refused to help.,2023-03-19,Website,Muyenga,negative
64,Standard business service. Acceptable but not exceptional.,2023-02-27,Twitter,Bukoto,neutral
65,Best customer service I've experienced. Products are top quality.,2024-01-04,Website,Kawempe,positive
66,Okay service. Product meets basic requirements.,2024-12-06,Instagram,Makindye,neutral
67,Fair value for money. Quality is acceptable but not premium. Great product!,2023-08-10,Google,Makindye,neutral
68,Professional service and high-quality products. Very happy!,2024-08-03,Website,Bukoto,positive
69,Great prices and even better service. Highly recommend this business! Located in Kololo.,2024-11-27,Twitter,Ntinda,positive
70,Poor quality products. Broke within days of purchase. Located in Bukoto.,2023-04-20,WhatsApp,Kololo,negative
71,Poor packaging led to damaged goods. Very unprofessional.,2023-09-13,Instagram,Lubaga,negative
72,Okay delivery time. Product is functional and usable.,2024-10-24,Twitter,Makindye,neutral
73,Outstanding service! The staff was very helpful and friendly. Great customer!,2023-05-20,Twitter,Bukoto,positive
74,Top-notch quality. Exceeded my expectations completely.,2023-07-13,Facebook,Muyenga,positive
75,Standard delivery time. Product quality is average.,2023-09-09,Facebook,Nakawa,neutral
76,Customer service is terrible. No one responds to complaints.,2024-04-05,Google,Kawempe,negative
77,Okay product quality. Price matches the value received.,2024-01-14,Google,Makindye,neutral
78,Excellent products and service. Best in the area!,2024-07-24,Instagram,Muyenga,positive
79,Poor customer service. Staff was rude and unhelpful. Located in Bukoto.,2024-06-27,Google,Central,negative
80,Product broke after just one week of use. Very poor quality.,2024-05-01,Twitter,Ntinda,negative
81,Decent value. Product works as expected. Great shipping!,2024-10-30,Instagram,Makindye,neutral
82,Overpriced compared to other shops in Nakawa area.,2023-08-29,Facebook,Kampala,negative
83,Great prices and even better service. Highly recommend this business!,2024-09-12,WhatsApp,Lubaga,positive
84,Product works fine. Decent quality for the price paid.,2024-07-08,Website,Muyenga,neutral
85,Product is okay. Nothing special but serves its purpose. Located in Kampala.,2023-08-09,Facebook,Central,neutral
86,Top quality products at reasonable prices. Highly recommended!,2023-12-31,Twitter,Central,positive
87,Best customer service I've experienced. Products are top quality. Located in Nakawa.,2024-07-30,Google,Kampala,positive
88,Love the product quality. Fast shipping and good packaging. Great shop!,2023-03-31,Twitter,Muyenga,positive
89,Average quality. Price is reasonable for what you get. Located in Kampala.,2023-01-27,Website,Kololo,neutral
90,Great business with excellent customer care. Very professional. Great shipping!,2023-07-17,Website,Lubaga,positive
91,Fair prices and acceptable quality. Nothing outstanding. Great staff!,2024-09-06,Facebook,Nakawa,neutral
92,Standard delivery time. Product quality is average.,2023-03-21,WhatsApp,Makindye,neutral
93,Excellent products and service. Best in the area! Located in Lubaga.,2024-11-29,Google,Bukoto,positive
94,Delivery was on time. Product is as expected. Great shipping!,2023-10-15,Facebook,Bukoto,neutral
95,Amazing service! The team went above and beyond to help me. Located in Kawempe.,2024-04-01,Twitter,Central,positive
96,Great products at affordable prices. Very satisfied with my purchase.,2024-09-28,Google,Bukoto,positive
97,Poor packaging led to damaged goods. Very unprofessional.,2024-08-10,Google,Central,negative
98,Great value for money. Fast delivery and excellent packaging.,2023-09-02,Google,Bukoto,positive
99,Great business with excellent customer care. Very professional. Located in Makindye. Great store!,2024-07-01,Google,Bukoto,positive
100,"Fast shipping, good quality, and excellent customer support. Great staff!",2024-07-28,WhatsApp,Kololo,positive
101,Average experience. Product is functional and adequate.,2023-06-13,Twitter,Nakawa,neutral
102,Decent value. Product works as expected. Located in Kawempe.,2023-09-13,Instagram,Central,neutral
103,Great value for money. Fast delivery and excellent packaging.,2024-04-11,Instagram,Nakawa,positive
104,Quick response time and excellent customer care. Highly recommended!,2023-03-18,Facebook,Kampala,positive
105,Excellent customer support. They responded quickly to my questions. Great service!,2023-05-20,Facebook,Muyenga,positive
106,"Fast delivery, good quality, fair prices. What more could you ask for? Located in Kampala.",2023-06-06,Instagram,Kawempe,positive
107,Average quality. Price is reasonable for what you get.,2024-07-14,Instagram,Kawempe,neutral
108,Standard business service. Acceptable but not exceptional. Located in Muyenga.,2023-09-03,Facebook,Makindye,neutral
109,Best prices in Nakawa area. Great value for money. Located in Muyenga.,2024-10-04,Google,Lubaga,positive
110,Great prices and even better service. Highly recommend this business! Located in Bukoto. Great restaurant!,2023-06-01,Website,Ntinda,positive
111,Best prices in Nakawa area. Great value for money. Located in Muyenga.,2023-08-26,WhatsApp,Muyenga,positive
112,Excellent business! Highly professional and reliable.,2024-07-18,Google,Muyenga,positive
113,Terrible experience. Would not recommend this business to anyone.,2024-07-17,Google,Nakawa,negative
114,Amazing quality products. Will definitely buy again from this shop.,2023-01-08,Website,Central,positive
115,Delivery was on time. Product is as expected.,2024-05-23,Twitter,Central,neutral
116,Quick response time and excellent customer care. Highly recommended! Great customer!,2024-12-01,Instagram,Muyenga,positive
117,Amazing experience! The product arrived on time and in perfect condition. Located in Ntinda.,2024-05-04,Google,Kololo,positive
118,Excellent customer support. They responded quickly to my questions.,2024-06-21,Twitter,Ntinda,positive
119,Love the product quality. Fast shipping and good packaging.,2023-02-24,Facebook,Central,positive
120,Best customer service I've experienced. Products are top quality.,2023-09-10,Twitter,Kololo,positive
121,Amazing experience! The product arrived on time and in perfect condition.,2024-10-05,Google,Kawempe,positive
122,Slow response time and poor communication from the business. Great quality!,2024-09-08,WhatsApp,Muyenga,negative
123,Poor quality products. Broke within days of purchase.,2024-01-19,Facebook,Bukoto,negative
124,Average experience. Product is functional and adequate. Located in Bukoto.,2023-03-11,Google,Central,neutral
125,Product is functional. Does what it's supposed to do. Located in Kawempe.,2024-04-17,Facebook,Lubaga,neutral
126,Amazing experience! The product arrived on time and in perfect condition.,2023-12-21,Twitter,Nakawa,positive
127,Great experience overall. Will be a returning customer.,2024-09-23,Google,Central,positive
128,Product is okay. Nothing special but serves its purpose.,2023-06-03,Twitter,Ntinda,neutral
129,Great value for money. Fast delivery and excellent packaging. Located in Nakawa.,2023-07-08,Twitter,Ntinda,positive
130,Fair value for money. Quality is acceptable but not premium.,2023-06-10,Website,Makindye,neutral
131,Love shopping here! Always get great deals and quality products.,2024-10-18,Google,Lubaga,positive
132,Amazing service! The team went above and beyond to help me. Located in Nakawa.,2023-10-10,WhatsApp,Kampala,positive
133,Best shopping experience! Quality products and great prices.,2023-12-04,Facebook,Lubaga,positive
134,Customer service needs major improvement. Very unprofessional. Great customer!,2024-03-15,Twitter,Ntinda,negative
135,Professional service and high-quality products. Very happy!,2024-05-06,Twitter,Nakawa,positive
136,Not satisfied at all. Product quality is below standard.,2023-10-19,Twitter,Kololo,negative
137,Great products at affordable prices. Very satisfied with my purchase. Located in Bukoto.,2023-11-28,Twitter,Kawempe,positive
138,Poor value for money. Better options available elsewhere.,2023-08-15,Website,Kampala,negative
139,Standard business service. Acceptable but not exceptional. Great purchase!,2023-09-15,Facebook,Ntinda,neutral
140,Very slow delivery and unresponsive customer support. Located in Makindye.,2024-08-01,Twitter,Kololo,negative
141,Very satisfied with my purchase. Great quality and fast delivery.,2023-01-16,WhatsApp,Kawempe,positive
142,Love the product quality. Fast shipping and good packaging.,2024-01-30,Google,Kampala,positive
143,Amazing service! The team went above and beyond to help me.,2023-10-02,Instagram,Kampala,positive
144,Great products at affordable prices. Very satisfied with my purchase. Located in Lubaga.,2024-02-13,Facebook,Nakawa,positive
145,Would not buy from here again. Poor experience overall.,2023-04-27,Facebook,Kawempe,negative
146,Fair experience overall. Nothing exceptional but acceptable.,2024-08-28,WhatsApp,Muyenga,neutral
147,Great business with excellent customer care. Very professional.,2023-06-13,Twitter,Nakawa,positive
148,Love the product quality. Fast shipping and good packaging.,2024-09-27,Instagram,Bukoto,positive
149,Disappointing experience. Would not recommend this shop. Located in Nakawa.,2023-11-22,Google,Kampala,negative
150,Product works as expected. No major issues or complaints. Located in Nakawa.,2023-04-16,Instagram,Muyenga,neutral
151,Would not buy from here again. Poor experience overall.,2023-12-02,Website,Makindye,negative
152,Average quality. Nothing special but nothing wrong either.,2023-02-26,Website,Makindye,neutral
153,Outstanding quality and service. Will definitely shop here again. Great order!,2024-01-22,Facebook,Nakawa,positive
154,Great experience overall. Will be a returning customer.,2024-03-04,WhatsApp,Kololo,positive
155,Fair experience overall. Nothing exceptional but acceptable.,2024-06-03,Website,Kampala,neutral
156,Outstanding quality and service. Will definitely shop here again.,2024-03-08,Google,Muyenga,positive
157,Great prices and even better service. Highly recommend this business! Located in Lubaga. Great purchase!,2024-09-08,WhatsApp,Muyenga,positive
158,Great experience overall. Will be a returning customer. Great restaurant!,2024-11-01,Facebook,Kololo,positive
159,Excellent communication and fast delivery. Highly satisfied! Great quality!,2024-03-25,WhatsApp,Central,positive
160,Product was damaged on arrival. Poor packaging quality.,2023-11-05,Twitter,Muyenga,negative
161,Product works fine. Decent quality for the price paid. Located in Kampala.,2023-06-30,Website,Bukoto,neutral
162,Outstanding quality and service. Will definitely shop here again. Located in Ntinda. Great delivery!,2024-10-06,Facebook,Bukoto,positive
163,Overpriced compared to other shops in Nakawa area. Located in Kampala. Great purchase!,2023-02-27,Instagram,Kawempe,negative
164,Customer service needs major improvement. Very unprofessional.,2024-04-13,Facebook,Nakawa,negative
165,Very satisfied with my purchase. Great quality and fast delivery. Located in Kawempe.,2023-09-26,WhatsApp,Central,positive
166,Product is okay. Nothing special but serves its purpose. Located in Kololo.,2024-07-22,Facebook,Central,neutral
167,Average experience. Product is functional and adequate.,2023-12-28,Facebook,Kawempe,neutral
168,Great service! Very fast delivery in Kampala. Highly recommend!,2023-10-23,Facebook,Kawempe,positive
169,Professional service and high-quality products. Very happy! Great support!,2024-04-27,Instagram,Kololo,positive
170,Excellent products and service. Best in the area!,2023-10-11,Instagram,Kololo,positive
171,Excellent business! Highly professional and reliable. Located in Lubaga. Great delivery!,2024-09-19,Google,Nakawa,positive
172,Professional service and high-quality products. Very happy!,2023-03-25,Twitter,Kampala,positive
173,Excellent customer support. They responded quickly to my questions.,2024-03-09,Twitter,Bukoto,positive
174,Product is functional. Does what it's supposed to do.,2023-12-07,WhatsApp,Ntinda,neutral
175,Professional service and high-quality products. Very happy! Located in Makindye.,2023-11-16,Google,Muyenga,positive
176,Great experience overall. Will be a returning customer. Located in Makindye.,2024-01-01,Instagram,Bukoto,positive
177,Best customer service I've experienced. Products are top quality. Located in Central.,2023-03-28,Instagram,Ntinda,positive
178,Best prices in Nakawa area. Great value for money.,2024-07-28,WhatsApp,Kololo,positive
179,Love the product quality. Fast shipping and good packaging. Located in Kololo.,2024-06-30,Instagram,Bukoto,positive
180,Outstanding quality and service. Will definitely shop here again.,2024-05-24,Facebook,Bukoto,positive
181,Standard service. No complaints but nothing exceptional either.,2023-08-25,Google,Bukoto,neutral
182,Decent value. Product works as expected.,2024-08-31,Instagram,Nakawa,neutral
183,Outstanding quality and service. Will definitely shop here again.,2024-01-28,WhatsApp,Kampala,positive
184,Delivery was on time. Product is as expected.,2023-09-17,Twitter,Central,neutral
185,Not satisfied at all. Product quality is below standard.,2023-04-03,Twitter,Ntinda,negative
186,Terrible customer service. No help when I had an issue.,2024-08-02,Google,Bukoto,negative
187,Fair experience overall. Nothing exceptional but acceptable.,2024-07-15,WhatsApp,Lubaga,neutral
188,Top-notch quality. Exceeded my expectations completely.,2023-05-29,Instagram,Central,positive
189,Best shop in Kawempe. Quality products and great service. Located in Kololo.,2023-05-22,Google,Kololo,positive
190,Disappointing experience. Would not recommend this shop. Located in Kawempe.,2024-08-15,Facebook,Bukoto,negative
191,Best shop in Kawempe. Quality products and great service. Great restaurant!,2023-10-02,WhatsApp,Central,positive
192,Great experience from start to finish. Will shop here again! Located in Bukoto.,2024-04-01,Facebook,Lubaga,positive
193,Excellent communication and fast delivery. Highly satisfied! Located in Makindye. Great service!,2023-11-03,Instagram,Makindye,positive
194,Amazing quality products. Will definitely buy again from this shop. Located in Ntinda.,2024-11-10,Google,Kawempe,positive
195,Love the product quality. Fast shipping and good packaging.,2023-01-27,Twitter,Kampala,positive
196,Very slow delivery. Took over a week to arrive in Kampala.,2023-12-25,Facebook,Muyenga,negative
197,Decent service. No major complaints but nothing impressive. Located in Kampala. Great support!,2024-07-03,Instagram,Nakawa,neutral
198,Delivery was delayed multiple times. Very frustrating experience.,2024-01-17,Instagram,Makindye,negative
199,Best shop in Kawempe. Quality products and great service.,2023-03-10,Twitter,Bukoto,positive
200,Very satisfied with my purchase. Great quality and fast delivery. Located in Makindye. Great customer!,2023-11-27,Website,Nakawa,positive
201,Amazing quality products. Will definitely buy again from this shop. Located in Ntinda.,2023-09-17,Instagram,Muyenga,positive
202,Best customer service I've experienced. Products are top quality.,2024-11-19,Facebook,Central,positive
203,Excellent communication and fast delivery. Highly satisfied!,2023-03-26,Google,Kawempe,positive
204,Product was different from what was advertised. Misleading description. Located in Kampala. Great customer!,2023-09-19,Facebook,Kololo,negative
205,Amazing experience! The product arrived on time and in perfect condition.,2023-09-03,Google,Lubaga,positive
206,Top quality products at reasonable prices. Highly recommended!,2023-09-07,WhatsApp,Central,positive
207,Product is okay. Nothing special but serves its purpose.,2024-08-02,Instagram,Kololo,neutral
208,Great experience from start to finish. Will shop here again! Great product!,2024-10-11,Facebook,Nakawa,positive
209,Okay delivery time. Product is functional and usable. Located in Kampala.,2023-12-29,Facebook,Lubaga,neutral
210,Product was different from what was advertised. Misleading description.,2024-11-27,Website,Bukoto,negative
211,Top quality products at reasonable prices. Highly recommended! Located in Makindye. Great shop!,2024-10-16,Facebook,Makindye,positive
212,Amazing experience! The product arrived on time and in perfect condition. Located in Bukoto.,2024-03-02,Website,Kawempe,positive
213,Product works as expected. No major issues or complaints.,2024-04-20,Instagram,Nakawa,neutral
214,Product is fine. Meets expectations without exceeding them. Located in Bukoto.,2024-09-25,Facebook,Muyenga,neutral
215,Excellent customer support. They responded quickly to my questions.,2023-10-08,Twitter,Nakawa,positive
216,Decent service. No major complaints but nothing impressive.,2024-08-07,Facebook,Central,neutral
217,Customer service was unresponsive. Had to wait days for a reply.,2024-12-12,Twitter,Nakawa,negative
218,Poor customer service. Staff was rude and unhelpful. Located in Lubaga. Great shop!,2024-06-18,Instagram,Ntinda,negative
219,Outstanding service! The staff was very helpful and friendly.,2024-04-11,Instagram,Ntinda,positive
220,"Fast delivery, good quality, fair prices. What more could you ask for?",2024-10-30,Facebook,Muyenga,positive
221,Excellent customer support. They responded quickly to my questions.,2023-10-21,Instagram,Muyenga,positive
222,Great prices and even better service. Highly recommend this business! Located in Makindye.,2023-05-12,Facebook,Makindye,positive
223,Okay product quality. Price matches the value received. Great business!,2023-04-21,Google,Bukoto,neutral
224,Great prices and even better service. Highly recommend this business!,2023-02-26,Twitter,Kampala,positive
225,Very satisfied with my purchase. Great quality and fast delivery. Located in Kawempe. Great customer!,2024-02-29,Instagram,Muyenga,positive
226,Best customer service I've experienced. Products are top quality. Located in Ntinda. Great quality!,2023-12-23,Facebook,Lubaga,positive
227,"Fast shipping, good quality, and excellent customer support. Great store!",2023-03-13,Instagram,Bukoto,positive
228,Excellent products and service. Best in the area!,2023-01-17,Website,Kampala,positive
229,Great business with excellent customer care. Very professional. Located in Kampala.,2024-09-30,Facebook,Lubaga,positive
230,Very satisfied with my purchase. Great quality and fast delivery. Great order!,2023-05-14,Twitter,Nakawa,positive
231,"Outstanding business! Professional, reliable, and customer-focused. Great staff!",2023-12-11,Instagram,Nakawa,positive
232,Top-notch quality. Exceeded my expectations completely. Located in Makindye. Great delivery!,2024-02-04,Twitter,Kampala,positive
233,Product works fine. Decent quality for the price paid.,2024-12-19,Facebook,Makindye,neutral
234,Great experience overall. Will be a returning customer.,2023-12-02,Facebook,Makindye,positive
235,Love shopping here! Always get great deals and quality products. Located in Kampala.,2024-06-11,Facebook,Kawempe,positive
236,Average product quality. Meets basic expectations.,2024-08-07,Website,Makindye,neutral
237,Delivery was on time. Product is as expected.,2023-10-17,Instagram,Makindye,neutral
238,Product quality was disappointing. Not as described on the website.,2023-07-29,WhatsApp,Muyenga,negative
239,Poor customer service. Staff was rude and unhelpful. Located in Kololo.,2023-06-18,Twitter,Kawempe,negative
240,"Fast shipping, good quality, and excellent customer support. Great shipping!",2023-08-17,WhatsApp,Nakawa,positive
241,Average experience. Product is functional and adequate.,2024-09-08,WhatsApp,Lubaga,neutral
242,Product is okay. Nothing special but serves its purpose.,2023-10-04,Twitter,Kawempe,neutral
243,"Fast shipping, good quality, and excellent customer support.",2024-04-07,Twitter,Central,positive
244,Standard quality. Nothing to complain about or praise.,2024-08-24,Facebook,Nakawa,neutral
245,Delivery issues. Package arrived late and damaged. Great restaurant!,2023-06-16,WhatsApp,Muyenga,negative
246,Best customer service I've experienced. Products are top quality.,2023-03-28,WhatsApp,Muyenga,positive
247,Amazing quality products. Will definitely buy again from this shop. Great store!,2024-07-14,Twitter,Kawempe,positive
248,Outstanding service! The staff was very helpful and friendly. Located in Muyenga. Great experience!,2023-12-25,WhatsApp,Nakawa,positive
249,Amazing quality products. Will definitely buy again from this shop. Located in Makindye.,2023-04-01,Google,Muyenga,positive
250,Very disappointed. Product quality is poor and service is worse.,2023-02-14,WhatsApp,Bukoto,negative
251,Product didn't work as expected. Waste of money. Located in Bukoto.,2023-06-22,Twitter,Central,negative
252,Average experience. Product is functional and adequate. Located in Bukoto. Great shipping!,2023-08-11,Google,Bukoto,neutral
253,Quick response time and excellent customer care. Highly recommended!,2023-10-29,Website,Muyenga,positive
254,Quick response time and excellent customer care. Highly recommended!,2024-06-22,Facebook,Lubaga,positive
255,Best prices in Nakawa area. Great value for money. Located in Makindye.,2023-03-16,Twitter,Kololo,positive
256,Customer service needs major improvement. Very unprofessional. Great support!,2023-01-16,Twitter,Makindye,negative
257,Amazing experience! The product arrived on time and in perfect condition. Located in Bukoto.,2024-03-29,Twitter,Lubaga,positive
258,Average product quality. Meets basic needs adequately.,2023-10-26,Twitter,Central,neutral
259,Average experience. Product is functional and adequate. Located in Kampala. Great shipping!,2023-06-23,Twitter,Central,neutral
260,Standard quality. Nothing to complain about or praise. Great restaurant!,2023-04-07,WhatsApp,Nakawa,neutral
261,Okay service. Nothing special but gets the job done.,2023-01-28,WhatsApp,Makindye,neutral
262,Great business with excellent customer care. Very professional. Located in Bukoto. Great purchase!,2024-09-02,Twitter,Kololo,positive
263,Love the product quality. Fast shipping and good packaging. Located in Nakawa.,2024-08-22,Facebook,Nakawa,positive
264,Fair experience overall. Nothing exceptional but acceptable.,2024-12-23,Google,Nakawa,neutral
265,Poor quality products. Broke within days of purchase.,2023-09-06,Twitter,Bukoto,negative
266,Outstanding quality and service. Will definitely shop here again.,2023-07-07,WhatsApp,Kololo,positive
267,Decent value. Product works as expected.,2023-09-08,Instagram,Lubaga,neutral
268,Excellent communication and fast delivery. Highly satisfied!,2023-07-26,Google,Ntinda,positive
269,Excellent communication and fast delivery. Highly satisfied!,2024-02-29,Google,Makindye,positive
270,Okay service. Nothing special but gets the job done.,2024-01-30,Facebook,Kololo,neutral
271,Product didn't work as expected. Waste of money.,2024-03-28,Facebook,Bukoto,negative
272,Amazing experience! The product arrived on time and in perfect condition.,2023-08-28,Facebook,Nakawa,positive
273,Top-notch quality. Exceeded my expectations completely. Great support!,2023-09-16,WhatsApp,Lubaga,positive
274,Top-notch quality. Exceeded my expectations completely. Located in Central.,2023-10-04,Website,Kololo,positive
275,Best customer service I've experienced. Products are top quality.,2024-06-14,Twitter,Kampala,positive
276,Very disappointed with the quality. Not worth the money paid.,2023-01-30,WhatsApp,Makindye,negative
277,Very satisfied with my purchase. Great quality and fast delivery.,2023-05-24,Instagram,Lubaga,positive
278,Amazing service! The team went above and beyond to help me.,2024-04-06,WhatsApp,Muyenga,positive
279,Top-notch quality. Exceeded my expectations completely. Great packaging!,2024-08-10,Website,Kampala,positive
280,Okay service. Nothing special but gets the job done.,2024-09-26,WhatsApp,Kawempe,neutral
281,Love shopping here! Always get great deals and quality products.,2023-11-16,Twitter,Bukoto,positive
282,Great products at affordable prices. Very satisfied with my purchase.,2024-02-10,Twitter,Nakawa,positive
283,Best shop in Kawempe. Quality products and great service.,2023-04-04,Instagram,Kololo,positive
284,Top quality products at reasonable prices. Highly recommended! Great product!,2024-08-30,Instagram,Kampala,positive
285,Excellent customer support. They responded quickly to my questions.,2024-08-24,Twitter,Kampala,positive
286,Customer service was unresponsive. Had to wait days for a reply.,2024-07-05,Website,Bukoto,negative
287,Product is functional. Does what it's supposed to do. Located in Kampala.,2023-11-14,Website,Central,neutral
288,Great experience overall. Will be a returning customer. Located in Nakawa. Great service!,2024-07-09,Website,Makindye,positive
289,Great value for money. Fast delivery and excellent packaging.,2023-10-02,Google,Bukoto,positive
290,Great business with excellent customer care. Very professional. Located in Nakawa.,2023-11-04,Website,Kampala,positive
291,Very satisfied with my purchase. Great quality and fast delivery.,2024-05-31,Google,Kampala,positive
292,Professional service and high-quality products. Very happy! Located in Kawempe. Great price!,2023-11-17,Facebook,Kololo,positive
293,Best prices in Nakawa area. Great value for money.,2024-11-05,Google,Lubaga,positive
294,Great service! Very fast delivery in Kampala. Highly recommend! Located in Lubaga. Great shop!,2023-09-16,Twitter,Bukoto,positive
295,Product broke after just one week of use. Very poor quality.,2024-11-23,Google,Kampala,negative
296,Great prices and even better service. Highly recommend this business!,2024-09-28,Website,Makindye,positive
297,Okay service. Nothing special but gets the job done. Located in Lubaga.,2024-03-14,WhatsApp,Central,neutral
298,Fair experience overall. Nothing exceptional but acceptable. Great order!,2023-03-28,Google,Nakawa,neutral
299,Great business with excellent customer care. Very professional.,2023-05-19,Facebook,Central,positive
300,Amazing quality products. Will definitely buy again from this shop. Located in Kampala.,2024-07-23,Facebook,Muyenga,positive
301,Product is fine. Meets expectations without exceeding them.,2023-09-09,Website,Kampala,neutral
302,Love the product quality. Fast shipping and good packaging.,2023-05-25,Facebook,Central,positive
303,Standard quality. Nothing to complain about or praise.,2024-09-11,Instagram,Muyenga,neutral
304,Standard service. No complaints but nothing exceptional either. Located in Kawempe.,2023-09-25,Facebook,Lubaga,neutral
305,Outstanding quality and service. Will definitely shop here again. Located in Lubaga.,2023-06-14,Twitter,Lubaga,positive
306,Amazing experience! The product arrived on time and in perfect condition.,2024-07-19,Website,Kampala,positive
307,Top quality products at reasonable prices. Highly recommended!,2023-02-26,Facebook,Muyenga,positive
308,Standard delivery. Product works but quality is average. Located in Nakawa.,2023-09-16,Twitter,Kawempe,neutral
309,Outstanding service! The staff was very helpful and friendly.,2024-03-16,Website,Central,positive
310,Excellent products and service. Best in the area!,2024-07-01,Instagram,Kampala,positive
311,Amazing quality products. Will definitely buy again from this shop. Located in Central.,2023-04-03,Twitter,Makindye,positive
312,Great prices and even better service. Highly recommend this business!,2023-08-05,Facebook,Ntinda,positive
313,Great business with excellent customer care. Very professional. Located in Nakawa. Great product!,2024-04-20,Twitter,Ntinda,positive
314,Slow response time and poor communication from the business. Located in Muyenga.,2024-03-09,WhatsApp,Kampala,negative
315,Fair prices and acceptable quality. Nothing outstanding.,2024-12-25,Website,Kampala,neutral
316,Excellent products and service. Best in the area! Located in Ntinda.,2024-05-04,Google,Ntinda,positive
317,Product works fine. Decent quality for the price paid.,2024-03-29,Website,Makindye,neutral
318,Average quality. Price is reasonable for what you get.,2024-12-18,Facebook,Kampala,neutral
319,Great value for money. Fast delivery and excellent packaging. Great packaging!,2024-01-03,Google,Ntinda,positive
320,Great prices and even better service. Highly recommend this business! Located in Makindye.,2023-03-17,WhatsApp,Nakawa,positive
321,Amazing quality products. Will definitely buy again from this shop. Great shop!,2024-08-22,Google,Makindye,positive
322,Customer service is terrible. No one responds to complaints.,2023-12-08,Facebook,Kampala,negative
323,Terrible experience. Would not recommend this business to anyone.,2023-09-07,WhatsApp,Kampala,negative
324,Great business with excellent customer care. Very professional.,2023-05-21,Facebook,Nakawa,positive
325,Excellent products and service. Best in the area! Located in Kampala.,2023-09-08,Twitter,Kampala,positive
326,Average product quality. Meets basic needs adequately. Located in Central.,2024-01-14,Instagram,Nakawa,neutral
327,Standard business service. Acceptable but not exceptional. Great store!,2024-01-10,WhatsApp,Bukoto,neutral
328,Great prices and even better service. Highly recommend this business! Located in Bukoto.,2023-07-29,Google,Muyenga,positive
329,Okay delivery time. Product is functional and usable. Located in Muyenga.,2023-01-05,Instagram,Bukoto,neutral
330,Great service! Very fast delivery in Kampala. Highly recommend!,2023-06-25,Twitter,Central,positive
331,Okay service. Nothing special but gets the job done. Great service!,2023-04-24,Instagram,Makindye,neutral
332,Top-notch quality. Exceeded my expectations completely. Great shipping!,2023-01-19,Google,Makindye,positive
333,Best prices in Nakawa area. Great value for money.,2023-11-07,WhatsApp,Central,positive
334,Best shop in Kawempe. Quality products and great service.,2023-04-19,Twitter,Kololo,positive
335,Average product quality. Meets basic needs adequately.,2024-11-29,Facebook,Central,neutral
336,Outstanding service! The staff was very helpful and friendly. Great delivery!,2024-08-29,WhatsApp,Lubaga,positive
337,Excellent products and service. Best in the area!,2024-09-16,Twitter,Muyenga,positive
338,Great service! Very fast delivery in Kampala. Highly recommend!,2023-02-01,Instagram,Lubaga,positive
339,Outstanding service! The staff was very helpful and friendly.,2024-09-12,Instagram,Kawempe,positive
340,Terrible customer service. No help when I had an issue. Located in Central.,2023-01-26,Instagram,Nakawa,negative
341,Standard delivery time. Product quality is average. Located in Kawempe. Great service!,2023-06-20,Website,Muyenga,neutral
342,Great products at affordable prices. Very satisfied with my purchase.,2024-03-22,Website,Nakawa,positive
343,Great prices and even better service. Highly recommend this business!,2023-04-26,Instagram,Kololo,positive
344,Professional service and high-quality products. Very happy! Located in Lubaga.,2024-05-17,Twitter,Ntinda,positive
345,Best shop in Kawempe. Quality products and great service. Great delivery!,2023-05-01,WhatsApp,Central,positive
346,Excellent communication and fast delivery. Highly satisfied! Located in Kololo.,2023-07-12,Instagram,Kampala,positive
347,Amazing experience! The product arrived on time and in perfect condition.,2023-01-20,Instagram,Ntinda,positive
348,"Outstanding business! Professional, reliable, and customer-focused. Located in Kololo.",2024-04-03,Twitter,Lubaga,positive
349,Excellent business! Highly professional and reliable.,2023-11-04,Website,Kololo,positive
350,Average quality. Price is reasonable for what you get.,2023-06-16,WhatsApp,Lubaga,neutral
351,Great value for money. Fast delivery and excellent packaging.,2023-09-11,Google,Nakawa,positive
352,Excellent customer support. They responded quickly to my questions.,2024-04-17,WhatsApp,Muyenga,positive
353,Amazing experience! The product arrived on time and in perfect condition.,2023-03-31,Google,Nakawa,positive
354,Professional service and high-quality products. Very happy!,2024-11-04,Instagram,Central,positive
355,Top-notch quality. Exceeded my expectations completely.,2023-06-20,Twitter,Ntinda,positive
356,Great experience from start to finish. Will shop here again!,2023-08-23,Google,Central,positive
357,Amazing service! The team went above and beyond to help me. Located in Makindye. Great shop!,2024-12-08,Google,Bukoto,positive
358,Okay service. Nothing special but gets the job done.,2024-08-28,Google,Muyenga,neutral
359,Decent service. No major complaints but nothing impressive.,2023-10-10,Twitter,Nakawa,neutral
360,Very satisfied with my purchase. Great quality and fast delivery. Great shop!,2024-04-06,Facebook,Kawempe,positive
361,Average experience overall. Product is fine but not great.,2024-10-10,WhatsApp,Central,neutral
362,Fair value for money. Quality is acceptable but not premium.,2024-07-25,Facebook,Kampala,neutral
363,Standard service. No complaints but nothing exceptional either.,2023-01-06,Google,Central,neutral
364,Okay experience. Nothing to complain about but not impressed either. Located in Kampala.,2023-08-03,Google,Nakawa,neutral
365,Product quality was disappointing. Not as described on the website.,2023-08-21,Facebook,Muyenga,negative
366,Love shopping here! Always get great deals and quality products.,2024-09-01,Website,Makindye,positive
367,Overpriced compared to other shops in Nakawa area.,2023-07-10,Facebook,Lubaga,negative
368,Okay service. Nothing special but gets the job done.,2024-11-25,Google,Kololo,neutral
369,Product is okay. Nothing special but serves its purpose. Located in Muyenga.,2023-04-03,Website,Makindye,neutral
370,Great experience overall. Will be a returning customer.,2023-11-24,Instagram,Makindye,positive
371,"Outstanding business! Professional, reliable, and customer-focused.",2024-06-29,Instagram,Kololo,positive
372,Professional service and high-quality products. Very happy! Great order!,2023-10-03,Twitter,Muyenga,positive
373,Poor quality products. Broke within days of purchase.,2024-06-27,Facebook,Nakawa,negative
374,Great prices and even better service. Highly recommend this business!,2024-11-25,Twitter,Kawempe,positive
375,Professional service and high-quality products. Very happy!,2024-09-21,Twitter,Kololo,positive
376,Product didn't work as expected. Waste of money.,2023-10-30,Website,Kampala,negative
377,Great experience overall. Will be a returning customer. Located in Nakawa.,2023-01-22,Google,Kololo,positive
378,Great products at affordable prices. Very satisfied with my purchase.,2023-07-24,Google,Central,positive
379,Decent value. Product works as expected.,2023-01-07,WhatsApp,Muyenga,neutral
380,Love shopping here! Always get great deals and quality products. Located in Kampala.,2023-11-27,WhatsApp,Muyenga,positive
381,Product arrived damaged and customer service refused to help. Located in Makindye. Great staff!,2024-11-11,WhatsApp,Nakawa,negative
382,Customer service was unresponsive. Had to wait days for a reply.,2024-03-25,Instagram,Kampala,negative
383,Best prices in Nakawa area. Great value for money. Great shipping!,2024-03-27,WhatsApp,Central,positive
384,Okay service. Nothing special but gets the job done.,2024-03-10,Google,Lubaga,neutral
385,Average experience overall. Product is fine but not great.,2024-01-01,Website,Central,neutral
386,Would not buy from here again. Poor experience overall. Great purchase!,2023-07-20,Google,Lubaga,negative
387,Best shopping experience! Quality products and great prices. Located in Makindye.,2024-10-19,Twitter,Muyenga,positive
388,Excellent products and service. Best in the area! Located in Central. Great staff!,2023-06-06,Facebook,Lubaga,positive
389,Excellent communication and fast delivery. Highly satisfied!,2023-02-19,Instagram,Makindye,positive
390,Poor packaging led to damaged goods. Very unprofessional.,2024-06-11,Facebook,Lubaga,negative
391,Top quality products at reasonable prices. Highly recommended!,2023-05-19,Twitter,Central,positive
392,Great business with excellent customer care. Very professional.,2024-02-15,Twitter,Makindye,positive
393,Would not buy from here again. Poor experience overall. Great support!,2024-10-25,Facebook,Lubaga,negative
394,Great experience from start to finish. Will shop here again!,2023-12-22,WhatsApp,Kawempe,positive
395,Professional service and high-quality products. Very happy! Located in Muyenga. Great shop!,2024-10-24,WhatsApp,Bukoto,positive
396,Product works as expected. No major issues or complaints. Located in Kololo.,2024-03-13,WhatsApp,Muyenga,neutral
397,Decent value. Product works as expected.,2023-03-30,Google,Makindye,neutral
398,Great products at affordable prices. Very satisfied with my purchase. Located in Muyenga.,2024-10-08,Twitter,Ntinda,positive
399,Product is functional. Does what it's supposed to do. Located in Ntinda.,2024-08-18,Google,Lubaga,neutral
400,Love the product quality. Fast shipping and good packaging. Great product!,2023-08-27,Instagram,Lubaga,positive
401,Top quality products at reasonable prices. Highly recommended! Located in Lubaga.,2024-03-14,Facebook,Kololo,positive
402,Outstanding quality and service. Will definitely shop here again. Great experience!,2024-05-10,WhatsApp,Kololo,positive
403,Customer service is terrible. No one responds to complaints.,2023-05-23,Facebook,Makindye,negative
404,Professional service and high-quality products. Very happy! Great order!,2024-02-09,WhatsApp,Makindye,positive
405,"Fast delivery, good quality, fair prices. What more could you ask for?",2023-03-02,WhatsApp,Makindye,positive
406,Customer service is terrible. No one responds to complaints. Located in Kololo.,2024-09-04,Google,Muyenga,negative
407,Top quality products at reasonable prices. Highly recommended! Located in Central.,2024-07-28,Website,Lubaga,positive
408,"Fast delivery, good quality, fair prices. What more could you ask for?",2023-01-08,Instagram,Kawempe,positive
409,Product was different from what was advertised. Misleading description. Great store!,2024-01-24,Facebook,Ntinda,negative
410,Great products at affordable prices. Very satisfied with my purchase.,2024-09-02,WhatsApp,Nakawa,positive
411,Standard service. No complaints but nothing exceptional either. Located in Kawempe. Great price!,2023-12-31,Facebook,Kololo,neutral
412,Best prices in Nakawa area. Great value for money.,2023-08-16,Instagram,Muyenga,positive
413,Best shopping experience! Quality products and great prices.,2023-08-30,WhatsApp,Makindye,positive
414,Love the product quality. Fast shipping and good packaging.,2023-02-15,Google,Nakawa,positive
415,"Fast shipping, good quality, and excellent customer support. Located in Kampala. Great shop!",2023-10-10,Facebook,Makindye,positive
416,Love shopping here! Always get great deals and quality products.,2024-12-16,Instagram,Central,positive
417,"Fast delivery, good quality, fair prices. What more could you ask for?",2024-06-17,Twitter,Makindye,positive
418,"Outstanding business! Professional, reliable, and customer-focused.",2023-11-07,Facebook,Kawempe,positive
419,"Fast shipping, good quality, and excellent customer support. Located in Muyenga.",2023-01-10,Instagram,Bukoto,positive
420,Top-notch quality. Exceeded my expectations completely.,2023-02-16,Instagram,Kololo,positive
421,Great service! Very fast delivery in Kampala. Highly recommend!,2023-01-07,Facebook,Nakawa,positive
422,Great business with excellent customer care. Very professional.,2023-12-06,Website,Kololo,positive
423,Excellent business! Highly professional and reliable. Great quality!,2024-02-05,Twitter,Ntinda,positive
424,Great products at affordable prices. Very satisfied with my purchase. Located in Makindye.,2023-09-02,Twitter,Makindye,positive
425,Great service! Very fast delivery in Kampala. Highly recommend!,2023-11-21,Twitter,Bukoto,positive
426,Amazing service! The team went above and beyond to help me. Located in Muyenga.,2024-03-07,Facebook,Kampala,positive
427,Fair experience overall. Nothing exceptional but acceptable.,2024-03-10,Instagram,Kampala,neutral
428,Okay service. Nothing special but gets the job done. Located in Makindye.,2023-04-04,Instagram,Bukoto,neutral
429,Excellent products and service. Best in the area!,2024-06-22,Twitter,Ntinda,positive
430,Great service! Very fast delivery in Kampala. Highly recommend!,2024-10-04,Instagram,Makindye,positive
431,Best customer service I've experienced. Products are top quality.,2023-03-09,Instagram,Ntinda,positive
432,Best prices in Nakawa area. Great value for money.,2024-06-07,WhatsApp,Nakawa,positive
433,Love shopping here! Always get great deals and quality products.,2024-02-22,WhatsApp,Central,positive
434,Amazing quality products. Will definitely buy again from this shop.,2024-08-03,Facebook,Kawempe,positive
435,Amazing service! The team went above and beyond to help me.,2024-11-19,Instagram,Lubaga,positive
436,Excellent products and service. Best in the area!,2023-10-23,Google,Kawempe,positive
437,Very satisfied with my purchase. Great quality and fast delivery.,2023-12-31,Twitter,Central,positive
438,Great service! Very fast delivery in Kampala. Highly recommend! Located in Kampala.,2024-09-19,Instagram,Kololo,positive
439,Product was damaged on arrival. Poor packaging quality.,2024-06-24,Website,Kawempe,negative
440,Decent value. Product works as expected. Great packaging!,2023-08-14,Instagram,Kololo,neutral
441,Great experience from start to finish. Will shop here again! Located in Makindye.,2023-05-29,Twitter,Kampala,positive
442,"Fast delivery, good quality, fair prices. What more could you ask for?",2024-09-27,Instagram,Kampala,positive
443,Excellent products and service. Best in the area!,2023-08-23,Google,Kololo,positive
444,Standard delivery. Product works but quality is average. Great price!,2024-04-03,WhatsApp,Muyenga,neutral
445,Very disappointed with the quality. Not worth the money paid.,2024-01-26,Twitter,Makindye,negative
446,Average quality. Price is reasonable for what you get.,2024-05-07,Facebook,Ntinda,neutral
447,Excellent products and service. Best in the area!,2023-08-10,Facebook,Muyenga,positive
448,Average experience. Product is functional and adequate.,2023-12-31,Instagram,Nakawa,neutral
449,Very satisfied with my purchase. Great quality and fast delivery. Great delivery!,2024-08-07,Website,Kololo,positive
450,Best shopping experience! Quality products and great prices.,2024-10-03,Instagram,Nakawa,positive
451,Product was defective but they refused to refund. Bad business. Located in Lubaga.,2024-08-18,Facebook,Muyenga,negative
452,Professional service and high-quality products. Very happy!,2023-05-01,Instagram,Kololo,positive
453,Great business with excellent customer care. Very professional. Great staff!,2024-04-09,WhatsApp,Kawempe,positive
454,Product arrived damaged and customer service refused to help.,2023-03-02,Instagram,Kampala,negative
455,Product works as expected. No major issues or complaints.,2023-11-22,Instagram,Makindye,neutral
456,Best prices in Nakawa area. Great value for money.,2023-08-12,WhatsApp,Makindye,positive
457,Okay experience. Nothing to complain about but not impressed either.,2023-07-04,Website,Makindye,neutral
458,Poor value for money. Better options available elsewhere. Located in Makindye.,2023-01-11,WhatsApp,Kololo,negative
459,Poor value for money. Better options available elsewhere. Located in Central.,2024-09-19,Instagram,Makindye,negative
460,Very disappointed with the quality. Not worth the money paid.,2024-09-04,Instagram,Ntinda,negative
461,Very slow delivery and unresponsive customer support. Located in Lubaga.,2023-11-13,Instagram,Kololo,negative
462,Product quality was disappointing. Not as described on the website.,2023-02-20,Google,Ntinda,negative
463,Product was different from what was advertised. Misleading description. Great support!,2024-08-19,Facebook,Lubaga,negative
464,Great experience overall. Will be a returning customer.,2023-02-05,Website,Kawempe,positive
465,Top-notch quality. Exceeded my expectations completely.,2023-08-30,Instagram,Makindye,positive
466,Very satisfied with my purchase. Great quality and fast delivery.,2024-01-31,Facebook,Bukoto,positive
467,Amazing service! The team went above and beyond to help me. Great restaurant!,2024-12-12,WhatsApp,Kololo,positive
468,Very disappointed. Product quality is poor and service is worse. Great shipping!,2023-12-12,Instagram,Muyenga,negative
469,Great prices and even better service. Highly recommend this business!,2024-07-21,WhatsApp,Ntinda,positive
470,Decent service. No major complaints but nothing impressive. Located in Bukoto.,2024-07-27,Website,Kampala,neutral
471,Amazing quality products. Will definitely buy again from this shop.,2024-05-23,Twitter,Nakawa,positive
472,Product is fine. Meets expectations without exceeding them. Located in Lubaga. Great price!,2023-12-01,Google,Lubaga,neutral
473,Excellent products and service. Best in the area! Located in Lubaga. Great experience!,2023-01-22,Twitter,Makindye,positive
474,Standard delivery time. Product quality is average.,2023-08-10,Facebook,Central,neutral
475,Top-notch quality. Exceeded my expectations completely.,2024-12-20,Twitter,Central,positive
476,Great experience from start to finish. Will shop here again! Located in Kololo. Great packaging!,2024-05-19,WhatsApp,Kawempe,positive
477,Amazing service! The team went above and beyond to help me. Located in Lubaga. Great delivery!,2024-05-12,Instagram,Central,positive
478,Customer service is terrible. No one responds to complaints.,2024-08-18,Website,Lubaga,negative
479,Fair prices and acceptable quality. Nothing outstanding. Great support!,2023-01-22,Facebook,Muyenga,neutral
480,Decent value. Product works as expected.,2024-05-19,Instagram,Makindye,neutral
481,Best prices in Nakawa area. Great value for money.,2024-11-17,Website,Kawempe,positive
482,Top-notch quality. Exceeded my expectations completely.,2023-01-09,Facebook,Kololo,positive
483,Fair value for money. Quality is acceptable but not premium.,2023-11-05,Twitter,Kololo,neutral
484,Amazing quality products. Will definitely buy again from this shop.,2024-06-26,Website,Kololo,positive
485,Delivery issues. Package arrived late and damaged.,2024-03-15,Website,Bukoto,negative
486,Love shopping here! Always get great deals and quality products. Located in Kawempe.,2023-01-24,Twitter,Makindye,positive
487,Great experience from start to finish. Will shop here again!,2024-07-25,Twitter,Lubaga,positive
488,"Fast delivery, good quality, fair prices. What more could you ask for?",2024-07-29,Google,Bukoto,positive
489,"Fast delivery, good quality, fair prices. What more could you ask for?",2024-04-03,Website,Kawempe,positive
490,Great experience overall. Will be a returning customer.,2024-03-02,Instagram,Nakawa,positive
491,Average product quality. Meets basic needs adequately.,2023-10-13,Website,Nakawa,neutral
492,Great experience overall. Will be a returning customer.,2024-04-09,Google,Kololo,positive
493,Amazing experience! The product arrived on time and in perfect condition.,2024-08-01,Instagram,Kololo,positive
494,Great prices and even better service. Highly recommend this business!,2023-10-18,Instagram,Nakawa,positive
495,Amazing service! The team went above and beyond to help me. Great purchase!,2023-03-20,Website,Makindye,positive
496,Love shopping here! Always get great deals and quality products. Great shipping!,2024-10-02,Google,Kololo,positive
497,Excellent customer support. They responded quickly to my questions.,2024-05-24,Instagram,Nakawa,positive
498,Product was different from what was advertised. Misleading description.,2024-01-18,Instagram,Lubaga,negative
499,Great prices and even better service. Highly recommend this business!,2023-03-31,Google,Kampala,positive
500,Worst shopping experience. Poor quality and terrible service. Located in Muyenga.,2023-11-14,WhatsApp,Kawempe,negative
501,Quick response time and excellent customer care. Highly recommended! Located in Lubaga. Great shipping!,2024-12-08,Google,Bukoto,positive
502,Excellent business! Highly professional and reliable.,2023-08-11,Google,Ntinda,positive
503,Standard business service. Acceptable but not exceptional.,2024-01-28,Twitter,Kololo,neutral
504,Outstanding service! The staff was very helpful and friendly. Located in Kololo.,2023-03-12,Facebook,Bukoto,positive
505,Excellent communication and fast delivery. Highly satisfied!,2024-05-30,Google,Lubaga,positive
506,Amazing experience! The product arrived on time and in perfect condition. Great product!,2023-08-13,Twitter,Central,positive
507,"Fast shipping, good quality, and excellent customer support.",2023-05-06,Instagram,Bukoto,positive
508,Product didn't work as expected. Waste of money.,2024-05-20,Instagram,Kawempe,negative
509,Poor quality products. Broke within days of purchase. Located in Ntinda.,2024-08-09,Instagram,Ntinda,negative
510,"Fast delivery, good quality, fair prices. What more could you ask for?",2024-11-09,Website,Kawempe,positive
511,Outstanding service! The staff was very helpful and friendly. Located in Kololo.,2024-01-14,Facebook,Lubaga,positive
512,Standard quality. Nothing to complain about or praise. Located in Kampala.,2024-01-05,Website,Kawempe,neutral
513,Top-notch quality. Exceeded my expectations completely.,2024-11-04,WhatsApp,Kawempe,positive
514,Product is fine. Meets expectations without exceeding them.,2023-08-04,WhatsApp,Ntinda,neutral
515,Best prices in Nakawa area. Great value for money.,2024-07-28,Google,Kampala,positive
516,Great experience overall. Will be a returning customer.,2024-10-05,WhatsApp,Bukoto,positive
517,Outstanding quality and service. Will definitely shop here again.,2023-07-14,Twitter,Bukoto,positive
518,Professional service and high-quality products. Very happy! Located in Nakawa.,2024-01-30,Facebook,Ntinda,positive
519,Amazing experience! The product arrived on time and in perfect condition.,2024-07-16,Google,Kawempe,positive
520,Great experience overall. Will be a returning customer. Great restaurant!,2023-06-10,Google,Kololo,positive
521,Best prices in Nakawa area. Great value for money.,2024-05-19,Instagram,Makindye,positive
522,Outstanding quality and service. Will definitely shop here again.,2024-07-11,Google,Nakawa,positive
523,Amazing quality products. Will definitely buy again from this shop.,2024-08-15,Website,Bukoto,positive
524,Very satisfied with my purchase. Great quality and fast delivery. Located in Muyenga.,2024-11-20,WhatsApp,Kampala,positive
525,Excellent products and service. Best in the area! Located in Central. Great staff!,2024-08-16,Google,Bukoto,positive
526,Average quality products. Functional but not impressive. Located in Kampala.,2024-12-29,WhatsApp,Nakawa,neutral
527,Fair value for money. Quality is acceptable but not premium. Great business!,2024-05-01,Twitter,Bukoto,neutral
528,Standard delivery. Product works but quality is average.,2023-08-28,Google,Ntinda,neutral
529,Best shopping experience! Quality products and great prices. Located in Kawempe.,2024-06-15,Website,Kololo,positive
530,Very disappointed. Product quality is poor and service is worse. Located in Kampala.,2024-02-10,Google,Ntinda,negative
531,Amazing service! The team went above and beyond to help me. Located in Lubaga.,2024-12-13,Twitter,Bukoto,positive
532,Not satisfied with the product. Quality is below expectations.,2024-04-24,WhatsApp,Kawempe,negative
533,Best shop in Kawempe. Quality products and great service.,2024-06-17,Facebook,Nakawa,positive
534,Slow response time and poor communication from the business. Great restaurant!,2023-09-09,Facebook,Bukoto,negative
535,Average experience overall. Product is fine but not great.,2024-01-15,WhatsApp,Makindye,neutral
536,Amazing service! The team went above and beyond to help me.,2024-09-12,Facebook,Nakawa,positive
537,Fair experience overall. Nothing exceptional but acceptable.,2023-02-23,WhatsApp,Nakawa,neutral
538,Great experience overall. Will be a returning customer.,2024-07-24,Facebook,Nakawa,positive
539,Amazing experience! The product arrived on time and in perfect condition.,2024-09-29,Google,Makindye,positive
540,Okay delivery time. Product is functional and usable. Located in Central.,2024-07-27,WhatsApp,Kawempe,neutral
541,Top-notch quality. Exceeded my expectations completely.,2024-10-19,Website,Lubaga,positive
542,Great service! Very fast delivery in Kampala. Highly recommend! Located in Kampala. Great store!,2024-04-19,Google,Kawempe,positive
543,Top quality products at reasonable prices. Highly recommended! Located in Makindye. Great experience!,2023-11-17,Twitter,Kampala,positive
544,Love shopping here! Always get great deals and quality products.,2023-03-25,Website,Central,positive
545,Top quality products at reasonable prices. Highly recommended!,2023-02-07,Google,Muyenga,positive
546,"Outstanding business! Professional, reliable, and customer-focused.",2023-02-26,Twitter,Kololo,positive
547,Quick response time and excellent customer care. Highly recommended! Great shop!,2023-12-02,Website,Nakawa,positive
548,Great prices and even better service. Highly recommend this business!,2024-10-26,Facebook,Kawempe,positive
549,Very slow delivery. Took over a week to arrive in Kampala. Located in Nakawa.,2024-08-01,Google,Kololo,negative
550,Product didn't work as expected. Waste of money.,2024-10-22,WhatsApp,Kololo,negative
551,Product is functional. Does what it's supposed to do.,2024-11-04,WhatsApp,Kawempe,neutral
552,Poor value for money. Better options available elsewhere.,2024-02-08,Instagram,Nakawa,negative
553,Delivery was on time. Product is as expected. Located in Muyenga.,2024-01-28,Website,Lubaga,neutral
554,Outstanding quality and service. Will definitely shop here again. Located in Kawempe.,2024-08-21,Google,Central,positive
555,Great experience overall. Will be a returning customer.,2024-05-07,Instagram,Makindye,positive
556,Great experience from start to finish. Will shop here again! Located in Kampala.,2024-03-26,Google,Central,positive
557,Product works as expected. No major issues or complaints. Located in Nakawa.,2023-01-28,WhatsApp,Central,neutral
558,Delivery issues. Package arrived late and damaged. Located in Makindye.,2023-03-05,Google,Ntinda,negative
559,Excellent customer support. They responded quickly to my questions.,2023-05-11,WhatsApp,Muyenga,positive
560,Great business with excellent customer care. Very professional. Located in Lubaga.,2023-06-19,Twitter,Muyenga,positive
561,Best customer service I've experienced. Products are top quality. Located in Kawempe.,2024-02-08,Google,Bukoto,positive
562,Best shop in Kawempe. Quality products and great service.,2023-09-04,WhatsApp,Lubaga,positive
563,"Fast delivery, good quality, fair prices. What more could you ask for? Great order!",2023-03-18,WhatsApp,Central,positive
564,Product was defective but they refused to refund. Bad business. Located in Ntinda.,2023-10-03,Google,Muyenga,negative
565,"Outstanding business! Professional, reliable, and customer-focused.",2024-09-07,Instagram,Kampala,positive
566,Product was defective but they refused to refund. Bad business. Located in Lubaga.,2023-09-09,Instagram,Bukoto,negative
567,Great service! Very fast delivery in Kampala. Highly recommend!,2023-07-28,Website,Central,positive
568,Average experience overall. Product is fine but not great.,2023-05-02,Facebook,Kawempe,neutral
569,Very satisfied with my purchase. Great quality and fast delivery.,2024-09-21,Instagram,Lubaga,positive
570,Product is fine. Meets expectations without exceeding them. Located in Lubaga. Great product!,2023-04-25,Facebook,Makindye,neutral
571,Decent service. No major complaints but nothing impressive. Great experience!,2023-02-28,Facebook,Central,neutral
572,Best shop in Kawempe. Quality products and great service.,2023-07-08,Google,Bukoto,positive
573,Best shopping experience! Quality products and great prices. Located in Kampala.,2023-04-25,WhatsApp,Ntinda,positive
574,Top quality products at reasonable prices. Highly recommended!,2024-09-17,Google,Ntinda,positive
575,Great experience from start to finish. Will shop here again! Located in Ntinda.,2024-07-19,Instagram,Kawempe,positive
576,Overpriced products with low quality. Not good value for money. Located in Kololo.,2024-10-07,Instagram,Kololo,negative
577,Poor value for money. Better options available elsewhere.,2023-06-30,Instagram,Muyenga,negative
578,"Outstanding business! Professional, reliable, and customer-focused.",2023-04-08,Twitter,Kololo,positive
579,Product broke after just one week of use. Very poor quality. Located in Lubaga. Great shop!,2024-09-06,Google,Kawempe,negative
580,Great value for money. Fast delivery and excellent packaging.,2024-09-01,Instagram,Makindye,positive
581,Great business with excellent customer care. Very professional.,2023-11-26,Google,Lubaga,positive
582,Decent service. No major complaints but nothing impressive.,2024-09-03,Twitter,Muyenga,neutral
583,Great business with excellent customer care. Very professional. Located in Muyenga.,2024-05-16,Instagram,Kawempe,positive
584,Best prices in Nakawa area. Great value for money.,2024-07-30,Twitter,Kololo,positive
585,Okay experience. Nothing to complain about but not impressed either. Located in Bukoto.,2023-11-16,Twitter,Kawempe,neutral
586,Outstanding service! The staff was very helpful and friendly. Located in Nakawa.,2023-01-18,WhatsApp,Ntinda,positive
587,Would not buy from here again. Poor experience overall.,2024-04-25,Twitter,Kololo,negative
588,Professional service and high-quality products. Very happy! Located in Central.,2023-02-21,Twitter,Bukoto,positive
589,Great service! Very fast delivery in Kampala. Highly recommend! Located in Ntinda.,2023-10-25,WhatsApp,Ntinda,positive
590,Best customer service I've experienced. Products are top quality. Located in Central. Great order!,2023-01-29,Website,Kololo,positive
591,Amazing experience! The product arrived on time and in perfect condition. Located in Makindye.,2024-07-14,WhatsApp,Muyenga,positive
592,Decent value. Product works as expected. Located in Kololo.,2024-03-07,WhatsApp,Kololo,neutral
593,Excellent communication and fast delivery. Highly satisfied!,2023-06-21,Website,Kampala,positive
594,Great value for money. Fast delivery and excellent packaging. Located in Central.,2023-12-30,Facebook,Central,positive
595,Great prices and even better service. Highly recommend this business!,2023-08-12,Twitter,Nakawa,positive
596,Amazing service! The team went above and beyond to help me.,2024-01-30,Website,Ntinda,positive
597,Great service! Very fast delivery in Kampala. Highly recommend!,2024-02-13,Twitter,Lubaga,positive
598,Great value for money. Fast delivery and excellent packaging. Located in Makindye.,2023-11-02,Website,Kampala,positive
599,Great prices and even better service. Highly recommend this business!,2024-01-12,Google,Bukoto,positive
600,Great products at affordable prices. Very satisfied with my purchase.,2023-08-07,Google,Nakawa,positive
601,Product broke after just one week of use. Very poor quality. Located in Kololo. Great delivery!,2023-08-12,WhatsApp,Bukoto,negative
602,Excellent products and service. Best in the area!,2023-01-15,Google,Kololo,positive
603,Best shopping experience! Quality products and great prices.,2024-11-22,Facebook,Nakawa,positive
604,Excellent products and service. Best in the area! Located in Nakawa.,2024-11-08,Facebook,Nakawa,positive
605,Overpriced compared to other shops in Nakawa area.,2024-10-12,Facebook,Bukoto,negative
606,Okay product quality. Price matches the value received. Great shop!,2024-07-07,Facebook,Bukoto,neutral
607,"Fast shipping, good quality, and excellent customer support. Located in Kololo. Great customer!",2023-11-30,Twitter,Nakawa,positive
608,Outstanding service! The staff was very helpful and friendly.,2024-11-24,Twitter,Kawempe,positive
609,Not satisfied with the product. Quality is below expectations.,2023-04-01,WhatsApp,Bukoto,negative
610,Best prices in Nakawa area. Great value for money.,2023-05-04,Website,Ntinda,positive
611,Love the product quality. Fast shipping and good packaging. Located in Ntinda. Great price!,2024-01-30,Facebook,Bukoto,positive
612,Delivery was on time. Product is as expected.,2024-07-28,Twitter,Kampala,neutral
613,Average quality products. Functional but not impressive. Located in Bukoto.,2024-01-15,WhatsApp,Ntinda,neutral
614,Best prices in Nakawa area. Great value for money. Great purchase!,2024-12-04,Website,Muyenga,positive
615,Average product quality. Meets basic needs adequately.,2023-03-30,WhatsApp,Nakawa,neutral
616,Amazing experience! The product arrived on time and in perfect condition.,2024-10-03,Facebook,Central,positive
617,Best shopping experience! Quality products and great prices.,2023-04-21,Facebook,Ntinda,positive
618,Top-notch quality. Exceeded my expectations completely. Located in Bukoto.,2023-03-18,Twitter,Ntinda,positive
619,Standard experience. Product does what it needs to do. Great business!,2024-04-14,WhatsApp,Kampala,neutral
620,Decent service. No major complaints but nothing impressive.,2024-09-12,Website,Muyenga,neutral
621,Best shopping experience! Quality products and great prices. Located in Bukoto.,2023-10-06,Twitter,Kawempe,positive
622,"Outstanding business! Professional, reliable, and customer-focused.",2023-08-26,Google,Nakawa,positive
623,Great prices and even better service. Highly recommend this business! Located in Lubaga.,2024-11-08,Website,Makindye,positive
624,Great prices and even better service. Highly recommend this business! Great packaging!,2024-12-15,Google,Lubaga,positive
625,Amazing service! The team went above and beyond to help me. Located in Kawempe. Great shipping!,2023-09-15,Google,Kololo,positive
626,Delivery issues. Package arrived late and damaged. Located in Kololo.,2023-10-31,Google,Central,negative
627,Product arrived damaged and customer service refused to help. Located in Ntinda.,2024-10-18,Twitter,Kampala,negative
628,Love shopping here! Always get great deals and quality products.,2023-10-29,Google,Ntinda,positive
629,Poor value for money. Better options available elsewhere.,2024-08-14,Google,Kololo,negative
630,Excellent products and service. Best in the area!,2024-09-12,Google,Bukoto,positive
631,Standard experience. Product does what it needs to do. Great experience!,2023-12-20,Website,Kololo,neutral
632,Standard quality. Nothing to complain about or praise.,2024-07-21,WhatsApp,Central,neutral
633,Okay service. Nothing special but gets the job done.,2023-11-25,Instagram,Kampala,neutral
634,Best customer service I've experienced. Products are top quality.,2024-07-29,WhatsApp,Bukoto,positive
635,Terrible customer service. No help when I had an issue. Located in Kololo.,2024-07-20,Instagram,Makindye,negative
636,Average product quality. Meets basic expectations.,2023-10-27,WhatsApp,Muyenga,neutral
637,Okay delivery time. Product is functional and usable.,2024-08-07,Google,Kampala,neutral
638,Standard business service. Acceptable but not exceptional. Located in Muyenga.,2023-03-10,WhatsApp,Nakawa,neutral
639,Great business with excellent customer care. Very professional.,2023-10-12,Facebook,Makindye,positive
640,"Fast shipping, good quality, and excellent customer support. Located in Nakawa.",2023-02-14,Website,Ntinda,positive
641,Amazing service! The team went above and beyond to help me. Great business!,2023-12-18,Twitter,Kawempe,positive
642,Outstanding service! The staff was very helpful and friendly.,2023-07-13,Website,Kampala,positive
643,"Fast shipping, good quality, and excellent customer support.",2024-04-05,Website,Nakawa,positive
644,Great experience overall. Will be a returning customer.,2024-09-13,Google,Ntinda,positive
645,Quick response time and excellent customer care. Highly recommended! Located in Lubaga.,2024-08-26,Website,Makindye,positive
646,Great value for money. Fast delivery and excellent packaging.,2024-12-30,Instagram,Kampala,positive
647,Excellent communication and fast delivery. Highly satisfied!,2024-01-28,Instagram,Kawempe,positive
648,Okay experience. Nothing to complain about but not impressed either. Located in Lubaga.,2023-01-30,WhatsApp,Central,neutral
649,Average quality. Price is reasonable for what you get.,2024-10-25,Google,Kampala,neutral
650,Standard quality. Nothing to complain about or praise. Located in Kawempe.,2023-06-28,Google,Lubaga,neutral
651,Love shopping here! Always get great deals and quality products. Great business!,2024-02-01,Twitter,Kampala,positive
652,Product was defective but they refused to refund. Bad business. Great restaurant!,2024-08-30,Instagram,Nakawa,negative
653,Product was defective but they refused to refund. Bad business. Located in Lubaga.,2024-07-08,WhatsApp,Muyenga,negative
654,Average product quality. Meets basic needs adequately.,2024-08-04,Twitter,Ntinda,neutral
655,Quick response time and excellent customer care. Highly recommended! Located in Nakawa.,2024-05-21,Twitter,Kawempe,positive
656,Product broke after just one week of use. Very poor quality.,2024-11-16,WhatsApp,Makindye,negative
657,Great experience overall. Will be a returning customer.,2024-01-01,Facebook,Bukoto,positive
658,Excellent business! Highly professional and reliable.,2023-04-09,Facebook,Central,positive
659,Amazing service! The team went above and beyond to help me.,2023-12-21,Instagram,Kampala,positive
660,Average product quality. Meets basic needs adequately. Located in Kawempe.,2023-04-13,Instagram,Central,neutral
661,"Fast delivery, good quality, fair prices. What more could you ask for? Located in Central. Great order!",2024-04-16,Website,Muyenga,positive
662,Okay experience. Nothing to complain about but not impressed either. Located in Nakawa. Great quality!,2023-06-17,WhatsApp,Lubaga,neutral
663,Great prices and even better service. Highly recommend this business!,2023-11-30,Website,Kololo,positive
664,Great experience overall. Will be a returning customer. Located in Lubaga.,2024-06-02,Instagram,Bukoto,positive
665,Great experience overall. Will be a returning customer. Located in Bukoto.,2023-10-19,Instagram,Kololo,positive
666,Product works as expected. No major issues or complaints.,2023-02-19,Instagram,Ntinda,neutral
667,Excellent business! Highly professional and reliable.,2023-07-01,Twitter,Makindye,positive
668,Excellent customer support. They responded quickly to my questions.,2024-03-12,Website,Makindye,positive
669,Great experience overall. Will be a returning customer.,2023-10-30,Google,Makindye,positive
670,"Fast shipping, good quality, and excellent customer support. Located in Lubaga. Great shop!",2024-08-10,Website,Kampala,positive
671,Customer service was unresponsive. Had to wait days for a reply.,2023-07-14,Facebook,Kampala,negative
672,Outstanding quality and service. Will definitely shop here again. Located in Makindye.,2023-02-17,Website,Central,positive
673,Love the product quality. Fast shipping and good packaging.,2024-03-23,WhatsApp,Kampala,positive
674,Love the product quality. Fast shipping and good packaging.,2024-04-01,Facebook,Central,positive
675,Love shopping here! Always get great deals and quality products.,2024-09-22,Website,Central,positive
676,"Outstanding business! Professional, reliable, and customer-focused. Located in Muyenga. Great product!",2024-02-18,Twitter,Kampala,positive
677,Excellent products and service. Best in the area!,2024-02-12,Google,Muyenga,positive
678,Great value for money. Fast delivery and excellent packaging.,2023-08-21,WhatsApp,Makindye,positive
679,Excellent business! Highly professional and reliable. Located in Lubaga.,2024-02-07,Google,Kawempe,positive
680,Great experience from start to finish. Will shop here again! Located in Makindye.,2023-08-18,Website,Lubaga,positive
681,Great prices and even better service. Highly recommend this business!,2024-04-19,Google,Lubaga,positive
682,Average quality. Price is reasonable for what you get.,2023-05-02,WhatsApp,Kololo,neutral
683,Okay product quality. Price matches the value received. Located in Muyenga.,2023-12-28,Google,Kololo,neutral
684,Great products at affordable prices. Very satisfied with my purchase.,2024-03-08,Google,Nakawa,positive
685,Product is okay. Nothing special but serves its purpose. Located in Muyenga.,2023-03-11,Google,Muyenga,neutral
686,Okay service. Nothing special but gets the job done.,2024-02-27,Facebook,Ntinda,neutral
687,Outstanding service! The staff was very helpful and friendly.,2023-05-02,Twitter,Central,positive
688,Best shop in Kawempe. Quality products and great service.,2024-06-12,WhatsApp,Kololo,positive
689,Decent value. Product works as expected.,2024-08-15,Twitter,Kawempe,neutral
690,Delivery was on time. Product is as expected.,2023-06-27,WhatsApp,Nakawa,neutral
691,"Fast delivery, good quality, fair prices. What more could you ask for? Located in Lubaga.",2024-10-23,Facebook,Muyenga,positive
692,"Fast delivery, good quality, fair prices. What more could you ask for? Located in Nakawa. Great product!",2024-01-18,Instagram,Ntinda,positive
693,Decent quality products. Price is fair for what you receive.,2023-11-16,WhatsApp,Kampala,neutral
694,Outstanding service! The staff was very helpful and friendly.,2024-11-06,WhatsApp,Central,positive
695,Average quality. Nothing special but nothing wrong either.,2024-05-25,Twitter,Ntinda,neutral
696,Love the product quality. Fast shipping and good packaging. Located in Kololo.,2023-11-24,Twitter,Lubaga,positive
697,Best prices in Nakawa area. Great value for money. Great service!,2024-09-05,Instagram,Kampala,positive
698,Quick response time and excellent customer care. Highly recommended! Great purchase!,2024-12-23,Facebook,Central,positive
699,Great experience overall. Will be a returning customer.,2023-08-22,Website,Bukoto,positive
700,Great service! Very fast delivery in Kampala. Highly recommend! Located in Kampala.,2024-01-13,Twitter,Makindye,positive
701,Standard delivery time. Product quality is average.,2023-10-28,Google,Kampala,neutral
702,Product works as expected. No major issues or complaints. Great customer!,2024-05-15,Website,Kawempe,neutral
703,Product was defective but they refused to refund. Bad business.,2024-05-21,Facebook,Nakawa,negative
704,Outstanding quality and service. Will definitely shop here again.,2023-10-18,WhatsApp,Kawempe,positive
705,Great prices and even better service. Highly recommend this business!,2023-12-11,Website,Kawempe,positive
706,Product works fine. Decent quality for the price paid.,2024-06-17,Google,Kawempe,neutral
707,Great business with excellent customer care. Very professional. Great store!,2023-07-24,Twitter,Makindye,positive
708,Top-notch quality. Exceeded my expectations completely. Great product!,2023-03-10,WhatsApp,Kololo,positive
709,Okay product quality. Price matches the value received. Great support!,2023-01-29,Instagram,Central,neutral
710,Amazing quality products. Will definitely buy again from this shop. Located in Makindye. Great product!,2023-06-09,Instagram,Makindye,positive
711,"Fast delivery, good quality, fair prices. What more could you ask for?",2024-06-24,Instagram,Nakawa,positive
712,Best shop in Kawempe. Quality products and great service. Located in Ntinda. Great delivery!,2023-06-08,Twitter,Kololo,positive
713,Best shop in Kawempe. Quality products and great service. Located in Muyenga.,2023-05-22,Instagram,Kololo,positive
714,Fair experience overall. Nothing exceptional but acceptable. Located in Ntinda.,2024-02-20,Google,Bukoto,neutral
715,Top-notch quality. Exceeded my expectations completely.,2024-04-26,Facebook,Muyenga,positive
716,Standard delivery time. Product quality is average. Located in Bukoto.,2023-07-11,WhatsApp,Kololo,neutral
717,Top-notch quality. Exceeded my expectations completely.,2023-12-23,Facebook,Central,positive
718,Standard experience. Product does what it needs to do.,2023-06-28,WhatsApp,Makindye,neutral
719,Amazing experience! The product arrived on time and in perfect condition.,2023-09-26,Twitter,Makindye,positive
720,Excellent communication and fast delivery. Highly satisfied! Great experience!,2023-08-03,Instagram,Ntinda,positive
721,Amazing experience! The product arrived on time and in perfect condition.,2024-10-28,Google,Central,positive
722,Standard experience. Product does what it needs to do. Located in Bukoto.,2023-06-20,Facebook,Bukoto,neutral
723,Standard delivery. Product works but quality is average.,2023-08-29,Facebook,Kololo,neutral
724,Very satisfied with my purchase. Great quality and fast delivery.,2023-08-21,Twitter,Central,positive
725,Okay service. Product meets basic requirements. Located in Kampala.,2024-08-25,Website,Kawempe,neutral
726,Love shopping here! Always get great deals and quality products.,2023-02-02,Website,Ntinda,positive
727,Not satisfied at all. Product quality is below standard. Great shipping!,2024-03-10,WhatsApp,Bukoto,negative
728,Standard service. No complaints but nothing exceptional either.,2023-06-26,Website,Central,neutral
729,Slow response time and poor communication from the business. Located in Kawempe.,2023-06-22,Instagram,Makindye,negative
730,"Fast shipping, good quality, and excellent customer support.",2024-04-12,Website,Nakawa,positive
731,Average quality. Nothing special but nothing wrong either. Located in Lubaga.,2023-12-31,Website,Central,neutral
732,Average product quality. Meets basic needs adequately. Great support!,2023-08-13,Facebook,Kampala,neutral
733,Standard delivery. Product works but quality is average.,2024-10-17,Facebook,Central,neutral
734,Poor customer service. Staff was rude and unhelpful. Great customer!,2023-02-21,Website,Makindye,negative
735,Amazing experience! The product arrived on time and in perfect condition. Located in Kampala.,2023-07-31,WhatsApp,Nakawa,positive
736,Great service! Very fast delivery in Kampala. Highly recommend!,2023-01-25,Facebook,Nakawa,positive
737,Excellent customer support. They responded quickly to my questions. Located in Ntinda.,2023-04-11,Facebook,Central,positive
738,Decent quality products. Price is fair for what you receive. Located in Bukoto.,2024-11-27,Website,Central,neutral
739,Product is functional. Does what it's supposed to do. Great restaurant!,2024-04-11,Google,Kampala,neutral
740,Product is functional. Does what it's supposed to do. Located in Makindye. Great price!,2023-05-07,Instagram,Nakawa,neutral
741,Fair value for money. Quality is acceptable but not premium.,2024-04-10,Twitter,Makindye,neutral
742,Best customer service I've experienced. Products are top quality. Located in Ntinda. Great price!,2024-09-23,Google,Makindye,positive
743,Great products at affordable prices. Very satisfied with my purchase.,2023-12-10,Google,Kampala,positive
744,Average product quality. Meets basic needs adequately. Great shipping!,2023-09-13,Website,Lubaga,neutral
745,Best shop in Kawempe. Quality products and great service.,2024-02-02,Twitter,Lubaga,positive
746,Outstanding quality and service. Will definitely shop here again. Great purchase!,2023-11-30,Twitter,Muyenga,positive
747,Product is functional. Does what it's supposed to do. Located in Lubaga.,2023-10-23,Twitter,Lubaga,neutral
748,"Fast shipping, good quality, and excellent customer support.",2024-05-29,WhatsApp,Lubaga,positive
749,Standard delivery. Product works but quality is average. Located in Central.,2024-06-04,Website,Ntinda,neutral
750,Amazing quality products. Will definitely buy again from this shop.,2024-11-04,Google,Bukoto,positive
751,Best customer service I've experienced. Products are top quality.,2023-06-16,Facebook,Kawempe,positive
752,Top quality products at reasonable prices. Highly recommended! Great support!,2024-07-02,WhatsApp,Nakawa,positive
753,Top-notch quality. Exceeded my expectations completely. Located in Kampala.,2023-06-15,Google,Nakawa,positive
754,"Outstanding business! Professional, reliable, and customer-focused.",2024-07-29,WhatsApp,Kololo,positive
755,Product is fine. Meets expectations without exceeding them. Located in Muyenga.,2024-11-16,Instagram,Kampala,neutral
756,Excellent customer support. They responded quickly to my questions. Located in Muyenga. Great staff!,2024-05-25,Facebook,Lubaga,positive
757,Average experience. Product is functional and adequate. Great support!,2024-05-09,Facebook,Ntinda,neutral
758,Great service! Very fast delivery in Kampala. Highly recommend!,2024-12-16,Website,Makindye,positive
759,Amazing service! The team went above and beyond to help me.,2023-03-01,Facebook,Kololo,positive
760,Excellent products and service. Best in the area!,2023-08-12,Twitter,Muyenga,positive
761,"Fast shipping, good quality, and excellent customer support. Located in Bukoto.",2024-12-18,Google,Nakawa,positive
762,Decent value. Product works as expected.,2024-01-21,Website,Nakawa,neutral
763,Amazing experience! The product arrived on time and in perfect condition.,2023-01-07,Google,Kampala,positive
764,Great business with excellent customer care. Very professional.,2023-09-10,Instagram,Kampala,positive
765,Excellent customer support. They responded quickly to my questions. Located in Bukoto.,2024-06-11,Website,Central,positive
766,Customer service was unresponsive. Had to wait days for a reply.,2023-05-10,Twitter,Bukoto,negative
767,Excellent communication and fast delivery. Highly satisfied! Great quality!,2024-07-15,Twitter,Central,positive
768,Standard business service. Acceptable but not exceptional. Great quality!,2023-01-20,Twitter,Kampala,neutral
769,Average experience overall. Product is fine but not great. Located in Central.,2024-09-08,Twitter,Kawempe,neutral
770,Terrible experience. Would not recommend this business to anyone.,2024-05-04,Website,Nakawa,negative
771,Top quality products at reasonable prices. Highly recommended! Great shop!,2023-08-13,WhatsApp,Nakawa,positive
772,Quick response time and excellent customer care. Highly recommended! Located in Kampala.,2024-05-11,Twitter,Central,positive
773,Top quality products at reasonable prices. Highly recommended! Located in Makindye.,2023-05-16,Facebook,Kampala,positive
774,Top-notch quality. Exceeded my expectations completely.,2023-06-15,Google,Bukoto,positive
775,Love shopping here! Always get great deals and quality products.,2023-09-14,Instagram,Central,positive
776,Disappointing experience. Would not recommend this shop. Great staff!,2023-06-26,WhatsApp,Muyenga,negative
777,"Fast delivery, good quality, fair prices. What more could you ask for? Great support!",2024-03-19,Website,Ntinda,positive
778,Overpriced compared to other shops in Nakawa area. Located in Ntinda.,2023-02-03,Website,Makindye,negative
779,Very satisfied with my purchase. Great quality and fast delivery.,2023-11-12,Twitter,Kololo,positive
780,Great prices and even better service. Highly recommend this business!,2024-02-11,Twitter,Kololo,positive
781,Poor customer service. Staff was rude and unhelpful.,2023-08-09,Google,Central,negative
782,Poor packaging led to damaged goods. Very unprofessional. Great shipping!,2023-10-14,Instagram,Lubaga,negative
783,Customer service needs major improvement. Very unprofessional.,2023-09-13,Google,Ntinda,negative
784,Love the product quality. Fast shipping and good packaging. Located in Kawempe.,2024-10-13,Twitter,Kawempe,positive
785,Product is okay. Nothing special but serves its purpose.,2024-08-22,Google,Ntinda,neutral
786,Excellent communication and fast delivery. Highly satisfied!,2024-11-10,Google,Ntinda,positive
787,Best customer service I've experienced. Products are top quality.,2023-05-29,WhatsApp,Lubaga,positive
788,Amazing experience! The product arrived on time and in perfect condition.,2024-08-03,Website,Lubaga,positive
789,Excellent business! Highly professional and reliable.,2024-05-22,Google,Ntinda,positive
790,Best shopping experience! Quality products and great prices.,2023-08-15,WhatsApp,Muyenga,positive
791,Delivery was on time. Product is as expected.,2024-06-05,Website,Bukoto,neutral
792,Great products at affordable prices. Very satisfied with my purchase. Great quality!,2023-01-10,Website,Muyenga,positive
793,Average quality. Nothing special but nothing wrong either.,2024-03-06,Website,Makindye,neutral
794,Very satisfied with my purchase. Great quality and fast delivery. Located in Nakawa. Great customer!,2024-06-21,WhatsApp,Kololo,positive
795,Great service! Very fast delivery in Kampala. Highly recommend!,2023-09-10,Twitter,Ntinda,positive
796,Slow response time and poor communication from the business. Located in Kampala.,2023-09-14,Google,Lubaga,negative
797,Excellent business! Highly professional and reliable.,2023-05-17,WhatsApp,Bukoto,positive
798,Quick response time and excellent customer care. Highly recommended! Great purchase!,2024-02-03,Twitter,Nakawa,positive
799,Very slow delivery and unresponsive customer support. Great service!,2023-11-06,WhatsApp,Nakawa,negative
800,Product works as expected. No major issues or complaints. Located in Makindye.,2024-09-09,WhatsApp,Muyenga,neutral
801,Okay product quality. Price matches the value received. Located in Kampala.,2024-02-22,Website,Kawempe,neutral
802,"Outstanding business! Professional, reliable, and customer-focused.",2023-10-30,Twitter,Kawempe,positive
803,Great prices and even better service. Highly recommend this business!,2024-08-21,Facebook,Lubaga,positive
804,Very disappointed with the quality. Not worth the money paid.,2023-12-24,Google,Kampala,negative
805,Top-notch quality. Exceeded my expectations completely. Great experience!,2024-05-24,Google,Nakawa,positive
806,Great experience from start to finish. Will shop here again! Located in Ntinda.,2024-11-22,Google,Kololo,positive
807,Standard service. No complaints but nothing exceptional either. Great price!,2024-08-03,Twitter,Ntinda,neutral
808,Okay product quality. Price matches the value received. Located in Makindye. Great service!,2023-08-21,Facebook,Kololo,neutral
809,Delivery was on time. Product is as expected.,2024-07-14,WhatsApp,Muyenga,neutral
810,Amazing quality products. Will definitely buy again from this shop. Located in Nakawa.,2023-11-17,Facebook,Bukoto,positive
811,Excellent communication and fast delivery. Highly satisfied! Located in Bukoto.,2024-02-02,Instagram,Central,positive
812,Okay experience. Nothing to complain about but not impressed either.,2024-11-02,Twitter,Kololo,neutral
813,"Fast delivery, good quality, fair prices. What more could you ask for? Located in Bukoto.",2024-05-19,Website,Nakawa,positive
814,"Fast delivery, good quality, fair prices. What more could you ask for? Great experience!",2024-05-31,WhatsApp,Bukoto,positive
815,Product is okay. Nothing special but serves its purpose.,2023-04-06,Google,Makindye,neutral
816,Average product quality. Meets basic needs adequately.,2023-01-08,WhatsApp,Makindye,neutral
817,Average product quality. Meets basic needs adequately. Located in Kololo.,2023-05-30,Facebook,Nakawa,neutral
818,Best customer service I've experienced. Products are top quality. Great customer!,2024-11-23,Instagram,Central,positive
819,Delivery was on time. Product is as expected.,2024-01-31,Twitter,Makindye,neutral
820,Top-notch quality. Exceeded my expectations completely.,2024-11-08,Website,Nakawa,positive
821,Love the product quality. Fast shipping and good packaging. Located in Central. Great business!,2023-10-03,Facebook,Nakawa,positive
822,Best shopping experience! Quality products and great prices.,2023-12-30,Twitter,Kawempe,positive
823,Excellent customer support. They responded quickly to my questions. Located in Ntinda.,2023-02-20,Website,Kampala,positive
824,Best shopping experience! Quality products and great prices. Located in Lubaga.,2024-12-09,Website,Bukoto,positive
825,Love the product quality. Fast shipping and good packaging.,2023-09-02,Instagram,Central,positive
826,Delivery issues. Package arrived late and damaged. Located in Kololo.,2023-05-29,Website,Kampala,negative
827,Quick response time and excellent customer care. Highly recommended!,2024-08-28,Google,Kololo,positive
828,Best customer service I've experienced. Products are top quality. Located in Nakawa.,2023-09-27,Twitter,Central,positive
829,Excellent products and service. Best in the area! Located in Kampala.,2024-06-12,Website,Kawempe,positive
830,Great experience overall. Will be a returning customer.,2023-09-07,WhatsApp,Kawempe,positive
831,Great experience overall. Will be a returning customer.,2023-03-15,Google,Kawempe,positive
832,Top-notch quality. Exceeded my expectations completely. Great experience!,2023-09-10,Twitter,Bukoto,positive
833,Great business with excellent customer care. Very professional. Located in Central.,2024-06-29,Website,Bukoto,positive
834,Best customer service I've experienced. Products are top quality.,2024-02-13,Google,Ntinda,positive
835,Decent service. No major complaints but nothing impressive.,2024-10-21,Google,Kololo,neutral
836,Great products at affordable prices. Very satisfied with my purchase. Located in Ntinda.,2023-08-06,Website,Central,positive
837,Amazing experience! The product arrived on time and in perfect condition. Located in Kololo.,2023-08-14,Google,Makindye,positive
838,Delivery was delayed multiple times. Very frustrating experience.,2024-01-28,WhatsApp,Nakawa,negative
839,Outstanding service! The staff was very helpful and friendly.,2024-08-26,Instagram,Kawempe,positive
840,Great value for money. Fast delivery and excellent packaging. Located in Makindye.,2023-08-24,Instagram,Makindye,positive
841,Professional service and high-quality products. Very happy! Located in Bukoto.,2023-07-24,Google,Kololo,positive
842,Fair experience overall. Nothing exceptional but acceptable. Located in Central. Great staff!,2024-06-21,Instagram,Muyenga,neutral
843,Customer service was unresponsive. Had to wait days for a reply. Located in Nakawa.,2023-12-10,Facebook,Central,negative
844,Amazing experience! The product arrived on time and in perfect condition. Great product!,2024-12-31,Instagram,Muyenga,positive
845,Excellent products and service. Best in the area!,2023-11-20,WhatsApp,Ntinda,positive
846,Very satisfied with my purchase. Great quality and fast delivery.,2024-09-21,Website,Ntinda,positive
847,Delivery was delayed multiple times. Very frustrating experience. Great delivery!,2023-03-10,Google,Kawempe,negative
848,Average quality. Price is reasonable for what you get.,2024-09-13,Website,Nakawa,neutral
849,Okay experience. Nothing to complain about but not impressed either. Located in Bukoto.,2024-12-10,Instagram,Muyenga,neutral
850,Outstanding service! The staff was very helpful and friendly. Located in Bukoto.,2023-06-19,Instagram,Muyenga,positive
851,Decent quality products. Price is fair for what you receive. Located in Bukoto.,2024-05-23,Website,Kololo,neutral
852,Best prices in Nakawa area. Great value for money.,2023-11-20,Instagram,Nakawa,positive
853,Best prices in Nakawa area. Great value for money. Great experience!,2023-07-16,Twitter,Kampala,positive
854,Excellent business! Highly professional and reliable.,2024-01-15,Twitter,Makindye,positive
855,Standard service. No complaints but nothing exceptional either.,2024-10-20,Google,Makindye,neutral
856,Great products at affordable prices. Very satisfied with my purchase.,2023-05-26,Website,Makindye,positive
857,Okay experience. Nothing to complain about but not impressed either. Located in Kampala.,2024-01-27,Website,Ntinda,neutral
858,Average product quality. Meets basic expectations. Located in Lubaga. Great support!,2024-01-20,Instagram,Muyenga,neutral
859,Top-notch quality. Exceeded my expectations completely. Located in Ntinda.,2024-02-16,Google,Muyenga,positive
860,Amazing quality products. Will definitely buy again from this shop.,2024-06-28,WhatsApp,Bukoto,positive
861,Average quality. Nothing special but nothing wrong either.,2024-09-24,Instagram,Bukoto,neutral
862,Average experience overall. Product is fine but not great. Located in Makindye.,2024-08-19,Facebook,Kampala,neutral
863,Outstanding quality and service. Will definitely shop here again.,2024-09-16,Twitter,Kawempe,positive
864,Standard experience. Product does what it needs to do. Great purchase!,2024-06-17,Instagram,Muyenga,neutral
865,Best customer service I've experienced. Products are top quality.,2023-05-01,Twitter,Muyenga,positive
866,"Fast shipping, good quality, and excellent customer support. Great store!",2023-10-12,Facebook,Central,positive
867,Product is fine. Meets expectations without exceeding them.,2023-07-25,WhatsApp,Kampala,neutral
868,Product was defective but they refused to refund. Bad business. Located in Nakawa.,2024-08-19,Twitter,Ntinda,negative
869,Great business with excellent customer care. Very professional.,2023-09-03,Facebook,Lubaga,positive
870,Amazing service! The team went above and beyond to help me.,2023-01-05,WhatsApp,Ntinda,positive
871,Top-notch quality. Exceeded my expectations completely.,2023-04-30,Facebook,Muyenga,positive
872,Love the product quality. Fast shipping and good packaging.,2024-01-07,Google,Kololo,positive
873,Great value for money. Fast delivery and excellent packaging. Great purchase!,2024-12-01,Facebook,Kololo,positive
874,Great experience overall. Will be a returning customer.,2023-08-01,Website,Kampala,positive
875,Okay product quality. Price matches the value received. Great staff!,2024-04-12,Twitter,Lubaga,neutral
876,Amazing experience! The product arrived on time and in perfect condition.,2024-06-19,Twitter,Nakawa,positive
877,Great experience from start to finish. Will shop here again!,2024-06-03,Website,Makindye,positive
878,Excellent business! Highly professional and reliable. Great business!,2024-09-07,Google,Muyenga,positive
879,Okay service. Nothing special but gets the job done.,2024-01-22,Website,Nakawa,neutral
880,Standard quality. Nothing to complain about or praise.,2023-03-03,Website,Nakawa,neutral
881,Customer service needs major improvement. Very unprofessional. Located in Nakawa.,2023-11-19,Facebook,Lubaga,negative
882,Product was damaged on arrival. Poor packaging quality. Located in Kololo.,2024-11-02,Facebook,Kampala,negative
883,Not satisfied at all. Product quality is below standard. Located in Kawempe.,2023-02-23,WhatsApp,Central,negative
884,Product works as expected. No major issues or complaints.,2024-01-10,Instagram,Nakawa,neutral
885,Terrible customer service. No help when I had an issue.,2024-08-03,Google,Nakawa,negative
886,Average product quality. Meets basic needs adequately.,2023-01-02,Facebook,Nakawa,neutral
887,Amazing service! The team went above and beyond to help me. Great staff!,2024-05-17,Instagram,Lubaga,positive
888,Love the product quality. Fast shipping and good packaging.,2024-04-18,Facebook,Central,positive
889,Excellent customer support. They responded quickly to my questions. Located in Kawempe.,2024-02-13,Twitter,Kampala,positive
890,Would not buy from here again. Poor experience overall.,2024-11-20,Website,Kawempe,negative
891,Average quality products. Functional but not impressive.,2023-06-25,Website,Ntinda,neutral
892,Excellent business! Highly professional and reliable. Located in Kampala.,2023-11-04,Instagram,Kawempe,positive
893,Outstanding service! The staff was very helpful and friendly. Great business!,2024-03-16,Instagram,Kawempe,positive
894,Quick response time and excellent customer care. Highly recommended!,2023-01-11,Google,Makindye,positive
895,Great experience overall. Will be a returning customer.,2024-12-25,Website,Kampala,positive
896,Product is functional. Does what it's supposed to do. Great shipping!,2024-05-20,Twitter,Kololo,neutral
897,Best shopping experience! Quality products and great prices. Great customer!,2023-04-18,Facebook,Makindye,positive
898,"Outstanding business! Professional, reliable, and customer-focused. Great shop!",2024-10-08,Twitter,Nakawa,positive
899,"Fast shipping, good quality, and excellent customer support. Located in Ntinda.",2023-02-17,Website,Makindye,positive
900,Best shopping experience! Quality products and great prices.,2023-05-09,Google,Kololo,positive
901,Product is functional. Does what it's supposed to do. Great service!,2024-06-16,Twitter,Nakawa,neutral
902,Product is fine. Meets expectations without exceeding them.,2023-05-27,Instagram,Makindye,neutral
903,Excellent business! Highly professional and reliable. Located in Muyenga.,2024-11-18,Facebook,Kawempe,positive
904,Decent quality products. Price is fair for what you receive.,2024-03-28,Instagram,Nakawa,neutral
905,Excellent customer support. They responded quickly to my questions.,2023-05-18,Instagram,Makindye,positive
906,Customer service was unresponsive. Had to wait days for a reply. Located in Muyenga.,2024-05-10,WhatsApp,Bukoto,negative
907,Poor customer service. Staff was rude and unhelpful. Great experience!,2024-01-10,Instagram,Lubaga,negative
908,Product didn't work as expected. Waste of money. Great order!,2023-08-11,WhatsApp,Muyenga,negative
909,Quick response time and excellent customer care. Highly recommended!,2023-05-18,Instagram,Nakawa,positive
910,Amazing quality products. Will definitely buy again from this shop. Great customer!,2023-04-27,Google,Bukoto,positive
911,Very disappointed with the quality. Not worth the money paid.,2023-10-03,Website,Central,negative
912,Top-notch quality. Exceeded my expectations completely. Great purchase!,2023-09-11,Instagram,Kampala,positive
913,Product works fine. Decent quality for the price paid. Great purchase!,2024-07-10,Twitter,Kawempe,neutral
914,Very slow delivery and unresponsive customer support. Located in Kampala.,2024-12-26,Twitter,Makindye,negative
915,Excellent customer support. They responded quickly to my questions.,2023-07-25,Twitter,Kampala,positive
916,Best prices in Nakawa area. Great value for money.,2023-04-08,Twitter,Lubaga,positive
917,Not satisfied at all. Product quality is below standard. Located in Central.,2024-07-09,Facebook,Makindye,negative
918,Excellent communication and fast delivery. Highly satisfied!,2024-12-31,Google,Makindye,positive
919,Great experience from start to finish. Will shop here again!,2023-02-17,Website,Central,positive
920,Overpriced compared to other shops in Nakawa area.,2023-10-14,Google,Kawempe,negative
921,Outstanding service! The staff was very helpful and friendly.,2023-12-24,Website,Muyenga,positive
922,Best shopping experience! Quality products and great prices. Located in Kololo.,2024-11-10,Website,Kawempe,positive
923,Great products at affordable prices. Very satisfied with my purchase. Located in Makindye.,2023-08-05,WhatsApp,Bukoto,positive
924,Not satisfied at all. Product quality is below standard. Located in Ntinda. Great order!,2023-05-09,Facebook,Nakawa,negative
925,Outstanding service! The staff was very helpful and friendly. Located in Bukoto.,2023-08-14,Google,Makindye,positive
926,Professional service and high-quality products. Very happy!,2024-03-03,Instagram,Central,positive
927,Not satisfied with the product. Quality is below expectations.,2024-10-26,WhatsApp,Ntinda,negative
928,Great prices and even better service. Highly recommend this business!,2024-01-06,Twitter,Nakawa,positive
929,Delivery issues. Package arrived late and damaged.,2023-06-04,Twitter,Ntinda,negative
930,Great service! Very fast delivery in Kampala. Highly recommend!,2024-03-03,Instagram,Ntinda,positive
931,Standard business service. Acceptable but not exceptional.,2023-09-18,Instagram,Lubaga,neutral
932,Love the product quality. Fast shipping and good packaging.,2024-06-17,Google,Muyenga,positive
933,Product quality was disappointing. Not as described on the website.,2024-05-16,Twitter,Kampala,negative
934,Excellent communication and fast delivery. Highly satisfied!,2024-02-21,WhatsApp,Kampala,positive
935,Love the product quality. Fast shipping and good packaging.,2023-11-16,WhatsApp,Bukoto,positive
936,"Outstanding business! Professional, reliable, and customer-focused. Located in Nakawa.",2023-06-02,WhatsApp,Kololo,positive
937,Slow response time and poor communication from the business. Located in Kololo.,2023-08-27,Website,Central,negative
938,Product is okay. Nothing special but serves its purpose.,2024-07-04,Website,Kawempe,neutral
939,Best prices in Nakawa area. Great value for money.,2024-06-07,Google,Ntinda,positive
940,Amazing quality products. Will definitely buy again from this shop. Great store!,2023-05-10,Instagram,Bukoto,positive
941,Standard service. No complaints but nothing exceptional either.,2024-01-05,Website,Central,neutral
942,Excellent customer support. They responded quickly to my questions.,2023-05-09,Twitter,Kampala,positive
943,Great service! Very fast delivery in Kampala. Highly recommend!,2023-12-05,WhatsApp,Makindye,positive
944,Best customer service I've experienced. Products are top quality.,2023-12-15,Twitter,Nakawa,positive
945,Average quality. Price is reasonable for what you get.,2023-11-19,Google,Central,neutral
946,Excellent products and service. Best in the area!,2024-08-08,Twitter,Central,positive
947,"Outstanding business! Professional, reliable, and customer-focused. Located in Ntinda.",2023-06-22,Twitter,Nakawa,positive
948,"Fast shipping, good quality, and excellent customer support. Great store!",2024-11-07,Twitter,Nakawa,positive
949,Great experience overall. Will be a returning customer. Located in Ntinda.,2023-12-18,Twitter,Muyenga,positive
950,Would not buy from here again. Poor experience overall.,2024-09-09,Google,Bukoto,negative
951,Best customer service I've experienced. Products are top quality. Great staff!,2024-11-04,WhatsApp,Kampala,positive
952,Customer service needs major improvement. Very unprofessional.,2023-12-14,Website,Muyenga,negative
953,"Fast shipping, good quality, and excellent customer support.",2024-04-23,Google,Central,positive
954,Amazing experience! The product arrived on time and in perfect condition.,2024-09-16,Twitter,Lubaga,positive
955,Excellent communication and fast delivery. Highly satisfied!,2024-09-22,Facebook,Muyenga,positive
956,Average experience. Product is functional and adequate.,2023-07-21,Twitter,Muyenga,neutral
957,Product was damaged on arrival. Poor packaging quality. Great store!,2023-05-22,Facebook,Nakawa,negative
958,Average product quality. Meets basic needs adequately. Great staff!,2024-08-09,Website,Lubaga,neutral
959,Great prices and even better service. Highly recommend this business!,2024-11-16,Google,Kampala,positive
960,Great value for money. Fast delivery and excellent packaging.,2024-02-11,WhatsApp,Central,positive
961,Best shop in Kawempe. Quality products and great service.,2023-11-11,Website,Bukoto,positive
962,Decent quality products. Price is fair for what you receive.,2023-01-25,Website,Nakawa,neutral
963,Best shopping experience! Quality products and great prices. Located in Ntinda.,2023-02-21,Twitter,Nakawa,positive
964,Best shopping experience! Quality products and great prices. Located in Central.,2023-04-26,WhatsApp,Central,positive
965,Professional service and high-quality products. Very happy! Located in Makindye.,2023-01-03,WhatsApp,Kawempe,positive
966,Outstanding quality and service. Will definitely shop here again. Great delivery!,2023-08-15,Website,Lubaga,positive
967,Very slow delivery and unresponsive customer support.,2024-10-05,Instagram,Central,negative
968,Great business with excellent customer care. Very professional.,2023-04-17,Website,Lubaga,positive
969,Best customer service I've experienced. Products are top quality.,2023-10-14,Google,Makindye,positive
970,Top quality products at reasonable prices. Highly recommended! Located in Kololo.,2023-06-27,Facebook,Nakawa,positive
971,Amazing service! The team went above and beyond to help me. Great restaurant!,2024-07-19,Google,Ntinda,positive
972,Very satisfied with my purchase. Great quality and fast delivery.,2023-06-13,WhatsApp,Muyenga,positive
973,Outstanding service! The staff was very helpful and friendly. Located in Nakawa.,2024-12-22,Google,Muyenga,positive
974,Amazing experience! The product arrived on time and in perfect condition.,2023-04-18,Facebook,Nakawa,positive
975,Excellent customer support. They responded quickly to my questions.,2024-04-02,Google,Ntinda,positive
976,Okay service. Nothing special but gets the job done. Located in Ntinda.,2024-10-27,WhatsApp,Central,neutral
977,Average quality products. Functional but not impressive. Located in Kololo.,2024-02-29,Instagram,Makindye,neutral
978,Best prices in Nakawa area. Great value for money.,2024-08-09,Twitter,Central,positive
979,Amazing experience! The product arrived on time and in perfect condition.,2023-01-20,Website,Ntinda,positive
980,Product didn't work as expected. Waste of money. Great experience!,2024-04-19,Twitter,Nakawa,negative
981,Very satisfied with my purchase. Great quality and fast delivery.,2024-11-18,Google,Ntinda,positive
982,"Outstanding business! Professional, reliable, and customer-focused. Located in Central.",2024-09-24,Twitter,Kololo,positive
983,Excellent products and service. Best in the area!,2024-01-08,WhatsApp,Kampala,positive
984,Very slow delivery and unresponsive customer support. Located in Kawempe.,2024-11-13,Twitter,Ntinda,negative
985,Great value for money. Fast delivery and excellent packaging.,2024-06-25,Twitter,Lubaga,positive
986,Amazing service! The team went above and beyond to help me.,2024-04-27,Website,Kololo,positive
987,Great products at affordable prices. Very satisfied with my purchase. Great purchase!,2023-09-28,Twitter,Lubaga,positive
988,Standard experience. Product does what it needs to do.,2024-10-25,Website,Central,neutral
989,Average product quality. Meets basic expectations.,2023-10-23,Website,Muyenga,neutral
990,Average experience. Product is functional and adequate. Located in Kampala. Great product!,2024-07-10,Facebook,Makindye,neutral
991,Average product quality. Meets basic needs adequately.,2023-09-16,Instagram,Central,neutral
992,Top quality products at reasonable prices. Highly recommended! Great support!,2023-10-01,Google,Kampala,positive
993,Decent value. Product works as expected. Located in Kawempe.,2023-11-28,Facebook,Kampala,neutral
994,Excellent products and service. Best in the area! Great experience!,2024-06-29,Facebook,Kampala,positive
995,Product is functional. Does what it's supposed to do. Located in Ntinda.,2023-12-05,WhatsApp,Ntinda,neutral
996,"Outstanding business! Professional, reliable, and customer-focused.",2024-12-12,Twitter,Central,positive
997,Excellent products and service. Best in the area! Located in Bukoto. Great service!,2023-09-01,Twitter,Kawempe,positive
998,Amazing experience! The product arrived on time and in perfect condition. Great support!,2024-08-10,Facebook,Lubaga,positive
999,Excellent communication and fast delivery. Highly satisfied!,2023-09-08,Facebook,Kawempe,positive
1000,Outstanding service! The staff was very helpful and friendly. Located in Lubaga.,2024-05-25,WhatsApp,Kololo,positive
1001,Amazing experience! The product arrived on time and in perfect condition. Great packaging!,2024-09-26,Google,Central,positive
1002,Great prices and even better service. Highly recommend this business!,2024-02-24,WhatsApp,Central,positive
1003,Very slow delivery. Took over a week to arrive in Kampala. Great purchase!,2023-09-20,Facebook,Bukoto,negative
1004,Product was defective but they refused to refund. Bad business. Located in Bukoto. Great shipping!,2024-02-24,Facebook,Kololo,negative
1005,Best prices in Nakawa area. Great value for money.,2024-06-04,Website,Nakawa,positive
1006,Product was defective but they refused to refund. Bad business. Great staff!,2023-11-08,Google,Kampala,negative
1007,Great prices and even better service. Highly recommend this business!,2023-07-07,WhatsApp,Lubaga,positive
1008,Outstanding service! The staff was very helpful and friendly. Great staff!,2024-04-17,Facebook,Ntinda,positive
1009,Fair experience overall. Nothing exceptional but acceptable.,2023-10-03,Twitter,Muyenga,neutral
1010,Top quality products at reasonable prices. Highly recommended!,2023-12-17,Facebook,Ntinda,positive
1011,Quick response time and excellent customer care. Highly recommended!,2023-05-26,Instagram,Central,positive
1012,Great prices and even better service. Highly recommend this business!,2024-05-03,Facebook,Kololo,positive
1013,Great products at affordable prices. Very satisfied with my purchase. Great shop!,2023-12-05,WhatsApp,Kampala,positive
1014,Top-notch quality. Exceeded my expectations completely.,2024-12-01,Google,Makindye,positive
1015,Fair experience overall. Nothing exceptional but acceptable. Located in Bukoto.,2023-03-09,WhatsApp,Bukoto,neutral
1016,Great prices and even better service. Highly recommend this business! Located in Central.,2024-09-23,Instagram,Bukoto,positive
1017,Best shopping experience! Quality products and great prices. Great experience!,2023-02-21,Google,Muyenga,positive
1018,Product is functional. Does what it's supposed to do. Located in Kawempe.,2023-09-24,WhatsApp,Kampala,neutral
1019,Love shopping here! Always get great deals and quality products.,2024-01-05,Website,Central,positive
1020,Average product quality. Meets basic expectations.,2024-01-07,Website,Kampala,neutral
1021,Professional service and high-quality products. Very happy!,2024-10-18,Facebook,Kololo,positive
1022,Outstanding quality and service. Will definitely shop here again. Located in Central.,2023-01-30,Twitter,Ntinda,positive
1023,Best prices in Nakawa area. Great value for money.,2023-05-30,Website,Kawempe,positive
1024,"Fast delivery, good quality, fair prices. What more could you ask for?",2023-03-21,WhatsApp,Lubaga,positive
1025,Best shop in Kawempe. Quality products and great service. Located in Nakawa.,2024-03-10,Twitter,Muyenga,positive
1026,Great experience overall. Will be a returning customer.,2023-02-03,WhatsApp,Ntinda,positive
1027,Okay service. Product meets basic requirements. Located in Lubaga.,2023-06-25,Twitter,Ntinda,neutral
1028,Great service! Very fast delivery in Kampala. Highly recommend! Located in Makindye.,2023-08-23,Facebook,Bukoto,positive
1029,Great experience from start to finish. Will shop here again!,2024-01-30,Facebook,Central,positive
1030,Terrible customer service. No help when I had an issue.,2023-05-03,Instagram,Muyenga,negative
1031,Great experience overall. Will be a returning customer.,2024-01-09,Facebook,Ntinda,positive
1032,Worst shopping experience. Poor quality and terrible service.,2023-03-22,Google,Kawempe,negative
1033,Great products at affordable prices. Very satisfied with my purchase. Located in Ntinda.,2023-03-24,Google,Lubaga,positive
1034,Standard experience. Product does what it needs to do.,2024-12-10,Website,Bukoto,neutral
1035,Amazing experience! The product arrived on time and in perfect condition. Located in Nakawa.,2024-08-26,Instagram,Kololo,positive
1036,Great experience overall. Will be a returning customer.,2023-12-29,Website,Nakawa,positive
1037,Great business with excellent customer care. Very professional.,2023-06-20,Website,Central,positive
1038,Very slow delivery. Took over a week to arrive in Kampala. Located in Kawempe.,2024-11-08,Instagram,Kampala,negative
1039,Excellent business! Highly professional and reliable.,2023-07-30,WhatsApp,Central,positive
1040,Standard delivery time. Product quality is average.,2023-08-23,Instagram,Bukoto,neutral
1041,Decent service. No major complaints but nothing impressive.,2023-06-13,WhatsApp,Kawempe,neutral
1042,Decent value. Product works as expected.,2024-10-08,Website,Kawempe,neutral
1043,Standard quality. Nothing to complain about or praise. Located in Kololo.,2024-10-30,Google,Kololo,neutral
1044,Product is functional. Does what it's supposed to do. Great business!,2024-03-07,WhatsApp,Nakawa,neutral
1045,Outstanding quality and service. Will definitely shop here again.,2023-03-21,Facebook,Kololo,positive
1046,Average experience. Product is functional and adequate.,2023-07-08,Website,Ntinda,neutral
1047,Average quality. Nothing special but nothing wrong either.,2024-02-04,Google,Central,neutral
1048,Excellent customer support. They responded quickly to my questions. Located in Bukoto.,2023-03-05,Website,Central,positive
1049,Very satisfied with my purchase. Great quality and fast delivery.,2024-11-10,WhatsApp,Ntinda,positive
1050,Okay service. Product meets basic requirements.,2023-04-07,Twitter,Makindye,neutral
1051,Outstanding service! The staff was very helpful and friendly.,2024-09-28,Facebook,Nakawa,positive
1052,Delivery was on time. Product is as expected. Located in Nakawa. Great store!,2023-09-26,Twitter,Kawempe,neutral
1053,Amazing quality products. Will definitely buy again from this shop.,2023-02-27,Facebook,Lubaga,positive
1054,Okay service. Nothing special but gets the job done.,2024-03-04,Twitter,Kololo,neutral
1055,Best customer service I've experienced. Products are top quality.,2024-10-05,Google,Lubaga,positive
1056,Outstanding quality and service. Will definitely shop here again.,2023-08-17,Twitter,Kampala,positive
1057,Standard quality. Nothing to complain about or praise. Located in Nakawa. Great restaurant!,2023-08-09,Website,Kampala,neutral
1058,Love the product quality. Fast shipping and good packaging. Great price!,2023-11-20,Website,Makindye,positive
1059,Standard service. No complaints but nothing exceptional either.,2023-01-12,Instagram,Kololo,neutral
1060,Standard service. No complaints but nothing exceptional either.,2023-03-29,WhatsApp,Kampala,neutral
1061,Great business with excellent customer care. Very professional. Located in Lubaga.,2023-01-20,Facebook,Nakawa,positive
1062,Product is okay. Nothing special but serves its purpose.,2024-08-17,Google,Lubaga,neutral
1063,Standard quality. Nothing to complain about or praise. Located in Central.,2023-03-19,Facebook,Central,neutral
1064,"Outstanding business! Professional, reliable, and customer-focused.",2024-05-13,Google,Bukoto,positive
1065,Standard quality. Nothing to complain about or praise. Great order!,2023-05-25,WhatsApp,Bukoto,neutral
1066,Top quality products at reasonable prices. Highly recommended!,2024-11-18,Facebook,Lubaga,positive
1067,Excellent products and service. Best in the area!,2023-08-02,Website,Lubaga,positive
1068,Amazing quality products. Will definitely buy again from this shop.,2024-04-06,Instagram,Nakawa,positive
1069,Average experience. Product is functional and adequate. Located in Makindye. Great business!,2023-03-22,Twitter,Makindye,neutral
1070,Best shop in Kawempe. Quality products and great service.,2024-06-22,Twitter,Bukoto,positive
1071,Love shopping here! Always get great deals and quality products.,2024-07-14,Google,Kololo,positive
1072,Decent service. No major complaints but nothing impressive. Located in Kololo.,2024-11-25,Website,Ntinda,neutral
1073,Excellent products and service. Best in the area! Located in Kawempe.,2023-11-07,Google,Kampala,positive
1074,Average quality. Price is reasonable for what you get. Great service!,2024-11-26,Instagram,Lubaga,neutral
1075,Love the product quality. Fast shipping and good packaging. Located in Central.,2024-03-26,Twitter,Kawempe,positive
1076,Outstanding service! The staff was very helpful and friendly.,2023-04-06,Instagram,Kampala,positive
1077,Fair prices and acceptable quality. Nothing outstanding. Great staff!,2024-03-07,Website,Bukoto,neutral
1078,Excellent products and service. Best in the area!,2024-11-03,Twitter,Bukoto,positive
1079,Quick response time and excellent customer care. Highly recommended!,2024-03-07,Facebook,Lubaga,positive
1080,Great products at affordable prices. Very satisfied with my purchase.,2024-05-11,Twitter,Central,positive
1081,Excellent communication and fast delivery. Highly satisfied! Great store!,2023-10-13,Website,Ntinda,positive
1082,Overpriced products with low quality. Not good value for money.,2024-06-14,Twitter,Makindye,negative
1083,Excellent communication and fast delivery. Highly satisfied!,2024-05-22,Instagram,Makindye,positive
1084,Great prices and even better service. Highly recommend this business! Located in Kampala.,2023-10-20,Facebook,Muyenga,positive
1085,Poor quality products. Broke within days of purchase. Located in Central.,2024-04-22,Website,Lubaga,negative
1086,Great prices and even better service. Highly recommend this business! Located in Ntinda. Great price!,2024-09-16,WhatsApp,Kawempe,positive
1087,Product is okay. Nothing special but serves its purpose.,2023-05-17,Twitter,Kawempe,neutral
1088,Fair experience overall. Nothing exceptional but acceptable. Great quality!,2024-03-14,Facebook,Nakawa,neutral
1089,Excellent customer support. They responded quickly to my questions.,2023-04-01,Google,Bukoto,positive
1090,Top quality products at reasonable prices. Highly recommended!,2024-02-12,Instagram,Makindye,positive
1091,Very satisfied with my purchase. Great quality and fast delivery. Located in Kololo.,2024-05-15,Twitter,Kololo,positive
1092,Terrible experience. Would not recommend this business to anyone. Great experience!,2023-09-09,Twitter,Muyenga,negative
1093,Average experience. Product is functional and adequate. Located in Muyenga. Great order!,2024-11-25,Google,Lubaga,neutral
1094,"Fast shipping, good quality, and excellent customer support. Great product!",2023-04-10,Instagram,Lubaga,positive
1095,Product broke after just one week of use. Very poor quality.,2024-04-29,WhatsApp,Kololo,negative
1096,Okay experience. Nothing to complain about but not impressed either. Located in Central.,2023-09-19,Website,Kololo,neutral
1097,Not satisfied at all. Product quality is below standard.,2023-07-06,Google,Kawempe,negative
1098,Average experience. Product is functional and adequate.,2023-06-26,Google,Lubaga,neutral
1099,Top-notch quality. Exceeded my expectations completely. Located in Ntinda.,2024-07-26,Website,Kololo,positive
1100,Top-notch quality. Exceeded my expectations completely. Located in Ntinda. Great shipping!,2023-05-07,Instagram,Muyenga,positive
1101,"Fast shipping, good quality, and excellent customer support.",2023-07-12,Instagram,Makindye,positive
1102,Okay experience. Nothing to complain about but not impressed either.,2024-04-26,Google,Ntinda,neutral
1103,Great service! Very fast delivery in Kampala. Highly recommend! Great price!,2023-12-11,Instagram,Lubaga,positive
1104,Amazing experience! The product arrived on time and in perfect condition.,2024-09-29,WhatsApp,Kololo,positive
1105,Okay service. Product meets basic requirements. Located in Bukoto.,2024-09-13,WhatsApp,Central,neutral
1106,"Fast delivery, good quality, fair prices. What more could you ask for?",2024-03-16,Google,Makindye,positive
1107,Excellent business! Highly professional and reliable.,2023-06-17,Google,Ntinda,positive
1108,Great business with excellent customer care. Very professional.,2023-10-05,Facebook,Bukoto,positive
1109,Love the product quality. Fast shipping and good packaging. Located in Kololo.,2023-06-01,WhatsApp,Central,positive
1110,Very satisfied with my purchase. Great quality and fast delivery.,2023-12-30,Facebook,Central,positive
1111,Fair prices and acceptable quality. Nothing outstanding. Located in Lubaga.,2023-07-09,Facebook,Muyenga,neutral
1112,Best shopping experience! Quality products and great prices.,2024-05-28,Website,Makindye,positive
1113,Top-notch quality. Exceeded my expectations completely.,2023-04-01,Twitter,Bukoto,positive
1114,Product broke after just one week of use. Very poor quality.,2023-05-02,Instagram,Makindye,negative
1115,Outstanding quality and service. Will definitely shop here again.,2023-01-01,Website,Muyenga,positive
1116,Delivery was on time. Product is as expected. Great product!,2024-09-29,Website,Kololo,neutral
1117,Average quality. Nothing special but nothing wrong either.,2023-10-24,WhatsApp,Kampala,neutral
1118,Okay service. Product meets basic requirements. Located in Bukoto.,2024-06-04,Instagram,Bukoto,neutral
1119,Best shop in Kawempe. Quality products and great service. Located in Bukoto.,2024-04-19,Google,Makindye,positive
1120,Standard business service. Acceptable but not exceptional. Located in Kawempe.,2023-08-02,Google,Kawempe,neutral
1121,Top quality products at reasonable prices. Highly recommended!,2023-09-05,WhatsApp,Ntinda,positive
1122,Standard quality. Nothing to complain about or praise.,2023-01-01,Google,Lubaga,neutral
1123,Standard quality. Nothing to complain about or praise.,2023-07-15,Website,Muyenga,neutral
1124,Customer service was unresponsive. Had to wait days for a reply.,2023-07-29,WhatsApp,Lubaga,negative
1125,Amazing quality products. Will definitely buy again from this shop. Located in Nakawa.,2023-09-13,Instagram,Central,positive
1126,Standard service. No complaints but nothing exceptional either. Great purchase!,2024-07-14,Website,Kololo,neutral
1127,Average quality products. Functional but not impressive. Located in Kampala.,2023-06-07,Website,Muyenga,neutral
1128,Standard delivery time. Product quality is average.,2023-12-29,Twitter,Nakawa,neutral
1129,"Fast shipping, good quality, and excellent customer support.",2023-05-09,Instagram,Muyenga,positive
1130,Best prices in Nakawa area. Great value for money.,2023-05-31,Website,Muyenga,positive
1131,Average quality. Price is reasonable for what you get. Great customer!,2023-06-29,Google,Makindye,neutral
1132,Okay experience. Nothing to complain about but not impressed either.,2024-08-21,Website,Ntinda,neutral
1133,Great experience from start to finish. Will shop here again! Located in Bukoto.,2024-12-28,Facebook,Bukoto,positive
1134,Great experience from start to finish. Will shop here again! Great shipping!,2024-11-23,Website,Central,positive
1135,Would not buy from here again. Poor experience overall. Located in Kololo.,2023-01-08,Website,Central,negative
1136,Amazing experience! The product arrived on time and in perfect condition.,2023-09-30,Website,Kawempe,positive
1137,Excellent products and service. Best in the area!,2024-09-26,Instagram,Kololo,positive
1138,Great prices and even better service. Highly recommend this business!,2024-03-05,Website,Kololo,positive
1139,Excellent customer support. They responded quickly to my questions.,2023-10-07,Facebook,Muyenga,positive
1140,Poor value for money. Better options available elsewhere. Located in Kawempe. Great restaurant!,2024-08-20,Instagram,Muyenga,negative
1141,"Fast shipping, good quality, and excellent customer support.",2024-03-16,Google,Bukoto,positive
1142,Average quality. Nothing special but nothing wrong either. Great staff!,2023-09-19,Website,Muyenga,neutral
1143,Great value for money. Fast delivery and excellent packaging.,2023-09-07,Website,Makindye,positive
1144,Top-notch quality. Exceeded my expectations completely.,2024-10-01,Google,Makindye,positive
1145,Average product quality. Meets basic needs adequately. Great business!,2024-01-05,WhatsApp,Makindye,neutral
1146,Professional service and high-quality products. Very happy! Located in Muyenga.,2023-06-21,WhatsApp,Central,positive
1147,Best customer service I've experienced. Products are top quality.,2023-12-13,Twitter,Kampala,positive
1148,Delivery issues. Package arrived late and damaged.,2023-12-06,Twitter,Kololo,negative
1149,Excellent communication and fast delivery. Highly satisfied!,2023-10-13,Twitter,Kampala,positive
1150,Standard business service. Acceptable but not exceptional.,2024-07-08,Twitter,Kampala,neutral
1151,Top-notch quality. Exceeded my expectations completely.,2024-09-06,Instagram,Muyenga,positive
1152,Average quality. Nothing special but nothing wrong either.,2023-08-12,Website,Ntinda,neutral
1153,Outstanding service! The staff was very helpful and friendly.,2023-02-23,Google,Central,positive
1154,Product was different from what was advertised. Misleading description. Located in Lubaga.,2024-08-20,Instagram,Ntinda,negative
1155,Best shopping experience! Quality products and great prices. Located in Ntinda. Great product!,2024-10-30,Website,Muyenga,positive
1156,Very disappointed with the quality. Not worth the money paid. Located in Kampala.,2024-09-19,Google,Nakawa,negative
1157,Love the product quality. Fast shipping and good packaging.,2024-09-17,Facebook,Bukoto,positive
1158,Best prices in Nakawa area. Great value for money. Great packaging!,2023-06-25,Google,Bukoto,positive
1159,Amazing experience! The product arrived on time and in perfect condition.,2024-04-12,Website,Kawempe,positive
1160,Great business with excellent customer care. Very professional.,2024-11-03,Website,Makindye,positive
1161,Great products at affordable prices. Very satisfied with my purchase. Great packaging!,2024-09-21,Twitter,Muyenga,positive
1162,Best customer service I've experienced. Products are top quality. Located in Kampala.,2023-01-11,Facebook,Makindye,positive
1163,Love the product quality. Fast shipping and good packaging.,2023-08-15,Facebook,Central,positive
1164,Terrible customer service. No help when I had an issue.,2023-03-21,Facebook,Makindye,negative
1165,Professional service and high-quality products. Very happy!,2024-07-07,Instagram,Kawempe,positive
1166,Excellent customer support. They responded quickly to my questions. Great experience!,2024-06-20,Twitter,Muyenga,positive
1167,Outstanding service! The staff was very helpful and friendly.,2023-05-01,Website,Bukoto,positive
1168,Great business with excellent customer care. Very professional.,2024-05-06,Website,Makindye,positive
1169,Best customer service I've experienced. Products are top quality. Great customer!,2023-07-22,Twitter,Kampala,positive
1170,Not satisfied at all. Product quality is below standard.,2024-03-23,Facebook,Ntinda,negative
1171,Standard delivery. Product works but quality is average. Located in Bukoto.,2024-06-03,Twitter,Kampala,neutral
1172,Best shop in Kawempe. Quality products and great service.,2023-01-23,Website,Ntinda,positive
1173,Average product quality. Meets basic expectations.,2024-11-03,Google,Kampala,neutral
1174,Great experience from start to finish. Will shop here again!,2023-05-23,Instagram,Muyenga,positive
1175,Quick response time and excellent customer care. Highly recommended! Located in Central.,2023-03-04,Twitter,Lubaga,positive
1176,Product was defective but they refused to refund. Bad business. Located in Kololo.,2024-11-22,Instagram,Ntinda,negative
1177,Excellent customer support. They responded quickly to my questions. Located in Bukoto. Great store!,2023-07-25,Instagram,Lubaga,positive
1178,Great value for money. Fast delivery and excellent packaging. Located in Ntinda.,2023-01-10,Instagram,Central,positive
1179,Great value for money. Fast delivery and excellent packaging.,2024-02-21,Website,Kololo,positive
1180,Excellent business! Highly professional and reliable.,2023-06-03,Facebook,Muyenga,positive
1181,Product is okay. Nothing special but serves its purpose. Located in Kololo.,2024-11-24,Facebook,Ntinda,neutral
1182,Best shop in Kawempe. Quality products and great service.,2023-09-24,Twitter,Ntinda,positive
1183,Great business with excellent customer care. Very professional. Located in Lubaga.,2023-05-29,Google,Lubaga,positive
1184,Best prices in Nakawa area. Great value for money.,2024-02-24,Instagram,Nakawa,positive
1185,Standard delivery time. Product quality is average.,2024-01-19,Facebook,Central,neutral
1186,Decent service. No major complaints but nothing impressive.,2024-11-11,WhatsApp,Lubaga,neutral
1187,Great experience overall. Will be a returning customer.,2023-05-03,Twitter,Central,positive
1188,Best prices in Nakawa area. Great value for money.,2024-03-22,WhatsApp,Kampala,positive
1189,Standard delivery. Product works but quality is average.,2023-04-23,Facebook,Bukoto,neutral
1190,Fair prices and acceptable quality. Nothing outstanding.,2023-12-29,Instagram,Muyenga,neutral
1191,Delivery issues. Package arrived late and damaged.,2024-07-11,Twitter,Muyenga,negative
1192,Okay delivery time. Product is functional and usable.,2023-06-01,WhatsApp,Kololo,neutral
1193,Top quality products at reasonable prices. Highly recommended!,2024-09-23,Website,Bukoto,positive
1194,Love the product quality. Fast shipping and good packaging.,2024-02-19,Website,Muyenga,positive
1195,Standard service. No complaints but nothing exceptional either. Located in Lubaga.,2024-01-16,Instagram,Bukoto,neutral
1196,Average quality products. Functional but not impressive.,2024-06-27,Website,Muyenga,neutral
1197,Great service! Very fast delivery in Kampala. Highly recommend!,2023-03-19,Twitter,Muyenga,positive
1198,Amazing service! The team went above and beyond to help me.,2023-03-04,Instagram,Kawempe,positive
1199,"Outstanding business! Professional, reliable, and customer-focused. Located in Kampala.",2024-11-10,Facebook,Ntinda,positive
1200,Outstanding service! The staff was very helpful and friendly. Great experience!,2023-07-02,Google,Nakawa,positive
1201,Product was different from what was advertised. Misleading description.,2024-01-21,Twitter,Bukoto,negative
1202,Amazing service! The team went above and beyond to help me.,2023-12-05,Twitter,Lubaga,positive
1203,Slow response time and poor communication from the business. Located in Muyenga. Great store!,2023-03-07,WhatsApp,Central,negative
1204,Okay service. Nothing special but gets the job done.,2024-01-15,WhatsApp,Kololo,neutral
1205,Disappointing experience. Would not recommend this shop. Located in Bukoto.,2023-02-07,Facebook,Kawempe,negative
1206,Disappointing experience. Would not recommend this shop. Located in Kololo. Great customer!,2023-02-24,Twitter,Kampala,negative
1207,"Fast delivery, good quality, fair prices. What more could you ask for?",2024-07-02,Google,Makindye,positive
1208,Great experience from start to finish. Will shop here again! Located in Muyenga.,2023-07-19,Twitter,Makindye,positive
1209,Average product quality. Meets basic needs adequately.,2024-04-09,WhatsApp,Kololo,neutral
1210,Product works fine. Decent quality for the price paid. Located in Central.,2024-05-16,Facebook,Kawempe,neutral
1211,Average experience. Product is functional and adequate.,2024-09-05,Instagram,Bukoto,neutral
1212,Great products at affordable prices. Very satisfied with my purchase. Located in Ntinda. Great shipping!,2023-10-10,Instagram,Kawempe,positive
1213,Product was damaged on arrival. Poor packaging quality. Located in Central.,2023-08-20,Website,Kawempe,negative
1214,Product arrived damaged and customer service refused to help. Great order!,2023-09-30,Instagram,Kawempe,negative
1215,Great experience overall. Will be a returning customer.,2024-04-07,Google,Bukoto,positive
1216,"Fast delivery, good quality, fair prices. What more could you ask for? Located in Bukoto.",2023-03-25,Google,Makindye,positive
1217,Top-notch quality. Exceeded my expectations completely.,2024-05-03,Instagram,Central,positive
1218,Great service! Very fast delivery in Kampala. Highly recommend!,2023-09-12,WhatsApp,Ntinda,positive
1219,Top quality products at reasonable prices. Highly recommended!,2023-08-31,Google,Kampala,positive
1220,Love the product quality. Fast shipping and good packaging.,2024-06-04,Instagram,Bukoto,positive
1221,Average experience. Product is functional and adequate.,2023-08-13,Website,Central,neutral
1222,Great experience from start to finish. Will shop here again!,2023-04-30,WhatsApp,Central,positive
1223,Great value for money. Fast delivery and excellent packaging.,2024-06-20,Google,Kawempe,positive
1224,Okay service. Nothing special but gets the job done. Great experience!,2023-11-26,Facebook,Central,neutral
1225,Amazing service! The team went above and beyond to help me.,2024-12-17,Instagram,Muyenga,positive
1226,Very disappointed. Product quality is poor and service is worse. Located in Kampala.,2024-09-16,Google,Kololo,negative
1227,Standard service. No complaints but nothing exceptional either. Located in Bukoto.,2023-11-04,Instagram,Muyenga,neutral
1228,Love shopping here! Always get great deals and quality products.,2023-07-27,Twitter,Central,positive
1229,Great value for money. Fast delivery and excellent packaging. Located in Makindye.,2023-08-08,WhatsApp,Muyenga,positive
1230,Delivery was on time. Product is as expected.,2023-10-10,Facebook,Kampala,neutral
1231,Outstanding service! The staff was very helpful and friendly.,2023-12-06,Google,Muyenga,positive
1232,Standard experience. Product does what it needs to do.,2023-10-22,WhatsApp,Kampala,neutral
1233,Love the product quality. Fast shipping and good packaging. Great shop!,2024-03-31,WhatsApp,Nakawa,positive
1234,Great products at affordable prices. Very satisfied with my purchase.,2023-01-31,Twitter,Kampala,positive
1235,Top-notch quality. Exceeded my expectations completely. Located in Central.,2023-07-21,WhatsApp,Nakawa,positive
1236,Fair experience overall. Nothing exceptional but acceptable. Great delivery!,2023-06-25,Google,Muyenga,neutral
1237,Product is fine. Meets expectations without exceeding them.,2024-01-24,Google,Kololo,neutral
1238,Delivery was on time. Product is as expected.,2024-11-02,Twitter,Ntinda,neutral
1239,"Outstanding business! Professional, reliable, and customer-focused. Located in Muyenga.",2024-06-10,Facebook,Central,positive
1240,Product arrived damaged and customer service refused to help. Great staff!,2023-06-21,WhatsApp,Kawempe,negative
1241,Product is okay. Nothing special but serves its purpose.,2023-01-01,Twitter,Kampala,neutral
1242,Excellent products and service. Best in the area!,2024-04-27,Twitter,Central,positive
1243,Great business with excellent customer care. Very professional.,2024-10-30,Website,Central,positive
1244,"Fast shipping, good quality, and excellent customer support. Located in Ntinda.",2023-02-26,Twitter,Central,positive
1245,Great service! Very fast delivery in Kampala. Highly recommend!,2023-06-06,Website,Lubaga,positive
1246,Great prices and even better service. Highly recommend this business!,2023-08-22,WhatsApp,Bukoto,positive
1247,Best prices in Nakawa area. Great value for money. Located in Lubaga.,2024-09-10,Twitter,Ntinda,positive
1248,Standard business service. Acceptable but not exceptional. Located in Kampala.,2024-06-02,Instagram,Makindye,neutral
1249,Best shop in Kawempe. Quality products and great service.,2023-10-04,Facebook,Kololo,positive
1250,"Fast shipping, good quality, and excellent customer support. Located in Kololo.",2023-04-06,Facebook,Central,positive
1251,Best prices in Nakawa area. Great value for money.,2024-02-25,Instagram,Central,positive
1252,Best prices in Nakawa area. Great value for money. Located in Muyenga.,2023-12-01,Google,Ntinda,positive
1253,Average product quality. Meets basic needs adequately.,2024-11-23,WhatsApp,Kololo,neutral
1254,Would not buy from here again. Poor experience overall.,2024-08-23,WhatsApp,Nakawa,negative
1255,Poor customer service. Staff was rude and unhelpful.,2023-12-11,Google,Kololo,negative
1256,Love shopping here! Always get great deals and quality products. Great order!,2023-11-17,Instagram,Lubaga,positive
1257,Average experience. Product is functional and adequate. Located in Ntinda.,2024-04-27,Facebook,Central,neutral
1258,Very satisfied with my purchase. Great quality and fast delivery. Located in Muyenga.,2024-05-27,Facebook,Muyenga,positive
1259,Best shop in Kawempe. Quality products and great service.,2024-12-24,WhatsApp,Kampala,positive
1260,Excellent products and service. Best in the area!,2023-11-11,WhatsApp,Kololo,positive
1261,Outstanding service! The staff was very helpful and friendly. Located in Nakawa. Great service!,2024-02-03,WhatsApp,Nakawa,positive
1262,Product is functional. Does what it's supposed to do.,2024-02-21,Google,Central,neutral
1263,Product broke after just one week of use. Very poor quality.,2023-06-07,Instagram,Lubaga,negative
1264,Okay service. Nothing special but gets the job done.,2023-10-10,Facebook,Kawempe,neutral
1265,Very satisfied with my purchase. Great quality and fast delivery. Located in Kampala.,2024-06-10,Facebook,Nakawa,positive
1266,Excellent customer support. They responded quickly to my questions.,2024-06-17,WhatsApp,Muyenga,positive
1267,Standard quality. Nothing to complain about or praise. Great purchase!,2023-11-06,Twitter,Kawempe,neutral
1268,Best shopping experience! Quality products and great prices. Great quality!,2023-12-14,Facebook,Kawempe,positive
1269,Product was damaged on arrival. Poor packaging quality.,2024-09-29,Facebook,Bukoto,negative
1270,Great experience from start to finish. Will shop here again! Located in Makindye.,2023-10-30,Facebook,Makindye,positive
1271,Product is fine. Meets expectations without exceeding them. Located in Muyenga.,2024-08-06,Twitter,Ntinda,neutral
1272,Worst shopping experience. Poor quality and terrible service.,2024-05-22,Website,Makindye,negative
1273,Love shopping here! Always get great deals and quality products. Located in Makindye. Great delivery!,2024-02-08,Instagram,Makindye,positive
1274,Best customer service I've experienced. Products are top quality. Located in Nakawa.,2024-03-07,WhatsApp,Muyenga,positive
1275,Standard experience. Product does what it needs to do.,2023-03-18,Website,Nakawa,neutral
1276,Best shopping experience! Quality products and great prices. Great store!,2024-03-19,Website,Kampala,positive
1277,Amazing experience! The product arrived on time and in perfect condition.,2024-09-17,Website,Muyenga,positive
1278,Okay product quality. Price matches the value received.,2024-03-02,Google,Kawempe,neutral
1279,Quick response time and excellent customer care. Highly recommended!,2023-12-29,Instagram,Kampala,positive
1280,Fair prices and acceptable quality. Nothing outstanding. Located in Muyenga.,2023-11-05,Website,Muyenga,neutral
1281,Outstanding service! The staff was very helpful and friendly. Located in Lubaga.,2024-03-10,WhatsApp,Central,positive
1282,Customer service was unresponsive. Had to wait days for a reply.,2024-12-11,Facebook,Kololo,negative
1283,Best shopping experience! Quality products and great prices. Located in Nakawa.,2024-07-11,Facebook,Bukoto,positive
1284,Great prices and even better service. Highly recommend this business!,2023-08-25,Instagram,Kampala,positive
1285,Great experience overall. Will be a returning customer. Great staff!,2024-04-10,Google,Kampala,positive
1286,Amazing service! The team went above and beyond to help me.,2024-01-12,Facebook,Nakawa,positive
1287,Great business with excellent customer care. Very professional. Located in Kololo.,2024-06-11,WhatsApp,Nakawa,positive
1288,Okay product quality. Price matches the value received.,2023-05-07,Instagram,Nakawa,neutral
1289,Great products at affordable prices. Very satisfied with my purchase.,2023-03-01,Twitter,Kawempe,positive
1290,Great value for money. Fast delivery and excellent packaging. Located in Lubaga.,2023-08-16,Google,Kololo,positive
1291,Standard delivery. Product works but quality is average.,2023-11-23,Facebook,Kawempe,neutral
1292,Product works fine. Decent quality for the price paid.,2024-12-11,Website,Central,neutral
1293,Delivery was on time. Product is as expected.,2024-01-03,Facebook,Kampala,neutral
1294,Delivery issues. Package arrived late and damaged. Located in Nakawa. Great customer!,2024-03-25,WhatsApp,Muyenga,negative
1295,Standard delivery. Product works but quality is average. Located in Central.,2024-10-03,WhatsApp,Muyenga,neutral
1296,Best prices in Nakawa area. Great value for money. Located in Muyenga. Great store!,2024-10-12,Website,Ntinda,positive
1297,Poor value for money. Better options available elsewhere. Great support!,2024-11-14,Instagram,Kololo,negative
1298,"Fast shipping, good quality, and excellent customer support. Located in Kampala. Great staff!",2023-11-01,WhatsApp,Muyenga,positive
1299,Customer service needs major improvement. Very unprofessional. Located in Nakawa.,2023-08-22,Website,Bukoto,negative
1300,Average experience. Product is functional and adequate. Located in Makindye.,2023-06-03,WhatsApp,Bukoto,neutral
1301,Great experience from start to finish. Will shop here again! Located in Kampala.,2024-09-29,Twitter,Ntinda,positive
1302,Disappointing experience. Would not recommend this shop. Located in Lubaga.,2023-03-28,WhatsApp,Muyenga,negative
1303,Excellent products and service. Best in the area!,2024-02-15,Google,Lubaga,positive
1304,Okay service. Product meets basic requirements. Located in Muyenga.,2023-05-16,Instagram,Kawempe,neutral
1305,Product is okay. Nothing special but serves its purpose.,2024-09-01,Twitter,Lubaga,neutral
1306,Standard service. No complaints but nothing exceptional either.,2024-09-06,Website,Bukoto,neutral
1307,Standard delivery time. Product quality is average.,2024-04-25,Twitter,Kololo,neutral
1308,Standard service. No complaints but nothing exceptional either. Great restaurant!,2023-10-26,Google,Nakawa,neutral
1309,Amazing service! The team went above and beyond to help me.,2024-12-18,WhatsApp,Lubaga,positive
1310,Great service! Very fast delivery in Kampala. Highly recommend! Located in Muyenga.,2023-10-16,Twitter,Central,positive
1311,Outstanding service! The staff was very helpful and friendly.,2024-06-02,Twitter,Kampala,positive
1312,Customer service needs major improvement. Very unprofessional.,2024-09-26,Website,Kampala,negative
1313,Quick response time and excellent customer care. Highly recommended!,2023-11-09,Website,Bukoto,positive
1314,Great products at affordable prices. Very satisfied with my purchase. Located in Bukoto.,2023-08-10,Instagram,Ntinda,positive
1315,Best prices in Nakawa area. Great value for money.,2023-01-27,WhatsApp,Ntinda,positive
1316,Average quality products. Functional but not impressive. Located in Muyenga. Great purchase!,2023-04-09,Website,Central,neutral
1317,Fair experience overall. Nothing exceptional but acceptable.,2024-03-16,Facebook,Ntinda,neutral
1318,Very satisfied with my purchase. Great quality and fast delivery. Located in Kawempe.,2024-03-31,WhatsApp,Bukoto,positive
1319,Decent value. Product works as expected. Great purchase!,2024-12-31,WhatsApp,Kawempe,neutral
1320,Excellent communication and fast delivery. Highly satisfied!,2024-09-24,Instagram,Nakawa,positive
1321,"Fast delivery, good quality, fair prices. What more could you ask for? Located in Kampala.",2023-05-06,Facebook,Bukoto,positive
1322,Best shop in Kawempe. Quality products and great service.,2023-09-05,Google,Makindye,positive
1323,Outstanding quality and service. Will definitely shop here again.,2023-11-20,Google,Kololo,positive
1324,Okay service. Product meets basic requirements. Great shipping!,2023-11-01,Facebook,Central,neutral
1325,Quick response time and excellent customer care. Highly recommended! Located in Lubaga.,2023-06-06,Facebook,Kololo,positive
1326,Product was damaged on arrival. Poor packaging quality.,2023-08-06,Twitter,Ntinda,negative
1327,Average product quality. Meets basic expectations. Great restaurant!,2023-05-27,Instagram,Kololo,neutral
1328,Customer service is terrible. No one responds to complaints.,2023-10-02,Instagram,Ntinda,negative
1329,Average quality. Nothing special but nothing wrong either. Located in Lubaga.,2023-12-26,WhatsApp,Bukoto,neutral
1330,Excellent business! Highly professional and reliable.,2024-12-11,Website,Muyenga,positive
1331,Top-notch quality. Exceeded my expectations completely.,2023-09-20,Website,Muyenga,positive
1332,Best shopping experience! Quality products and great prices.,2023-12-02,Twitter,Kololo,positive
1333,Professional service and high-quality products. Very happy! Located in Kololo.,2023-05-09,Twitter,Makindye,positive
1334,Product is functional. Does what it's supposed to do. Located in Kololo. Great packaging!,2024-09-22,Instagram,Bukoto,neutral
1335,Top quality products at reasonable prices. Highly recommended! Great service!,2024-12-24,Instagram,Muyenga,positive
1336,Great business with excellent customer care. Very professional. Located in Central.,2024-07-09,Twitter,Kololo,positive
1337,Top quality products at reasonable prices. Highly recommended!,2023-09-24,Instagram,Nakawa,positive
1338,Top-notch quality. Exceeded my expectations completely. Located in Kampala.,2023-10-20,WhatsApp,Makindye,positive
1339,Love the product quality. Fast shipping and good packaging.,2024-11-02,Instagram,Nakawa,positive
1340,Love the product quality. Fast shipping and good packaging.,2023-02-22,Website,Central,positive
1341,Best shopping experience! Quality products and great prices.,2023-12-04,Facebook,Bukoto,positive
1342,Product was damaged on arrival. Poor packaging quality.,2023-05-21,WhatsApp,Muyenga,negative
1343,Would not buy from here again. Poor experience overall.,2024-09-03,Website,Lubaga,negative
1344,Product arrived damaged and customer service refused to help. Great product!,2023-07-04,Instagram,Central,negative
1345,Best prices in Nakawa area. Great value for money.,2024-09-03,Instagram,Nakawa,positive
1346,Excellent products and service. Best in the area! Located in Makindye.,2024-12-09,Google,Nakawa,positive
1347,Top-notch quality. Exceeded my expectations completely. Located in Nakawa.,2024-05-07,Google,Kololo,positive
1348,Outstanding service! The staff was very helpful and friendly.,2023-08-29,WhatsApp,Kawempe,positive
1349,Standard delivery. Product works but quality is average.,2023-08-04,Website,Kololo,neutral
1350,Outstanding quality and service. Will definitely shop here again. Great service!,2023-06-08,Twitter,Nakawa,positive
1351,"Outstanding business! Professional, reliable, and customer-focused. Great shipping!",2024-08-06,Website,Central,positive
1352,Best prices in Nakawa area. Great value for money. Located in Lubaga. Great shop!,2024-10-11,WhatsApp,Kawempe,positive
1353,"Outstanding business! Professional, reliable, and customer-focused.",2024-12-26,Website,Central,positive
1354,Best customer service I've experienced. Products are top quality.,2024-11-26,WhatsApp,Kololo,positive
1355,Best customer service I've experienced. Products are top quality.,2023-08-11,WhatsApp,Nakawa,positive
1356,Delivery was delayed multiple times. Very frustrating experience.,2023-08-10,Instagram,Ntinda,negative
1357,Outstanding service! The staff was very helpful and friendly. Located in Kawempe.,2023-03-30,Twitter,Bukoto,positive
1358,Excellent customer support. They responded quickly to my questions.,2023-08-31,WhatsApp,Muyenga,positive
1359,Great prices and even better service. Highly recommend this business! Located in Nakawa.,2023-11-05,Website,Kololo,positive
1360,Very slow delivery. Took over a week to arrive in Kampala. Located in Ntinda. Great order!,2023-11-04,Instagram,Nakawa,negative
1361,Product works as expected. No major issues or complaints. Located in Nakawa.,2024-10-31,Instagram,Makindye,neutral
1362,Average quality products. Functional but not impressive.,2023-12-25,Facebook,Makindye,neutral
1363,Outstanding quality and service. Will definitely shop here again.,2024-03-14,Instagram,Kampala,positive
1364,Outstanding quality and service. Will definitely shop here again.,2024-10-30,Twitter,Bukoto,positive
1365,Best customer service I've experienced. Products are top quality. Located in Lubaga.,2024-12-29,Instagram,Ntinda,positive
1366,Average quality. Nothing special but nothing wrong either. Located in Muyenga. Great experience!,2023-05-05,Google,Makindye,neutral
1367,Amazing service! The team went above and beyond to help me.,2024-07-27,Website,Ntinda,positive
1368,Standard business service. Acceptable but not exceptional. Great quality!,2023-04-26,Instagram,Kololo,neutral
1369,Great products at affordable prices. Very satisfied with my purchase. Located in Kololo.,2024-05-25,Website,Lubaga,positive
1370,Average quality. Nothing special but nothing wrong either.,2024-02-10,WhatsApp,Bukoto,neutral
1371,Product was damaged on arrival. Poor packaging quality.,2024-10-20,Instagram,Kawempe,negative
1372,Standard experience. Product does what it needs to do.,2024-10-06,Website,Muyenga,neutral
1373,Standard service. No complaints but nothing exceptional either.,2024-09-23,Instagram,Kololo,neutral
1374,Amazing quality products. Will definitely buy again from this shop. Great business!,2023-04-02,WhatsApp,Kawempe,positive
1375,Average product quality. Meets basic needs adequately. Great shop!,2024-09-25,Instagram,Central,neutral
1376,Professional service and high-quality products. Very happy!,2023-12-20,Facebook,Central,positive
1377,Professional service and high-quality products. Very happy!,2023-01-25,Instagram,Nakawa,positive
1378,"Fast delivery, good quality, fair prices. What more could you ask for?",2023-11-29,Google,Lubaga,positive
1379,Best prices in Nakawa area. Great value for money.,2023-07-31,Facebook,Central,positive
1380,Best shop in Kawempe. Quality products and great service. Located in Lubaga.,2023-12-06,Google,Kampala,positive
1381,Great experience from start to finish. Will shop here again!,2024-09-22,Google,Kololo,positive
1382,Delivery issues. Package arrived late and damaged. Great staff!,2024-01-28,Google,Ntinda,negative
1383,Quick response time and excellent customer care. Highly recommended!,2023-03-15,Twitter,Bukoto,positive
1384,Product broke after just one week of use. Very poor quality.,2023-03-24,Instagram,Nakawa,negative
1385,Product works as expected. No major issues or complaints. Located in Kawempe.,2024-10-25,WhatsApp,Central,neutral
1386,Best shop in Kawempe. Quality products and great service.,2023-12-31,Website,Nakawa,positive
1387,Standard experience. Product does what it needs to do.,2024-05-24,Facebook,Kampala,neutral
1388,Great service! Very fast delivery in Kampala. Highly recommend! Great restaurant!,2024-07-13,Google,Makindye,positive
1389,Outstanding quality and service. Will definitely shop here again.,2023-08-28,Google,Kololo,positive
1390,Average quality. Nothing special but nothing wrong either. Located in Nakawa. Great shop!,2023-05-28,Website,Ntinda,neutral
1391,Great service! Very fast delivery in Kampala. Highly recommend!,2023-02-27,Instagram,Central,positive
1392,Poor quality products. Broke within days of purchase.,2023-01-25,WhatsApp,Kampala,negative
1393,Love the product quality. Fast shipping and good packaging.,2023-07-29,WhatsApp,Kawempe,positive
1394,Okay delivery time. Product is functional and usable.,2024-08-22,Facebook,Ntinda,neutral
1395,Quick response time and excellent customer care. Highly recommended!,2023-11-26,Facebook,Central,positive
1396,Fair value for money. Quality is acceptable but not premium. Located in Kololo.,2023-05-14,WhatsApp,Bukoto,neutral
1397,Amazing experience! The product arrived on time and in perfect condition.,2024-10-29,Instagram,Lubaga,positive
1398,Amazing experience! The product arrived on time and in perfect condition.,2024-02-18,Facebook,Kawempe,positive
1399,Product is functional. Does what it's supposed to do.,2024-03-07,Website,Kampala,neutral
1400,Not satisfied at all. Product quality is below standard.,2023-08-10,Website,Nakawa,negative
1401,Great business with excellent customer care. Very professional. Located in Ntinda.,2024-09-23,Instagram,Central,positive
1402,Amazing service! The team went above and beyond to help me.,2024-09-25,Website,Kololo,positive
1403,Top quality products at reasonable prices. Highly recommended!,2024-04-04,Instagram,Central,positive
1404,Product is functional. Does what it's supposed to do. Located in Kawempe.,2024-10-22,Website,Central,neutral
1405,Excellent customer support. They responded quickly to my questions. Great quality!,2023-06-08,Google,Kawempe,positive
1406,Best shopping experience! Quality products and great prices.,2023-09-05,Google,Muyenga,positive
1407,Poor quality products. Broke within days of purchase.,2023-02-03,Twitter,Muyenga,negative
1408,Product works fine. Decent quality for the price paid. Located in Kololo.,2023-05-03,Google,Ntinda,neutral
1409,Great prices and even better service. Highly recommend this business!,2023-10-22,Twitter,Nakawa,positive
1410,Best shopping experience! Quality products and great prices. Great shop!,2023-03-12,Facebook,Makindye,positive
1411,Average quality. Nothing special but nothing wrong either.,2024-11-15,Facebook,Kawempe,neutral
1412,"Fast shipping, good quality, and excellent customer support.",2023-07-07,Google,Makindye,positive
1413,Amazing experience! The product arrived on time and in perfect condition. Located in Kololo.,2024-06-12,WhatsApp,Makindye,positive
1414,Amazing service! The team went above and beyond to help me. Located in Nakawa.,2024-10-25,Website,Kololo,positive
1415,Best shopping experience! Quality products and great prices.,2024-06-27,WhatsApp,Makindye,positive
1416,Fair prices and acceptable quality. Nothing outstanding. Great shipping!,2023-08-06,Instagram,Makindye,neutral
1417,Average product quality. Meets basic expectations. Located in Central.,2023-08-20,Facebook,Lubaga,neutral
1418,Love the product quality. Fast shipping and good packaging. Great service!,2023-03-28,WhatsApp,Bukoto,positive
1419,Best prices in Nakawa area. Great value for money.,2023-10-23,Twitter,Nakawa,positive
1420,Not satisfied with the product. Quality is below expectations.,2023-12-17,WhatsApp,Kawempe,negative
1421,Great business with excellent customer care. Very professional.,2024-12-30,WhatsApp,Ntinda,positive
1422,Not satisfied with the product. Quality is below expectations. Located in Makindye. Great product!,2024-02-25,Instagram,Central,negative
1423,Okay service. Nothing special but gets the job done.,2024-11-22,WhatsApp,Central,neutral
1424,Best shopping experience! Quality products and great prices.,2024-07-31,WhatsApp,Muyenga,positive
1425,Quick response time and excellent customer care. Highly recommended!,2023-06-05,Facebook,Muyenga,positive
1426,Great value for money. Fast delivery and excellent packaging. Located in Bukoto.,2024-09-25,Twitter,Lubaga,positive
1427,Excellent products and service. Best in the area!,2023-08-30,Facebook,Kawempe,positive
1428,Love shopping here! Always get great deals and quality products.,2023-12-22,Facebook,Nakawa,positive
1429,Standard quality. Nothing to complain about or praise. Great order!,2024-10-26,Twitter,Lubaga,neutral
1430,Standard quality. Nothing to complain about or praise.,2023-03-30,WhatsApp,Lubaga,neutral
1431,Standard experience. Product does what it needs to do. Located in Lubaga.,2024-05-10,Website,Central,neutral
1432,Fair prices and acceptable quality. Nothing outstanding. Great delivery!,2024-02-20,Facebook,Ntinda,neutral
1433,Delivery was delayed multiple times. Very frustrating experience. Great customer!,2023-12-15,Google,Nakawa,negative
1434,"Fast delivery, good quality, fair prices. What more could you ask for?",2023-09-18,Twitter,Ntinda,positive
1435,"Fast delivery, good quality, fair prices. What more could you ask for?",2023-01-02,Instagram,Muyenga,positive
1436,Very slow delivery and unresponsive customer support.,2024-11-14,Website,Kampala,negative
1437,Top-notch quality. Exceeded my expectations completely.,2023-02-04,Website,Kampala,positive
1438,Average experience overall. Product is fine but not great. Located in Muyenga.,2023-04-25,Twitter,Nakawa,neutral
1439,Product was defective but they refused to refund. Bad business.,2023-08-12,WhatsApp,Lubaga,negative
1440,Great prices and even better service. Highly recommend this business! Located in Kawempe.,2023-12-18,Instagram,Kampala,positive
1441,Okay delivery time. Product is functional and usable.,2024-04-26,WhatsApp,Bukoto,neutral
1442,"Fast delivery, good quality, fair prices. What more could you ask for? Great price!",2023-10-06,Facebook,Nakawa,positive
1443,Okay product quality. Price matches the value received.,2024-06-04,Website,Kololo,neutral
1444,Excellent customer support. They responded quickly to my questions.,2023-12-16,Website,Central,positive
1445,Standard business service. Acceptable but not exceptional.,2024-06-30,Twitter,Nakawa,neutral
1446,Very disappointed. Product quality is poor and service is worse.,2023-04-03,Twitter,Kampala,negative
1447,Poor customer service. Staff was rude and unhelpful.,2024-08-20,Facebook,Kampala,negative
1448,Outstanding quality and service. Will definitely shop here again. Located in Muyenga.,2023-03-23,Google,Muyenga,positive
1449,Fair experience overall. Nothing exceptional but acceptable. Located in Kawempe.,2023-02-14,Instagram,Kololo,neutral
1450,Excellent customer support. They responded quickly to my questions.,2023-01-21,Google,Ntinda,positive
1451,Amazing service! The team went above and beyond to help me.,2023-08-01,Google,Kawempe,positive
1452,Excellent customer support. They responded quickly to my questions. Located in Nakawa. Great service!,2024-06-16,Website,Kawempe,positive
1453,Great value for money. Fast delivery and excellent packaging.,2024-01-08,Facebook,Kawempe,positive
1454,Amazing service! The team went above and beyond to help me. Located in Kawempe.,2023-12-26,Website,Kampala,positive
1455,Average quality. Price is reasonable for what you get. Located in Kololo.,2024-04-20,Instagram,Nakawa,neutral
1456,Great experience overall. Will be a returning customer. Located in Lubaga.,2024-05-12,Facebook,Kampala,positive
1457,Best prices in Nakawa area. Great value for money. Located in Lubaga.,2024-05-06,Website,Muyenga,positive
1458,Product works as expected. No major issues or complaints. Located in Kampala.,2023-07-27,Google,Kololo,neutral
1459,Great prices and even better service. Highly recommend this business! Located in Ntinda.,2024-11-06,Website,Central,positive
1460,Okay service. Nothing special but gets the job done.,2023-06-25,WhatsApp,Bukoto,neutral
1461,Outstanding service! The staff was very helpful and friendly. Located in Kampala.,2024-01-09,Instagram,Muyenga,positive
1462,Worst shopping experience. Poor quality and terrible service. Located in Central.,2024-02-01,Instagram,Makindye,negative
1463,Amazing experience! The product arrived on time and in perfect condition. Great support!,2023-02-14,Website,Kololo,positive
1464,Great experience from start to finish. Will shop here again!,2023-02-15,Website,Lubaga,positive
1465,Best prices in Nakawa area. Great value for money. Located in Ntinda.,2023-01-13,Facebook,Kawempe,positive
1466,Excellent business! Highly professional and reliable.,2023-08-24,Facebook,Lubaga,positive
1467,Outstanding service! The staff was very helpful and friendly.,2024-10-14,Facebook,Ntinda,positive
1468,"Fast shipping, good quality, and excellent customer support.",2023-05-29,Google,Bukoto,positive
1469,Very slow delivery and unresponsive customer support. Great delivery!,2023-01-06,WhatsApp,Nakawa,negative
1470,Fair experience overall. Nothing exceptional but acceptable.,2023-02-24,Facebook,Nakawa,neutral
1471,Delivery was delayed multiple times. Very frustrating experience.,2023-05-23,Facebook,Nakawa,negative
1472,Love shopping here! Always get great deals and quality products. Located in Lubaga.,2024-10-30,Twitter,Central,positive
1473,Best shopping experience! Quality products and great prices.,2023-05-01,Instagram,Kawempe,positive
1474,Terrible experience. Would not recommend this business to anyone.,2023-07-03,Website,Nakawa,negative
1475,"Fast shipping, good quality, and excellent customer support. Located in Makindye.",2023-11-02,WhatsApp,Lubaga,positive
1476,Love the product quality. Fast shipping and good packaging.,2023-05-24,Website,Nakawa,positive
1477,Fair prices and acceptable quality. Nothing outstanding.,2023-06-09,Facebook,Makindye,neutral
1478,Excellent communication and fast delivery. Highly satisfied!,2024-07-26,Website,Kololo,positive
1479,Customer service was unresponsive. Had to wait days for a reply.,2023-08-03,Facebook,Makindye,negative
1480,"Fast delivery, good quality, fair prices. What more could you ask for?",2024-01-13,Instagram,Kampala,positive
1481,Great experience from start to finish. Will shop here again!,2024-05-22,Twitter,Central,positive
1482,Standard business service. Acceptable but not exceptional. Located in Kampala.,2023-06-14,Instagram,Kawempe,neutral
1483,Great prices and even better service. Highly recommend this business!,2024-04-14,Facebook,Central,positive
1484,Great business with excellent customer care. Very professional. Located in Kampala.,2024-12-11,Facebook,Kampala,positive
1485,Best shop in Kawempe. Quality products and great service. Located in Muyenga. Great customer!,2023-07-15,WhatsApp,Ntinda,positive
1486,Product is functional. Does what it's supposed to do.,2024-06-08,Facebook,Lubaga,neutral
1487,Excellent customer support. They responded quickly to my questions. Located in Central.,2023-11-07,Instagram,Kololo,positive
1488,Great business with excellent customer care. Very professional.,2024-07-07,Twitter,Kawempe,positive
1489,Top-notch quality. Exceeded my expectations completely.,2023-04-20,Instagram,Kololo,positive
1490,Best customer service I've experienced. Products are top quality. Great business!,2023-03-06,Twitter,Makindye,positive
1491,Amazing experience! The product arrived on time and in perfect condition. Located in Lubaga.,2023-10-08,Facebook,Kololo,positive
1492,Excellent customer support. They responded quickly to my questions.,2024-01-04,Instagram,Kololo,positive
1493,"Outstanding business! Professional, reliable, and customer-focused.",2023-08-08,WhatsApp,Kawempe,positive
1494,Not satisfied with the product. Quality is below expectations.,2024-09-12,Website,Lubaga,negative
1495,Product works fine. Decent quality for the price paid. Located in Kampala.,2023-11-16,Google,Bukoto,neutral
1496,Best customer service I've experienced. Products are top quality.,2024-04-15,Twitter,Kampala,positive
1497,Overpriced compared to other shops in Nakawa area.,2024-12-30,WhatsApp,Kololo,negative
1498,Excellent customer support. They responded quickly to my questions.,2023-07-31,Website,Ntinda,positive
1499,Love the product quality. Fast shipping and good packaging.,2023-05-11,WhatsApp,Kololo,positive
1500,Great prices and even better service. Highly recommend this business!,2024-11-25,Google,Kampala,positive
1501,Excellent communication and fast delivery. Highly satisfied! Great service!,2023-08-31,WhatsApp,Lubaga,positive
1502,Great products at affordable prices. Very satisfied with my purchase.,2024-12-17,WhatsApp,Muyenga,positive
1503,Standard service. No complaints but nothing exceptional either. Located in Kampala.,2023-09-02,Google,Muyenga,neutral
1504,Product didn't work as expected. Waste of money.,2024-08-20,WhatsApp,Lubaga,negative
1505,Great prices and even better service. Highly recommend this business!,2023-06-15,Google,Kololo,positive
1506,Fair prices and acceptable quality. Nothing outstanding.,2023-02-26,Instagram,Kololo,neutral
1507,Great experience overall. Will be a returning customer.,2023-09-01,Google,Nakawa,positive
1508,Excellent communication and fast delivery. Highly satisfied!,2024-08-17,WhatsApp,Central,positive
1509,Poor packaging led to damaged goods. Very unprofessional.,2023-12-06,Facebook,Central,negative
1510,Fair prices and acceptable quality. Nothing outstanding.,2024-09-14,Twitter,Makindye,neutral
1511,Great experience overall. Will be a returning customer. Located in Central.,2023-08-04,Instagram,Central,positive
1512,Outstanding quality and service. Will definitely shop here again.,2024-09-14,Facebook,Makindye,positive
1513,Best shop in Kawempe. Quality products and great service. Great staff!,2024-08-08,WhatsApp,Makindye,positive
1514,Excellent products and service. Best in the area!,2023-06-23,Website,Nakawa,positive
1515,Best shopping experience! Quality products and great prices.,2024-08-22,Website,Kawempe,positive
1516,Great experience overall. Will be a returning customer. Great store!,2024-06-26,Google,Bukoto,positive
1517,Standard business service. Acceptable but not exceptional.,2023-08-19,Website,Kampala,neutral
1518,Delivery issues. Package arrived late and damaged. Located in Kawempe.,2023-06-23,Google,Nakawa,negative
1519,Overpriced products with low quality. Not good value for money.,2023-07-29,Google,Nakawa,negative
1520,"Fast shipping, good quality, and excellent customer support.",2024-10-16,Instagram,Bukoto,positive
1521,Decent value. Product works as expected.,2024-10-24,Twitter,Kampala,neutral
1522,Poor packaging led to damaged goods. Very unprofessional.,2024-08-06,Google,Ntinda,negative
1523,Love shopping here! Always get great deals and quality products.,2023-09-15,Facebook,Lubaga,positive
1524,Professional service and high-quality products. Very happy!,2024-07-09,Google,Bukoto,positive
1525,Quick response time and excellent customer care. Highly recommended! Located in Bukoto.,2024-03-11,Twitter,Ntinda,positive
1526,Decent value. Product works as expected.,2023-01-19,Website,Central,neutral
1527,Decent quality products. Price is fair for what you receive.,2024-05-25,Google,Bukoto,neutral
1528,"Outstanding business! Professional, reliable, and customer-focused. Located in Kololo. Great shop!",2024-09-05,Twitter,Central,positive
1529,Love the product quality. Fast shipping and good packaging.,2024-11-12,Twitter,Muyenga,positive
1530,Okay service. Product meets basic requirements. Located in Muyenga.,2023-09-24,Facebook,Kampala,neutral
1531,Not satisfied with the product. Quality is below expectations.,2024-06-18,Instagram,Makindye,negative
1532,"Outstanding business! Professional, reliable, and customer-focused.",2023-12-27,Facebook,Bukoto,positive
1533,Very disappointed. Product quality is poor and service is worse.,2024-06-10,Google,Ntinda,negative
1534,Great business with excellent customer care. Very professional.,2024-07-08,Website,Ntinda,positive
1535,Fair prices and acceptable quality. Nothing outstanding.,2024-11-26,Google,Bukoto,neutral
1536,Professional service and high-quality products. Very happy! Located in Muyenga.,2023-10-01,Facebook,Kampala,positive
1537,Okay experience. Nothing to complain about but not impressed either. Located in Muyenga.,2024-04-19,WhatsApp,Lubaga,neutral
1538,Standard delivery. Product works but quality is average.,2024-07-14,Google,Lubaga,neutral
1539,Amazing experience! The product arrived on time and in perfect condition.,2024-04-17,Google,Makindye,positive
1540,Fair experience overall. Nothing exceptional but acceptable.,2024-05-06,Instagram,Nakawa,neutral
1541,Excellent customer support. They responded quickly to my questions. Located in Bukoto.,2024-02-16,Twitter,Kololo,positive
1542,Amazing experience! The product arrived on time and in perfect condition.,2023-02-23,Twitter,Central,positive
1543,Best shop in Kawempe. Quality products and great service.,2023-01-03,Twitter,Kampala,positive
1544,Excellent products and service. Best in the area! Great delivery!,2024-04-08,WhatsApp,Lubaga,positive
1545,Best shopping experience! Quality products and great prices. Located in Nakawa.,2024-11-06,WhatsApp,Muyenga,positive
1546,Best shopping experience! Quality products and great prices.,2024-11-04,Google,Kololo,positive
1547,Product was different from what was advertised. Misleading description. Great support!,2024-12-10,Google,Bukoto,negative
1548,Great products at affordable prices. Very satisfied with my purchase. Great restaurant!,2024-05-07,Twitter,Kololo,positive
1549,Delivery was delayed multiple times. Very frustrating experience.,2024-12-14,Instagram,Muyenga,negative
1550,Excellent communication and fast delivery. Highly satisfied!,2023-08-20,Website,Kololo,positive
1551,Excellent business! Highly professional and reliable. Located in Makindye.,2023-06-04,Google,Muyenga,positive
1552,Best prices in Nakawa area. Great value for money.,2023-07-05,Instagram,Bukoto,positive
1553,Best shopping experience! Quality products and great prices.,2023-07-02,WhatsApp,Kololo,positive
1554,Product broke after just one week of use. Very poor quality.,2024-09-04,Instagram,Muyenga,negative
1555,Excellent business! Highly professional and reliable.,2023-01-12,WhatsApp,Kampala,positive
1556,Love the product quality. Fast shipping and good packaging. Great price!,2023-04-08,Google,Central,positive
1557,Standard service. No complaints but nothing exceptional either. Great staff!,2023-07-31,WhatsApp,Muyenga,neutral
1558,Love the product quality. Fast shipping and good packaging. Located in Muyenga.,2023-11-21,Facebook,Kololo,positive
1559,Standard quality. Nothing to complain about or praise.,2023-10-23,Facebook,Ntinda,neutral
1560,Amazing experience! The product arrived on time and in perfect condition.,2024-04-03,Instagram,Makindye,positive
1561,Very satisfied with my purchase. Great quality and fast delivery.,2023-11-14,Website,Nakawa,positive
1562,Professional service and high-quality products. Very happy! Located in Central.,2023-03-23,Facebook,Ntinda,positive
1563,Okay experience. Nothing to complain about but not impressed either. Great price!,2024-11-26,Twitter,Bukoto,neutral
1564,Overpriced products with low quality. Not good value for money.,2023-01-29,Instagram,Muyenga,negative
1565,Great service! Very fast delivery in Kampala. Highly recommend! Located in Ntinda. Great customer!,2023-12-04,Website,Muyenga,positive
1566,Excellent business! Highly professional and reliable.,2024-08-06,Instagram,Kawempe,positive
1567,"Fast shipping, good quality, and excellent customer support. Located in Bukoto.",2023-01-08,Website,Muyenga,positive
1568,Very slow delivery and unresponsive customer support. Located in Kololo.,2023-02-14,Twitter,Muyenga,negative
1569,Outstanding service! The staff was very helpful and friendly. Located in Bukoto.,2024-05-28,Instagram,Kololo,positive
1570,Delivery was on time. Product is as expected.,2023-12-02,WhatsApp,Bukoto,neutral
1571,Product is functional. Does what it's supposed to do. Great staff!,2024-08-28,Instagram,Kawempe,neutral
1572,Amazing quality products. Will definitely buy again from this shop. Located in Muyenga.,2024-10-27,Facebook,Nakawa,positive
1573,Disappointing experience. Would not recommend this shop. Great purchase!,2023-05-07,WhatsApp,Nakawa,negative
1574,Product is functional. Does what it's supposed to do. Located in Bukoto.,2023-05-19,Website,Makindye,neutral
1575,Great value for money. Fast delivery and excellent packaging.,2023-03-01,Facebook,Bukoto,positive
1576,Product is okay. Nothing special but serves its purpose. Located in Makindye. Great shop!,2024-09-25,Facebook,Kampala,neutral
1577,Excellent business! Highly professional and reliable. Great purchase!,2023-12-08,Facebook,Kololo,positive
1578,Excellent customer support. They responded quickly to my questions. Located in Kololo.,2023-12-01,Website,Muyenga,positive
1579,Delivery was on time. Product is as expected.,2024-11-07,Twitter,Lubaga,neutral
1580,Product works as expected. No major issues or complaints.,2023-06-08,Facebook,Ntinda,neutral
1581,Outstanding service! The staff was very helpful and friendly.,2024-07-04,WhatsApp,Bukoto,positive
1582,Average quality. Nothing special but nothing wrong either.,2024-12-17,Facebook,Muyenga,neutral
1583,Best customer service I've experienced. Products are top quality. Great packaging!,2024-08-17,Facebook,Muyenga,positive
1584,Decent value. Product works as expected. Located in Kawempe.,2024-03-23,Instagram,Central,neutral
1585,Great service! Very fast delivery in Kampala. Highly recommend!,2023-12-20,Website,Central,positive
1586,Not satisfied with the product. Quality is below expectations.,2024-01-05,WhatsApp,Makindye,negative
1587,"Fast delivery, good quality, fair prices. What more could you ask for?",2024-05-05,Twitter,Bukoto,positive
1588,Decent value. Product works as expected.,2024-08-05,Website,Makindye,neutral
1589,Great prices and even better service. Highly recommend this business!,2023-03-24,Facebook,Central,positive
1590,Great prices and even better service. Highly recommend this business!,2023-01-25,Facebook,Nakawa,positive
1591,Product was defective but they refused to refund. Bad business.,2023-03-06,Google,Muyenga,negative
1592,Great experience overall. Will be a returning customer.,2023-03-11,Website,Central,positive
1593,Great business with excellent customer care. Very professional.,2023-01-19,Website,Kololo,positive
1594,Great business with excellent customer care. Very professional. Great service!,2024-07-24,Website,Makindye,positive
1595,Top-notch quality. Exceeded my expectations completely. Located in Central.,2024-08-29,Google,Ntinda,positive
1596,Outstanding service! The staff was very helpful and friendly.,2024-03-21,Facebook,Lubaga,positive
1597,Professional service and high-quality products. Very happy! Located in Nakawa.,2023-04-18,Facebook,Kawempe,positive
1598,Very disappointed with the quality. Not worth the money paid. Located in Kololo.,2023-07-12,Instagram,Kampala,negative
1599,"Fast shipping, good quality, and excellent customer support. Located in Kampala.",2024-04-29,Instagram,Kampala,positive
1600,Great products at affordable prices. Very satisfied with my purchase.,2023-08-11,Instagram,Ntinda,positive
1601,Love the product quality. Fast shipping and good packaging. Located in Muyenga.,2024-11-05,Facebook,Muyenga,positive
1602,Average experience. Product is functional and adequate. Located in Kawempe. Great product!,2024-05-29,Instagram,Kampala,neutral
1603,Professional service and high-quality products. Very happy!,2023-01-30,Instagram,Bukoto,positive
1604,Product works as expected. No major issues or complaints.,2023-09-05,Google,Bukoto,neutral
1605,Amazing experience! The product arrived on time and in perfect condition.,2023-01-26,Instagram,Lubaga,positive
1606,Great experience from start to finish. Will shop here again! Located in Bukoto.,2023-07-28,Twitter,Muyenga,positive
1607,Outstanding quality and service. Will definitely shop here again.,2024-05-16,WhatsApp,Muyenga,positive
1608,Amazing experience! The product arrived on time and in perfect condition.,2024-10-22,Website,Makindye,positive
1609,Decent value. Product works as expected.,2024-10-01,Instagram,Makindye,neutral
1610,Top-notch quality. Exceeded my expectations completely. Great business!,2023-12-25,Google,Kampala,positive
1611,"Outstanding business! Professional, reliable, and customer-focused. Located in Kololo. Great business!",2023-10-05,Twitter,Central,positive
1612,Poor value for money. Better options available elsewhere.,2024-05-26,Facebook,Kololo,negative
1613,Excellent products and service. Best in the area!,2023-09-21,Instagram,Central,positive
1614,"Fast shipping, good quality, and excellent customer support. Great delivery!",2023-03-28,Google,Kampala,positive
1615,Amazing quality products. Will definitely buy again from this shop. Located in Muyenga.,2023-02-09,Instagram,Kampala,positive
1616,Excellent customer support. They responded quickly to my questions.,2023-07-30,Website,Bukoto,positive
1617,Product was defective but they refused to refund. Bad business.,2023-10-31,Instagram,Kololo,negative
1618,Best shopping experience! Quality products and great prices. Great product!,2024-03-26,Google,Muyenga,positive
1619,Great business with excellent customer care. Very professional.,2024-10-23,Twitter,Kololo,positive
1620,Excellent products and service. Best in the area! Located in Lubaga.,2024-09-14,Facebook,Central,positive
1621,Excellent communication and fast delivery. Highly satisfied! Located in Kampala.,2023-04-15,WhatsApp,Nakawa,positive
1622,Best prices in Nakawa area. Great value for money.,2024-01-14,WhatsApp,Makindye,positive
1623,Quick response time and excellent customer care. Highly recommended! Great staff!,2023-04-28,WhatsApp,Kawempe,positive
1624,Very disappointed. Product quality is poor and service is worse.,2024-04-07,Website,Central,negative
1625,Poor customer service. Staff was rude and unhelpful.,2024-10-17,Twitter,Lubaga,negative
1626,Top quality products at reasonable prices. Highly recommended!,2023-07-20,Facebook,Makindye,positive
1627,"Fast shipping, good quality, and excellent customer support.",2024-06-21,Twitter,Kawempe,positive
1628,Product arrived damaged and customer service refused to help. Great store!,2023-03-18,Website,Ntinda,negative
1629,"Fast delivery, good quality, fair prices. What more could you ask for? Located in Makindye.",2024-02-14,Twitter,Nakawa,positive
1630,Love shopping here! Always get great deals and quality products.,2024-01-07,Instagram,Muyenga,positive
1631,Product arrived damaged and customer service refused to help.,2024-12-21,Twitter,Kawempe,negative
1632,Amazing quality products. Will definitely buy again from this shop.,2024-04-26,Website,Nakawa,positive
1633,Poor quality products. Broke within days of purchase.,2023-10-28,Website,Kawempe,negative
1634,Outstanding quality and service. Will definitely shop here again.,2024-12-06,WhatsApp,Kampala,positive
1635,Great prices and even better service. Highly recommend this business! Located in Kampala.,2024-07-01,Facebook,Kampala,positive
1636,"Outstanding business! Professional, reliable, and customer-focused. Located in Makindye.",2024-12-12,Google,Ntinda,positive
1637,Top-notch quality. Exceeded my expectations completely. Located in Makindye.,2023-10-01,WhatsApp,Makindye,positive
1638,Great prices and even better service. Highly recommend this business!,2023-10-18,Facebook,Ntinda,positive
1639,Top quality products at reasonable prices. Highly recommended!,2023-09-04,Instagram,Lubaga,positive
1640,"Outstanding business! Professional, reliable, and customer-focused.",2024-08-13,WhatsApp,Kololo,positive
1641,Amazing experience! The product arrived on time and in perfect condition.,2024-12-27,WhatsApp,Muyenga,positive
1642,Top quality products at reasonable prices. Highly recommended!,2023-04-03,Facebook,Kampala,positive
1643,Very slow delivery and unresponsive customer support. Located in Ntinda.,2023-12-21,Facebook,Kawempe,negative
1644,Very slow delivery. Took over a week to arrive in Kampala. Great business!,2023-10-31,Facebook,Central,negative
1645,Great business with excellent customer care. Very professional.,2024-06-27,Google,Lubaga,positive
1646,"Fast shipping, good quality, and excellent customer support.",2023-01-20,WhatsApp,Makindye,positive
1647,Amazing quality products. Will definitely buy again from this shop.,2024-11-24,Twitter,Kampala,positive
1648,"Fast delivery, good quality, fair prices. What more could you ask for?",2024-09-08,WhatsApp,Kawempe,positive
1649,Great experience from start to finish. Will shop here again! Located in Makindye. Great experience!,2023-02-19,Instagram,Kampala,positive
1650,Standard delivery time. Product quality is average. Located in Central. Great quality!,2024-10-28,Facebook,Bukoto,neutral
1651,Professional service and high-quality products. Very happy!,2023-01-05,Google,Kampala,positive
1652,Top-notch quality. Exceeded my expectations completely. Great product!,2023-03-08,Instagram,Kawempe,positive
1653,Quick response time and excellent customer care. Highly recommended!,2023-10-22,WhatsApp,Bukoto,positive
1654,Average quality. Price is reasonable for what you get. Located in Bukoto. Great store!,2023-01-02,Google,Kololo,neutral
1655,Product arrived damaged and customer service refused to help.,2024-01-05,Twitter,Kololo,negative
1656,Amazing quality products. Will definitely buy again from this shop. Located in Makindye.,2023-04-24,Google,Kampala,positive
1657,Great experience from start to finish. Will shop here again!,2024-08-01,Website,Central,positive
1658,Okay service. Nothing special but gets the job done. Located in Lubaga.,2024-02-22,Website,Kawempe,neutral
1659,Outstanding quality and service. Will definitely shop here again. Great experience!,2023-05-26,Facebook,Lubaga,positive
1660,"Fast shipping, good quality, and excellent customer support.",2024-06-25,Instagram,Kampala,positive
1661,Fair experience overall. Nothing exceptional but acceptable.,2023-03-26,Facebook,Kololo,neutral
1662,Great products at affordable prices. Very satisfied with my purchase. Great delivery!,2023-12-20,Facebook,Lubaga,positive
1663,Fair prices and acceptable quality. Nothing outstanding.,2023-06-21,Facebook,Ntinda,neutral
1664,Outstanding quality and service. Will definitely shop here again.,2023-12-24,Instagram,Lubaga,positive
1665,Decent quality products. Price is fair for what you receive.,2023-10-25,WhatsApp,Bukoto,neutral
1666,Disappointing experience. Would not recommend this shop. Located in Kampala.,2023-11-17,WhatsApp,Kololo,negative
1667,Product was damaged on arrival. Poor packaging quality.,2023-08-01,Google,Kampala,negative
1668,Excellent communication and fast delivery. Highly satisfied!,2023-05-07,Instagram,Ntinda,positive
1669,Average experience overall. Product is fine but not great.,2024-06-18,Website,Muyenga,neutral
1670,Outstanding service! The staff was very helpful and friendly. Located in Nakawa.,2023-07-21,Instagram,Kawempe,positive
1671,Terrible experience. Would not recommend this business to anyone.,2024-03-09,Twitter,Ntinda,negative
1672,Outstanding quality and service. Will definitely shop here again. Located in Central. Great support!,2024-05-10,Facebook,Makindye,positive
1673,Best prices in Nakawa area. Great value for money. Located in Nakawa.,2024-06-11,Twitter,Central,positive
1674,Average quality. Nothing special but nothing wrong either. Great delivery!,2023-02-16,WhatsApp,Muyenga,neutral
1675,Delivery issues. Package arrived late and damaged. Located in Central. Great quality!,2023-11-09,Google,Ntinda,negative
1676,Great value for money. Fast delivery and excellent packaging.,2024-04-24,WhatsApp,Nakawa,positive
1677,Outstanding service! The staff was very helpful and friendly.,2024-06-05,Facebook,Nakawa,positive
1678,Product works fine. Decent quality for the price paid.,2024-07-15,Facebook,Central,neutral
1679,Amazing service! The team went above and beyond to help me. Great restaurant!,2024-09-25,WhatsApp,Muyenga,positive
1680,Fair value for money. Quality is acceptable but not premium. Great shop!,2023-01-12,Website,Bukoto,neutral
1681,Outstanding quality and service. Will definitely shop here again.,2023-04-13,WhatsApp,Central,positive
1682,Outstanding quality and service. Will definitely shop here again. Located in Kampala.,2024-10-23,Google,Nakawa,positive
1683,"Outstanding business! Professional, reliable, and customer-focused.",2024-08-15,Facebook,Bukoto,positive
1684,Love the product quality. Fast shipping and good packaging. Located in Muyenga.,2024-08-24,Facebook,Muyenga,positive
1685,Disappointing experience. Would not recommend this shop.,2024-04-16,Google,Nakawa,negative
1686,Best customer service I've experienced. Products are top quality. Located in Muyenga.,2023-04-17,Twitter,Kampala,positive
1687,Standard quality. Nothing to complain about or praise. Located in Makindye. Great staff!,2024-12-27,Website,Kawempe,neutral
1688,Product didn't work as expected. Waste of money.,2023-04-08,Google,Ntinda,negative
1689,Delivery was delayed multiple times. Very frustrating experience. Located in Central.,2023-04-19,WhatsApp,Nakawa,negative
1690,Okay service. Nothing special but gets the job done. Located in Nakawa. Great quality!,2023-09-22,Twitter,Kololo,neutral
1691,Great experience overall. Will be a returning customer.,2023-01-01,Twitter,Nakawa,positive
1692,Decent value. Product works as expected. Located in Ntinda.,2024-05-26,Google,Muyenga,neutral
1693,Great value for money. Fast delivery and excellent packaging.,2023-11-26,WhatsApp,Nakawa,positive
1694,Fair value for money. Quality is acceptable but not premium. Located in Kawempe.,2024-12-23,Twitter,Kawempe,neutral
1695,Excellent customer support. They responded quickly to my questions.,2024-08-17,Website,Kawempe,positive
1696,Disappointing experience. Would not recommend this shop. Great shipping!,2024-04-13,Instagram,Central,negative
1697,Average quality. Nothing special but nothing wrong either.,2024-05-16,Facebook,Muyenga,neutral
1698,Amazing experience! The product arrived on time and in perfect condition.,2024-09-21,WhatsApp,Muyenga,positive
1699,Okay delivery time. Product is functional and usable. Great restaurant!,2023-06-25,Instagram,Kampala,neutral
1700,Outstanding quality and service. Will definitely shop here again.,2024-06-10,Instagram,Nakawa,positive
1701,Best customer service I've experienced. Products are top quality.,2024-04-07,Google,Ntinda,positive
1702,Okay experience. Nothing to complain about but not impressed either.,2024-06-21,Instagram,Makindye,neutral
1703,Product didn't work as expected. Waste of money.,2023-02-08,Facebook,Nakawa,negative
1704,Customer service was unresponsive. Had to wait days for a reply. Located in Muyenga. Great purchase!,2023-04-11,Facebook,Kololo,negative
1705,Would not buy from here again. Poor experience overall. Located in Kololo. Great shop!,2023-06-01,Facebook,Bukoto,negative
1706,Standard quality. Nothing to complain about or praise.,2024-12-23,Google,Nakawa,neutral
1707,Disappointing experience. Would not recommend this shop.,2023-02-18,WhatsApp,Makindye,negative
1708,Standard delivery. Product works but quality is average.,2023-01-07,Instagram,Kampala,neutral
1709,Product arrived damaged and customer service refused to help.,2024-12-31,Google,Nakawa,negative
1710,Great products at affordable prices. Very satisfied with my purchase.,2023-02-04,Website,Makindye,positive
1711,Standard delivery. Product works but quality is average.,2024-03-27,Instagram,Nakawa,neutral
1712,Delivery was on time. Product is as expected. Great customer!,2023-06-09,Twitter,Kololo,neutral
1713,Poor quality products. Broke within days of purchase.,2024-03-27,Google,Central,negative
1714,Excellent communication and fast delivery. Highly satisfied! Located in Lubaga.,2023-02-04,Twitter,Nakawa,positive
1715,Excellent customer support. They responded quickly to my questions. Great shop!,2024-07-17,Website,Ntinda,positive
1716,Great business with excellent customer care. Very professional.,2024-11-26,Twitter,Central,positive
1717,Standard delivery time. Product quality is average.,2024-03-28,Instagram,Nakawa,neutral
1718,Poor customer service. Staff was rude and unhelpful.,2024-04-02,Twitter,Lubaga,negative
1719,Fair value for money. Quality is acceptable but not premium.,2024-12-05,WhatsApp,Muyenga,neutral
1720,Best shop in Kawempe. Quality products and great service.,2024-12-21,Twitter,Bukoto,positive
1721,Okay product quality. Price matches the value received. Located in Bukoto.,2023-05-10,Facebook,Kampala,neutral
1722,Best shopping experience! Quality products and great prices.,2024-02-13,Website,Makindye,positive
1723,Amazing quality products. Will definitely buy again from this shop. Located in Kampala.,2023-08-03,Website,Bukoto,positive
1724,Decent quality products. Price is fair for what you receive.,2024-12-15,Google,Kololo,neutral
1725,Great service! Very fast delivery in Kampala. Highly recommend!,2023-01-31,Instagram,Kawempe,positive
1726,Not satisfied at all. Product quality is below standard.,2024-01-07,Instagram,Nakawa,negative
1727,Excellent customer support. They responded quickly to my questions. Located in Kawempe.,2023-01-26,Twitter,Ntinda,positive
1728,Great business with excellent customer care. Very professional.,2023-08-29,WhatsApp,Makindye,positive
1729,Slow response time and poor communication from the business. Great service!,2024-03-14,Twitter,Muyenga,negative
1730,Excellent business! Highly professional and reliable. Located in Central.,2023-01-14,Twitter,Central,positive
1731,Poor quality products. Broke within days of purchase. Located in Nakawa.,2023-10-20,Instagram,Ntinda,negative
1732,Worst shopping experience. Poor quality and terrible service.,2023-03-13,Facebook,Kawempe,negative
1733,Quick response time and excellent customer care. Highly recommended!,2023-06-22,WhatsApp,Lubaga,positive
1734,Professional service and high-quality products. Very happy!,2023-02-25,Facebook,Kawempe,positive
1735,Would not buy from here again. Poor experience overall.,2024-01-06,Twitter,Bukoto,negative
1736,Fair experience overall. Nothing exceptional but acceptable.,2023-02-14,Twitter,Lubaga,neutral
1737,Product is okay. Nothing special but serves its purpose.,2023-11-20,Website,Kololo,neutral
1738,Product is okay. Nothing special but serves its purpose. Located in Lubaga.,2024-06-06,Website,Makindye,neutral
1739,Outstanding quality and service. Will definitely shop here again. Great staff!,2024-01-15,Twitter,Central,positive
1740,Product works fine. Decent quality for the price paid. Located in Ntinda.,2023-08-28,Google,Nakawa,neutral
1741,Average quality. Nothing special but nothing wrong either. Located in Kololo.,2023-07-18,Facebook,Kampala,neutral
1742,Poor value for money. Better options available elsewhere. Great business!,2023-07-08,Google,Muyenga,negative
1743,Average quality products. Functional but not impressive.,2023-06-03,Facebook,Muyenga,neutral
1744,Best shop in Kawempe. Quality products and great service.,2024-02-21,Website,Bukoto,positive
1745,Great products at affordable prices. Very satisfied with my purchase. Located in Lubaga.,2023-03-27,Website,Lubaga,positive
1746,Standard delivery time. Product quality is average.,2024-01-17,Facebook,Makindye,neutral
1747,Decent service. No major complaints but nothing impressive.,2024-10-08,Twitter,Bukoto,neutral
1748,Amazing quality products. Will definitely buy again from this shop.,2024-03-05,Website,Lubaga,positive
1749,Amazing service! The team went above and beyond to help me. Great experience!,2023-12-04,Google,Kololo,positive
1750,Top quality products at reasonable prices. Highly recommended!,2023-01-01,Instagram,Makindye,positive
1751,Best prices in Nakawa area. Great value for money.,2024-11-12,Website,Kololo,positive
1752,Product works fine. Decent quality for the price paid.,2023-02-09,Twitter,Kawempe,neutral
1753,Okay service. Nothing special but gets the job done.,2023-07-17,Twitter,Kampala,neutral
1754,Excellent customer support. They responded quickly to my questions. Located in Makindye.,2023-04-16,Instagram,Lubaga,positive
1755,Amazing quality products. Will definitely buy again from this shop.,2023-11-11,Facebook,Central,positive
1756,Decent value. Product works as expected. Located in Bukoto.,2024-06-16,Twitter,Lubaga,neutral
1757,Excellent products and service. Best in the area!,2023-11-28,Website,Lubaga,positive
1758,Excellent customer support. They responded quickly to my questions. Great experience!,2024-03-12,Google,Kampala,positive
1759,Decent value. Product works as expected. Great store!,2024-12-20,Twitter,Kawempe,neutral
1760,Okay service. Product meets basic requirements. Great shop!,2024-10-10,Website,Nakawa,neutral
1761,Average quality products. Functional but not impressive.,2023-08-22,Website,Muyenga,neutral
1762,Slow response time and poor communication from the business.,2024-07-07,Website,Ntinda,negative
1763,Great service! Very fast delivery in Kampala. Highly recommend!,2023-06-11,Website,Nakawa,positive
1764,Okay experience. Nothing to complain about but not impressed either.,2024-12-03,Google,Central,neutral
1765,Great experience from start to finish. Will shop here again! Great price!,2024-08-16,Facebook,Nakawa,positive
1766,Product works fine. Decent quality for the price paid.,2023-05-01,Instagram,Kawempe,neutral
1767,Great business with excellent customer care. Very professional. Located in Kawempe. Great quality!,2024-12-28,Google,Ntinda,positive
1768,Very satisfied with my purchase. Great quality and fast delivery. Located in Bukoto. Great experience!,2024-09-22,Website,Bukoto,positive
1769,"Fast delivery, good quality, fair prices. What more could you ask for? Located in Makindye.",2024-04-02,Twitter,Kawempe,positive
1770,Fair value for money. Quality is acceptable but not premium. Located in Makindye. Great price!,2023-04-19,Facebook,Kampala,neutral
1771,Best shopping experience! Quality products and great prices. Located in Ntinda.,2024-06-16,Website,Kawempe,positive
1772,Overpriced products with low quality. Not good value for money.,2023-09-26,Instagram,Central,negative
1773,Excellent products and service. Best in the area! Located in Central. Great delivery!,2024-08-23,Facebook,Kawempe,positive
1774,Okay delivery time. Product is functional and usable. Great staff!,2024-03-31,Twitter,Nakawa,neutral
1775,Standard delivery. Product works but quality is average.,2023-12-22,WhatsApp,Makindye,neutral
1776,Average quality. Price is reasonable for what you get.,2023-10-30,Facebook,Ntinda,neutral
1777,Great prices and even better service. Highly recommend this business!,2023-11-18,Google,Central,positive
1778,Terrible customer service. No help when I had an issue. Great staff!,2024-10-26,Twitter,Kololo,negative
1779,Product quality was disappointing. Not as described on the website.,2024-02-09,WhatsApp,Kololo,negative
1780,Fair experience overall. Nothing exceptional but acceptable. Located in Ntinda.,2024-06-03,WhatsApp,Bukoto,neutral
1781,Best customer service I've experienced. Products are top quality. Great packaging!,2023-05-25,Google,Kawempe,positive
1782,Top-notch quality. Exceeded my expectations completely.,2023-09-23,WhatsApp,Nakawa,positive
1783,"Fast delivery, good quality, fair prices. What more could you ask for?",2024-07-01,Google,Muyenga,positive
1784,Product was damaged on arrival. Poor packaging quality. Located in Kawempe.,2024-04-09,Twitter,Kampala,negative
1785,Product is okay. Nothing special but serves its purpose.,2024-04-14,Google,Ntinda,neutral
1786,Love shopping here! Always get great deals and quality products.,2023-08-04,Instagram,Lubaga,positive
1787,Average quality products. Functional but not impressive.,2024-08-01,Google,Lubaga,neutral
1788,Great experience overall. Will be a returning customer. Great staff!,2023-12-03,Instagram,Muyenga,positive
1789,Would not buy from here again. Poor experience overall.,2024-03-01,Website,Bukoto,negative
1790,Standard service. No complaints but nothing exceptional either.,2024-03-12,Twitter,Kawempe,neutral
1791,Best customer service I've experienced. Products are top quality.,2024-09-26,Website,Muyenga,positive
1792,"Fast shipping, good quality, and excellent customer support.",2024-07-14,Google,Ntinda,positive
1793,Great service! Very fast delivery in Kampala. Highly recommend! Located in Muyenga.,2024-03-31,Website,Kampala,positive
1794,Great experience overall. Will be a returning customer.,2024-05-22,Facebook,Bukoto,positive
1795,Excellent business! Highly professional and reliable.,2023-08-25,Google,Lubaga,positive
1796,Not satisfied at all. Product quality is below standard.,2023-06-04,WhatsApp,Makindye,negative
1797,Standard business service. Acceptable but not exceptional.,2023-10-23,Twitter,Makindye,neutral
1798,Average product quality. Meets basic needs adequately. Great price!,2024-04-20,Twitter,Kawempe,neutral
1799,Delivery was delayed multiple times. Very frustrating experience. Located in Kawempe.,2023-12-30,Instagram,Lubaga,negative
1800,Love the product quality. Fast shipping and good packaging.,2023-05-12,Facebook,Kawempe,positive
1801,Decent quality products. Price is fair for what you receive. Great delivery!,2024-06-08,Google,Muyenga,neutral
1802,Terrible customer service. No help when I had an issue.,2024-07-04,WhatsApp,Muyenga,negative
1803,Average product quality. Meets basic needs adequately.,2023-12-10,WhatsApp,Nakawa,neutral
1804,Outstanding quality and service. Will definitely shop here again. Located in Ntinda. Great quality!,2024-02-06,Twitter,Lubaga,positive
1805,Standard delivery time. Product quality is average.,2023-06-12,Twitter,Makindye,neutral
1806,Standard experience. Product does what it needs to do.,2024-08-12,Facebook,Lubaga,neutral
1807,Outstanding service! The staff was very helpful and friendly. Located in Nakawa.,2023-05-11,Instagram,Ntinda,positive
1808,Outstanding service! The staff was very helpful and friendly.,2024-10-22,WhatsApp,Central,positive
1809,Disappointing experience. Would not recommend this shop.,2024-08-17,Google,Central,negative
1810,Top-notch quality. Exceeded my expectations completely. Located in Muyenga.,2023-06-14,Facebook,Muyenga,positive
1811,Standard quality. Nothing to complain about or praise. Great quality!,2023-04-16,Google,Kampala,neutral
1812,Terrible customer service. No help when I had an issue.,2023-10-08,Website,Kololo,negative
1813,Best shop in Kawempe. Quality products and great service. Located in Central.,2023-02-23,Twitter,Makindye,positive
1814,Average quality. Price is reasonable for what you get. Located in Muyenga.,2023-12-17,WhatsApp,Kawempe,neutral
1815,Excellent communication and fast delivery. Highly satisfied!,2024-09-23,Facebook,Kololo,positive
1816,Fair value for money. Quality is acceptable but not premium. Located in Ntinda.,2023-03-01,Twitter,Kampala,neutral
1817,Fair value for money. Quality is acceptable but not premium.,2024-05-13,WhatsApp,Central,neutral
1818,Top quality products at reasonable prices. Highly recommended!,2023-02-04,Instagram,Makindye,positive
1819,Great value for money. Fast delivery and excellent packaging. Great order!,2023-04-03,Facebook,Bukoto,positive
1820,Decent value. Product works as expected. Located in Central.,2024-06-13,Google,Lubaga,neutral
1821,Product was different from what was advertised. Misleading description.,2023-04-15,Facebook,Central,negative
1822,Love shopping here! Always get great deals and quality products.,2024-02-01,Google,Kololo,positive
1823,Average product quality. Meets basic needs adequately.,2024-08-03,Website,Kololo,neutral
1824,Terrible experience. Would not recommend this business to anyone.,2023-07-06,WhatsApp,Bukoto,negative
1825,Product works as expected. No major issues or complaints.,2023-09-12,Website,Muyenga,neutral
1826,"Fast delivery, good quality, fair prices. What more could you ask for?",2023-05-06,Facebook,Muyenga,positive
1827,Average quality products. Functional but not impressive.,2024-03-14,Instagram,Nakawa,neutral
1828,Decent quality products. Price is fair for what you receive. Located in Makindye. Great shop!,2024-10-07,Website,Kampala,neutral
1829,Product is functional. Does what it's supposed to do.,2024-03-24,Twitter,Central,neutral
1830,Very satisfied with my purchase. Great quality and fast delivery. Located in Muyenga.,2023-06-27,WhatsApp,Nakawa,positive
1831,Outstanding quality and service. Will definitely shop here again. Located in Kampala.,2024-08-25,Facebook,Kololo,positive
1832,"Outstanding business! Professional, reliable, and customer-focused.",2023-04-27,Website,Kawempe,positive
1833,Outstanding quality and service. Will definitely shop here again.,2023-04-19,Facebook,Makindye,positive
1834,Amazing experience! The product arrived on time and in perfect condition. Located in Ntinda. Great purchase!,2024-03-29,Twitter,Ntinda,positive
1835,"Fast delivery, good quality, fair prices. What more could you ask for? Great store!",2024-08-13,Twitter,Kololo,positive
1836,Okay experience. Nothing to complain about but not impressed either. Located in Kololo.,2024-06-22,Website,Central,neutral
1837,Love the product quality. Fast shipping and good packaging.,2023-06-14,WhatsApp,Ntinda,positive
1838,Love shopping here! Always get great deals and quality products.,2023-12-25,Website,Kawempe,positive
1839,Amazing experience! The product arrived on time and in perfect condition. Located in Central.,2023-01-30,WhatsApp,Bukoto,positive
1840,Decent service. No major complaints but nothing impressive. Located in Nakawa.,2024-06-26,Instagram,Kawempe,neutral
1841,Top-notch quality. Exceeded my expectations completely.,2024-09-13,Google,Ntinda,positive
1842,Great service! Very fast delivery in Kampala. Highly recommend!,2024-09-16,Website,Muyenga,positive
1843,Product is okay. Nothing special but serves its purpose.,2024-04-23,Instagram,Bukoto,neutral
1844,Okay experience. Nothing to complain about but not impressed either.,2024-02-02,Facebook,Kampala,neutral
1845,Poor value for money. Better options available elsewhere.,2023-03-30,Instagram,Kololo,negative
1846,Best prices in Nakawa area. Great value for money. Great business!,2023-10-03,Twitter,Muyenga,positive
1847,Excellent business! Highly professional and reliable.,2023-08-25,WhatsApp,Muyenga,positive
1848,Poor value for money. Better options available elsewhere. Great service!,2024-02-17,Instagram,Makindye,negative
1849,Standard business service. Acceptable but not exceptional. Located in Kololo.,2023-06-14,Twitter,Lubaga,neutral
1850,Okay experience. Nothing to complain about but not impressed either.,2023-12-28,Twitter,Kawempe,neutral
1851,Quick response time and excellent customer care. Highly recommended! Great quality!,2024-12-03,Website,Ntinda,positive
1852,Great service! Very fast delivery in Kampala. Highly recommend! Located in Makindye.,2023-07-02,Twitter,Kololo,positive
1853,Very satisfied with my purchase. Great quality and fast delivery. Great price!,2024-05-31,Twitter,Kololo,positive
1854,Average quality. Nothing special but nothing wrong either. Located in Makindye. Great order!,2023-02-19,Facebook,Makindye,neutral
1855,Great business with excellent customer care. Very professional. Great staff!,2024-10-10,Google,Kololo,positive
1856,Best shop in Kawempe. Quality products and great service.,2023-09-24,Google,Muyenga,positive
1857,Excellent communication and fast delivery. Highly satisfied!,2024-06-22,Website,Kawempe,positive
1858,Average quality products. Functional but not impressive. Located in Lubaga.,2023-08-16,Twitter,Nakawa,neutral
1859,Okay service. Nothing special but gets the job done.,2024-09-11,Facebook,Kampala,neutral
1860,Okay product quality. Price matches the value received. Great order!,2023-07-14,Google,Muyenga,neutral
1861,Best shop in Kawempe. Quality products and great service. Located in Kololo. Great customer!,2024-11-18,Website,Makindye,positive
1862,Outstanding quality and service. Will definitely shop here again. Located in Bukoto.,2024-09-27,Instagram,Muyenga,positive
1863,Great experience overall. Will be a returning customer.,2024-04-22,Google,Kololo,positive
1864,Great prices and even better service. Highly recommend this business!,2024-09-16,Twitter,Kampala,positive
1865,Outstanding service! The staff was very helpful and friendly. Located in Central.,2024-07-28,Facebook,Kololo,positive
1866,Product was different from what was advertised. Misleading description. Located in Lubaga.,2023-12-08,Instagram,Muyenga,negative
1867,Great prices and even better service. Highly recommend this business! Located in Kololo.,2023-07-16,WhatsApp,Central,positive
1868,Best shopping experience! Quality products and great prices. Great price!,2023-03-17,Facebook,Lubaga,positive
1869,Amazing experience! The product arrived on time and in perfect condition. Located in Muyenga. Great store!,2024-11-04,Google,Central,positive
1870,Standard delivery time. Product quality is average. Located in Muyenga.,2024-10-12,Instagram,Kawempe,neutral
1871,Product was defective but they refused to refund. Bad business. Great shipping!,2023-10-07,Facebook,Ntinda,negative
1872,Great prices and even better service. Highly recommend this business! Located in Kawempe.,2023-06-13,Website,Makindye,positive
1873,Product works fine. Decent quality for the price paid.,2023-10-11,Google,Kololo,neutral
1874,Delivery was on time. Product is as expected. Located in Nakawa. Great price!,2024-07-01,Instagram,Ntinda,neutral
1875,Okay product quality. Price matches the value received.,2023-07-01,Website,Ntinda,neutral
1876,"Fast shipping, good quality, and excellent customer support.",2023-03-08,Twitter,Makindye,positive
1877,Product is functional. Does what it's supposed to do.,2024-01-04,WhatsApp,Kololo,neutral
1878,Best shop in Kawempe. Quality products and great service. Great experience!,2023-09-25,Website,Lubaga,positive
1879,Quick response time and excellent customer care. Highly recommended!,2024-05-02,Instagram,Kololo,positive
1880,Great experience from start to finish. Will shop here again!,2024-06-04,Instagram,Ntinda,positive
1881,Standard experience. Product does what it needs to do.,2024-09-28,Instagram,Ntinda,neutral
1882,Great service! Very fast delivery in Kampala. Highly recommend! Located in Nakawa.,2023-04-24,Twitter,Central,positive
1883,Top-notch quality. Exceeded my expectations completely. Located in Lubaga.,2024-01-23,WhatsApp,Muyenga,positive
1884,Great service! Very fast delivery in Kampala. Highly recommend! Great experience!,2024-08-14,Google,Kampala,positive
1885,Amazing experience! The product arrived on time and in perfect condition. Located in Central.,2023-08-11,Facebook,Bukoto,positive
1886,Best customer service I've experienced. Products are top quality.,2024-12-27,WhatsApp,Bukoto,positive
1887,Great business with excellent customer care. Very professional.,2023-01-05,Google,Kawempe,positive
1888,Disappointing experience. Would not recommend this shop.,2023-05-28,WhatsApp,Nakawa,negative
1889,Best shopping experience! Quality products and great prices.,2023-01-25,Google,Lubaga,positive
1890,Amazing quality products. Will definitely buy again from this shop.,2024-07-04,Twitter,Kampala,positive
1891,Great business with excellent customer care. Very professional.,2023-08-31,Website,Kawempe,positive
1892,"Fast shipping, good quality, and excellent customer support. Great order!",2023-09-14,Facebook,Kololo,positive
1893,Amazing experience! The product arrived on time and in perfect condition. Located in Kawempe.,2024-04-06,WhatsApp,Makindye,positive
1894,Outstanding quality and service. Will definitely shop here again. Great quality!,2024-10-30,Google,Kampala,positive
1895,Product works fine. Decent quality for the price paid. Great shop!,2023-09-29,Website,Ntinda,neutral
1896,Amazing quality products. Will definitely buy again from this shop.,2023-11-11,Facebook,Lubaga,positive
1897,Product was damaged on arrival. Poor packaging quality. Located in Lubaga.,2023-04-05,Facebook,Ntinda,negative
1898,"Outstanding business! Professional, reliable, and customer-focused. Located in Ntinda.",2024-06-30,Instagram,Bukoto,positive
1899,Delivery was on time. Product is as expected. Located in Kawempe.,2024-01-16,Google,Central,neutral
1900,Top quality products at reasonable prices. Highly recommended!,2023-02-15,Facebook,Kawempe,positive
1901,Not satisfied with the product. Quality is below expectations.,2023-04-08,Twitter,Makindye,negative
1902,Great value for money. Fast delivery and excellent packaging.,2024-09-08,WhatsApp,Kampala,positive
1903,Great experience overall. Will be a returning customer.,2024-10-07,WhatsApp,Kampala,positive
1904,Excellent products and service. Best in the area!,2024-02-22,Instagram,Bukoto,positive
1905,Love shopping here! Always get great deals and quality products. Located in Makindye. Great service!,2023-08-22,Instagram,Makindye,positive
1906,Great products at affordable prices. Very satisfied with my purchase.,2024-01-24,WhatsApp,Kawempe,positive
1907,Excellent customer support. They responded quickly to my questions. Located in Kampala. Great quality!,2023-03-29,Twitter,Kololo,positive
1908,"Fast delivery, good quality, fair prices. What more could you ask for?",2023-07-18,Website,Nakawa,positive
1909,Excellent customer support. They responded quickly to my questions.,2024-02-24,WhatsApp,Ntinda,positive
1910,Average experience. Product is functional and adequate. Great product!,2024-02-25,Google,Ntinda,neutral
1911,Decent value. Product works as expected.,2024-07-17,Twitter,Muyenga,neutral
1912,Product broke after just one week of use. Very poor quality.,2024-11-05,Twitter,Kololo,negative
1913,"Fast delivery, good quality, fair prices. What more could you ask for? Located in Nakawa.",2024-03-29,Google,Lubaga,positive
1914,Standard business service. Acceptable but not exceptional.,2024-01-30,Facebook,Bukoto,neutral
1915,Professional service and high-quality products. Very happy! Located in Kololo.,2024-01-30,WhatsApp,Kampala,positive
1916,Very disappointed. Product quality is poor and service is worse. Located in Nakawa.,2024-12-20,Facebook,Kampala,negative
1917,Top quality products at reasonable prices. Highly recommended!,2024-05-29,WhatsApp,Central,positive
1918,Outstanding quality and service. Will definitely shop here again.,2023-04-06,Google,Kampala,positive
1919,Great products at affordable prices. Very satisfied with my purchase.,2023-07-27,WhatsApp,Makindye,positive
1920,"Outstanding business! Professional, reliable, and customer-focused. Great packaging!",2024-04-10,Google,Kampala,positive
1921,Okay product quality. Price matches the value received. Located in Lubaga.,2023-01-15,WhatsApp,Bukoto,neutral
1922,Worst shopping experience. Poor quality and terrible service. Located in Makindye.,2024-07-10,Instagram,Lubaga,negative
1923,Outstanding quality and service. Will definitely shop here again. Located in Muyenga.,2024-06-24,Google,Bukoto,positive
1924,Product is functional. Does what it's supposed to do. Great shipping!,2023-02-07,WhatsApp,Lubaga,neutral
1925,Top quality products at reasonable prices. Highly recommended!,2024-01-17,Instagram,Bukoto,positive
1926,Delivery was delayed multiple times. Very frustrating experience. Located in Kampala.,2023-08-26,Facebook,Kololo,negative
1927,Best prices in Nakawa area. Great value for money.,2024-07-23,Twitter,Kawempe,positive
1928,Excellent products and service. Best in the area!,2023-09-27,Website,Bukoto,positive
1929,Best customer service I've experienced. Products are top quality. Great customer!,2024-01-09,WhatsApp,Ntinda,positive
1930,"Outstanding business! Professional, reliable, and customer-focused. Located in Makindye.",2024-02-08,Website,Bukoto,positive
1931,Not satisfied at all. Product quality is below standard. Located in Nakawa.,2023-03-06,Twitter,Makindye,negative
1932,Product was different from what was advertised. Misleading description.,2023-10-23,WhatsApp,Bukoto,negative
1933,Average experience overall. Product is fine but not great.,2024-12-15,Twitter,Kampala,neutral
1934,Great prices and even better service. Highly recommend this business! Located in Ntinda.,2024-12-15,Google,Muyenga,positive
1935,Love the product quality. Fast shipping and good packaging.,2024-05-12,Website,Nakawa,positive
1936,Customer service needs major improvement. Very unprofessional. Great business!,2023-08-28,Google,Nakawa,negative
1937,Excellent customer support. They responded quickly to my questions.,2024-01-02,Facebook,Kololo,positive
1938,Best shop in Kawempe. Quality products and great service. Located in Nakawa.,2023-08-11,WhatsApp,Ntinda,positive
1939,Best customer service I've experienced. Products are top quality.,2024-06-29,WhatsApp,Kololo,positive
1940,Product was defective but they refused to refund. Bad business. Located in Kampala.,2024-11-26,WhatsApp,Central,negative
1941,Top quality products at reasonable prices. Highly recommended!,2024-08-18,WhatsApp,Bukoto,positive
1942,Very satisfied with my purchase. Great quality and fast delivery. Great store!,2023-08-02,WhatsApp,Kawempe,positive
1943,Okay experience. Nothing to complain about but not impressed either. Located in Makindye.,2023-02-27,Twitter,Nakawa,neutral
1944,Excellent customer support. They responded quickly to my questions.,2023-11-19,Google,Ntinda,positive
1945,Outstanding quality and service. Will definitely shop here again. Located in Nakawa.,2023-08-15,Instagram,Nakawa,positive
1946,Average experience. Product is functional and adequate. Located in Kololo.,2023-09-11,Facebook,Muyenga,neutral
1947,Average experience overall. Product is fine but not great.,2023-12-16,Website,Ntinda,neutral
1948,Standard delivery time. Product quality is average. Great support!,2023-01-01,Google,Makindye,neutral
1949,Best shop in Kawempe. Quality products and great service.,2024-12-17,Instagram,Kampala,positive
1950,Standard business service. Acceptable but not exceptional. Located in Kawempe.,2024-07-03,WhatsApp,Kampala,neutral
1951,Quick response time and excellent customer care. Highly recommended!,2024-11-03,WhatsApp,Nakawa,positive
1952,Top quality products at reasonable prices. Highly recommended! Located in Bukoto.,2024-04-14,Twitter,Makindye,positive
1953,Excellent communication and fast delivery. Highly satisfied!,2023-02-25,Twitter,Bukoto,positive
1954,Not satisfied at all. Product quality is below standard.,2024-12-04,Website,Kololo,negative
1955,Top-notch quality. Exceeded my expectations completely.,2023-08-16,Instagram,Kololo,positive
1956,Customer service was unresponsive. Had to wait days for a reply. Located in Bukoto.,2024-08-03,Facebook,Bukoto,negative
1957,Top-notch quality. Exceeded my expectations completely.,2024-09-04,Instagram,Kampala,positive
1958,Standard business service. Acceptable but not exceptional. Great experience!,2023-01-15,Twitter,Ntinda,neutral
1959,Amazing experience! The product arrived on time and in perfect condition.,2023-01-06,Google,Kawempe,positive
1960,Very satisfied with my purchase. Great quality and fast delivery.,2023-06-29,Instagram,Kololo,positive
1961,Product broke after just one week of use. Very poor quality.,2023-06-20,Google,Nakawa,negative
1962,Average product quality. Meets basic expectations. Great price!,2024-11-15,Google,Bukoto,neutral
1963,Excellent customer support. They responded quickly to my questions. Located in Kampala.,2024-11-14,Facebook,Kololo,positive
1964,Outstanding quality and service. Will definitely shop here again. Located in Nakawa.,2023-06-13,Website,Ntinda,positive
1965,Best prices in Nakawa area. Great value for money. Located in Kololo.,2023-03-12,Facebook,Lubaga,positive
1966,Great products at affordable prices. Very satisfied with my purchase. Great support!,2023-02-20,WhatsApp,Bukoto,positive
1967,Product is fine. Meets expectations without exceeding them.,2024-11-01,WhatsApp,Lubaga,neutral
1968,Standard business service. Acceptable but not exceptional.,2023-09-30,WhatsApp,Ntinda,neutral
1969,Excellent business! Highly professional and reliable. Great store!,2024-09-19,Instagram,Ntinda,positive
1970,Great business with excellent customer care. Very professional. Great service!,2023-10-15,Website,Kololo,positive
1971,Decent quality products. Price is fair for what you receive. Great staff!,2023-05-10,Google,Makindye,neutral
1972,Great experience from start to finish. Will shop here again!,2023-12-18,Instagram,Kawempe,positive
1973,Excellent customer support. They responded quickly to my questions.,2023-08-03,Google,Kawempe,positive
1974,Standard quality. Nothing to complain about or praise.,2023-12-11,Facebook,Central,neutral
1975,Amazing quality products. Will definitely buy again from this shop.,2024-02-06,Twitter,Ntinda,positive
1976,Best shopping experience! Quality products and great prices. Located in Central.,2024-06-21,WhatsApp,Kololo,positive
1977,Best shopping experience! Quality products and great prices. Located in Ntinda.,2023-12-25,Twitter,Ntinda,positive
1978,Decent service. No major complaints but nothing impressive.,2024-07-27,Facebook,Ntinda,neutral
1979,Excellent communication and fast delivery. Highly satisfied! Located in Central.,2023-02-01,Twitter,Lubaga,positive
1980,Standard business service. Acceptable but not exceptional.,2024-08-26,WhatsApp,Kawempe,neutral
1981,Standard experience. Product does what it needs to do.,2024-05-21,WhatsApp,Makindye,neutral
1982,Average experience. Product is functional and adequate.,2024-12-13,Google,Bukoto,neutral
1983,Great value for money. Fast delivery and excellent packaging.,2024-10-12,WhatsApp,Kampala,positive
1984,Amazing service! The team went above and beyond to help me. Located in Nakawa. Great order!,2023-12-09,Website,Central,positive
1985,Best shopping experience! Quality products and great prices.,2024-09-09,Google,Ntinda,positive
1986,Excellent communication and fast delivery. Highly satisfied! Located in Muyenga.,2024-12-19,Google,Bukoto,positive
1987,Great experience overall. Will be a returning customer.,2024-02-26,Instagram,Central,positive
1988,Outstanding quality and service. Will definitely shop here again. Located in Central.,2023-10-21,Facebook,Ntinda,positive
1989,Outstanding service! The staff was very helpful and friendly. Located in Lubaga. Great product!,2023-07-09,Google,Muyenga,positive
1990,Amazing quality products. Will definitely buy again from this shop.,2024-08-30,Instagram,Lubaga,positive
1991,Excellent communication and fast delivery. Highly satisfied!,2023-03-27,WhatsApp,Kawempe,positive
1992,Great experience overall. Will be a returning customer.,2023-10-26,WhatsApp,Makindye,positive
1993,Disappointing experience. Would not recommend this shop.,2024-06-07,Website,Makindye,negative
1994,Quick response time and excellent customer care. Highly recommended!,2024-06-22,WhatsApp,Muyenga,positive
1995,Very satisfied with my purchase. Great quality and fast delivery.,2023-01-14,Google,Nakawa,positive
1996,Quick response time and excellent customer care. Highly recommended! Great experience!,2023-01-18,Instagram,Kololo,positive
1997,Love the product quality. Fast shipping and good packaging.,2023-10-01,WhatsApp,Nakawa,positive
1998,Amazing quality products. Will definitely buy again from this shop.,2023-10-08,Website,Ntinda,positive
1999,Average quality products. Functional but not impressive. Great order!,2023-01-28,WhatsApp,Central,neutral
2000,Great service! Very fast delivery in Kampala. Highly recommend! Located in Nakawa.,2023-09-25,Website,Ntinda,positive
2001,Love shopping here! Always get great deals and quality products. Located in Muyenga.,2023-02-21,Google,Lubaga,positive
2002,Great experience from start to finish. Will shop here again! Located in Makindye. Great packaging!,2023-05-15,Google,Nakawa,positive
2003,Customer service was unresponsive. Had to wait days for a reply.,2023-08-15,Google,Central,negative
2004,Excellent customer support. They responded quickly to my questions.,2024-04-13,Instagram,Kawempe,positive
2005,Amazing quality products. Will definitely buy again from this shop.,2023-12-02,Facebook,Lubaga,positive
2006,Excellent communication and fast delivery. Highly satisfied!,2024-06-29,WhatsApp,Nakawa,positive
2007,Best shop in Kawempe. Quality products and great service. Located in Nakawa. Great store!,2023-06-11,Website,Makindye,positive
2008,Standard service. No complaints but nothing exceptional either. Located in Makindye.,2023-01-26,Instagram,Lubaga,neutral
2009,Excellent communication and fast delivery. Highly satisfied!,2024-02-18,WhatsApp,Kololo,positive
2010,Amazing quality products. Will definitely buy again from this shop.,2023-07-16,WhatsApp,Central,positive
2011,Great service! Very fast delivery in Kampala. Highly recommend!,2024-05-22,WhatsApp,Kampala,positive
2012,Average experience overall. Product is fine but not great. Great shipping!,2023-04-15,Facebook,Central,neutral
2013,Product works as expected. No major issues or complaints. Located in Ntinda.,2024-07-23,Facebook,Lubaga,neutral
2014,Best shopping experience! Quality products and great prices. Located in Kawempe.,2023-11-07,Website,Central,positive
2015,"Outstanding business! Professional, reliable, and customer-focused. Located in Kawempe.",2024-03-10,WhatsApp,Nakawa,positive
2016,Outstanding service! The staff was very helpful and friendly.,2023-12-15,Instagram,Kawempe,positive
2017,Product was different from what was advertised. Misleading description. Located in Muyenga.,2023-08-20,Instagram,Bukoto,negative
2018,Average quality products. Functional but not impressive. Located in Ntinda.,2024-03-08,Google,Central,neutral
2019,Fair value for money. Quality is acceptable but not premium.,2024-04-04,Instagram,Kawempe,neutral
2020,Best shopping experience! Quality products and great prices.,2024-04-07,Twitter,Lubaga,positive
2021,Standard delivery time. Product quality is average. Great packaging!,2023-02-21,WhatsApp,Ntinda,neutral
2022,Amazing quality products. Will definitely buy again from this shop.,2023-11-20,Twitter,Muyenga,positive
2023,Okay product quality. Price matches the value received.,2024-07-01,Facebook,Nakawa,neutral
2024,Love shopping here! Always get great deals and quality products.,2024-04-26,Facebook,Lubaga,positive
2025,Love the product quality. Fast shipping and good packaging.,2023-05-01,Facebook,Makindye,positive
2026,Top quality products at reasonable prices. Highly recommended! Great service!,2023-04-29,Google,Bukoto,positive
2027,Average product quality. Meets basic expectations.,2024-05-16,Website,Central,neutral
2028,Top-notch quality. Exceeded my expectations completely. Located in Lubaga.,2023-04-17,Instagram,Makindye,positive
2029,Product was damaged on arrival. Poor packaging quality.,2024-09-04,WhatsApp,Nakawa,negative
2030,Product works as expected. No major issues or complaints. Great staff!,2023-02-25,Instagram,Kawempe,neutral
2031,Customer service needs major improvement. Very unprofessional.,2024-04-23,Instagram,Ntinda,negative
2032,Decent service. No major complaints but nothing impressive.,2024-03-13,Website,Muyenga,neutral
2033,Okay product quality. Price matches the value received.,2024-10-09,Website,Central,neutral
2034,Average experience overall. Product is fine but not great.,2023-05-11,Instagram,Ntinda,neutral
2035,Average quality. Nothing special but nothing wrong either.,2023-02-10,Instagram,Kampala,neutral
2036,"Outstanding business! Professional, reliable, and customer-focused.",2023-04-08,Twitter,Kawempe,positive
2037,Great service! Very fast delivery in Kampala. Highly recommend!,2023-04-26,Instagram,Makindye,positive
2038,Best prices in Nakawa area. Great value for money.,2023-01-01,Twitter,Muyenga,positive
2039,Average quality products. Functional but not impressive. Located in Central.,2024-05-21,Website,Bukoto,neutral
2040,Delivery was on time. Product is as expected.,2024-04-12,Website,Ntinda,neutral
2041,Customer service needs major improvement. Very unprofessional.,2024-03-08,Website,Muyenga,negative
2042,Standard delivery time. Product quality is average.,2023-06-10,Instagram,Central,neutral
2043,Great products at affordable prices. Very satisfied with my purchase.,2024-01-29,Google,Central,positive
2044,Top-notch quality. Exceeded my expectations completely. Great price!,2023-02-08,Instagram,Kololo,positive
2045,Professional service and high-quality products. Very happy! Great shipping!,2024-07-04,Website,Muyenga,positive
2046,Excellent business! Highly professional and reliable. Located in Muyenga.,2023-11-21,WhatsApp,Kawempe,positive
2047,Great business with excellent customer care. Very professional. Great experience!,2023-04-11,Twitter,Makindye,positive
2048,Best shop in Kawempe. Quality products and great service. Great restaurant!,2023-11-26,Website,Muyenga,positive
2049,Great service! Very fast delivery in Kampala. Highly recommend! Located in Kololo.,2023-02-23,Instagram,Makindye,positive
2050,Product works fine. Decent quality for the price paid.,2024-06-23,Website,Kawempe,neutral
2051,Decent quality products. Price is fair for what you receive.,2024-05-01,Facebook,Muyenga,neutral
2052,Very satisfied with my purchase. Great quality and fast delivery.,2023-03-02,WhatsApp,Ntinda,positive
2053,Outstanding service! The staff was very helpful and friendly. Great shipping!,2024-04-01,WhatsApp,Makindye,positive
2054,Terrible customer service. No help when I had an issue. Located in Nakawa. Great experience!,2024-11-19,Website,Ntinda,negative
2055,Would not buy from here again. Poor experience overall. Great quality!,2024-05-23,Instagram,Ntinda,negative
2056,Best customer service I've experienced. Products are top quality.,2024-01-31,WhatsApp,Kawempe,positive
2057,Average experience overall. Product is fine but not great. Located in Muyenga.,2024-10-17,Facebook,Kololo,neutral
2058,Excellent business! Highly professional and reliable.,2023-11-29,WhatsApp,Kawempe,positive
2059,Excellent products and service. Best in the area! Located in Kawempe.,2023-09-28,WhatsApp,Central,positive
2060,Professional service and high-quality products. Very happy! Great product!,2023-06-28,Instagram,Makindye,positive
2061,Standard business service. Acceptable but not exceptional. Great product!,2023-02-01,Twitter,Lubaga,neutral
2062,Quick response time and excellent customer care. Highly recommended! Located in Ntinda.,2024-12-17,Website,Kawempe,positive
2063,Best shopping experience! Quality products and great prices. Great customer!,2024-11-17,Google,Bukoto,positive
2064,Amazing quality products. Will definitely buy again from this shop.,2023-01-05,Website,Makindye,positive
2065,Great service! Very fast delivery in Kampala. Highly recommend!,2023-03-06,Website,Central,positive
2066,Amazing service! The team went above and beyond to help me.,2023-07-25,Google,Lubaga,positive
2067,Product was different from what was advertised. Misleading description. Located in Makindye.,2024-07-06,Twitter,Lubaga,negative
2068,Great value for money. Fast delivery and excellent packaging.,2024-04-14,Website,Bukoto,positive
2069,Professional service and high-quality products. Very happy! Located in Kololo.,2024-03-16,Google,Kampala,positive
2070,Slow response time and poor communication from the business. Located in Bukoto.,2024-11-23,Website,Ntinda,negative
2071,Excellent products and service. Best in the area!,2024-12-15,Twitter,Muyenga,positive
2072,Very disappointed with the quality. Not worth the money paid. Located in Lubaga.,2024-10-10,Facebook,Kampala,negative
2073,Excellent customer support. They responded quickly to my questions. Great business!,2024-03-29,Facebook,Nakawa,positive
2074,Poor value for money. Better options available elsewhere. Great support!,2023-03-07,Website,Makindye,negative
2075,Great experience overall. Will be a returning customer. Located in Kawempe.,2024-05-29,WhatsApp,Kampala,positive
2076,Terrible experience. Would not recommend this business to anyone. Great business!,2023-10-19,Google,Ntinda,negative
2077,Love shopping here! Always get great deals and quality products. Great order!,2023-06-12,Facebook,Ntinda,positive
2078,Customer service needs major improvement. Very unprofessional.,2024-12-11,Twitter,Ntinda,negative
2079,Great experience from start to finish. Will shop here again!,2024-03-23,Google,Lubaga,positive
2080,Best customer service I've experienced. Products are top quality.,2023-02-12,Facebook,Makindye,positive
2081,Average quality. Nothing special but nothing wrong either.,2024-01-18,Instagram,Kololo,neutral
2082,Amazing quality products. Will definitely buy again from this shop.,2024-01-19,Twitter,Lubaga,positive
2083,Great experience from start to finish. Will shop here again!,2023-01-17,Twitter,Kawempe,positive
2084,Average quality. Nothing special but nothing wrong either.,2024-01-02,Instagram,Muyenga,neutral
2085,Outstanding service! The staff was very helpful and friendly. Located in Ntinda.,2023-01-26,Twitter,Kampala,positive
2086,Product works fine. Decent quality for the price paid. Located in Kawempe.,2024-02-06,Twitter,Ntinda,neutral
2087,Great value for money. Fast delivery and excellent packaging. Great experience!,2024-05-04,WhatsApp,Muyenga,positive
2088,Product broke after just one week of use. Very poor quality.,2024-01-14,WhatsApp,Lubaga,negative
2089,Product works fine. Decent quality for the price paid. Great quality!,2024-04-14,Google,Ntinda,neutral
2090,Okay experience. Nothing to complain about but not impressed either. Great restaurant!,2023-08-28,Facebook,Kawempe,neutral
2091,Top-notch quality. Exceeded my expectations completely.,2023-09-11,Facebook,Ntinda,positive
2092,Okay delivery time. Product is functional and usable.,2024-03-13,Twitter,Bukoto,neutral
2093,Product broke after just one week of use. Very poor quality.,2023-07-08,Google,Makindye,negative
2094,"Outstanding business! Professional, reliable, and customer-focused. Located in Bukoto.",2023-03-16,Instagram,Kololo,positive
2095,Product is okay. Nothing special but serves its purpose. Located in Ntinda.,2023-10-18,Google,Kololo,neutral
2096,Product works as expected. No major issues or complaints.,2023-03-22,Google,Central,neutral
2097,Amazing quality products. Will definitely buy again from this shop. Great product!,2023-12-20,Instagram,Bukoto,positive
2098,Excellent customer support. They responded quickly to my questions. Located in Lubaga.,2024-06-10,Facebook,Kampala,positive
2099,Top-notch quality. Exceeded my expectations completely.,2024-07-29,Facebook,Kampala,positive
2100,Amazing service! The team went above and beyond to help me.,2024-12-04,Twitter,Ntinda,positive
2101,Standard delivery time. Product quality is average.,2024-12-05,Website,Nakawa,neutral
2102,Product was damaged on arrival. Poor packaging quality.,2024-06-06,Facebook,Makindye,negative
2103,Average quality. Nothing special but nothing wrong either.,2023-10-19,Website,Kawempe,neutral
2104,Great experience overall. Will be a returning customer.,2023-05-06,WhatsApp,Kololo,positive
2105,Best shopping experience! Quality products and great prices.,2023-09-27,Website,Nakawa,positive
2106,Love the product quality. Fast shipping and good packaging. Located in Kampala.,2024-09-12,WhatsApp,Makindye,positive
2107,Best prices in Nakawa area. Great value for money.,2024-12-03,Twitter,Ntinda,positive
2108,Delivery issues. Package arrived late and damaged. Located in Ntinda.,2024-11-21,Twitter,Kololo,negative
2109,Not satisfied at all. Product quality is below standard. Located in Nakawa.,2024-08-23,Instagram,Ntinda,negative
2110,Great products at affordable prices. Very satisfied with my purchase.,2023-02-22,Facebook,Nakawa,positive
2111,"Fast delivery, good quality, fair prices. What more could you ask for? Located in Muyenga.",2024-08-15,Website,Kampala,positive
2112,Very satisfied with my purchase. Great quality and fast delivery. Located in Bukoto.,2023-06-27,Twitter,Lubaga,positive
2113,Best shopping experience! Quality products and great prices.,2023-05-07,Instagram,Makindye,positive
2114,Worst shopping experience. Poor quality and terrible service.,2024-11-06,Twitter,Central,negative
2115,Disappointing experience. Would not recommend this shop.,2024-01-24,Google,Kololo,negative
2116,Okay product quality. Price matches the value received.,2023-05-17,Instagram,Kampala,neutral
2117,Best prices in Nakawa area. Great value for money.,2024-09-06,Facebook,Bukoto,positive
2118,Love shopping here! Always get great deals and quality products.,2024-04-15,Website,Lubaga,positive
2119,Great service! Very fast delivery in Kampala. Highly recommend! Located in Muyenga. Great support!,2023-06-13,WhatsApp,Makindye,positive
2120,Outstanding quality and service. Will definitely shop here again.,2024-07-24,Website,Kampala,positive
2121,Love the product quality. Fast shipping and good packaging. Located in Ntinda.,2023-09-14,Facebook,Makindye,positive
2122,Great service! Very fast delivery in Kampala. Highly recommend! Located in Central.,2023-03-04,WhatsApp,Bukoto,positive
2123,Top-notch quality. Exceeded my expectations completely. Great restaurant!,2024-08-28,Website,Lubaga,positive
2124,Excellent customer support. They responded quickly to my questions.,2023-07-08,Facebook,Central,positive
2125,Excellent business! Highly professional and reliable. Located in Central.,2023-08-13,Instagram,Ntinda,positive
2126,"Fast delivery, good quality, fair prices. What more could you ask for?",2023-11-01,Google,Lubaga,positive
2127,Excellent products and service. Best in the area! Located in Kampala.,2023-11-06,Google,Muyenga,positive
2128,Average product quality. Meets basic needs adequately.,2023-04-14,Instagram,Lubaga,neutral
2129,Amazing quality products. Will definitely buy again from this shop. Located in Muyenga. Great service!,2023-09-20,Google,Kampala,positive
2130,Standard service. No complaints but nothing exceptional either.,2024-11-26,Facebook,Bukoto,neutral
2131,Excellent communication and fast delivery. Highly satisfied! Located in Lubaga.,2023-02-22,Google,Kololo,positive
2132,"Fast shipping, good quality, and excellent customer support.",2024-06-21,Twitter,Central,positive
2133,Average experience. Product is functional and adequate.,2024-11-15,Facebook,Ntinda,neutral
2134,Product was different from what was advertised. Misleading description.,2024-07-12,Facebook,Kololo,negative
2135,Outstanding quality and service. Will definitely shop here again.,2023-06-06,Facebook,Kawempe,positive
2136,Okay experience. Nothing to complain about but not impressed either.,2023-11-30,Twitter,Nakawa,neutral
2137,Amazing quality products. Will definitely buy again from this shop. Great quality!,2023-09-06,Google,Nakawa,positive
2138,Delivery was on time. Product is as expected.,2023-02-24,Twitter,Ntinda,neutral
2139,Average experience. Product is functional and adequate.,2024-04-10,WhatsApp,Kampala,neutral
2140,Delivery was delayed multiple times. Very frustrating experience.,2024-03-20,Instagram,Makindye,negative
2141,Decent value. Product works as expected. Great service!,2024-07-13,Instagram,Kawempe,neutral
2142,Product works fine. Decent quality for the price paid. Located in Bukoto.,2023-03-22,Facebook,Central,neutral
2143,Average experience overall. Product is fine but not great.,2023-11-18,Facebook,Nakawa,neutral
2144,Professional service and high-quality products. Very happy!,2024-12-16,WhatsApp,Central,positive
2145,Best shopping experience! Quality products and great prices. Great product!,2023-08-24,WhatsApp,Central,positive
2146,Okay delivery time. Product is functional and usable. Great price!,2023-11-03,Instagram,Kampala,neutral
2147,Standard service. No complaints but nothing exceptional either. Located in Kololo.,2024-08-10,Instagram,Ntinda,neutral
2148,Great experience from start to finish. Will shop here again!,2023-01-23,Google,Bukoto,positive
2149,Excellent communication and fast delivery. Highly satisfied!,2024-07-05,Twitter,Muyenga,positive
2150,Great products at affordable prices. Very satisfied with my purchase.,2024-10-11,Google,Ntinda,positive
2151,Great experience from start to finish. Will shop here again!,2024-06-02,Google,Muyenga,positive
2152,Quick response time and excellent customer care. Highly recommended!,2023-12-23,WhatsApp,Bukoto,positive
2153,Very satisfied with my purchase. Great quality and fast delivery.,2024-11-04,Twitter,Makindye,positive
2154,"Outstanding business! Professional, reliable, and customer-focused. Located in Muyenga. Great store!",2024-07-01,Website,Makindye,positive
2155,Very disappointed with the quality. Not worth the money paid. Located in Ntinda.,2024-05-30,Instagram,Ntinda,negative
2156,Excellent products and service. Best in the area!,2024-10-01,WhatsApp,Kawempe,positive
2157,Outstanding service! The staff was very helpful and friendly.,2023-07-26,Google,Bukoto,positive
2158,Decent quality products. Price is fair for what you receive.,2024-04-10,Twitter,Central,neutral
2159,Professional service and high-quality products. Very happy!,2023-09-02,Google,Central,positive
2160,Standard experience. Product does what it needs to do.,2023-10-14,Facebook,Bukoto,neutral
2161,Quick response time and excellent customer care. Highly recommended!,2024-03-10,Website,Muyenga,positive
2162,"Fast shipping, good quality, and excellent customer support. Located in Central.",2024-10-11,Facebook,Nakawa,positive
2163,"Fast shipping, good quality, and excellent customer support.",2024-03-15,Facebook,Kampala,positive
2164,Product is fine. Meets expectations without exceeding them.,2023-09-19,Facebook,Kampala,neutral
2165,Average quality. Nothing special but nothing wrong either. Great product!,2024-09-26,Facebook,Lubaga,neutral
2166,Product didn't work as expected. Waste of money.,2023-04-16,Twitter,Makindye,negative
2167,Great prices and even better service. Highly recommend this business! Located in Muyenga.,2023-04-04,Instagram,Kawempe,positive
2168,Overpriced compared to other shops in Nakawa area. Great product!,2024-11-19,Twitter,Central,negative
2169,Decent service. No major complaints but nothing impressive. Located in Makindye.,2023-12-11,Website,Muyenga,neutral
2170,Product works as expected. No major issues or complaints. Located in Ntinda.,2024-03-03,Instagram,Muyenga,neutral
2171,Average product quality. Meets basic expectations. Located in Kololo.,2023-01-14,WhatsApp,Muyenga,neutral
2172,Okay service. Product meets basic requirements.,2023-04-11,Google,Kololo,neutral
2173,Great business with excellent customer care. Very professional. Great shipping!,2024-10-03,WhatsApp,Kawempe,positive
2174,Best customer service I've experienced. Products are top quality.,2024-11-29,WhatsApp,Ntinda,positive
2175,Standard experience. Product does what it needs to do. Great business!,2024-05-04,Website,Kawempe,neutral
2176,Best shop in Kawempe. Quality products and great service.,2024-03-04,Instagram,Central,positive
2177,Great experience overall. Will be a returning customer.,2024-05-09,Google,Bukoto,positive
2178,Great products at affordable prices. Very satisfied with my purchase. Located in Lubaga.,2023-06-21,Facebook,Lubaga,positive
2179,Amazing experience! The product arrived on time and in perfect condition. Located in Makindye.,2023-02-27,Website,Ntinda,positive
2180,Amazing quality products. Will definitely buy again from this shop. Located in Nakawa.,2023-11-26,Google,Kawempe,positive
2181,Amazing experience! The product arrived on time and in perfect condition.,2024-09-05,Website,Central,positive
2182,Great value for money. Fast delivery and excellent packaging. Located in Makindye.,2023-03-19,Twitter,Central,positive
2183,Best shop in Kawempe. Quality products and great service. Located in Bukoto.,2024-01-07,Website,Makindye,positive
2184,Love the product quality. Fast shipping and good packaging. Great business!,2023-05-14,WhatsApp,Muyenga,positive
2185,Excellent business! Highly professional and reliable. Located in Muyenga. Great quality!,2023-01-24,Instagram,Kololo,positive
2186,Standard service. No complaints but nothing exceptional either.,2023-03-19,WhatsApp,Kampala,neutral
2187,Okay product quality. Price matches the value received.,2023-09-24,Instagram,Kampala,neutral
2188,"Fast shipping, good quality, and excellent customer support. Located in Muyenga.",2023-10-28,Facebook,Bukoto,positive
2189,Average quality. Nothing special but nothing wrong either.,2023-01-25,Twitter,Kololo,neutral
2190,Delivery issues. Package arrived late and damaged.,2024-11-25,Twitter,Makindye,negative
2191,Great experience overall. Will be a returning customer. Located in Kololo.,2024-08-04,Website,Lubaga,positive
2192,Average experience. Product is functional and adequate. Located in Bukoto.,2024-02-04,Instagram,Kawempe,neutral
2193,Best customer service I've experienced. Products are top quality. Located in Nakawa.,2024-06-22,Instagram,Kampala,positive
2194,Great products at affordable prices. Very satisfied with my purchase.,2023-05-03,Twitter,Bukoto,positive
2195,Product works fine. Decent quality for the price paid.,2023-09-10,Instagram,Kawempe,neutral
2196,Excellent customer support. They responded quickly to my questions.,2024-02-06,Instagram,Kampala,positive
2197,Great business with excellent customer care. Very professional. Located in Central.,2024-07-16,Instagram,Central,positive
2198,Excellent customer support. They responded quickly to my questions.,2023-09-24,Facebook,Muyenga,positive
2199,Product broke after just one week of use. Very poor quality. Located in Central.,2024-02-18,WhatsApp,Kololo,negative
2200,Great prices and even better service. Highly recommend this business! Great quality!,2023-10-08,Google,Kawempe,positive
2201,Great experience from start to finish. Will shop here again! Located in Muyenga.,2024-01-03,Instagram,Lubaga,positive
2202,Overpriced compared to other shops in Nakawa area.,2023-09-04,Website,Nakawa,negative
2203,Best customer service I've experienced. Products are top quality.,2023-04-12,Facebook,Bukoto,positive
2204,Love shopping here! Always get great deals and quality products.,2023-06-15,Facebook,Bukoto,positive
2205,"Outstanding business! Professional, reliable, and customer-focused. Located in Ntinda.",2024-07-31,WhatsApp,Central,positive
2206,Love the product quality. Fast shipping and good packaging.,2024-12-12,Website,Nakawa,positive
2207,Amazing quality products. Will definitely buy again from this shop.,2024-02-19,Instagram,Central,positive
2208,Product was different from what was advertised. Misleading description.,2024-11-09,Instagram,Ntinda,negative
2209,Standard experience. Product does what it needs to do. Located in Muyenga.,2023-06-03,Facebook,Lubaga,neutral
2210,Professional service and high-quality products. Very happy!,2023-08-16,Instagram,Makindye,positive
2211,Great value for money. Fast delivery and excellent packaging. Great business!,2023-06-21,Facebook,Ntinda,positive
2212,Very satisfied with my purchase. Great quality and fast delivery. Great experience!,2023-01-16,Instagram,Muyenga,positive
2213,Quick response time and excellent customer care. Highly recommended!,2024-02-23,Google,Lubaga,positive
2214,Great value for money. Fast delivery and excellent packaging. Located in Lubaga.,2024-07-12,Facebook,Kololo,positive
2215,Standard business service. Acceptable but not exceptional. Located in Makindye.,2024-10-09,Twitter,Nakawa,neutral
2216,Amazing quality products. Will definitely buy again from this shop. Located in Kawempe.,2024-12-28,Facebook,Nakawa,positive
2217,Poor customer service. Staff was rude and unhelpful.,2024-11-18,Facebook,Lubaga,negative
2218,Outstanding service! The staff was very helpful and friendly.,2024-07-05,Facebook,Nakawa,positive
2219,Great service! Very fast delivery in Kampala. Highly recommend! Great shipping!,2023-10-07,Instagram,Lubaga,positive
2220,Product didn't work as expected. Waste of money. Located in Central.,2023-11-17,WhatsApp,Central,negative
2221,Best customer service I've experienced. Products are top quality.,2023-05-01,WhatsApp,Bukoto,positive
2222,Delivery was delayed multiple times. Very frustrating experience. Located in Bukoto.,2023-04-07,WhatsApp,Muyenga,negative
2223,Outstanding quality and service. Will definitely shop here again. Located in Muyenga.,2023-12-27,Facebook,Ntinda,positive
2224,Average experience. Product is functional and adequate. Located in Bukoto.,2024-10-29,Google,Kololo,neutral
2225,Average experience. Product is functional and adequate.,2024-06-27,Website,Central,neutral
2226,Amazing service! The team went above and beyond to help me. Located in Muyenga.,2023-03-08,Twitter,Makindye,positive
2227,Fair value for money. Quality is acceptable but not premium. Located in Nakawa.,2023-02-25,Instagram,Kololo,neutral
2228,Average quality. Price is reasonable for what you get. Located in Kawempe.,2024-04-01,Twitter,Kampala,neutral
2229,Slow response time and poor communication from the business.,2023-01-13,WhatsApp,Nakawa,negative
2230,Great products at affordable prices. Very satisfied with my purchase. Located in Kawempe.,2023-09-16,Website,Kampala,positive
2231,Product works fine. Decent quality for the price paid.,2024-02-07,WhatsApp,Lubaga,neutral
2232,"Fast shipping, good quality, and excellent customer support.",2024-10-21,Instagram,Ntinda,positive
2233,Great experience from start to finish. Will shop here again!,2023-08-12,WhatsApp,Kampala,positive
2234,Best customer service I've experienced. Products are top quality.,2024-08-24,Instagram,Makindye,positive
2235,Great experience overall. Will be a returning customer. Great service!,2024-03-29,WhatsApp,Bukoto,positive
2236,Great experience overall. Will be a returning customer.,2023-02-01,Twitter,Ntinda,positive
2237,Excellent customer support. They responded quickly to my questions. Great experience!,2024-01-26,Google,Ntinda,positive
2238,"Fast delivery, good quality, fair prices. What more could you ask for? Located in Kampala. Great restaurant!",2024-09-30,WhatsApp,Kampala,positive
2239,Great experience overall. Will be a returning customer.,2024-12-14,Facebook,Kampala,positive
2240,Best shopping experience! Quality products and great prices. Located in Kawempe.,2024-11-07,Google,Nakawa,positive
2241,Professional service and high-quality products. Very happy!,2023-05-01,Facebook,Bukoto,positive
2242,Not satisfied with the product. Quality is below expectations. Located in Bukoto.,2024-05-09,Instagram,Kololo,negative
2243,Amazing service! The team went above and beyond to help me. Located in Ntinda.,2023-06-23,Instagram,Nakawa,positive
2244,Top quality products at reasonable prices. Highly recommended!,2023-04-21,WhatsApp,Nakawa,positive
2245,Amazing quality products. Will definitely buy again from this shop.,2023-07-27,Facebook,Central,positive
2246,Very satisfied with my purchase. Great quality and fast delivery.,2023-06-30,Instagram,Ntinda,positive
2247,"Fast delivery, good quality, fair prices. What more could you ask for? Located in Lubaga.",2023-05-31,Website,Makindye,positive
2248,Standard business service. Acceptable but not exceptional.,2023-06-08,WhatsApp,Kampala,neutral
2249,Product didn't work as expected. Waste of money.,2024-07-23,Instagram,Ntinda,negative
2250,Okay service. Nothing special but gets the job done.,2023-11-08,WhatsApp,Kawempe,neutral
2251,Standard delivery time. Product quality is average.,2023-05-18,Facebook,Makindye,neutral
2252,Average quality. Nothing special but nothing wrong either.,2023-01-14,Twitter,Kampala,neutral
2253,Product works fine. Decent quality for the price paid. Located in Nakawa.,2023-08-07,Website,Muyenga,neutral
2254,Standard business service. Acceptable but not exceptional. Great shipping!,2023-01-04,Google,Kampala,neutral
2255,Love shopping here! Always get great deals and quality products.,2024-03-09,Google,Muyenga,positive
2256,Very disappointed. Product quality is poor and service is worse. Located in Lubaga.,2023-03-03,Twitter,Muyenga,negative
2257,Amazing experience! The product arrived on time and in perfect condition.,2023-07-18,Twitter,Nakawa,positive
2258,Top-notch quality. Exceeded my expectations completely. Located in Muyenga.,2024-05-29,Instagram,Lubaga,positive
2259,"Outstanding business! Professional, reliable, and customer-focused. Located in Kawempe. Great order!",2024-07-07,Website,Lubaga,positive
2260,Great value for money. Fast delivery and excellent packaging.,2023-02-26,Website,Muyenga,positive
2261,Great value for money. Fast delivery and excellent packaging. Great experience!,2024-10-01,Twitter,Muyenga,positive
2262,Standard quality. Nothing to complain about or praise.,2024-07-13,Google,Ntinda,neutral
2263,Best customer service I've experienced. Products are top quality. Great staff!,2024-01-04,Website,Kampala,positive
2264,Amazing service! The team went above and beyond to help me. Great order!,2023-11-08,Twitter,Central,positive
2265,Okay service. Product meets basic requirements.,2023-03-19,Twitter,Kololo,neutral
2266,Quick response time and excellent customer care. Highly recommended! Located in Lubaga. Great price!,2024-09-23,Twitter,Kololo,positive
2267,Love the product quality. Fast shipping and good packaging.,2024-08-04,Twitter,Muyenga,positive
2268,Poor value for money. Better options available elsewhere.,2024-04-13,Facebook,Kawempe,negative
2269,Amazing service! The team went above and beyond to help me. Located in Central.,2024-04-16,Instagram,Nakawa,positive
2270,Amazing service! The team went above and beyond to help me. Located in Central.,2023-12-23,Instagram,Makindye,positive
2271,Best shop in Kawempe. Quality products and great service. Located in Muyenga.,2024-09-22,Facebook,Makindye,positive
2272,Love shopping here! Always get great deals and quality products. Located in Kampala.,2024-04-18,WhatsApp,Nakawa,positive
2273,Very satisfied with my purchase. Great quality and fast delivery.,2023-10-23,Website,Lubaga,positive
2274,Average experience overall. Product is fine but not great. Great delivery!,2024-12-17,Google,Ntinda,neutral
2275,Average experience. Product is functional and adequate.,2024-08-02,Twitter,Central,neutral
2276,Amazing experience! The product arrived on time and in perfect condition. Located in Kawempe.,2024-05-31,Website,Muyenga,positive
2277,Terrible experience. Would not recommend this business to anyone.,2023-10-11,Facebook,Nakawa,negative
2278,Great business with excellent customer care. Very professional.,2023-04-12,Twitter,Lubaga,positive
2279,Okay product quality. Price matches the value received.,2024-03-29,WhatsApp,Central,neutral
2280,Excellent business! Highly professional and reliable.,2023-07-21,Instagram,Lubaga,positive
2281,Top-notch quality. Exceeded my expectations completely. Located in Kololo.,2024-11-17,Google,Kampala,positive
2282,Very satisfied with my purchase. Great quality and fast delivery.,2024-02-01,Website,Lubaga,positive
2283,Amazing quality products. Will definitely buy again from this shop.,2023-03-13,Google,Bukoto,positive
2284,Fair prices and acceptable quality. Nothing outstanding. Located in Bukoto.,2024-07-19,Website,Ntinda,neutral
2285,Product broke after just one week of use. Very poor quality. Great business!,2023-04-03,Website,Kampala,negative
2286,Very disappointed. Product quality is poor and service is worse. Located in Central.,2024-12-20,Website,Muyenga,negative
2287,Great products at affordable prices. Very satisfied with my purchase.,2024-03-23,Google,Kampala,positive
2288,Standard delivery time. Product quality is average.,2024-05-14,Twitter,Lubaga,neutral
2289,Best customer service I've experienced. Products are top quality.,2023-02-27,WhatsApp,Ntinda,positive
2290,Product was different from what was advertised. Misleading description. Located in Ntinda.,2024-04-14,Instagram,Ntinda,negative
2291,Overpriced products with low quality. Not good value for money. Great restaurant!,2024-10-31,Google,Lubaga,negative
2292,Best shopping experience! Quality products and great prices.,2024-01-29,Website,Muyenga,positive
2293,Quick response time and excellent customer care. Highly recommended!,2024-08-16,Website,Central,positive
2294,Product is okay. Nothing special but serves its purpose.,2024-11-16,Instagram,Central,neutral
2295,Love shopping here! Always get great deals and quality products.,2023-04-09,WhatsApp,Nakawa,positive
2296,Poor value for money. Better options available elsewhere.,2023-05-25,WhatsApp,Lubaga,negative
2297,"Fast delivery, good quality, fair prices. What more could you ask for? Great quality!",2024-01-12,Facebook,Central,positive
2298,Quick response time and excellent customer care. Highly recommended! Located in Nakawa.,2023-02-18,Facebook,Kawempe,positive
2299,Quick response time and excellent customer care. Highly recommended!,2024-06-22,WhatsApp,Muyenga,positive
2300,Great business with excellent customer care. Very professional. Great shop!,2023-01-23,WhatsApp,Kololo,positive
2301,Quick response time and excellent customer care. Highly recommended! Located in Kololo.,2023-08-17,Facebook,Lubaga,positive
2302,Amazing experience! The product arrived on time and in perfect condition.,2023-07-21,Website,Bukoto,positive
2303,Poor value for money. Better options available elsewhere. Located in Kampala.,2024-12-30,Instagram,Makindye,negative
2304,Top-notch quality. Exceeded my expectations completely.,2023-12-09,Facebook,Central,positive
2305,Great value for money. Fast delivery and excellent packaging.,2023-08-18,Website,Nakawa,positive
2306,Delivery was on time. Product is as expected.,2024-01-17,Instagram,Makindye,neutral
2307,Great experience from start to finish. Will shop here again! Great service!,2023-04-11,Google,Lubaga,positive
2308,Outstanding service! The staff was very helpful and friendly. Located in Kampala.,2023-06-16,WhatsApp,Muyenga,positive
2309,Top-notch quality. Exceeded my expectations completely.,2023-11-03,WhatsApp,Nakawa,positive
2310,"Fast delivery, good quality, fair prices. What more could you ask for? Located in Bukoto.",2023-11-07,Google,Muyenga,positive
2311,Product is fine. Meets expectations without exceeding them. Great purchase!,2023-12-31,Google,Kawempe,neutral
2312,Great experience from start to finish. Will shop here again!,2023-05-23,Google,Ntinda,positive
2313,Love shopping here! Always get great deals and quality products.,2023-09-01,Google,Ntinda,positive
2314,Great experience overall. Will be a returning customer. Located in Ntinda.,2024-12-14,Facebook,Central,positive
2315,Top-notch quality. Exceeded my expectations completely.,2023-05-07,Google,Makindye,positive
2316,Great products at affordable prices. Very satisfied with my purchase.,2024-11-01,Facebook,Ntinda,positive
2317,Decent quality products. Price is fair for what you receive. Located in Kawempe. Great packaging!,2024-02-15,WhatsApp,Lubaga,neutral
2318,Standard delivery. Product works but quality is average.,2023-08-18,Facebook,Lubaga,neutral
2319,Standard quality. Nothing to complain about or praise. Located in Kampala. Great order!,2023-05-29,Facebook,Kampala,neutral
2320,Product is functional. Does what it's supposed to do. Great product!,2023-08-18,Facebook,Kololo,neutral
2321,Outstanding service! The staff was very helpful and friendly.,2023-01-08,Facebook,Bukoto,positive
2322,Amazing quality products. Will definitely buy again from this shop.,2023-11-18,Website,Makindye,positive
2323,Great products at affordable prices. Very satisfied with my purchase.,2023-07-03,Instagram,Lubaga,positive
2324,Amazing service! The team went above and beyond to help me.,2023-11-24,WhatsApp,Kampala,positive
2325,Excellent communication and fast delivery. Highly satisfied! Located in Kololo. Great experience!,2024-09-14,WhatsApp,Bukoto,positive
2326,Great prices and even better service. Highly recommend this business!,2024-07-22,Website,Central,positive
2327,Great business with excellent customer care. Very professional. Located in Kololo.,2024-06-24,Twitter,Kololo,positive
2328,Best customer service I've experienced. Products are top quality.,2024-04-29,Facebook,Nakawa,positive
2329,Decent quality products. Price is fair for what you receive. Great purchase!,2024-02-29,Website,Lubaga,neutral
2330,Best prices in Nakawa area. Great value for money.,2023-01-14,WhatsApp,Nakawa,positive
2331,Delivery was on time. Product is as expected. Great product!,2023-01-18,Website,Ntinda,neutral
2332,Amazing quality products. Will definitely buy again from this shop. Located in Lubaga.,2023-02-09,WhatsApp,Central,positive
2333,Standard experience. Product does what it needs to do.,2024-01-01,Google,Muyenga,neutral
2334,Quick response time and excellent customer care. Highly recommended! Located in Ntinda. Great experience!,2024-09-18,WhatsApp,Nakawa,positive
2335,Great products at affordable prices. Very satisfied with my purchase. Located in Central.,2024-09-24,Twitter,Makindye,positive
2336,Excellent products and service. Best in the area!,2024-01-05,Twitter,Bukoto,positive
2337,Decent service. No major complaints but nothing impressive.,2023-03-22,Google,Makindye,neutral
2338,Excellent products and service. Best in the area! Great shop!,2023-07-07,Instagram,Ntinda,positive
2339,Product is functional. Does what it's supposed to do. Located in Makindye.,2023-08-05,Twitter,Bukoto,neutral
2340,Product was defective but they refused to refund. Bad business. Great store!,2023-09-04,Facebook,Lubaga,negative
2341,Fair experience overall. Nothing exceptional but acceptable.,2024-02-17,Google,Kawempe,neutral
2342,Outstanding quality and service. Will definitely shop here again.,2023-09-22,Instagram,Muyenga,positive
2343,Great value for money. Fast delivery and excellent packaging. Located in Lubaga. Great packaging!,2024-07-21,WhatsApp,Makindye,positive
2344,Product didn't work as expected. Waste of money. Great business!,2023-06-25,Twitter,Ntinda,negative
2345,Great products at affordable prices. Very satisfied with my purchase.,2024-12-05,Twitter,Muyenga,positive
2346,Amazing service! The team went above and beyond to help me.,2023-07-18,Instagram,Kawempe,positive
2347,Great experience overall. Will be a returning customer.,2023-09-16,Facebook,Central,positive
2348,Standard business service. Acceptable but not exceptional.,2024-03-23,Google,Lubaga,neutral
2349,Amazing quality products. Will definitely buy again from this shop. Located in Bukoto.,2023-10-04,WhatsApp,Bukoto,positive
2350,Excellent communication and fast delivery. Highly satisfied!,2024-11-07,WhatsApp,Nakawa,positive
2351,Great products at affordable prices. Very satisfied with my purchase.,2023-05-15,Facebook,Bukoto,positive
2352,Very satisfied with my purchase. Great quality and fast delivery. Located in Kawempe.,2024-09-01,WhatsApp,Kampala,positive
2353,Excellent business! Highly professional and reliable. Located in Lubaga.,2024-04-03,Twitter,Lubaga,positive
2354,Okay delivery time. Product is functional and usable. Located in Lubaga. Great customer!,2023-03-27,Google,Central,neutral
2355,Customer service was unresponsive. Had to wait days for a reply.,2023-04-27,Facebook,Muyenga,negative
2356,Poor quality products. Broke within days of purchase.,2023-06-13,Twitter,Ntinda,negative
2357,Best shop in Kawempe. Quality products and great service. Located in Ntinda.,2023-01-06,WhatsApp,Nakawa,positive
2358,"Fast shipping, good quality, and excellent customer support.",2023-09-27,Twitter,Muyenga,positive
2359,Love the product quality. Fast shipping and good packaging.,2024-07-09,Google,Kampala,positive
2360,Best shop in Kawempe. Quality products and great service. Located in Kampala.,2023-12-27,Facebook,Lubaga,positive
2361,Standard delivery time. Product quality is average.,2023-07-14,Instagram,Lubaga,neutral
2362,Great value for money. Fast delivery and excellent packaging.,2023-07-30,WhatsApp,Bukoto,positive
2363,Average quality products. Functional but not impressive.,2024-03-16,Twitter,Kampala,neutral
2364,Worst shopping experience. Poor quality and terrible service.,2023-01-07,Google,Muyenga,negative
2365,Amazing experience! The product arrived on time and in perfect condition.,2024-05-21,WhatsApp,Ntinda,positive
2366,Excellent business! Highly professional and reliable.,2024-02-23,Google,Bukoto,positive
2367,Very slow delivery. Took over a week to arrive in Kampala. Located in Nakawa.,2024-02-08,Facebook,Central,negative
2368,Love shopping here! Always get great deals and quality products. Located in Muyenga. Great shop!,2023-04-04,Facebook,Kawempe,positive
2369,Great value for money. Fast delivery and excellent packaging. Located in Makindye. Great restaurant!,2023-10-09,Instagram,Kawempe,positive
2370,Professional service and high-quality products. Very happy!,2023-01-30,Website,Bukoto,positive
2371,Standard quality. Nothing to complain about or praise.,2023-12-04,WhatsApp,Muyenga,neutral
2372,Very slow delivery. Took over a week to arrive in Kampala. Great support!,2023-10-22,Google,Kampala,negative
2373,Disappointing experience. Would not recommend this shop.,2024-09-26,Instagram,Lubaga,negative
2374,Delivery was delayed multiple times. Very frustrating experience.,2024-04-08,Instagram,Kololo,negative
2375,Best shop in Kawempe. Quality products and great service.,2024-11-27,WhatsApp,Muyenga,positive
2376,"Fast shipping, good quality, and excellent customer support. Located in Central.",2024-01-25,Website,Kololo,positive
2377,"Fast shipping, good quality, and excellent customer support. Located in Bukoto. Great shop!",2023-02-07,Website,Ntinda,positive
2378,Amazing quality products. Will definitely buy again from this shop.,2023-01-24,Facebook,Nakawa,positive
2379,Disappointing experience. Would not recommend this shop.,2023-07-14,Twitter,Central,negative
2380,Amazing experience! The product arrived on time and in perfect condition. Located in Muyenga. Great purchase!,2023-08-05,Twitter,Ntinda,positive
2381,Decent quality products. Price is fair for what you receive. Located in Nakawa.,2023-01-07,Instagram,Kawempe,neutral
2382,Average experience overall. Product is fine but not great. Great store!,2023-04-26,Facebook,Bukoto,neutral
2383,Great business with excellent customer care. Very professional. Located in Lubaga.,2024-04-14,Twitter,Lubaga,positive
2384,Outstanding quality and service. Will definitely shop here again.,2023-05-21,Website,Bukoto,positive
2385,Amazing experience! The product arrived on time and in perfect condition. Great support!,2024-12-28,WhatsApp,Bukoto,positive
2386,Standard service. No complaints but nothing exceptional either.,2024-08-30,Twitter,Nakawa,neutral
2387,Decent value. Product works as expected.,2024-06-09,Google,Nakawa,neutral
2388,Poor value for money. Better options available elsewhere.,2024-03-01,WhatsApp,Muyenga,negative
2389,Amazing service! The team went above and beyond to help me. Great quality!,2024-02-15,Facebook,Kawempe,positive
2390,Standard experience. Product does what it needs to do. Located in Makindye. Great staff!,2024-06-27,Instagram,Central,neutral
2391,Overpriced products with low quality. Not good value for money.,2024-01-29,Website,Kawempe,negative
2392,Poor quality products. Broke within days of purchase. Located in Bukoto.,2024-05-13,Instagram,Makindye,negative
2393,Average quality. Nothing special but nothing wrong either.,2023-11-11,Twitter,Kololo,neutral
2394,Great value for money. Fast delivery and excellent packaging. Located in Kampala.,2024-03-17,WhatsApp,Central,positive
2395,"Fast delivery, good quality, fair prices. What more could you ask for?",2023-10-18,Facebook,Lubaga,positive
2396,Average experience. Product is functional and adequate.,2023-02-09,Instagram,Kololo,neutral
2397,Decent quality products. Price is fair for what you receive.,2023-09-08,Twitter,Central,neutral
2398,Amazing quality products. Will definitely buy again from this shop. Great staff!,2023-02-12,Facebook,Bukoto,positive
2399,"Outstanding business! Professional, reliable, and customer-focused.",2024-08-03,WhatsApp,Makindye,positive
2400,Best shopping experience! Quality products and great prices. Great shop!,2023-02-13,Website,Nakawa,positive
2401,Product works fine. Decent quality for the price paid.,2023-08-24,Instagram,Kawempe,neutral
2402,Not satisfied at all. Product quality is below standard. Located in Central.,2024-10-29,Facebook,Kampala,negative
2403,Best prices in Nakawa area. Great value for money. Great service!,2024-06-28,Facebook,Lubaga,positive
2404,Amazing service! The team went above and beyond to help me. Located in Nakawa.,2023-12-27,Facebook,Muyenga,positive
2405,Great products at affordable prices. Very satisfied with my purchase.,2024-08-11,Instagram,Makindye,positive
2406,Best shop in Kawempe. Quality products and great service.,2024-08-13,Twitter,Kampala,positive
2407,Amazing service! The team went above and beyond to help me. Located in Bukoto. Great customer!,2023-08-22,Google,Makindye,positive
2408,Amazing experience! The product arrived on time and in perfect condition.,2024-02-07,Google,Makindye,positive
2409,Delivery was delayed multiple times. Very frustrating experience.,2023-05-18,Twitter,Makindye,negative
2410,Outstanding service! The staff was very helpful and friendly. Located in Makindye.,2023-02-17,Facebook,Muyenga,positive
2411,Product is okay. Nothing special but serves its purpose.,2023-12-07,Facebook,Kawempe,neutral
2412,"Fast shipping, good quality, and excellent customer support. Located in Nakawa.",2023-06-17,WhatsApp,Kampala,positive
2413,Product works as expected. No major issues or complaints. Located in Muyenga.,2024-11-13,Facebook,Makindye,neutral
2414,Excellent products and service. Best in the area! Located in Lubaga.,2023-10-05,Website,Muyenga,positive
2415,Excellent products and service. Best in the area! Great shipping!,2024-03-14,WhatsApp,Bukoto,positive
2416,Great experience overall. Will be a returning customer.,2023-03-07,Twitter,Lubaga,positive
2417,Average quality. Nothing special but nothing wrong either.,2023-10-07,Facebook,Ntinda,neutral
2418,Outstanding service! The staff was very helpful and friendly.,2023-02-12,Website,Bukoto,positive
2419,Delivery was on time. Product is as expected. Great experience!,2024-12-08,Instagram,Lubaga,neutral
2420,Product broke after just one week of use. Very poor quality. Great delivery!,2023-06-05,Instagram,Makindye,negative
2421,Product was defective but they refused to refund. Bad business.,2024-07-15,Facebook,Lubaga,negative
2422,Okay service. Product meets basic requirements.,2024-07-13,WhatsApp,Kawempe,neutral
2423,Okay service. Product meets basic requirements.,2023-06-24,Facebook,Kampala,neutral
2424,Great business with excellent customer care. Very professional. Located in Kampala. Great price!,2024-12-18,Instagram,Kololo,positive
2425,Great business with excellent customer care. Very professional.,2023-01-31,Website,Nakawa,positive
2426,Great experience overall. Will be a returning customer. Located in Nakawa.,2024-05-29,Website,Central,positive
2427,Poor customer service. Staff was rude and unhelpful. Great packaging!,2024-07-21,Instagram,Central,negative
2428,Product is functional. Does what it's supposed to do.,2023-07-14,WhatsApp,Lubaga,neutral
2429,Top-notch quality. Exceeded my expectations completely. Located in Muyenga.,2023-05-10,Twitter,Makindye,positive
2430,Outstanding quality and service. Will definitely shop here again.,2024-12-18,Twitter,Ntinda,positive
2431,Decent value. Product works as expected. Located in Kololo.,2024-01-11,Instagram,Makindye,neutral
2432,Best shopping experience! Quality products and great prices. Located in Kawempe.,2023-06-22,Twitter,Kololo,positive
2433,Fair value for money. Quality is acceptable but not premium. Located in Kampala.,2023-10-03,WhatsApp,Nakawa,neutral
2434,Decent quality products. Price is fair for what you receive.,2024-02-24,Twitter,Ntinda,neutral
2435,Amazing experience! The product arrived on time and in perfect condition.,2023-05-12,Google,Kololo,positive
2436,Outstanding service! The staff was very helpful and friendly.,2024-02-13,Facebook,Kampala,positive
2437,Standard quality. Nothing to complain about or praise.,2024-08-10,Facebook,Lubaga,neutral
2438,Poor quality products. Broke within days of purchase. Great support!,2024-01-06,Twitter,Kampala,negative
2439,Fair prices and acceptable quality. Nothing outstanding. Great support!,2023-01-12,Google,Ntinda,neutral
2440,Standard quality. Nothing to complain about or praise. Great purchase!,2024-05-04,Twitter,Lubaga,neutral
2441,Average quality. Price is reasonable for what you get. Located in Kampala. Great shipping!,2024-10-06,Website,Makindye,neutral
2442,Great products at affordable prices. Very satisfied with my purchase.,2023-01-17,Google,Lubaga,positive
2443,Best shopping experience! Quality products and great prices. Located in Nakawa.,2024-06-04,Google,Ntinda,positive
2444,Terrible experience. Would not recommend this business to anyone.,2023-01-17,WhatsApp,Ntinda,negative
2445,Decent value. Product works as expected.,2023-04-01,Google,Bukoto,neutral
2446,Professional service and high-quality products. Very happy!,2023-05-10,WhatsApp,Central,positive
2447,Professional service and high-quality products. Very happy!,2023-05-02,Instagram,Central,positive
2448,Excellent communication and fast delivery. Highly satisfied! Great experience!,2024-10-24,Twitter,Central,positive
2449,Great service! Very fast delivery in Kampala. Highly recommend! Great business!,2023-04-12,Website,Lubaga,positive
2450,Amazing experience! The product arrived on time and in perfect condition. Great customer!,2024-10-22,Instagram,Central,positive
2451,Terrible customer service. No help when I had an issue.,2023-10-01,Google,Makindye,negative
2452,Love shopping here! Always get great deals and quality products.,2024-09-10,Google,Kololo,positive
2453,Standard experience. Product does what it needs to do.,2024-09-01,Website,Central,neutral
2454,Outstanding service! The staff was very helpful and friendly. Great shipping!,2023-06-26,WhatsApp,Muyenga,positive
2455,Amazing quality products. Will definitely buy again from this shop. Great quality!,2023-05-18,WhatsApp,Kawempe,positive
2456,Overpriced compared to other shops in Nakawa area.,2023-05-26,Website,Kawempe,negative
2457,Best customer service I've experienced. Products are top quality. Great business!,2023-03-02,WhatsApp,Ntinda,positive
2458,Top-notch quality. Exceeded my expectations completely.,2024-01-10,Google,Kololo,positive
2459,Product is fine. Meets expectations without exceeding them.,2024-02-24,Instagram,Kololo,neutral
2460,Standard delivery. Product works but quality is average.,2023-06-07,Instagram,Kawempe,neutral
2461,Decent service. No major complaints but nothing impressive.,2023-04-08,Facebook,Kawempe,neutral
2462,Top-notch quality. Exceeded my expectations completely. Located in Central.,2023-12-29,Instagram,Lubaga,positive
2463,"Fast delivery, good quality, fair prices. What more could you ask for? Great staff!",2024-04-26,Instagram,Makindye,positive
2464,Excellent business! Highly professional and reliable.,2024-08-12,Instagram,Nakawa,positive
2465,Quick response time and excellent customer care. Highly recommended! Great price!,2023-01-11,Twitter,Muyenga,positive
2466,Okay service. Product meets basic requirements. Located in Kampala.,2024-05-11,Google,Makindye,neutral
2467,Average quality. Price is reasonable for what you get. Great quality!,2023-09-08,WhatsApp,Nakawa,neutral
2468,Standard business service. Acceptable but not exceptional.,2024-05-11,WhatsApp,Muyenga,neutral
2469,Great experience overall. Will be a returning customer. Great shipping!,2024-02-05,Facebook,Kololo,positive
2470,Average quality products. Functional but not impressive. Located in Kololo.,2023-04-25,Facebook,Central,neutral
2471,Best shop in Kawempe. Quality products and great service. Great service!,2023-05-15,Facebook,Kololo,positive
2472,Great business with excellent customer care. Very professional. Located in Nakawa.,2024-07-12,Instagram,Kampala,positive
2473,Excellent products and service. Best in the area! Located in Lubaga.,2023-01-12,WhatsApp,Bukoto,positive
2474,Professional service and high-quality products. Very happy!,2024-09-21,Twitter,Kololo,positive
2475,Top quality products at reasonable prices. Highly recommended! Located in Muyenga.,2024-01-25,Facebook,Muyenga,positive
2476,Best prices in Nakawa area. Great value for money.,2024-05-06,Instagram,Ntinda,positive
2477,Product was damaged on arrival. Poor packaging quality. Located in Lubaga.,2024-04-17,Twitter,Bukoto,negative
2478,Okay delivery time. Product is functional and usable.,2023-12-06,Website,Nakawa,neutral
2479,Amazing quality products. Will definitely buy again from this shop.,2024-01-07,Facebook,Kawempe,positive
2480,Excellent business! Highly professional and reliable. Great store!,2024-08-02,Facebook,Muyenga,positive
2481,Outstanding service! The staff was very helpful and friendly.,2024-06-24,Facebook,Muyenga,positive
2482,Product is fine. Meets expectations without exceeding them.,2024-02-20,WhatsApp,Bukoto,neutral
2483,Excellent products and service. Best in the area! Located in Lubaga.,2024-07-01,Instagram,Central,positive
2484,Standard experience. Product does what it needs to do. Located in Bukoto.,2024-02-22,Facebook,Ntinda,neutral
2485,Great products at affordable prices. Very satisfied with my purchase.,2023-04-15,Twitter,Bukoto,positive
2486,Professional service and high-quality products. Very happy! Located in Muyenga.,2024-02-21,Website,Kololo,positive
2487,Fair prices and acceptable quality. Nothing outstanding.,2024-07-01,Google,Makindye,neutral
2488,Product was different from what was advertised. Misleading description.,2023-09-26,Google,Central,negative
2489,Average quality. Price is reasonable for what you get.,2024-08-27,Instagram,Kampala,neutral
2490,Standard delivery time. Product quality is average. Located in Ntinda.,2023-09-14,WhatsApp,Kawempe,neutral
2491,Product is fine. Meets expectations without exceeding them. Located in Ntinda.,2024-09-15,Instagram,Ntinda,neutral
2492,Best prices in Nakawa area. Great value for money.,2023-01-26,Facebook,Makindye,positive
2493,Best shop in Kawempe. Quality products and great service. Great support!,2023-07-28,Website,Central,positive
2494,Outstanding quality and service. Will definitely shop here again. Located in Central.,2023-09-05,Website,Muyenga,positive
2495,Outstanding quality and service. Will definitely shop here again.,2024-05-09,Website,Bukoto,positive
2496,Great experience from start to finish. Will shop here again!,2024-04-06,WhatsApp,Kololo,positive
2497,Excellent communication and fast delivery. Highly satisfied!,2023-10-21,Twitter,Makindye,positive
2498,"Outstanding business! Professional, reliable, and customer-focused.",2024-10-25,WhatsApp,Makindye,positive
2499,Love shopping here! Always get great deals and quality products.,2023-01-15,Instagram,Makindye,positive
2500,Not satisfied with the product. Quality is below expectations. Great shop!,2024-01-05,Twitter,Bukoto,negative
2501,Very satisfied with my purchase. Great quality and fast delivery.,2023-02-15,Website,Kampala,positive
2502,Poor packaging led to damaged goods. Very unprofessional.,2023-08-27,Google,Bukoto,negative
2503,Amazing service! The team went above and beyond to help me.,2023-07-25,Google,Kawempe,positive
2504,Okay experience. Nothing to complain about but not impressed either.,2023-10-27,Google,Muyenga,neutral
2505,Poor value for money. Better options available elsewhere.,2023-09-28,Instagram,Ntinda,negative
2506,Standard quality. Nothing to complain about or praise.,2024-02-12,Instagram,Kololo,neutral
2507,Very disappointed. Product quality is poor and service is worse. Located in Lubaga. Great shop!,2023-01-04,Instagram,Central,negative
2508,Great prices and even better service. Highly recommend this business!,2024-01-16,WhatsApp,Nakawa,positive
2509,Excellent products and service. Best in the area!,2023-06-22,Facebook,Bukoto,positive
2510,Excellent products and service. Best in the area!,2024-05-20,Google,Nakawa,positive
2511,Professional service and high-quality products. Very happy!,2023-09-28,Instagram,Makindye,positive
2512,Excellent customer support. They responded quickly to my questions.,2024-01-29,Twitter,Lubaga,positive
2513,Product broke after just one week of use. Very poor quality.,2024-10-31,Instagram,Kololo,negative
2514,Best customer service I've experienced. Products are top quality.,2024-11-15,Facebook,Lubaga,positive
2515,Great products at affordable prices. Very satisfied with my purchase.,2023-08-20,Google,Kololo,positive
2516,"Fast shipping, good quality, and excellent customer support.",2023-03-17,Twitter,Bukoto,positive
2517,Standard service. No complaints but nothing exceptional either. Located in Kololo. Great service!,2024-06-13,WhatsApp,Muyenga,neutral
2518,Product quality was disappointing. Not as described on the website.,2024-09-17,Instagram,Ntinda,negative
2519,Best prices in Nakawa area. Great value for money. Great shipping!,2024-11-15,Instagram,Nakawa,positive
2520,Great value for money. Fast delivery and excellent packaging. Located in Kawempe.,2024-07-06,Website,Bukoto,positive
2521,Best prices in Nakawa area. Great value for money.,2023-10-05,Instagram,Lubaga,positive
2522,Outstanding quality and service. Will definitely shop here again.,2023-01-03,Google,Nakawa,positive
2523,Quick response time and excellent customer care. Highly recommended! Located in Bukoto.,2023-06-25,Google,Ntinda,positive
2524,Poor packaging led to damaged goods. Very unprofessional.,2023-07-02,Website,Muyenga,negative
2525,Very slow delivery and unresponsive customer support. Located in Muyenga.,2024-07-12,WhatsApp,Kololo,negative
2526,Excellent customer support. They responded quickly to my questions. Located in Kololo.,2024-09-09,WhatsApp,Nakawa,positive
2527,Quick response time and excellent customer care. Highly recommended!,2024-01-16,Twitter,Lubaga,positive
2528,Top quality products at reasonable prices. Highly recommended!,2023-11-21,Twitter,Kawempe,positive
2529,Excellent communication and fast delivery. Highly satisfied! Located in Kololo.,2024-07-01,Twitter,Central,positive
2530,Excellent products and service. Best in the area!,2024-04-23,Website,Kololo,positive
2531,Professional service and high-quality products. Very happy!,2023-08-31,Twitter,Kololo,positive
2532,Great prices and even better service. Highly recommend this business!,2024-09-10,Instagram,Lubaga,positive
2533,Product is fine. Meets expectations without exceeding them.,2023-07-18,Google,Muyenga,neutral
2534,Amazing experience! The product arrived on time and in perfect condition.,2023-01-18,Google,Kampala,positive
2535,Best shopping experience! Quality products and great prices. Located in Kawempe.,2023-05-27,Facebook,Nakawa,positive
2536,Quick response time and excellent customer care. Highly recommended!,2024-07-16,WhatsApp,Muyenga,positive
2537,Great service! Very fast delivery in Kampala. Highly recommend!,2024-06-05,Facebook,Lubaga,positive
2538,Standard delivery. Product works but quality is average. Located in Lubaga.,2023-10-26,Twitter,Kololo,neutral
2539,"Outstanding business! Professional, reliable, and customer-focused. Great shop!",2023-03-22,Website,Lubaga,positive
2540,"Outstanding business! Professional, reliable, and customer-focused. Located in Ntinda.",2024-08-19,Website,Central,positive
2541,Poor packaging led to damaged goods. Very unprofessional.,2024-02-07,WhatsApp,Ntinda,negative
2542,Customer service needs major improvement. Very unprofessional. Great purchase!,2023-12-04,Website,Bukoto,negative
2543,Product arrived damaged and customer service refused to help. Great experience!,2024-08-03,Website,Ntinda,negative
2544,Fair experience overall. Nothing exceptional but acceptable.,2023-09-24,Google,Makindye,neutral
2545,Best shop in Kawempe. Quality products and great service.,2024-12-19,Website,Kampala,positive
2546,Quick response time and excellent customer care. Highly recommended! Located in Kawempe.,2024-08-25,Twitter,Central,positive
2547,Excellent products and service. Best in the area! Located in Makindye.,2023-07-10,Instagram,Lubaga,positive
2548,Amazing service! The team went above and beyond to help me.,2024-09-03,Twitter,Central,positive
2549,Standard business service. Acceptable but not exceptional. Located in Bukoto.,2023-11-02,Facebook,Kampala,neutral
2550,Best prices in Nakawa area. Great value for money. Located in Lubaga.,2023-06-07,Google,Ntinda,positive
2551,"Outstanding business! Professional, reliable, and customer-focused. Located in Kololo. Great service!",2024-03-31,Website,Makindye,positive
2552,Okay service. Nothing special but gets the job done.,2023-05-31,Twitter,Makindye,neutral
2553,Excellent products and service. Best in the area! Located in Kampala.,2023-04-19,Twitter,Central,positive
2554,Outstanding quality and service. Will definitely shop here again.,2023-06-09,Google,Kampala,positive
2555,Great business with excellent customer care. Very professional. Located in Nakawa.,2023-10-13,WhatsApp,Muyenga,positive
2556,"Outstanding business! Professional, reliable, and customer-focused.",2023-12-06,Website,Kampala,positive
2557,Average product quality. Meets basic needs adequately. Located in Kololo. Great quality!,2023-07-26,Website,Central,neutral
2558,Standard delivery time. Product quality is average. Great staff!,2024-12-06,WhatsApp,Nakawa,neutral
2559,Excellent business! Highly professional and reliable.,2024-01-01,Instagram,Kampala,positive
2560,Product quality was disappointing. Not as described on the website. Located in Kawempe.,2024-03-14,Instagram,Kololo,negative
2561,Outstanding service! The staff was very helpful and friendly. Located in Kawempe.,2023-06-07,Twitter,Muyenga,positive
2562,Standard quality. Nothing to complain about or praise. Located in Kampala.,2023-07-20,Twitter,Makindye,neutral
2563,Standard business service. Acceptable but not exceptional.,2024-08-14,Facebook,Kawempe,neutral
2564,Product was damaged on arrival. Poor packaging quality.,2023-11-16,Facebook,Kawempe,negative
2565,Love the product quality. Fast shipping and good packaging.,2024-03-05,Instagram,Lubaga,positive
2566,Standard delivery time. Product quality is average.,2024-12-07,Instagram,Kololo,neutral
2567,Love shopping here! Always get great deals and quality products. Great price!,2023-09-03,Google,Central,positive
2568,Customer service is terrible. No one responds to complaints.,2024-03-13,Google,Kololo,negative
2569,Top-notch quality. Exceeded my expectations completely. Great shop!,2023-05-03,Website,Kawempe,positive
2570,"Fast shipping, good quality, and excellent customer support. Located in Nakawa.",2023-07-20,Twitter,Muyenga,positive
2571,Very slow delivery and unresponsive customer support.,2023-10-21,Google,Kawempe,negative
2572,Decent service. No major complaints but nothing impressive. Located in Nakawa.,2024-01-03,Instagram,Makindye,neutral
2573,Disappointing experience. Would not recommend this shop.,2023-05-15,Facebook,Ntinda,negative
2574,Excellent products and service. Best in the area! Located in Lubaga.,2023-02-09,Twitter,Lubaga,positive
2575,Product is fine. Meets expectations without exceeding them.,2023-04-27,Facebook,Nakawa,neutral
2576,Love shopping here! Always get great deals and quality products.,2024-03-04,WhatsApp,Lubaga,positive
2577,Excellent customer support. They responded quickly to my questions. Great product!,2023-09-11,Website,Ntinda,positive
2578,Great experience overall. Will be a returning customer. Located in Makindye.,2024-11-10,Twitter,Lubaga,positive
2579,Average experience. Product is functional and adequate.,2024-10-14,Instagram,Bukoto,neutral
2580,Product was defective but they refused to refund. Bad business.,2024-03-03,Instagram,Muyenga,negative
2581,Love shopping here! Always get great deals and quality products.,2024-02-11,Instagram,Kawempe,positive
2582,Best shopping experience! Quality products and great prices. Located in Makindye.,2023-05-24,WhatsApp,Kololo,positive
2583,Decent quality products. Price is fair for what you receive. Great experience!,2023-05-23,WhatsApp,Kampala,neutral
2584,Great experience overall. Will be a returning customer.,2023-04-20,Google,Bukoto,positive
2585,Best customer service I've experienced. Products are top quality. Located in Muyenga.,2023-09-11,WhatsApp,Lubaga,positive
2586,Product works as expected. No major issues or complaints. Located in Kololo. Great business!,2024-03-29,Twitter,Ntinda,neutral
2587,Excellent customer support. They responded quickly to my questions.,2024-03-21,Website,Kampala,positive
2588,Poor customer service. Staff was rude and unhelpful.,2023-07-10,Facebook,Makindye,negative
2589,Best shop in Kawempe. Quality products and great service.,2023-07-10,Instagram,Kawempe,positive
2590,Great products at affordable prices. Very satisfied with my purchase. Located in Nakawa.,2024-10-17,Google,Bukoto,positive
2591,Great products at affordable prices. Very satisfied with my purchase.,2023-07-28,Instagram,Lubaga,positive
2592,Outstanding service! The staff was very helpful and friendly. Located in Kawempe.,2023-09-21,Instagram,Nakawa,positive
2593,"Fast shipping, good quality, and excellent customer support.",2024-04-19,Instagram,Kampala,positive
2594,Delivery was on time. Product is as expected.,2023-10-31,Instagram,Nakawa,neutral
2595,Standard quality. Nothing to complain about or praise. Located in Kampala.,2023-06-13,WhatsApp,Makindye,neutral
2596,Outstanding service! The staff was very helpful and friendly.,2023-06-17,Twitter,Makindye,positive
2597,Best prices in Nakawa area. Great value for money. Located in Nakawa.,2023-12-23,WhatsApp,Ntinda,positive
2598,Great products at affordable prices. Very satisfied with my purchase.,2023-10-08,Google,Muyenga,positive
2599,Very slow delivery. Took over a week to arrive in Kampala.,2024-07-12,Instagram,Bukoto,negative
2600,Outstanding service! The staff was very helpful and friendly. Located in Central.,2024-02-01,Google,Ntinda,positive
2601,Terrible experience. Would not recommend this business to anyone.,2023-03-01,Twitter,Kololo,negative
2602,Great experience overall. Will be a returning customer. Great business!,2023-04-02,Facebook,Nakawa,positive
2603,Quick response time and excellent customer care. Highly recommended! Great packaging!,2024-12-11,Facebook,Central,positive
2604,Best shopping experience! Quality products and great prices.,2023-10-05,Twitter,Ntinda,positive
2605,Excellent customer support. They responded quickly to my questions.,2023-09-07,Google,Bukoto,positive
2606,Great products at affordable prices. Very satisfied with my purchase. Great product!,2024-08-22,Twitter,Lubaga,positive
2607,Standard quality. Nothing to complain about or praise. Great service!,2023-11-29,Twitter,Kololo,neutral
2608,Great experience from start to finish. Will shop here again!,2024-07-23,Instagram,Muyenga,positive
2609,Quick response time and excellent customer care. Highly recommended!,2024-09-28,Instagram,Nakawa,positive
2610,Slow response time and poor communication from the business. Located in Kawempe.,2024-10-07,Website,Central,negative
2611,Outstanding service! The staff was very helpful and friendly. Located in Kololo.,2024-05-30,Instagram,Muyenga,positive
2612,Very satisfied with my purchase. Great quality and fast delivery.,2023-12-11,Instagram,Makindye,positive
2613,Product works fine. Decent quality for the price paid. Located in Ntinda. Great purchase!,2023-10-08,WhatsApp,Kawempe,neutral
2614,Not satisfied at all. Product quality is below standard.,2024-04-25,Google,Lubaga,negative
2615,Professional service and high-quality products. Very happy!,2024-05-09,Twitter,Ntinda,positive
2616,Customer service is terrible. No one responds to complaints.,2024-09-13,Google,Muyenga,negative
2617,Product was damaged on arrival. Poor packaging quality. Located in Kampala. Great quality!,2023-12-08,Instagram,Kawempe,negative
2618,Customer service needs major improvement. Very unprofessional.,2023-07-05,Facebook,Muyenga,negative
2619,Not satisfied at all. Product quality is below standard. Located in Kololo.,2023-08-29,WhatsApp,Kampala,negative
2620,Product quality was disappointing. Not as described on the website. Great store!,2023-01-21,Google,Makindye,negative
2621,Love the product quality. Fast shipping and good packaging.,2024-07-15,Twitter,Kawempe,positive
2622,Amazing service! The team went above and beyond to help me. Great business!,2023-02-21,Google,Bukoto,positive
2623,Average experience overall. Product is fine but not great.,2024-04-23,Instagram,Makindye,neutral
2624,Great service! Very fast delivery in Kampala. Highly recommend!,2023-08-01,Google,Central,positive
2625,Average quality. Price is reasonable for what you get.,2023-02-01,WhatsApp,Ntinda,neutral
2626,Great value for money. Fast delivery and excellent packaging. Located in Ntinda.,2024-07-31,Twitter,Kololo,positive
2627,Best prices in Nakawa area. Great value for money.,2023-04-06,Google,Muyenga,positive
2628,Amazing quality products. Will definitely buy again from this shop. Located in Muyenga.,2023-06-14,WhatsApp,Makindye,positive
2629,Average experience overall. Product is fine but not great.,2024-06-22,Facebook,Bukoto,neutral
2630,Terrible experience. Would not recommend this business to anyone.,2023-06-29,Website,Central,negative
2631,Great business with excellent customer care. Very professional. Located in Ntinda. Great shop!,2023-08-27,Website,Muyenga,positive
2632,Best customer service I've experienced. Products are top quality. Located in Ntinda.,2023-03-11,Instagram,Ntinda,positive
2633,Average quality. Price is reasonable for what you get. Great delivery!,2023-08-22,Twitter,Kampala,neutral
2634,Professional service and high-quality products. Very happy!,2024-09-06,Instagram,Kampala,positive
2635,Great service! Very fast delivery in Kampala. Highly recommend! Located in Kampala.,2023-11-09,Website,Ntinda,positive
2636,Poor value for money. Better options available elsewhere.,2024-12-01,Google,Makindye,negative
2637,Poor value for money. Better options available elsewhere. Great customer!,2024-02-10,Twitter,Makindye,negative
2638,Overpriced products with low quality. Not good value for money.,2023-03-01,WhatsApp,Kawempe,negative
2639,Product is functional. Does what it's supposed to do.,2023-06-11,Google,Makindye,neutral
2640,"Outstanding business! Professional, reliable, and customer-focused. Located in Muyenga.",2024-05-24,Twitter,Bukoto,positive
2641,Okay experience. Nothing to complain about but not impressed either.,2023-08-30,Facebook,Nakawa,neutral
2642,Amazing experience! The product arrived on time and in perfect condition. Located in Ntinda. Great shop!,2023-03-13,Instagram,Central,positive
2643,Disappointing experience. Would not recommend this shop.,2024-03-30,Website,Muyenga,negative
2644,Okay delivery time. Product is functional and usable. Located in Kawempe.,2024-11-12,WhatsApp,Kawempe,neutral
2645,Great service! Very fast delivery in Kampala. Highly recommend!,2023-04-01,Twitter,Kololo,positive
2646,Excellent customer support. They responded quickly to my questions. Located in Ntinda.,2023-04-14,Instagram,Kampala,positive
2647,Very slow delivery. Took over a week to arrive in Kampala.,2024-02-06,Website,Ntinda,negative
2648,Okay delivery time. Product is functional and usable. Great price!,2023-02-17,Instagram,Bukoto,neutral
2649,Product is okay. Nothing special but serves its purpose. Located in Kampala.,2023-02-07,Website,Kampala,neutral
2650,Average quality products. Functional but not impressive. Great support!,2024-07-24,WhatsApp,Kawempe,neutral
2651,Very satisfied with my purchase. Great quality and fast delivery. Located in Makindye. Great product!,2023-05-29,WhatsApp,Central,positive
2652,Excellent business! Highly professional and reliable. Located in Central.,2023-07-02,Google,Muyenga,positive
2653,Excellent business! Highly professional and reliable. Located in Central. Great customer!,2023-12-12,Google,Muyenga,positive
2654,Average experience. Product is functional and adequate.,2023-11-25,Instagram,Nakawa,neutral
2655,Worst shopping experience. Poor quality and terrible service.,2023-09-06,Twitter,Bukoto,negative
2656,Professional service and high-quality products. Very happy! Located in Kampala.,2023-03-28,WhatsApp,Kampala,positive
2657,Poor value for money. Better options available elsewhere.,2023-07-10,Twitter,Makindye,negative
2658,Standard delivery time. Product quality is average.,2024-07-23,Website,Kawempe,neutral
2659,"Fast shipping, good quality, and excellent customer support. Located in Muyenga.",2024-08-27,WhatsApp,Kololo,positive
2660,Great service! Very fast delivery in Kampala. Highly recommend! Great order!,2024-05-11,Website,Bukoto,positive
2661,Quick response time and excellent customer care. Highly recommended!,2023-06-12,Twitter,Nakawa,positive
2662,"Fast shipping, good quality, and excellent customer support.",2023-05-19,Facebook,Kawempe,positive
2663,Excellent business! Highly professional and reliable.,2024-07-03,Twitter,Central,positive
2664,Poor packaging led to damaged goods. Very unprofessional.,2023-01-09,Google,Bukoto,negative
2665,Professional service and high-quality products. Very happy!,2023-06-27,Twitter,Kololo,positive
2666,Great prices and even better service. Highly recommend this business!,2023-08-28,Instagram,Nakawa,positive
2667,Great service! Very fast delivery in Kampala. Highly recommend!,2024-01-27,WhatsApp,Bukoto,positive
2668,Poor customer service. Staff was rude and unhelpful. Located in Makindye.,2023-03-19,Google,Kololo,negative
2669,Great experience overall. Will be a returning customer.,2024-08-15,Facebook,Bukoto,positive
2670,Excellent business! Highly professional and reliable.,2024-05-08,Website,Kololo,positive
2671,"Fast shipping, good quality, and excellent customer support. Great shop!",2023-10-02,Twitter,Bukoto,positive
2672,Great experience overall. Will be a returning customer. Located in Bukoto. Great store!,2024-02-10,Website,Ntinda,positive
2673,Best prices in Nakawa area. Great value for money. Great shop!,2023-04-13,Google,Central,positive
2674,Standard quality. Nothing to complain about or praise. Great delivery!,2023-12-21,Instagram,Makindye,neutral
2675,Best customer service I've experienced. Products are top quality.,2023-10-01,Website,Nakawa,positive
2676,Love the product quality. Fast shipping and good packaging. Located in Bukoto.,2023-06-25,Google,Muyenga,positive
2677,Great experience from start to finish. Will shop here again! Located in Nakawa. Great shipping!,2024-08-16,WhatsApp,Muyenga,positive
2678,Customer service needs major improvement. Very unprofessional. Located in Kololo.,2023-07-07,WhatsApp,Muyenga,negative
2679,"Outstanding business! Professional, reliable, and customer-focused. Located in Muyenga.",2023-05-28,WhatsApp,Nakawa,positive
2680,Great experience overall. Will be a returning customer. Great business!,2024-02-16,Facebook,Makindye,positive
2681,"Fast shipping, good quality, and excellent customer support. Great price!",2024-07-30,Website,Nakawa,positive
2682,Love shopping here! Always get great deals and quality products.,2023-04-27,Website,Central,positive
2683,Customer service is terrible. No one responds to complaints. Great order!,2024-05-05,Google,Muyenga,negative
2684,Best customer service I've experienced. Products are top quality.,2023-11-06,Twitter,Central,positive
2685,Best customer service I've experienced. Products are top quality.,2023-09-01,Google,Ntinda,positive
2686,Excellent business! Highly professional and reliable.,2023-01-05,Google,Ntinda,positive
2687,Professional service and high-quality products. Very happy! Located in Central.,2023-02-22,Website,Muyenga,positive
2688,Very slow delivery and unresponsive customer support.,2024-05-03,Twitter,Nakawa,negative
2689,Average quality. Nothing special but nothing wrong either.,2024-06-21,Twitter,Central,neutral
2690,Excellent customer support. They responded quickly to my questions.,2023-07-18,Twitter,Nakawa,positive
2691,Amazing service! The team went above and beyond to help me.,2023-02-17,Website,Ntinda,positive
2692,Excellent business! Highly professional and reliable. Located in Ntinda.,2024-11-17,Twitter,Nakawa,positive
2693,Excellent products and service. Best in the area! Located in Lubaga.,2023-01-24,Twitter,Kololo,positive
2694,Standard experience. Product does what it needs to do. Located in Kampala.,2024-03-01,WhatsApp,Lubaga,neutral
2695,Great products at affordable prices. Very satisfied with my purchase.,2023-04-20,Twitter,Kawempe,positive
2696,Best shop in Kawempe. Quality products and great service.,2023-10-05,WhatsApp,Kampala,positive
2697,Excellent business! Highly professional and reliable.,2024-04-03,Twitter,Kololo,positive
2698,Very satisfied with my purchase. Great quality and fast delivery.,2023-11-28,WhatsApp,Bukoto,positive
2699,Outstanding quality and service. Will definitely shop here again.,2023-10-07,Website,Kololo,positive
2700,Okay service. Product meets basic requirements. Located in Ntinda. Great delivery!,2024-05-08,Instagram,Central,neutral
2701,Product is functional. Does what it's supposed to do. Located in Central.,2023-12-23,Twitter,Makindye,neutral
2702,Product is fine. Meets expectations without exceeding them.,2023-06-18,Website,Nakawa,neutral
2703,Product works fine. Decent quality for the price paid. Located in Nakawa. Great experience!,2023-03-30,Twitter,Lubaga,neutral
2704,Product is functional. Does what it's supposed to do. Great service!,2023-07-04,WhatsApp,Nakawa,neutral
2705,Great prices and even better service. Highly recommend this business!,2024-04-10,Twitter,Muyenga,positive
2706,Product is fine. Meets expectations without exceeding them. Located in Makindye.,2023-09-27,Website,Bukoto,neutral
2707,Love the product quality. Fast shipping and good packaging. Located in Kololo.,2024-03-13,Facebook,Lubaga,positive
2708,Professional service and high-quality products. Very happy! Located in Kampala. Great purchase!,2024-10-20,Instagram,Kololo,positive
2709,Outstanding service! The staff was very helpful and friendly.,2023-11-06,Website,Ntinda,positive
2710,Top-notch quality. Exceeded my expectations completely.,2023-09-13,Google,Kawempe,positive
2711,Overpriced compared to other shops in Nakawa area.,2024-07-02,Instagram,Central,negative
2712,Decent service. No major complaints but nothing impressive.,2024-02-20,Twitter,Nakawa,neutral
2713,Amazing experience! The product arrived on time and in perfect condition. Located in Kololo.,2024-03-27,Instagram,Kololo,positive
2714,Great products at affordable prices. Very satisfied with my purchase. Great quality!,2023-12-09,Facebook,Ntinda,positive
2715,Product didn't work as expected. Waste of money.,2024-05-12,WhatsApp,Central,negative
2716,Top quality products at reasonable prices. Highly recommended!,2023-01-20,Website,Kawempe,positive
2717,Decent service. No major complaints but nothing impressive. Located in Makindye.,2024-10-27,Instagram,Kololo,neutral
2718,Average product quality. Meets basic needs adequately.,2023-04-13,Facebook,Makindye,neutral
2719,Excellent business! Highly professional and reliable.,2023-10-15,Website,Ntinda,positive
2720,Okay product quality. Price matches the value received.,2023-08-10,WhatsApp,Muyenga,neutral
2721,"Fast delivery, good quality, fair prices. What more could you ask for? Located in Muyenga.",2023-12-09,Google,Bukoto,positive
2722,Average quality. Price is reasonable for what you get. Located in Kololo.,2024-02-02,Website,Muyenga,neutral
2723,Customer service needs major improvement. Very unprofessional.,2023-07-05,Website,Kampala,negative
2724,Excellent communication and fast delivery. Highly satisfied! Located in Central. Great experience!,2024-12-10,Twitter,Ntinda,positive
2725,Standard quality. Nothing to complain about or praise.,2024-04-17,Google,Kampala,neutral
2726,Amazing experience! The product arrived on time and in perfect condition.,2024-05-18,WhatsApp,Nakawa,positive
2727,Decent value. Product works as expected.,2023-02-10,Instagram,Bukoto,neutral
2728,Great prices and even better service. Highly recommend this business!,2024-03-23,WhatsApp,Bukoto,positive
2729,"Outstanding business! Professional, reliable, and customer-focused.",2024-07-27,WhatsApp,Ntinda,positive
2730,Customer service needs major improvement. Very unprofessional.,2023-09-24,Instagram,Nakawa,negative
2731,Great products at affordable prices. Very satisfied with my purchase.,2023-01-11,Website,Muyenga,positive
2732,Amazing experience! The product arrived on time and in perfect condition.,2024-01-29,Google,Nakawa,positive
2733,Top quality products at reasonable prices. Highly recommended!,2024-04-16,Facebook,Kawempe,positive
2734,Great prices and even better service. Highly recommend this business! Great quality!,2023-05-05,Facebook,Nakawa,positive
2735,Very slow delivery and unresponsive customer support. Great delivery!,2024-01-29,Twitter,Muyenga,negative
2736,Overpriced products with low quality. Not good value for money.,2023-09-24,Website,Kololo,negative
2737,Great business with excellent customer care. Very professional.,2024-10-23,Instagram,Ntinda,positive
2738,Customer service was unresponsive. Had to wait days for a reply.,2024-05-02,Instagram,Muyenga,negative
2739,Professional service and high-quality products. Very happy! Great support!,2023-12-22,Instagram,Kololo,positive
2740,Average quality. Price is reasonable for what you get.,2024-04-04,Twitter,Ntinda,neutral
2741,Top quality products at reasonable prices. Highly recommended! Located in Makindye.,2024-05-10,Facebook,Nakawa,positive
2742,Best customer service I've experienced. Products are top quality.,2024-08-12,Google,Muyenga,positive
2743,Not satisfied at all. Product quality is below standard.,2023-02-22,Twitter,Central,negative
2744,Best shop in Kawempe. Quality products and great service.,2024-11-15,Facebook,Makindye,positive
2745,Standard delivery. Product works but quality is average.,2024-06-12,Facebook,Muyenga,neutral
2746,Love shopping here! Always get great deals and quality products. Located in Kawempe. Great shipping!,2023-03-28,Instagram,Makindye,positive
2747,Average product quality. Meets basic needs adequately. Located in Kololo. Great staff!,2024-06-14,Instagram,Nakawa,neutral
2748,Love the product quality. Fast shipping and good packaging.,2023-01-17,Facebook,Kawempe,positive
2749,Customer service needs major improvement. Very unprofessional. Located in Nakawa. Great support!,2023-04-19,Twitter,Bukoto,negative
2750,Delivery was on time. Product is as expected. Located in Makindye.,2024-10-03,Twitter,Central,neutral
2751,Poor quality products. Broke within days of purchase.,2024-01-08,Facebook,Nakawa,negative
2752,Excellent communication and fast delivery. Highly satisfied!,2024-07-26,Facebook,Makindye,positive
2753,Amazing experience! The product arrived on time and in perfect condition. Great order!,2023-03-13,Instagram,Muyenga,positive
2754,Product is functional. Does what it's supposed to do.,2023-10-06,Facebook,Bukoto,neutral
2755,Love shopping here! Always get great deals and quality products. Great business!,2023-12-30,WhatsApp,Ntinda,positive
2756,Professional service and high-quality products. Very happy! Great experience!,2024-03-29,Instagram,Kawempe,positive
2757,Excellent products and service. Best in the area! Located in Kampala.,2024-12-16,Twitter,Lubaga,positive
2758,Product is okay. Nothing special but serves its purpose. Located in Muyenga. Great support!,2024-08-28,Website,Kawempe,neutral
2759,Poor packaging led to damaged goods. Very unprofessional. Located in Muyenga.,2023-02-12,Google,Ntinda,negative
2760,Decent quality products. Price is fair for what you receive.,2023-01-01,Google,Kawempe,neutral
2761,Great prices and even better service. Highly recommend this business! Located in Kampala.,2023-10-03,Website,Makindye,positive
2762,Very disappointed with the quality. Not worth the money paid.,2023-09-15,Facebook,Muyenga,negative
2763,Product is okay. Nothing special but serves its purpose.,2024-07-28,Website,Nakawa,neutral
2764,Product broke after just one week of use. Very poor quality.,2023-04-12,Facebook,Ntinda,negative
2765,Top-notch quality. Exceeded my expectations completely.,2023-07-30,Website,Bukoto,positive
2766,Great experience from start to finish. Will shop here again!,2023-05-10,Instagram,Bukoto,positive
2767,Excellent communication and fast delivery. Highly satisfied!,2023-02-25,Google,Central,positive
2768,Best shopping experience! Quality products and great prices.,2024-01-09,WhatsApp,Muyenga,positive
2769,Average experience. Product is functional and adequate.,2024-10-23,Instagram,Kololo,neutral
2770,Top quality products at reasonable prices. Highly recommended!,2023-12-21,WhatsApp,Kawempe,positive
2771,Outstanding service! The staff was very helpful and friendly. Located in Lubaga.,2024-08-24,Instagram,Ntinda,positive
2772,Excellent products and service. Best in the area!,2023-08-27,Website,Muyenga,positive
2773,Amazing service! The team went above and beyond to help me.,2023-10-11,Instagram,Muyenga,positive
2774,Great products at affordable prices. Very satisfied with my purchase. Located in Kampala.,2023-06-19,Instagram,Lubaga,positive
2775,Quick response time and excellent customer care. Highly recommended!,2023-04-17,Website,Lubaga,positive
2776,Best shop in Kawempe. Quality products and great service.,2024-06-17,Google,Kololo,positive
2777,Best shopping experience! Quality products and great prices.,2024-01-03,Twitter,Kololo,positive
2778,Excellent customer support. They responded quickly to my questions.,2023-08-13,Facebook,Central,positive
2779,Average quality. Nothing special but nothing wrong either.,2024-12-29,WhatsApp,Ntinda,neutral
2780,Best customer service I've experienced. Products are top quality. Great customer!,2023-12-31,Instagram,Kawempe,positive
2781,Love shopping here! Always get great deals and quality products.,2023-04-30,Facebook,Kawempe,positive
2782,"Fast shipping, good quality, and excellent customer support.",2023-06-13,Instagram,Ntinda,positive
2783,Professional service and high-quality products. Very happy!,2023-09-09,Facebook,Kololo,positive
2784,Terrible experience. Would not recommend this business to anyone. Great order!,2024-07-01,Facebook,Central,negative
2785,Professional service and high-quality products. Very happy!,2023-09-09,Website,Kololo,positive
2786,Great business with excellent customer care. Very professional. Located in Kampala.,2024-11-27,Website,Bukoto,positive
2787,Standard delivery. Product works but quality is average.,2023-04-20,Twitter,Bukoto,neutral
2788,Excellent customer support. They responded quickly to my questions. Located in Central.,2024-01-02,WhatsApp,Bukoto,positive
2789,Great business with excellent customer care. Very professional.,2023-06-30,Facebook,Kawempe,positive
2790,Best customer service I've experienced. Products are top quality. Located in Central.,2024-11-18,Google,Kampala,positive
2791,Standard service. No complaints but nothing exceptional either. Located in Nakawa. Great experience!,2024-12-21,Website,Nakawa,neutral
2792,Love the product quality. Fast shipping and good packaging. Great quality!,2024-08-01,Twitter,Central,positive
2793,Best customer service I've experienced. Products are top quality. Great restaurant!,2024-03-20,WhatsApp,Muyenga,positive
2794,Product broke after just one week of use. Very poor quality. Located in Nakawa. Great service!,2024-07-03,Twitter,Kololo,negative
2795,Standard service. No complaints but nothing exceptional either.,2023-02-11,WhatsApp,Nakawa,neutral
2796,Amazing experience! The product arrived on time and in perfect condition.,2024-07-30,Google,Central,positive
2797,Product works fine. Decent quality for the price paid. Great price!,2023-01-06,Website,Ntinda,neutral
2798,Best prices in Nakawa area. Great value for money.,2024-08-20,Facebook,Bukoto,positive
2799,Top-notch quality. Exceeded my expectations completely. Located in Makindye.,2024-03-21,Twitter,Central,positive
2800,Professional service and high-quality products. Very happy!,2023-10-15,Website,Central,positive
2801,Terrible customer service. No help when I had an issue. Great restaurant!,2024-02-15,Twitter,Makindye,negative
2802,Best shop in Kawempe. Quality products and great service. Located in Nakawa.,2023-01-02,Google,Lubaga,positive
2803,Decent quality products. Price is fair for what you receive.,2023-08-04,Instagram,Ntinda,neutral
2804,Overpriced compared to other shops in Nakawa area.,2024-02-17,Facebook,Bukoto,negative
2805,Standard quality. Nothing to complain about or praise.,2024-11-13,Google,Ntinda,neutral
2806,Best prices in Nakawa area. Great value for money. Located in Lubaga.,2023-08-08,Twitter,Ntinda,positive
2807,Great experience from start to finish. Will shop here again!,2024-08-31,Instagram,Ntinda,positive
2808,Great experience overall. Will be a returning customer. Great purchase!,2023-06-07,WhatsApp,Kawempe,positive
2809,Great business with excellent customer care. Very professional.,2023-08-13,Website,Lubaga,positive
2810,Great business with excellent customer care. Very professional.,2024-09-17,Google,Lubaga,positive
2811,Great prices and even better service. Highly recommend this business! Located in Ntinda.,2024-03-31,WhatsApp,Muyenga,positive
2812,Best prices in Nakawa area. Great value for money.,2024-01-25,Twitter,Kawempe,positive
2813,Excellent customer support. They responded quickly to my questions. Located in Nakawa.,2023-08-24,WhatsApp,Makindye,positive
2814,Average quality. Nothing special but nothing wrong either.,2024-05-16,Instagram,Kampala,neutral
2815,Great experience from start to finish. Will shop here again! Located in Nakawa.,2024-07-05,WhatsApp,Makindye,positive
2816,Delivery issues. Package arrived late and damaged.,2023-11-03,Google,Central,negative
2817,Average quality. Nothing special but nothing wrong either.,2023-12-04,Website,Kampala,neutral
2818,Excellent business! Highly professional and reliable.,2023-01-13,Twitter,Nakawa,positive
2819,Average experience. Product is functional and adequate.,2023-05-23,Google,Central,neutral
2820,Outstanding service! The staff was very helpful and friendly.,2023-12-07,WhatsApp,Kampala,positive
2821,Poor quality products. Broke within days of purchase. Located in Lubaga. Great experience!,2023-06-08,Twitter,Central,negative
2822,Overpriced products with low quality. Not good value for money. Located in Central.,2023-09-30,Website,Ntinda,negative
2823,Best prices in Nakawa area. Great value for money.,2024-09-04,WhatsApp,Central,positive
2824,Excellent products and service. Best in the area!,2023-07-21,Instagram,Makindye,positive
2825,"Outstanding business! Professional, reliable, and customer-focused.",2024-01-31,WhatsApp,Kawempe,positive
2826,Great business with excellent customer care. Very professional.,2024-08-29,Facebook,Nakawa,positive
2827,Amazing service! The team went above and beyond to help me.,2023-11-07,WhatsApp,Muyenga,positive
2828,Excellent communication and fast delivery. Highly satisfied! Located in Kololo.,2023-10-27,Instagram,Lubaga,positive
2829,Top quality products at reasonable prices. Highly recommended!,2023-07-05,Google,Bukoto,positive
2830,Terrible experience. Would not recommend this business to anyone. Located in Ntinda.,2024-09-23,Facebook,Muyenga,negative
2831,Product is fine. Meets expectations without exceeding them. Located in Bukoto. Great support!,2023-03-30,WhatsApp,Bukoto,neutral
2832,Excellent business! Highly professional and reliable. Located in Kawempe.,2023-02-24,Google,Lubaga,positive
2833,Quick response time and excellent customer care. Highly recommended!,2023-01-30,Facebook,Muyenga,positive
2834,Love shopping here! Always get great deals and quality products. Located in Kampala.,2024-12-30,Twitter,Makindye,positive
2835,Outstanding quality and service. Will definitely shop here again.,2023-02-28,Website,Makindye,positive
2836,"Fast shipping, good quality, and excellent customer support.",2024-01-05,Google,Kampala,positive
2837,Professional service and high-quality products. Very happy!,2023-09-10,Twitter,Bukoto,positive
2838,Great service! Very fast delivery in Kampala. Highly recommend! Great support!,2024-12-22,WhatsApp,Bukoto,positive
2839,Delivery was on time. Product is as expected.,2023-02-11,Twitter,Bukoto,neutral
2840,Excellent products and service. Best in the area! Located in Central. Great product!,2024-07-20,Website,Central,positive
2841,"Outstanding business! Professional, reliable, and customer-focused.",2024-12-18,Instagram,Nakawa,positive
2842,Great business with excellent customer care. Very professional. Located in Lubaga.,2024-07-22,WhatsApp,Muyenga,positive
2843,Amazing experience! The product arrived on time and in perfect condition. Great business!,2024-12-25,Instagram,Bukoto,positive
2844,Great products at affordable prices. Very satisfied with my purchase. Great purchase!,2024-09-08,Google,Ntinda,positive
2845,Not satisfied with the product. Quality is below expectations. Located in Kololo.,2024-08-16,Instagram,Nakawa,negative
2846,Average quality. Nothing special but nothing wrong either. Great service!,2023-11-01,Facebook,Ntinda,neutral
2847,Okay delivery time. Product is functional and usable. Located in Lubaga.,2023-04-17,Website,Nakawa,neutral
2848,Not satisfied with the product. Quality is below expectations. Located in Nakawa.,2024-04-24,Facebook,Kampala,negative
2849,Average product quality. Meets basic needs adequately.,2023-08-01,WhatsApp,Kololo,neutral
2850,Product is okay. Nothing special but serves its purpose. Located in Ntinda.,2023-03-12,Website,Makindye,neutral
2851,Excellent business! Highly professional and reliable.,2023-07-15,Google,Nakawa,positive
2852,Very satisfied with my purchase. Great quality and fast delivery.,2023-05-16,Website,Central,positive
2853,Standard delivery. Product works but quality is average. Great product!,2024-10-13,WhatsApp,Kololo,neutral
2854,Not satisfied at all. Product quality is below standard.,2024-03-12,Google,Ntinda,negative
2855,Excellent business! Highly professional and reliable.,2024-04-27,WhatsApp,Central,positive
2856,"Outstanding business! Professional, reliable, and customer-focused.",2023-04-27,Facebook,Kampala,positive
2857,Excellent communication and fast delivery. Highly satisfied! Located in Lubaga. Great customer!,2024-01-14,Facebook,Makindye,positive
2858,Great value for money. Fast delivery and excellent packaging. Located in Kololo.,2024-06-01,Twitter,Kampala,positive
2859,Product didn't work as expected. Waste of money.,2024-10-20,Google,Bukoto,negative
2860,"Fast shipping, good quality, and excellent customer support.",2024-11-24,Instagram,Kampala,positive
2861,Average quality products. Functional but not impressive.,2023-04-30,WhatsApp,Bukoto,neutral
2862,Product was damaged on arrival. Poor packaging quality.,2024-07-21,WhatsApp,Central,negative
2863,Delivery issues. Package arrived late and damaged. Located in Makindye.,2023-12-07,Google,Ntinda,negative
2864,Best customer service I've experienced. Products are top quality.,2024-05-14,Twitter,Muyenga,positive
2865,Great products at affordable prices. Very satisfied with my purchase. Great shop!,2023-03-23,WhatsApp,Lubaga,positive
2866,Excellent business! Highly professional and reliable.,2024-01-11,Twitter,Bukoto,positive
2867,Great value for money. Fast delivery and excellent packaging.,2023-10-17,Website,Bukoto,positive
2868,Top quality products at reasonable prices. Highly recommended! Located in Kololo.,2023-11-07,Facebook,Kololo,positive
2869,Slow response time and poor communication from the business. Located in Kawempe. Great business!,2024-09-15,WhatsApp,Makindye,negative
2870,Professional service and high-quality products. Very happy!,2024-12-16,Twitter,Muyenga,positive
2871,Fair experience overall. Nothing exceptional but acceptable. Located in Nakawa.,2024-07-08,Twitter,Bukoto,neutral
2872,Outstanding quality and service. Will definitely shop here again. Located in Lubaga.,2023-06-12,Instagram,Central,positive
2873,Would not buy from here again. Poor experience overall.,2024-04-05,Facebook,Ntinda,negative
2874,Great business with excellent customer care. Very professional.,2023-04-13,Instagram,Bukoto,positive
2875,Professional service and high-quality products. Very happy!,2023-06-12,Website,Central,positive
2876,Top-notch quality. Exceeded my expectations completely. Located in Makindye.,2024-03-22,Facebook,Kololo,positive
2877,Great products at affordable prices. Very satisfied with my purchase.,2024-04-06,Website,Nakawa,positive
2878,Okay delivery time. Product is functional and usable.,2023-10-22,Twitter,Bukoto,neutral
2879,Very disappointed with the quality. Not worth the money paid. Located in Makindye.,2024-01-28,Twitter,Kampala,negative
2880,Average product quality. Meets basic expectations.,2024-05-15,Website,Makindye,neutral
2881,Great service! Very fast delivery in Kampala. Highly recommend!,2023-03-24,Twitter,Central,positive
2882,Best prices in Nakawa area. Great value for money. Located in Central.,2023-01-24,Twitter,Kololo,positive
2883,Fair value for money. Quality is acceptable but not premium.,2024-02-18,Website,Nakawa,neutral
2884,Product works fine. Decent quality for the price paid. Located in Bukoto.,2024-12-17,Twitter,Ntinda,neutral
2885,Okay service. Nothing special but gets the job done. Located in Bukoto.,2023-06-13,Google,Kololo,neutral
2886,Professional service and high-quality products. Very happy! Located in Ntinda.,2024-08-03,Website,Nakawa,positive
2887,Terrible experience. Would not recommend this business to anyone. Located in Makindye.,2024-02-20,Facebook,Kawempe,negative
2888,Great prices and even better service. Highly recommend this business! Located in Kawempe.,2024-12-18,WhatsApp,Kampala,positive
2889,Great business with excellent customer care. Very professional. Located in Bukoto.,2024-06-01,Instagram,Nakawa,positive
2890,Great business with excellent customer care. Very professional.,2024-07-23,WhatsApp,Bukoto,positive
2891,Okay product quality. Price matches the value received.,2023-03-26,Facebook,Kololo,neutral
2892,Poor quality products. Broke within days of purchase.,2023-12-24,Google,Kampala,negative
2893,Delivery was delayed multiple times. Very frustrating experience.,2024-03-29,Twitter,Nakawa,negative
2894,Top-notch quality. Exceeded my expectations completely.,2023-08-25,Google,Central,positive
2895,Love the product quality. Fast shipping and good packaging.,2024-09-19,WhatsApp,Lubaga,positive
2896,Love the product quality. Fast shipping and good packaging.,2024-01-03,WhatsApp,Kololo,positive
2897,Love shopping here! Always get great deals and quality products.,2023-03-03,Instagram,Nakawa,positive
2898,Great experience overall. Will be a returning customer.,2024-11-20,Instagram,Kawempe,positive
2899,Very satisfied with my purchase. Great quality and fast delivery.,2023-04-01,Google,Kampala,positive
2900,Love the product quality. Fast shipping and good packaging. Great experience!,2023-11-14,WhatsApp,Nakawa,positive
2901,Product works as expected. No major issues or complaints. Great shipping!,2024-06-10,Facebook,Ntinda,neutral
2902,Amazing service! The team went above and beyond to help me.,2023-02-01,Instagram,Central,positive
2903,Great prices and even better service. Highly recommend this business!,2024-09-26,Facebook,Central,positive
2904,Amazing experience! The product arrived on time and in perfect condition. Great quality!,2023-04-23,Google,Kololo,positive
2905,Top-notch quality. Exceeded my expectations completely.,2024-04-20,Google,Kololo,positive
2906,Product was defective but they refused to refund. Bad business. Located in Lubaga.,2023-01-19,Facebook,Kampala,negative
2907,Overpriced products with low quality. Not good value for money.,2024-02-13,WhatsApp,Kawempe,negative
2908,Amazing quality products. Will definitely buy again from this shop. Great customer!,2024-01-07,Google,Kampala,positive
2909,"Outstanding business! Professional, reliable, and customer-focused.",2024-04-26,WhatsApp,Makindye,positive
2910,Disappointing experience. Would not recommend this shop. Located in Bukoto.,2023-11-27,Instagram,Muyenga,negative
2911,Poor value for money. Better options available elsewhere. Located in Nakawa.,2024-06-21,WhatsApp,Nakawa,negative
2912,Amazing quality products. Will definitely buy again from this shop. Great experience!,2023-02-25,WhatsApp,Muyenga,positive
2913,Delivery issues. Package arrived late and damaged.,2024-03-15,Twitter,Kampala,negative
2914,Best shop in Kawempe. Quality products and great service. Located in Lubaga.,2023-09-21,Twitter,Muyenga,positive
2915,Top quality products at reasonable prices. Highly recommended! Located in Nakawa.,2023-08-23,Website,Nakawa,positive
2916,Standard business service. Acceptable but not exceptional. Located in Lubaga.,2023-05-18,Instagram,Ntinda,neutral
2917,"Fast delivery, good quality, fair prices. What more could you ask for? Located in Ntinda.",2024-05-09,Instagram,Central,positive
2918,Excellent business! Highly professional and reliable. Great shipping!,2024-05-02,Website,Nakawa,positive
2919,Fair experience overall. Nothing exceptional but acceptable. Great service!,2023-07-11,WhatsApp,Muyenga,neutral
2920,Amazing quality products. Will definitely buy again from this shop.,2023-02-18,WhatsApp,Lubaga,positive
2921,Product was defective but they refused to refund. Bad business. Located in Kololo. Great quality!,2024-05-04,Website,Bukoto,negative
2922,Top-notch quality. Exceeded my expectations completely.,2023-09-11,Facebook,Kawempe,positive
2923,Love the product quality. Fast shipping and good packaging. Great delivery!,2024-07-16,Website,Kawempe,positive
2924,Product works as expected. No major issues or complaints. Located in Kawempe.,2023-02-11,Facebook,Ntinda,neutral
2925,"Fast delivery, good quality, fair prices. What more could you ask for?",2023-10-10,Instagram,Makindye,positive
2926,Love shopping here! Always get great deals and quality products.,2024-07-25,Twitter,Kampala,positive
2927,"Outstanding business! Professional, reliable, and customer-focused. Great service!",2023-08-23,Instagram,Ntinda,positive
2928,Amazing service! The team went above and beyond to help me.,2024-05-30,Google,Ntinda,positive
2929,Love the product quality. Fast shipping and good packaging. Located in Makindye.,2023-10-23,WhatsApp,Nakawa,positive
2930,Best shop in Kawempe. Quality products and great service.,2024-04-04,Google,Ntinda,positive
2931,Great service! Very fast delivery in Kampala. Highly recommend!,2023-03-17,Twitter,Lubaga,positive
2932,Standard experience. Product does what it needs to do.,2023-03-17,Website,Bukoto,neutral
2933,Terrible experience. Would not recommend this business to anyone. Great shipping!,2023-07-29,Facebook,Lubaga,negative
2934,Best prices in Nakawa area. Great value for money.,2023-01-29,Instagram,Muyenga,positive
2935,Great experience from start to finish. Will shop here again!,2024-04-29,Google,Central,positive
2936,Product arrived damaged and customer service refused to help. Great packaging!,2024-04-19,WhatsApp,Nakawa,negative
2937,"Fast shipping, good quality, and excellent customer support.",2023-09-27,Google,Lubaga,positive
2938,Outstanding service! The staff was very helpful and friendly. Located in Kampala.,2024-07-14,Facebook,Kawempe,positive
2939,Top-notch quality. Exceeded my expectations completely. Located in Kololo.,2023-08-19,WhatsApp,Ntinda,positive
2940,Top-notch quality. Exceeded my expectations completely. Located in Ntinda. Great shop!,2023-04-28,Facebook,Kampala,positive
2941,Product was different from what was advertised. Misleading description.,2023-12-15,Instagram,Bukoto,negative
2942,Great business with excellent customer care. Very professional.,2024-03-07,Facebook,Kawempe,positive
2943,Top quality products at reasonable prices. Highly recommended! Great store!,2024-09-12,Facebook,Makindye,positive
2944,Delivery was delayed multiple times. Very frustrating experience.,2024-03-18,WhatsApp,Kawempe,negative
2945,Great experience from start to finish. Will shop here again! Located in Kololo.,2024-07-28,Twitter,Kawempe,positive
2946,Standard business service. Acceptable but not exceptional.,2023-12-28,Google,Lubaga,neutral
2947,Product quality was disappointing. Not as described on the website.,2024-03-09,Facebook,Central,negative
2948,Great service! Very fast delivery in Kampala. Highly recommend!,2023-02-07,Instagram,Nakawa,positive
2949,Decent value. Product works as expected. Located in Ntinda.,2024-09-07,Google,Kawempe,neutral
2950,Excellent business! Highly professional and reliable.,2024-11-22,Google,Central,positive
2951,Outstanding quality and service. Will definitely shop here again.,2023-08-08,Instagram,Nakawa,positive
2952,Overpriced compared to other shops in Nakawa area.,2024-08-10,Instagram,Makindye,negative
2953,Okay product quality. Price matches the value received.,2023-11-10,Facebook,Kawempe,neutral
2954,Okay delivery time. Product is functional and usable. Located in Bukoto. Great price!,2023-03-24,WhatsApp,Kololo,neutral
2955,Average quality. Nothing special but nothing wrong either. Located in Bukoto. Great purchase!,2023-08-25,Website,Kawempe,neutral
2956,Fair experience overall. Nothing exceptional but acceptable. Located in Nakawa.,2023-07-30,Facebook,Kawempe,neutral
2957,Outstanding quality and service. Will definitely shop here again.,2024-01-17,WhatsApp,Muyenga,positive
2958,Excellent business! Highly professional and reliable.,2023-11-10,Twitter,Kampala,positive
2959,Excellent business! Highly professional and reliable.,2024-04-12,Twitter,Lubaga,positive
2960,Decent quality products. Price is fair for what you receive.,2024-04-03,Google,Kampala,neutral
2961,Okay delivery time. Product is functional and usable.,2023-08-24,Google,Central,neutral
2962,Standard business service. Acceptable but not exceptional.,2024-05-23,WhatsApp,Central,neutral
2963,Great business with excellent customer care. Very professional. Great support!,2023-06-05,Twitter,Makindye,positive
2964,Amazing service! The team went above and beyond to help me.,2023-05-04,WhatsApp,Kololo,positive
2965,Best prices in Nakawa area. Great value for money. Located in Muyenga.,2024-10-18,Google,Makindye,positive
2966,Great experience from start to finish. Will shop here again!,2023-04-24,WhatsApp,Nakawa,positive
2967,Product works as expected. No major issues or complaints. Located in Kawempe. Great business!,2024-04-15,Facebook,Nakawa,neutral
2968,"Outstanding business! Professional, reliable, and customer-focused.",2024-10-24,Website,Ntinda,positive
2969,Best shopping experience! Quality products and great prices. Great experience!,2023-01-30,Twitter,Kololo,positive
2970,Excellent products and service. Best in the area!,2024-11-24,Facebook,Kawempe,positive
2971,Delivery was delayed multiple times. Very frustrating experience.,2023-02-14,Website,Central,negative
2972,Customer service is terrible. No one responds to complaints. Great store!,2023-10-12,Google,Kampala,negative
2973,Fair value for money. Quality is acceptable but not premium. Located in Makindye.,2024-03-15,WhatsApp,Nakawa,neutral
2974,Great products at affordable prices. Very satisfied with my purchase.,2023-04-30,Website,Muyenga,positive
2975,Very disappointed with the quality. Not worth the money paid. Located in Ntinda. Great customer!,2024-09-05,Google,Kawempe,negative
2976,Best shop in Kawempe. Quality products and great service.,2023-07-02,Instagram,Kawempe,positive
2977,Great prices and even better service. Highly recommend this business! Located in Makindye.,2024-02-05,Google,Kampala,positive
2978,Top quality products at reasonable prices. Highly recommended!,2023-02-28,Website,Kampala,positive
2979,Okay experience. Nothing to complain about but not impressed either. Located in Makindye. Great shipping!,2024-02-14,Twitter,Makindye,neutral
2980,Amazing service! The team went above and beyond to help me. Located in Ntinda.,2023-02-08,Instagram,Kawempe,positive
2981,"Outstanding business! Professional, reliable, and customer-focused. Great experience!",2023-11-12,Twitter,Kololo,positive
2982,Great prices and even better service. Highly recommend this business!,2023-01-21,Instagram,Muyenga,positive
2983,Great service! Very fast delivery in Kampala. Highly recommend! Great shop!,2024-09-21,Website,Kawempe,positive
2984,Product arrived damaged and customer service refused to help. Great experience!,2024-12-16,Google,Nakawa,negative
2985,Standard business service. Acceptable but not exceptional.,2024-02-15,Facebook,Bukoto,neutral
2986,Poor packaging led to damaged goods. Very unprofessional.,2024-11-19,Instagram,Kampala,negative
2987,Delivery was on time. Product is as expected.,2024-04-12,Facebook,Central,neutral
2988,Outstanding quality and service. Will definitely shop here again. Located in Ntinda.,2023-08-19,Twitter,Bukoto,positive
2989,Best customer service I've experienced. Products are top quality. Located in Central.,2023-06-04,Twitter,Kololo,positive
2990,Best prices in Nakawa area. Great value for money.,2023-12-03,Instagram,Makindye,positive
2991,Excellent communication and fast delivery. Highly satisfied!,2023-07-04,Google,Kampala,positive
2992,Great prices and even better service. Highly recommend this business! Located in Makindye.,2023-06-21,Facebook,Kololo,positive
2993,Okay service. Product meets basic requirements.,2024-10-02,Instagram,Kampala,neutral
2994,Okay service. Product meets basic requirements. Great customer!,2024-12-25,WhatsApp,Kololo,neutral
2995,Excellent products and service. Best in the area!,2023-09-10,WhatsApp,Bukoto,positive
2996,"Outstanding business! Professional, reliable, and customer-focused. Located in Ntinda.",2024-04-24,Instagram,Makindye,positive
2997,Great experience overall. Will be a returning customer. Located in Ntinda. Great store!,2024-01-15,Instagram,Nakawa,positive
2998,Fair experience overall. Nothing exceptional but acceptable. Located in Muyenga.,2023-03-31,Twitter,Lubaga,neutral
2999,Standard delivery. Product works but quality is average.,2023-01-13,WhatsApp,Kawempe,neutral
3000,Great business with excellent customer care. Very professional. Great order!,2024-05-11,Google,Kampala,positive
3001,Standard delivery. Product works but quality is average.,2024-03-27,Facebook,Bukoto,neutral
3002,Excellent communication and fast delivery. Highly satisfied!,2024-07-26,Instagram,Bukoto,positive
3003,Outstanding quality and service. Will definitely shop here again. Located in Central.,2023-11-03,Twitter,Kawempe,positive
3004,Very disappointed with the quality. Not worth the money paid. Located in Bukoto. Great business!,2024-12-06,Google,Makindye,negative
3005,Great experience overall. Will be a returning customer. Located in Kololo. Great packaging!,2024-03-05,Twitter,Ntinda,positive
3006,Delivery was delayed multiple times. Very frustrating experience.,2023-02-01,Google,Ntinda,negative
3007,Best customer service I've experienced. Products are top quality.,2023-12-23,Facebook,Makindye,positive
3008,Great service! Very fast delivery in Kampala. Highly recommend!,2023-10-13,Instagram,Kololo,positive
3009,Excellent customer support. They responded quickly to my questions. Located in Lubaga.,2023-04-01,Instagram,Makindye,positive
3010,"Fast delivery, good quality, fair prices. What more could you ask for? Located in Bukoto.",2023-07-16,Website,Central,positive
3011,Product broke after just one week of use. Very poor quality.,2023-06-06,WhatsApp,Makindye,negative
3012,"Fast shipping, good quality, and excellent customer support. Located in Bukoto.",2024-09-14,Twitter,Muyenga,positive
3013,Outstanding service! The staff was very helpful and friendly.,2024-04-25,Website,Muyenga,positive
3014,Excellent customer support. They responded quickly to my questions.,2023-03-06,Facebook,Kololo,positive
3015,Excellent customer support. They responded quickly to my questions.,2023-04-29,Twitter,Central,positive
3016,Outstanding service! The staff was very helpful and friendly.,2023-10-21,Facebook,Central,positive
3017,Outstanding service! The staff was very helpful and friendly. Located in Muyenga. Great customer!,2024-11-01,Facebook,Central,positive
3018,Best customer service I've experienced. Products are top quality.,2024-07-29,WhatsApp,Makindye,positive
3019,Product works fine. Decent quality for the price paid.,2023-11-09,Twitter,Kawempe,neutral
3020,Average quality. Nothing special but nothing wrong either.,2024-05-12,WhatsApp,Kampala,neutral
3021,Best prices in Nakawa area. Great value for money.,2023-10-06,Instagram,Nakawa,positive
3022,Best customer service I've experienced. Products are top quality. Located in Ntinda. Great order!,2024-06-19,WhatsApp,Ntinda,positive
3023,Great experience from start to finish. Will shop here again! Located in Kampala.,2024-06-21,Instagram,Kololo,positive
3024,Love shopping here! Always get great deals and quality products.,2023-06-15,Google,Kawempe,positive
3025,Excellent communication and fast delivery. Highly satisfied!,2023-11-29,Website,Bukoto,positive
3026,Fair experience overall. Nothing exceptional but acceptable. Located in Makindye.,2023-04-13,WhatsApp,Muyenga,neutral
3027,Great value for money. Fast delivery and excellent packaging. Located in Kawempe. Great service!,2024-08-27,Google,Kololo,positive
3028,Excellent communication and fast delivery. Highly satisfied! Great price!,2024-01-29,Facebook,Muyenga,positive
3029,Excellent customer support. They responded quickly to my questions.,2023-09-11,Instagram,Kololo,positive
3030,Great experience overall. Will be a returning customer.,2023-09-25,WhatsApp,Nakawa,positive
3031,Great value for money. Fast delivery and excellent packaging. Located in Nakawa.,2024-11-04,Facebook,Muyenga,positive
3032,Amazing experience! The product arrived on time and in perfect condition. Great business!,2024-05-31,Google,Kampala,positive
3033,Great experience overall. Will be a returning customer.,2024-07-25,Website,Lubaga,positive
3034,Standard delivery. Product works but quality is average.,2024-02-21,WhatsApp,Central,neutral
3035,Worst shopping experience. Poor quality and terrible service. Great shop!,2023-05-24,Twitter,Bukoto,negative
3036,Love shopping here! Always get great deals and quality products. Located in Kololo.,2024-07-31,Twitter,Nakawa,positive
3037,Great experience from start to finish. Will shop here again!,2024-06-22,Twitter,Bukoto,positive
3038,Very satisfied with my purchase. Great quality and fast delivery.,2023-12-14,WhatsApp,Kawempe,positive
3039,Product is functional. Does what it's supposed to do. Great restaurant!,2023-01-26,Google,Lubaga,neutral
3040,Very slow delivery and unresponsive customer support.,2024-01-18,Website,Kampala,negative
3041,Overpriced products with low quality. Not good value for money.,2023-08-02,Google,Kawempe,negative
3042,Average product quality. Meets basic needs adequately.,2024-03-24,Google,Kololo,neutral
3043,Very satisfied with my purchase. Great quality and fast delivery. Great price!,2023-06-28,Website,Bukoto,positive
3044,Outstanding service! The staff was very helpful and friendly. Located in Lubaga.,2024-04-13,Facebook,Lubaga,positive
3045,Average product quality. Meets basic expectations.,2024-04-03,Website,Ntinda,neutral
3046,Terrible experience. Would not recommend this business to anyone. Great support!,2023-07-09,Google,Muyenga,negative
3047,"Fast delivery, good quality, fair prices. What more could you ask for?",2023-10-31,Twitter,Lubaga,positive
3048,Excellent business! Highly professional and reliable.,2023-03-29,Twitter,Makindye,positive
3049,Poor customer service. Staff was rude and unhelpful.,2023-03-28,Facebook,Makindye,negative
3050,Terrible customer service. No help when I had an issue. Located in Kawempe.,2023-10-11,Facebook,Muyenga,negative
3051,Great products at affordable prices. Very satisfied with my purchase. Great business!,2024-08-14,Twitter,Bukoto,positive
3052,Excellent communication and fast delivery. Highly satisfied! Located in Bukoto.,2024-11-30,Website,Central,positive
3053,Very slow delivery and unresponsive customer support. Located in Kololo.,2024-03-31,Website,Kawempe,negative
3054,Best customer service I've experienced. Products are top quality. Located in Kampala.,2024-10-15,Twitter,Kawempe,positive
3055,Average product quality. Meets basic expectations.,2024-10-31,Instagram,Kawempe,neutral
3056,Outstanding service! The staff was very helpful and friendly. Located in Kampala. Great product!,2023-04-10,Twitter,Muyenga,positive
3057,Love shopping here! Always get great deals and quality products. Located in Kawempe.,2024-04-30,WhatsApp,Kampala,positive
3058,Top-notch quality. Exceeded my expectations completely. Great experience!,2024-11-04,Instagram,Nakawa,positive
3059,Great experience from start to finish. Will shop here again! Located in Nakawa.,2023-08-10,WhatsApp,Ntinda,positive
3060,Product broke after just one week of use. Very poor quality. Great restaurant!,2023-01-12,Facebook,Lubaga,negative
3061,Great service! Very fast delivery in Kampala. Highly recommend! Located in Kampala.,2024-07-23,Instagram,Makindye,positive
3062,Top-notch quality. Exceeded my expectations completely. Great purchase!,2024-10-02,Twitter,Ntinda,positive
3063,Decent quality products. Price is fair for what you receive.,2024-03-20,Instagram,Muyenga,neutral
3064,Fair value for money. Quality is acceptable but not premium. Great purchase!,2023-04-07,Google,Central,neutral
3065,Decent quality products. Price is fair for what you receive.,2024-09-13,Instagram,Ntinda,neutral
3066,"Fast shipping, good quality, and excellent customer support.",2023-10-19,Google,Makindye,positive
3067,Product works as expected. No major issues or complaints. Located in Ntinda.,2023-11-25,WhatsApp,Central,neutral
3068,"Outstanding business! Professional, reliable, and customer-focused.",2023-06-04,Instagram,Bukoto,positive
3069,Best shop in Kawempe. Quality products and great service. Located in Central. Great purchase!,2023-08-21,Twitter,Muyenga,positive
3070,Decent value. Product works as expected. Great shop!,2023-06-22,Website,Ntinda,neutral
3071,Delivery issues. Package arrived late and damaged. Great service!,2024-05-31,WhatsApp,Lubaga,negative
3072,Professional service and high-quality products. Very happy!,2024-07-26,Facebook,Bukoto,positive
3073,Fair experience overall. Nothing exceptional but acceptable. Located in Kampala.,2023-11-12,Instagram,Kawempe,neutral
3074,Professional service and high-quality products. Very happy!,2023-05-13,Instagram,Ntinda,positive
3075,Top-notch quality. Exceeded my expectations completely. Great shipping!,2023-11-10,Facebook,Lubaga,positive
3076,Average quality. Price is reasonable for what you get. Located in Nakawa. Great price!,2024-12-02,Website,Nakawa,neutral
3077,Okay service. Product meets basic requirements. Located in Kawempe.,2024-04-20,Website,Muyenga,neutral
3078,Average quality. Price is reasonable for what you get.,2024-05-25,Website,Makindye,neutral
3079,Quick response time and excellent customer care. Highly recommended! Great customer!,2023-04-16,Instagram,Muyenga,positive
3080,Outstanding quality and service. Will definitely shop here again.,2024-09-27,Instagram,Kampala,positive
3081,Standard business service. Acceptable but not exceptional.,2024-09-12,Facebook,Lubaga,neutral
3082,Best shop in Kawempe. Quality products and great service.,2023-09-01,Website,Kampala,positive
3083,Okay service. Product meets basic requirements.,2024-12-29,Facebook,Bukoto,neutral
3084,Customer service was unresponsive. Had to wait days for a reply. Located in Central.,2023-05-16,Google,Central,negative
3085,Top quality products at reasonable prices. Highly recommended!,2023-02-19,WhatsApp,Ntinda,positive
3086,Outstanding quality and service. Will definitely shop here again. Located in Nakawa.,2023-10-28,Website,Muyenga,positive
3087,Not satisfied at all. Product quality is below standard.,2024-08-26,WhatsApp,Central,negative
3088,Product didn't work as expected. Waste of money. Located in Kawempe.,2024-06-27,Instagram,Kampala,negative
3089,Excellent communication and fast delivery. Highly satisfied!,2024-11-14,Website,Ntinda,positive
3090,Customer service is terrible. No one responds to complaints.,2024-02-24,Twitter,Kampala,negative
3091,"Outstanding business! Professional, reliable, and customer-focused. Located in Muyenga.",2023-06-10,WhatsApp,Central,positive
3092,Professional service and high-quality products. Very happy!,2023-06-06,Facebook,Kololo,positive
3093,Terrible experience. Would not recommend this business to anyone. Great support!,2023-02-04,Google,Kampala,negative
3094,Great products at affordable prices. Very satisfied with my purchase.,2023-08-31,Facebook,Central,positive
3095,Product quality was disappointing. Not as described on the website. Located in Lubaga. Great support!,2023-03-10,WhatsApp,Muyenga,negative
3096,Excellent customer support. They responded quickly to my questions. Located in Nakawa.,2023-07-27,WhatsApp,Muyenga,positive
3097,Best shop in Kawempe. Quality products and great service. Located in Ntinda.,2024-11-06,Google,Makindye,positive
3098,Great experience overall. Will be a returning customer. Located in Lubaga.,2023-02-15,Instagram,Kololo,positive
3099,Product didn't work as expected. Waste of money. Located in Bukoto. Great shipping!,2024-12-04,Website,Nakawa,negative
3100,Fair experience overall. Nothing exceptional but acceptable.,2023-02-09,WhatsApp,Kawempe,neutral
3101,Excellent communication and fast delivery. Highly satisfied! Great delivery!,2024-02-20,WhatsApp,Ntinda,positive
3102,Amazing service! The team went above and beyond to help me.,2024-12-15,WhatsApp,Kawempe,positive
3103,Okay delivery time. Product is functional and usable.,2024-05-11,Facebook,Kawempe,neutral
3104,Product is fine. Meets expectations without exceeding them. Great product!,2023-03-25,Twitter,Makindye,neutral
3105,Slow response time and poor communication from the business.,2023-11-10,WhatsApp,Kololo,negative
3106,Standard service. No complaints but nothing exceptional either.,2024-12-09,Twitter,Bukoto,neutral
3107,Great value for money. Fast delivery and excellent packaging.,2023-07-08,Twitter,Nakawa,positive
3108,Excellent products and service. Best in the area!,2023-03-19,Twitter,Lubaga,positive
3109,Excellent communication and fast delivery. Highly satisfied! Great support!,2023-04-21,Google,Makindye,positive
3110,Amazing service! The team went above and beyond to help me. Great product!,2023-06-08,Twitter,Ntinda,positive
3111,Product works as expected. No major issues or complaints. Great restaurant!,2023-04-04,WhatsApp,Kawempe,neutral
3112,"Fast delivery, good quality, fair prices. What more could you ask for?",2023-05-01,Facebook,Muyenga,positive
3113,Average experience overall. Product is fine but not great.,2023-02-25,Facebook,Central,neutral
3114,Great products at affordable prices. Very satisfied with my purchase. Great quality!,2024-08-18,WhatsApp,Muyenga,positive
3115,Great business with excellent customer care. Very professional.,2023-10-06,Twitter,Lubaga,positive
3116,Poor customer service. Staff was rude and unhelpful.,2023-10-20,Twitter,Nakawa,negative
3117,Outstanding service! The staff was very helpful and friendly.,2023-01-21,Website,Nakawa,positive
3118,Standard quality. Nothing to complain about or praise. Located in Kawempe.,2023-01-21,Website,Bukoto,neutral
3119,Excellent communication and fast delivery. Highly satisfied!,2023-05-09,Instagram,Nakawa,positive
3120,Love shopping here! Always get great deals and quality products.,2024-11-07,Facebook,Makindye,positive
3121,Product is okay. Nothing special but serves its purpose.,2024-03-01,Google,Bukoto,neutral
3122,Product didn't work as expected. Waste of money.,2024-03-16,Google,Kololo,negative
3123,Customer service needs major improvement. Very unprofessional.,2023-07-10,Instagram,Nakawa,negative
3124,Slow response time and poor communication from the business.,2024-04-08,Facebook,Kololo,negative
3125,Amazing quality products. Will definitely buy again from this shop.,2024-05-28,Instagram,Kololo,positive
3126,Top quality products at reasonable prices. Highly recommended!,2024-10-03,Instagram,Makindye,positive
3127,Great products at affordable prices. Very satisfied with my purchase.,2023-05-02,Website,Nakawa,positive
3128,Slow response time and poor communication from the business.,2023-06-26,Facebook,Bukoto,negative
3129,"Outstanding business! Professional, reliable, and customer-focused.",2023-09-24,Facebook,Kawempe,positive
3130,Love shopping here! Always get great deals and quality products. Located in Central.,2024-07-18,Website,Central,positive
3131,Not satisfied with the product. Quality is below expectations.,2024-01-26,WhatsApp,Makindye,negative
3132,Excellent products and service. Best in the area!,2024-06-09,Instagram,Central,positive
3133,Amazing quality products. Will definitely buy again from this shop.,2024-02-01,Facebook,Muyenga,positive
3134,Average quality products. Functional but not impressive. Located in Makindye. Great customer!,2024-06-22,Facebook,Ntinda,neutral
3135,Quick response time and excellent customer care. Highly recommended!,2023-07-17,Facebook,Muyenga,positive
3136,Would not buy from here again. Poor experience overall.,2023-02-13,Facebook,Bukoto,negative
3137,Great business with excellent customer care. Very professional. Located in Kololo.,2023-03-24,Twitter,Kololo,positive
3138,Fair value for money. Quality is acceptable but not premium. Located in Kawempe.,2024-03-13,Facebook,Central,neutral
3139,Product was different from what was advertised. Misleading description. Great restaurant!,2023-02-20,Facebook,Central,negative
3140,Fair prices and acceptable quality. Nothing outstanding. Located in Kololo. Great packaging!,2024-10-05,Website,Ntinda,neutral
3141,Amazing quality products. Will definitely buy again from this shop. Great packaging!,2023-11-13,Twitter,Muyenga,positive
3142,Great prices and even better service. Highly recommend this business! Great staff!,2023-10-11,Twitter,Nakawa,positive
3143,Average quality. Price is reasonable for what you get.,2024-11-22,Facebook,Lubaga,neutral
3144,Excellent communication and fast delivery. Highly satisfied!,2023-12-09,Facebook,Kawempe,positive
3145,Best shopping experience! Quality products and great prices.,2023-05-07,WhatsApp,Lubaga,positive
3146,Decent service. No major complaints but nothing impressive.,2023-12-31,Twitter,Makindye,neutral
3147,Okay delivery time. Product is functional and usable.,2024-09-23,Website,Muyenga,neutral
3148,Product quality was disappointing. Not as described on the website. Great restaurant!,2023-01-31,Facebook,Bukoto,negative
3149,Very satisfied with my purchase. Great quality and fast delivery.,2024-02-08,WhatsApp,Bukoto,positive
3150,Love the product quality. Fast shipping and good packaging. Located in Lubaga.,2023-02-03,Instagram,Muyenga,positive
3151,Best customer service I've experienced. Products are top quality. Located in Kampala.,2023-03-09,Google,Nakawa,positive
3152,"Outstanding business! Professional, reliable, and customer-focused. Located in Kampala.",2023-01-27,Facebook,Muyenga,positive
3153,Delivery was delayed multiple times. Very frustrating experience. Located in Kampala. Great staff!,2023-06-01,Twitter,Makindye,negative
3154,Outstanding service! The staff was very helpful and friendly. Great shipping!,2024-06-30,WhatsApp,Makindye,positive
3155,Very satisfied with my purchase. Great quality and fast delivery. Located in Nakawa.,2024-09-03,Website,Kawempe,positive
3156,Okay service. Nothing special but gets the job done. Located in Bukoto.,2023-06-17,WhatsApp,Kololo,neutral
3157,Delivery was delayed multiple times. Very frustrating experience.,2023-05-04,Instagram,Bukoto,negative
3158,Best shopping experience! Quality products and great prices. Located in Kawempe.,2024-10-14,Website,Bukoto,positive
3159,"Outstanding business! Professional, reliable, and customer-focused.",2023-06-04,WhatsApp,Nakawa,positive
3160,Great business with excellent customer care. Very professional.,2023-10-31,Google,Muyenga,positive
3161,Great business with excellent customer care. Very professional. Great quality!,2023-01-23,WhatsApp,Makindye,positive
3162,Delivery issues. Package arrived late and damaged.,2024-07-16,WhatsApp,Makindye,negative
3163,"Outstanding business! Professional, reliable, and customer-focused.",2024-12-30,Website,Central,positive
3164,Amazing service! The team went above and beyond to help me. Great shipping!,2024-05-31,WhatsApp,Nakawa,positive
3165,Amazing experience! The product arrived on time and in perfect condition.,2023-10-08,Twitter,Lubaga,positive
3166,Very disappointed with the quality. Not worth the money paid. Located in Lubaga.,2024-02-06,Google,Kampala,negative
3167,Very satisfied with my purchase. Great quality and fast delivery.,2024-09-24,Twitter,Muyenga,positive
3168,Very disappointed with the quality. Not worth the money paid.,2024-03-03,Website,Lubaga,negative
3169,Professional service and high-quality products. Very happy!,2023-12-02,Google,Nakawa,positive
3170,Excellent business! Highly professional and reliable.,2023-05-29,Website,Kampala,positive
3171,Great service! Very fast delivery in Kampala. Highly recommend!,2024-12-10,Google,Kololo,positive
3172,Slow response time and poor communication from the business. Located in Kololo.,2023-11-19,Google,Lubaga,negative
3173,Excellent communication and fast delivery. Highly satisfied!,2023-08-29,WhatsApp,Nakawa,positive
3174,Average quality. Price is reasonable for what you get.,2023-11-22,Instagram,Ntinda,neutral
3175,Customer service was unresponsive. Had to wait days for a reply.,2023-02-28,Instagram,Lubaga,negative
3176,Overpriced products with low quality. Not good value for money. Located in Kololo.,2024-09-02,Website,Bukoto,negative
3177,Okay service. Product meets basic requirements. Located in Makindye.,2023-08-29,Twitter,Central,neutral
3178,Excellent customer support. They responded quickly to my questions.,2024-10-23,Twitter,Muyenga,positive
3179,Top-notch quality. Exceeded my expectations completely. Great order!,2023-09-13,Instagram,Bukoto,positive
3180,Amazing quality products. Will definitely buy again from this shop. Great business!,2023-10-05,Website,Lubaga,positive
3181,Standard quality. Nothing to complain about or praise.,2023-12-23,Twitter,Bukoto,neutral
3182,Amazing service! The team went above and beyond to help me.,2024-08-01,Facebook,Lubaga,positive
3183,Decent value. Product works as expected.,2024-09-29,WhatsApp,Ntinda,neutral
3184,Standard delivery time. Product quality is average. Located in Ntinda. Great packaging!,2024-03-24,Instagram,Bukoto,neutral
3185,Great value for money. Fast delivery and excellent packaging.,2023-09-15,WhatsApp,Kololo,positive
3186,Amazing service! The team went above and beyond to help me.,2024-06-26,Google,Muyenga,positive
3187,Excellent communication and fast delivery. Highly satisfied!,2023-09-04,Twitter,Nakawa,positive
3188,Top quality products at reasonable prices. Highly recommended!,2024-06-07,WhatsApp,Muyenga,positive
3189,Excellent products and service. Best in the area! Located in Lubaga. Great shop!,2024-04-08,Facebook,Central,positive
3190,Best prices in Nakawa area. Great value for money. Located in Nakawa.,2023-09-09,Instagram,Ntinda,positive
3191,Outstanding service! The staff was very helpful and friendly.,2023-05-04,Website,Bukoto,positive
3192,Amazing service! The team went above and beyond to help me. Great staff!,2023-02-17,Twitter,Lubaga,positive
3193,Great experience overall. Will be a returning customer. Great customer!,2023-05-21,Google,Central,positive
3194,Amazing service! The team went above and beyond to help me.,2023-10-29,Facebook,Nakawa,positive
3195,"Fast shipping, good quality, and excellent customer support. Located in Makindye.",2023-08-07,Website,Nakawa,positive
3196,Overpriced products with low quality. Not good value for money. Located in Nakawa. Great business!,2023-10-13,Twitter,Makindye,negative
3197,Excellent customer support. They responded quickly to my questions.,2024-01-25,Facebook,Muyenga,positive
3198,Great service! Very fast delivery in Kampala. Highly recommend! Located in Ntinda. Great price!,2023-10-25,Website,Kololo,positive
3199,Decent service. No major complaints but nothing impressive.,2023-03-12,WhatsApp,Nakawa,neutral
3200,Average experience. Product is functional and adequate.,2024-10-18,Instagram,Ntinda,neutral
3201,"Outstanding business! Professional, reliable, and customer-focused. Located in Kololo.",2023-10-06,Website,Central,positive
3202,Great experience from start to finish. Will shop here again! Great experience!,2023-12-23,Website,Ntinda,positive
3203,Excellent communication and fast delivery. Highly satisfied! Great restaurant!,2023-04-01,Google,Nakawa,positive
3204,Product was different from what was advertised. Misleading description. Located in Kololo.,2023-02-07,Instagram,Makindye,negative
3205,Best prices in Nakawa area. Great value for money. Located in Nakawa. Great order!,2023-02-12,Website,Lubaga,positive
3206,Love the product quality. Fast shipping and good packaging.,2023-12-26,Facebook,Kololo,positive
3207,Amazing service! The team went above and beyond to help me.,2024-10-22,Twitter,Kawempe,positive
3208,Best shopping experience! Quality products and great prices. Great business!,2023-04-28,Website,Lubaga,positive
3209,Standard experience. Product does what it needs to do.,2023-02-19,Google,Central,neutral
3210,Not satisfied with the product. Quality is below expectations.,2024-03-02,Twitter,Muyenga,negative
3211,Great experience overall. Will be a returning customer. Located in Bukoto.,2024-08-22,WhatsApp,Central,positive
3212,Okay delivery time. Product is functional and usable.,2023-07-28,Facebook,Central,neutral
3213,Amazing quality products. Will definitely buy again from this shop.,2023-03-13,Facebook,Bukoto,positive
3214,Excellent products and service. Best in the area! Great staff!,2024-03-10,WhatsApp,Makindye,positive
3215,Top quality products at reasonable prices. Highly recommended!,2023-05-11,Website,Ntinda,positive
3216,Standard delivery time. Product quality is average. Located in Lubaga.,2024-04-21,Website,Kololo,neutral
3217,Product is okay. Nothing special but serves its purpose.,2023-12-28,Google,Nakawa,neutral
3218,Best shop in Kawempe. Quality products and great service. Great experience!,2023-02-11,WhatsApp,Kampala,positive
3219,Customer service was unresponsive. Had to wait days for a reply.,2023-09-26,Instagram,Muyenga,negative
3220,Outstanding service! The staff was very helpful and friendly.,2023-09-01,Google,Makindye,positive
3221,Amazing experience! The product arrived on time and in perfect condition. Great store!,2024-10-13,Twitter,Kampala,positive
3222,Great service! Very fast delivery in Kampala. Highly recommend!,2023-08-04,Website,Nakawa,positive
3223,Product works as expected. No major issues or complaints.,2023-02-19,Twitter,Makindye,neutral
3224,Fair value for money. Quality is acceptable but not premium.,2023-01-02,Instagram,Muyenga,neutral
3225,"Fast delivery, good quality, fair prices. What more could you ask for? Located in Kawempe.",2024-11-02,Google,Lubaga,positive
3226,Top-notch quality. Exceeded my expectations completely.,2024-10-18,Google,Makindye,positive
3227,"Outstanding business! Professional, reliable, and customer-focused. Located in Muyenga. Great store!",2023-03-28,Twitter,Nakawa,positive
3228,Excellent communication and fast delivery. Highly satisfied! Great service!,2024-02-05,Google,Kololo,positive
3229,Product was damaged on arrival. Poor packaging quality. Located in Muyenga. Great order!,2024-01-08,Facebook,Kampala,negative
3230,Okay experience. Nothing to complain about but not impressed either.,2023-02-27,Website,Muyenga,neutral
3231,Excellent communication and fast delivery. Highly satisfied!,2023-09-04,WhatsApp,Bukoto,positive
3232,Fair experience overall. Nothing exceptional but acceptable. Located in Makindye. Great staff!,2024-04-07,Google,Lubaga,neutral
3233,Professional service and high-quality products. Very happy!,2024-03-16,WhatsApp,Kawempe,positive
3234,Amazing quality products. Will definitely buy again from this shop.,2023-03-31,Instagram,Ntinda,positive
3235,Product arrived damaged and customer service refused to help.,2024-04-29,WhatsApp,Makindye,negative
3236,Standard business service. Acceptable but not exceptional.,2023-02-02,Twitter,Kololo,neutral
3237,Fair prices and acceptable quality. Nothing outstanding.,2023-05-21,Facebook,Nakawa,neutral
3238,Great value for money. Fast delivery and excellent packaging.,2024-06-06,Website,Kawempe,positive
3239,Product works as expected. No major issues or complaints.,2024-05-31,Google,Nakawa,neutral
3240,Amazing experience! The product arrived on time and in perfect condition. Located in Makindye.,2023-02-21,Google,Muyenga,positive
3241,Amazing experience! The product arrived on time and in perfect condition. Located in Lubaga. Great order!,2023-05-21,Twitter,Lubaga,positive
3242,Great value for money. Fast delivery and excellent packaging. Great service!,2024-12-07,Facebook,Ntinda,positive
3243,Customer service is terrible. No one responds to complaints.,2024-03-27,Instagram,Makindye,negative
3244,Customer service needs major improvement. Very unprofessional. Great service!,2024-03-20,Facebook,Kawempe,negative
3245,Product is fine. Meets expectations without exceeding them. Located in Bukoto.,2024-11-28,Twitter,Lubaga,neutral
3246,Customer service is terrible. No one responds to complaints. Located in Nakawa. Great shipping!,2023-03-26,Facebook,Kampala,negative
3247,Fair prices and acceptable quality. Nothing outstanding. Located in Lubaga.,2023-01-22,WhatsApp,Muyenga,neutral
3248,Product works as expected. No major issues or complaints.,2024-05-25,WhatsApp,Central,neutral
3249,Best shop in Kawempe. Quality products and great service. Located in Kololo. Great experience!,2023-12-30,Twitter,Makindye,positive
3250,Great prices and even better service. Highly recommend this business!,2023-12-17,Instagram,Makindye,positive
3251,Amazing experience! The product arrived on time and in perfect condition.,2023-02-24,Facebook,Central,positive
3252,Outstanding quality and service. Will definitely shop here again. Great service!,2024-08-21,Twitter,Kawempe,positive
3253,Great service! Very fast delivery in Kampala. Highly recommend! Located in Muyenga.,2024-10-03,Twitter,Lubaga,positive
3254,Customer service was unresponsive. Had to wait days for a reply.,2023-03-29,WhatsApp,Lubaga,negative
3255,Excellent products and service. Best in the area!,2024-10-02,Twitter,Kampala,positive
3256,Amazing service! The team went above and beyond to help me. Located in Nakawa.,2023-01-15,Facebook,Central,positive
3257,Top-notch quality. Exceeded my expectations completely.,2024-06-01,Google,Ntinda,positive
3258,Great service! Very fast delivery in Kampala. Highly recommend!,2024-11-15,Facebook,Central,positive
3259,Product works fine. Decent quality for the price paid.,2024-05-25,WhatsApp,Makindye,neutral
3260,Overpriced products with low quality. Not good value for money.,2023-04-05,Instagram,Kololo,negative
3261,Great prices and even better service. Highly recommend this business!,2024-12-20,Instagram,Makindye,positive
3262,Best prices in Nakawa area. Great value for money. Great shipping!,2023-04-14,Instagram,Bukoto,positive
3263,Professional service and high-quality products. Very happy!,2023-12-16,Twitter,Nakawa,positive
3264,Best shopping experience! Quality products and great prices.,2024-10-16,Facebook,Nakawa,positive
3265,Not satisfied at all. Product quality is below standard. Great delivery!,2024-05-18,Facebook,Ntinda,negative
3266,Not satisfied with the product. Quality is below expectations. Great delivery!,2023-11-30,Twitter,Lubaga,negative
3267,Professional service and high-quality products. Very happy!,2024-02-05,Website,Kampala,positive
3268,Very slow delivery and unresponsive customer support. Located in Central.,2023-01-19,Twitter,Nakawa,negative
3269,Poor value for money. Better options available elsewhere.,2024-07-27,Facebook,Kololo,negative
3270,Okay service. Nothing special but gets the job done.,2023-01-06,Instagram,Kololo,neutral
3271,Great products at affordable prices. Very satisfied with my purchase. Located in Bukoto.,2023-04-04,Website,Lubaga,positive
3272,Average quality products. Functional but not impressive.,2024-11-08,WhatsApp,Kampala,neutral
3273,Average experience overall. Product is fine but not great.,2024-07-05,Website,Kawempe,neutral
3274,Decent value. Product works as expected. Great store!,2024-09-28,Twitter,Kawempe,neutral
3275,Love shopping here! Always get great deals and quality products.,2023-03-24,WhatsApp,Bukoto,positive
3276,Amazing service! The team went above and beyond to help me.,2023-06-24,Website,Kololo,positive
3277,Love shopping here! Always get great deals and quality products.,2023-05-18,WhatsApp,Nakawa,positive
3278,Great value for money. Fast delivery and excellent packaging.,2024-09-02,Twitter,Lubaga,positive
3279,Outstanding service! The staff was very helpful and friendly.,2023-11-12,Google,Muyenga,positive
3280,Excellent communication and fast delivery. Highly satisfied!,2024-03-16,Instagram,Kampala,positive
3281,Average experience. Product is functional and adequate. Great store!,2024-10-22,Google,Kololo,neutral
3282,Great service! Very fast delivery in Kampala. Highly recommend!,2024-02-11,Facebook,Kololo,positive
3283,Delivery was delayed multiple times. Very frustrating experience.,2024-04-01,Website,Kololo,negative
3284,Best customer service I've experienced. Products are top quality. Located in Kololo. Great order!,2024-01-22,Instagram,Nakawa,positive
3285,Excellent communication and fast delivery. Highly satisfied!,2024-06-07,WhatsApp,Ntinda,positive
3286,Excellent customer support. They responded quickly to my questions.,2023-02-06,Google,Kololo,positive
3287,Top-notch quality. Exceeded my expectations completely.,2023-03-14,Website,Bukoto,positive
3288,Poor value for money. Better options available elsewhere.,2023-12-24,Facebook,Kololo,negative
3289,Professional service and high-quality products. Very happy! Great staff!,2023-05-22,Twitter,Kampala,positive
3290,Product was defective but they refused to refund. Bad business. Located in Makindye. Great store!,2024-12-02,Twitter,Lubaga,negative
3291,Great business with excellent customer care. Very professional.,2023-03-12,Google,Ntinda,positive
3292,Standard delivery time. Product quality is average. Located in Kololo.,2023-07-25,Instagram,Nakawa,neutral
3293,Standard delivery. Product works but quality is average.,2024-06-06,Instagram,Ntinda,neutral
3294,Professional service and high-quality products. Very happy!,2023-05-01,Twitter,Central,positive
3295,"Fast delivery, good quality, fair prices. What more could you ask for? Located in Bukoto.",2024-01-05,WhatsApp,Muyenga,positive
3296,Okay product quality. Price matches the value received.,2023-08-05,Instagram,Bukoto,neutral
3297,Best shop in Kawempe. Quality products and great service. Located in Ntinda.,2023-08-23,Instagram,Nakawa,positive
3298,Fair prices and acceptable quality. Nothing outstanding.,2023-04-09,Google,Central,neutral
3299,Terrible experience. Would not recommend this business to anyone.,2024-03-30,Facebook,Makindye,negative
3300,Standard service. No complaints but nothing exceptional either. Great business!,2024-07-01,Facebook,Ntinda,neutral
3301,Okay service. Product meets basic requirements.,2023-09-02,WhatsApp,Makindye,neutral
3302,Standard business service. Acceptable but not exceptional. Located in Ntinda.,2023-03-28,Website,Central,neutral
3303,Great business with excellent customer care. Very professional.,2024-05-20,Instagram,Kololo,positive
3304,Product broke after just one week of use. Very poor quality.,2024-07-29,Twitter,Makindye,negative
3305,Customer service needs major improvement. Very unprofessional. Located in Kololo. Great shipping!,2023-08-30,Google,Kampala,negative
3306,Average quality products. Functional but not impressive. Located in Lubaga. Great business!,2024-05-25,Instagram,Bukoto,neutral
3307,Great service! Very fast delivery in Kampala. Highly recommend!,2024-11-21,Website,Nakawa,positive
3308,Decent value. Product works as expected. Great quality!,2024-11-12,WhatsApp,Lubaga,neutral
3309,Delivery was on time. Product is as expected. Located in Lubaga.,2023-03-24,Facebook,Makindye,neutral
3310,Best prices in Nakawa area. Great value for money.,2023-11-07,WhatsApp,Kololo,positive
3311,Great prices and even better service. Highly recommend this business! Great price!,2023-08-02,Twitter,Nakawa,positive
3312,Average product quality. Meets basic expectations.,2024-07-04,Google,Kawempe,neutral
3313,Standard business service. Acceptable but not exceptional.,2024-08-05,WhatsApp,Bukoto,neutral
3314,Excellent business! Highly professional and reliable.,2024-12-01,WhatsApp,Kawempe,positive
3315,Outstanding service! The staff was very helpful and friendly. Great order!,2024-11-10,Instagram,Bukoto,positive
3316,Great experience overall. Will be a returning customer.,2023-01-23,Website,Kololo,positive
3317,Product broke after just one week of use. Very poor quality.,2024-09-21,WhatsApp,Kawempe,negative
3318,Great experience overall. Will be a returning customer. Great product!,2023-06-16,Facebook,Muyenga,positive
3319,Top quality products at reasonable prices. Highly recommended!,2023-08-20,Twitter,Kololo,positive
3320,Customer service was unresponsive. Had to wait days for a reply.,2023-09-04,Facebook,Ntinda,negative
3321,Great experience overall. Will be a returning customer.,2024-04-24,Facebook,Central,positive
3322,Great prices and even better service. Highly recommend this business! Great quality!,2024-02-08,Website,Bukoto,positive
3323,Product is fine. Meets expectations without exceeding them.,2024-03-20,Twitter,Lubaga,neutral
3324,Excellent customer support. They responded quickly to my questions.,2024-03-15,Facebook,Kololo,positive
3325,Amazing service! The team went above and beyond to help me.,2024-12-11,Google,Nakawa,positive
3326,Excellent communication and fast delivery. Highly satisfied! Great experience!,2023-02-26,Website,Central,positive
3327,Decent quality products. Price is fair for what you receive.,2023-06-07,WhatsApp,Muyenga,neutral
3328,Product works as expected. No major issues or complaints.,2024-06-29,WhatsApp,Kampala,neutral
3329,Love the product quality. Fast shipping and good packaging.,2024-02-17,WhatsApp,Makindye,positive
3330,Okay service. Product meets basic requirements.,2024-03-18,Instagram,Central,neutral
3331,Okay product quality. Price matches the value received.,2023-06-14,Instagram,Ntinda,neutral
3332,Excellent customer support. They responded quickly to my questions.,2024-03-26,Twitter,Makindye,positive
3333,Great experience from start to finish. Will shop here again!,2023-07-22,Google,Makindye,positive
3334,Quick response time and excellent customer care. Highly recommended!,2023-03-26,Instagram,Ntinda,positive
3335,Standard quality. Nothing to complain about or praise.,2024-08-12,Facebook,Kawempe,neutral
3336,Outstanding quality and service. Will definitely shop here again.,2023-03-19,WhatsApp,Kampala,positive
3337,Best shop in Kawempe. Quality products and great service.,2023-10-16,WhatsApp,Ntinda,positive
3338,Decent quality products. Price is fair for what you receive. Located in Lubaga.,2024-10-09,Facebook,Lubaga,neutral
3339,Best prices in Nakawa area. Great value for money.,2024-12-23,Twitter,Kampala,positive
3340,Excellent business! Highly professional and reliable. Great experience!,2023-10-30,Google,Nakawa,positive
3341,Product is functional. Does what it's supposed to do. Great restaurant!,2024-01-28,Website,Kololo,neutral
3342,Top quality products at reasonable prices. Highly recommended!,2023-11-13,Instagram,Nakawa,positive
3343,"Outstanding business! Professional, reliable, and customer-focused.",2023-08-08,Facebook,Makindye,positive
3344,Excellent communication and fast delivery. Highly satisfied!,2024-02-18,Instagram,Bukoto,positive
3345,Best shopping experience! Quality products and great prices.,2023-01-24,Facebook,Bukoto,positive
3346,Amazing service! The team went above and beyond to help me. Great customer!,2024-09-05,Instagram,Central,positive
3347,Great service! Very fast delivery in Kampala. Highly recommend!,2023-04-27,Instagram,Nakawa,positive
3348,Standard experience. Product does what it needs to do.,2023-07-08,Google,Ntinda,neutral
3349,Average product quality. Meets basic expectations. Located in Bukoto.,2023-03-16,WhatsApp,Makindye,neutral
3350,Product is okay. Nothing special but serves its purpose. Great experience!,2023-02-22,Instagram,Muyenga,neutral
3351,Great experience overall. Will be a returning customer. Located in Nakawa.,2024-06-26,Instagram,Central,positive
3352,Okay product quality. Price matches the value received. Located in Central.,2024-04-17,WhatsApp,Nakawa,neutral
3353,Standard delivery. Product works but quality is average. Located in Central. Great staff!,2023-07-09,Instagram,Lubaga,neutral
3354,Excellent customer support. They responded quickly to my questions. Located in Lubaga. Great business!,2024-02-18,Twitter,Kololo,positive
3355,Product was different from what was advertised. Misleading description.,2024-06-19,Facebook,Central,negative
3356,Great products at affordable prices. Very satisfied with my purchase. Great service!,2024-03-21,Twitter,Lubaga,positive
3357,Product is functional. Does what it's supposed to do. Located in Nakawa.,2023-10-28,Twitter,Muyenga,neutral
3358,Great service! Very fast delivery in Kampala. Highly recommend!,2023-10-18,Google,Nakawa,positive
3359,Product broke after just one week of use. Very poor quality.,2024-05-06,Facebook,Bukoto,negative
3360,Product works as expected. No major issues or complaints.,2023-06-10,WhatsApp,Muyenga,neutral
3361,Outstanding service! The staff was very helpful and friendly.,2023-04-13,Google,Bukoto,positive
3362,Best customer service I've experienced. Products are top quality. Located in Lubaga.,2024-07-26,Twitter,Kampala,positive
3363,Great service! Very fast delivery in Kampala. Highly recommend! Located in Kololo.,2024-05-24,Google,Muyenga,positive
3364,Okay product quality. Price matches the value received.,2024-11-01,WhatsApp,Kawempe,neutral
3365,"Fast delivery, good quality, fair prices. What more could you ask for?",2024-06-27,Google,Lubaga,positive
3366,Outstanding service! The staff was very helpful and friendly. Great business!,2024-08-12,Facebook,Nakawa,positive
3367,Great service! Very fast delivery in Kampala. Highly recommend!,2023-08-19,Instagram,Kawempe,positive
3368,Excellent business! Highly professional and reliable.,2024-10-04,Twitter,Central,positive
3369,Excellent communication and fast delivery. Highly satisfied!,2023-12-06,Website,Kawempe,positive
3370,Great business with excellent customer care. Very professional. Located in Muyenga.,2023-07-29,Instagram,Kampala,positive
3371,Quick response time and excellent customer care. Highly recommended! Great staff!,2023-03-09,Website,Ntinda,positive
3372,Standard experience. Product does what it needs to do. Great experience!,2023-12-28,WhatsApp,Kawempe,neutral
3373,Best shopping experience! Quality products and great prices.,2024-03-13,Instagram,Kololo,positive
3374,Great experience overall. Will be a returning customer. Great shop!,2024-04-22,Instagram,Muyenga,positive
3375,Okay delivery time. Product is functional and usable. Located in Lubaga.,2024-06-03,Instagram,Kawempe,neutral
3376,Best prices in Nakawa area. Great value for money. Located in Bukoto.,2024-12-11,Twitter,Bukoto,positive
3377,Standard delivery time. Product quality is average. Located in Muyenga.,2024-07-18,WhatsApp,Bukoto,neutral
3378,Product was different from what was advertised. Misleading description.,2023-09-14,Website,Nakawa,negative
3379,Amazing experience! The product arrived on time and in perfect condition. Located in Lubaga.,2023-05-22,Facebook,Kampala,positive
3380,Great products at affordable prices. Very satisfied with my purchase. Located in Central.,2024-02-16,Website,Nakawa,positive
3381,Amazing service! The team went above and beyond to help me. Located in Kampala.,2024-11-13,Website,Kawempe,positive
3382,Product is fine. Meets expectations without exceeding them.,2023-12-27,Twitter,Bukoto,neutral
3383,Excellent communication and fast delivery. Highly satisfied! Located in Ntinda. Great shop!,2023-01-11,Instagram,Bukoto,positive
3384,Product is fine. Meets expectations without exceeding them. Located in Nakawa.,2024-11-21,Instagram,Muyenga,neutral
3385,Top-notch quality. Exceeded my expectations completely.,2023-05-25,Google,Ntinda,positive
3386,Quick response time and excellent customer care. Highly recommended!,2023-12-18,Google,Ntinda,positive
3387,Best customer service I've experienced. Products are top quality.,2024-04-05,WhatsApp,Central,positive
3388,"Fast delivery, good quality, fair prices. What more could you ask for? Located in Makindye. Great delivery!",2023-12-17,Twitter,Kawempe,positive
3389,Best shopping experience! Quality products and great prices. Great delivery!,2023-11-20,Google,Makindye,positive
3390,Delivery was on time. Product is as expected. Located in Ntinda. Great support!,2024-03-13,Facebook,Muyenga,neutral
3391,Delivery was on time. Product is as expected.,2023-02-07,Twitter,Ntinda,neutral
3392,Quick response time and excellent customer care. Highly recommended!,2024-01-07,Website,Ntinda,positive
3393,"Outstanding business! Professional, reliable, and customer-focused. Located in Ntinda.",2024-07-15,Google,Ntinda,positive
3394,Best shop in Kawempe. Quality products and great service. Located in Muyenga.,2024-12-02,Website,Ntinda,positive
3395,Customer service needs major improvement. Very unprofessional.,2024-11-06,Twitter,Ntinda,negative
3396,Amazing quality products. Will definitely buy again from this shop. Great quality!,2023-04-07,Facebook,Ntinda,positive
3397,Product was different from what was advertised. Misleading description. Located in Ntinda. Great store!,2023-03-29,Facebook,Makindye,negative
3398,"Fast shipping, good quality, and excellent customer support.",2024-10-07,Instagram,Muyenga,positive
3399,Professional service and high-quality products. Very happy!,2023-11-14,Website,Kololo,positive
3400,Great business with excellent customer care. Very professional.,2024-08-08,Instagram,Bukoto,positive
3401,Overpriced compared to other shops in Nakawa area. Located in Kololo. Great price!,2024-09-26,Twitter,Ntinda,negative
3402,Not satisfied with the product. Quality is below expectations. Located in Kampala.,2023-05-17,Website,Ntinda,negative
3403,Great prices and even better service. Highly recommend this business!,2024-06-10,WhatsApp,Lubaga,positive
3404,Very satisfied with my purchase. Great quality and fast delivery.,2024-03-09,WhatsApp,Kampala,positive
3405,Amazing experience! The product arrived on time and in perfect condition. Located in Kawempe.,2023-11-10,Website,Muyenga,positive
3406,Professional service and high-quality products. Very happy!,2023-02-25,WhatsApp,Makindye,positive
3407,Delivery was delayed multiple times. Very frustrating experience. Located in Bukoto.,2024-05-21,WhatsApp,Kawempe,negative
3408,Average experience. Product is functional and adequate. Located in Ntinda.,2023-11-21,Instagram,Ntinda,neutral
3409,Product works as expected. No major issues or complaints.,2024-08-04,Instagram,Lubaga,neutral
3410,Great products at affordable prices. Very satisfied with my purchase.,2023-01-16,Facebook,Bukoto,positive
3411,Not satisfied at all. Product quality is below standard. Located in Muyenga.,2024-01-15,Instagram,Bukoto,negative
3412,"Fast shipping, good quality, and excellent customer support.",2024-11-14,Facebook,Muyenga,positive
3413,Great experience from start to finish. Will shop here again! Great support!,2023-08-18,Instagram,Nakawa,positive
3414,Great value for money. Fast delivery and excellent packaging. Located in Kampala. Great staff!,2024-09-10,Instagram,Muyenga,positive
3415,Delivery was delayed multiple times. Very frustrating experience. Located in Nakawa.,2024-04-30,Facebook,Makindye,negative
3416,Product is functional. Does what it's supposed to do. Located in Bukoto.,2023-07-05,Website,Kololo,neutral
3417,Great service! Very fast delivery in Kampala. Highly recommend! Located in Lubaga.,2024-02-28,Google,Makindye,positive
3418,Poor quality products. Broke within days of purchase. Located in Kawempe.,2023-08-08,Instagram,Central,negative
3419,Overpriced compared to other shops in Nakawa area. Located in Kololo. Great quality!,2024-07-20,WhatsApp,Nakawa,negative
3420,Great prices and even better service. Highly recommend this business!,2024-04-09,Twitter,Nakawa,positive
3421,Slow response time and poor communication from the business.,2023-02-10,Google,Nakawa,negative
3422,Great value for money. Fast delivery and excellent packaging.,2024-02-21,Instagram,Kampala,positive
3423,Decent quality products. Price is fair for what you receive. Great shop!,2023-12-12,Facebook,Nakawa,neutral
3424,"Fast shipping, good quality, and excellent customer support. Great delivery!",2024-04-08,Facebook,Kampala,positive
3425,Product is functional. Does what it's supposed to do.,2024-10-25,Website,Nakawa,neutral
3426,Best customer service I've experienced. Products are top quality.,2024-05-03,Facebook,Muyenga,positive
3427,Great products at affordable prices. Very satisfied with my purchase. Located in Muyenga.,2024-12-15,Website,Central,positive
3428,Excellent business! Highly professional and reliable.,2024-02-11,Google,Ntinda,positive
3429,Quick response time and excellent customer care. Highly recommended!,2024-10-02,Instagram,Kololo,positive
3430,Average product quality. Meets basic needs adequately.,2023-11-21,Instagram,Muyenga,neutral
3431,Great value for money. Fast delivery and excellent packaging. Located in Muyenga.,2023-07-10,Google,Kawempe,positive
3432,Okay experience. Nothing to complain about but not impressed either.,2023-08-26,Website,Central,neutral
3433,Top-notch quality. Exceeded my expectations completely. Great price!,2024-04-12,Twitter,Kampala,positive
3434,Okay service. Product meets basic requirements.,2024-12-12,Twitter,Bukoto,neutral
3435,"Fast shipping, good quality, and excellent customer support.",2024-02-20,Website,Ntinda,positive
3436,Great products at affordable prices. Very satisfied with my purchase.,2023-11-05,Twitter,Lubaga,positive
3437,Top quality products at reasonable prices. Highly recommended! Great product!,2024-05-07,WhatsApp,Central,positive
3438,Standard delivery. Product works but quality is average.,2023-10-16,Google,Lubaga,neutral
3439,Great business with excellent customer care. Very professional.,2023-12-07,WhatsApp,Ntinda,positive
3440,Great business with excellent customer care. Very professional.,2023-08-30,Twitter,Kawempe,positive
3441,Excellent business! Highly professional and reliable.,2024-08-23,WhatsApp,Central,positive
3442,Best shop in Kawempe. Quality products and great service. Located in Muyenga.,2024-03-17,Twitter,Kololo,positive
3443,Outstanding quality and service. Will definitely shop here again. Located in Central. Great store!,2023-11-29,WhatsApp,Bukoto,positive
3444,Great value for money. Fast delivery and excellent packaging.,2024-08-31,Facebook,Muyenga,positive
3445,Great value for money. Fast delivery and excellent packaging.,2024-01-20,WhatsApp,Central,positive
3446,Okay service. Nothing special but gets the job done. Located in Central.,2023-10-11,Google,Kawempe,neutral
3447,Outstanding quality and service. Will definitely shop here again.,2024-08-29,Instagram,Muyenga,positive
3448,"Fast delivery, good quality, fair prices. What more could you ask for?",2024-11-01,Facebook,Central,positive
3449,Great service! Very fast delivery in Kampala. Highly recommend!,2023-02-21,WhatsApp,Makindye,positive
3450,Amazing quality products. Will definitely buy again from this shop. Located in Kampala.,2024-11-15,WhatsApp,Ntinda,positive
3451,Excellent customer support. They responded quickly to my questions.,2023-07-12,Google,Kampala,positive
3452,Great value for money. Fast delivery and excellent packaging. Located in Kololo.,2023-10-25,Twitter,Kampala,positive
3453,Fair prices and acceptable quality. Nothing outstanding.,2024-06-21,Instagram,Kampala,neutral
3454,Worst shopping experience. Poor quality and terrible service. Located in Central. Great packaging!,2024-03-08,Instagram,Lubaga,negative
3455,Amazing experience! The product arrived on time and in perfect condition.,2024-10-04,Google,Muyenga,positive
3456,Best shopping experience! Quality products and great prices.,2024-06-16,WhatsApp,Lubaga,positive
3457,"Fast shipping, good quality, and excellent customer support.",2024-10-01,Instagram,Bukoto,positive
3458,Average quality. Nothing special but nothing wrong either.,2023-10-16,WhatsApp,Kololo,neutral
3459,Customer service is terrible. No one responds to complaints.,2024-05-30,Facebook,Kololo,negative
3460,Excellent communication and fast delivery. Highly satisfied!,2023-07-05,Instagram,Lubaga,positive
3461,Slow response time and poor communication from the business.,2024-03-05,Facebook,Kololo,negative
3462,Best customer service I've experienced. Products are top quality.,2023-09-03,WhatsApp,Makindye,positive
3463,Okay service. Product meets basic requirements. Great shop!,2024-04-29,Twitter,Kawempe,neutral
3464,Great business with excellent customer care. Very professional. Great price!,2024-05-11,Google,Muyenga,positive
3465,Love the product quality. Fast shipping and good packaging.,2024-06-04,Website,Lubaga,positive
3466,Great prices and even better service. Highly recommend this business!,2024-09-21,Website,Kampala,positive
3467,Outstanding service! The staff was very helpful and friendly. Located in Central.,2023-02-25,WhatsApp,Kampala,positive
3468,Product works as expected. No major issues or complaints.,2023-09-30,Instagram,Kololo,neutral
3469,Top quality products at reasonable prices. Highly recommended!,2023-08-24,Instagram,Kampala,positive
3470,Great prices and even better service. Highly recommend this business!,2023-10-11,Facebook,Makindye,positive
3471,Great prices and even better service. Highly recommend this business!,2023-09-14,WhatsApp,Kololo,positive
3472,Product is okay. Nothing special but serves its purpose.,2024-01-13,Twitter,Bukoto,neutral
3473,Great products at affordable prices. Very satisfied with my purchase. Located in Central. Great restaurant!,2024-09-09,Website,Ntinda,positive
3474,Product was damaged on arrival. Poor packaging quality. Located in Ntinda.,2023-12-03,Instagram,Nakawa,negative
3475,"Outstanding business! Professional, reliable, and customer-focused.",2024-08-04,Instagram,Makindye,positive
3476,Amazing service! The team went above and beyond to help me.,2023-01-27,Website,Muyenga,positive
3477,Top-notch quality. Exceeded my expectations completely. Located in Kololo.,2024-09-21,Instagram,Lubaga,positive
3478,Best shop in Kawempe. Quality products and great service.,2024-01-10,Instagram,Makindye,positive
3479,Amazing service! The team went above and beyond to help me. Located in Nakawa.,2023-01-18,WhatsApp,Kawempe,positive
3480,Great experience overall. Will be a returning customer.,2024-09-28,Facebook,Muyenga,positive
3481,Best prices in Nakawa area. Great value for money. Located in Kampala.,2023-06-10,Facebook,Nakawa,positive
3482,Best shopping experience! Quality products and great prices. Located in Lubaga.,2023-09-05,Website,Kampala,positive
3483,Great service! Very fast delivery in Kampala. Highly recommend!,2024-05-19,Google,Kampala,positive
3484,Product was defective but they refused to refund. Bad business. Great restaurant!,2024-12-02,Website,Central,negative
3485,Product works fine. Decent quality for the price paid.,2023-03-15,Facebook,Lubaga,neutral
3486,Very satisfied with my purchase. Great quality and fast delivery.,2023-11-18,Facebook,Kampala,positive
3487,Great value for money. Fast delivery and excellent packaging. Located in Ntinda. Great product!,2023-03-06,Twitter,Kampala,positive
3488,Would not buy from here again. Poor experience overall. Located in Kampala. Great staff!,2023-09-11,Instagram,Kololo,negative
3489,Love shopping here! Always get great deals and quality products.,2023-02-18,Google,Central,positive
3490,Overpriced products with low quality. Not good value for money.,2024-03-15,Website,Bukoto,negative
3491,Great experience from start to finish. Will shop here again!,2024-12-12,Facebook,Kololo,positive
3492,Excellent business! Highly professional and reliable. Great delivery!,2023-01-07,WhatsApp,Kampala,positive
3493,Amazing experience! The product arrived on time and in perfect condition. Great store!,2024-05-27,Google,Ntinda,positive
3494,Great experience overall. Will be a returning customer.,2023-06-29,Website,Kampala,positive
3495,Okay service. Nothing special but gets the job done. Great shipping!,2023-11-12,Website,Lubaga,neutral
3496,Product quality was disappointing. Not as described on the website.,2024-12-20,Website,Kampala,negative
3497,Excellent customer support. They responded quickly to my questions.,2024-07-12,WhatsApp,Kampala,positive
3498,Poor customer service. Staff was rude and unhelpful.,2023-03-18,Twitter,Makindye,negative
3499,Amazing service! The team went above and beyond to help me.,2024-11-24,Twitter,Central,positive
3500,Great experience overall. Will be a returning customer.,2023-12-30,Facebook,Lubaga,positive
3501,Excellent customer support. They responded quickly to my questions.,2024-07-12,Facebook,Lubaga,positive
3502,Professional service and high-quality products. Very happy! Great shipping!,2023-03-11,Website,Bukoto,positive
3503,"Fast delivery, good quality, fair prices. What more could you ask for?",2024-12-16,Facebook,Kampala,positive
3504,Very disappointed. Product quality is poor and service is worse. Located in Kawempe. Great business!,2024-12-13,Twitter,Lubaga,negative
3505,Very satisfied with my purchase. Great quality and fast delivery.,2024-08-11,WhatsApp,Bukoto,positive
3506,Great prices and even better service. Highly recommend this business! Great packaging!,2023-10-08,Twitter,Makindye,positive
3507,Professional service and high-quality products. Very happy! Great order!,2023-05-24,Google,Kampala,positive
3508,Best shopping experience! Quality products and great prices. Located in Nakawa. Great packaging!,2024-04-29,Instagram,Kampala,positive
3509,Poor customer service. Staff was rude and unhelpful.,2023-10-26,Website,Lubaga,negative
3510,Delivery issues. Package arrived late and damaged. Great experience!,2024-04-27,WhatsApp,Makindye,negative
3511,Top quality products at reasonable prices. Highly recommended!,2024-03-31,Twitter,Makindye,positive
3512,"Outstanding business! Professional, reliable, and customer-focused.",2024-09-08,Instagram,Lubaga,positive
3513,Delivery issues. Package arrived late and damaged.,2024-10-07,WhatsApp,Kololo,negative
3514,Excellent communication and fast delivery. Highly satisfied! Located in Nakawa.,2024-03-17,Website,Kawempe,positive
3515,Outstanding service! The staff was very helpful and friendly.,2024-08-29,Google,Bukoto,positive
3516,Best customer service I've experienced. Products are top quality. Located in Central. Great experience!,2024-06-09,Instagram,Kampala,positive
3517,Okay delivery time. Product is functional and usable. Located in Central. Great store!,2023-06-26,Google,Central,neutral
3518,Terrible experience. Would not recommend this business to anyone. Great support!,2023-04-16,WhatsApp,Bukoto,negative
3519,Top-notch quality. Exceeded my expectations completely. Located in Kampala.,2023-11-22,Website,Kampala,positive
3520,Great value for money. Fast delivery and excellent packaging. Located in Kawempe.,2023-08-06,Instagram,Kampala,positive
3521,"Outstanding business! Professional, reliable, and customer-focused.",2023-11-13,Facebook,Muyenga,positive
3522,Product is okay. Nothing special but serves its purpose. Great shop!,2023-11-02,WhatsApp,Kololo,neutral
3523,Amazing service! The team went above and beyond to help me. Great service!,2024-02-02,Facebook,Makindye,positive
3524,Fair experience overall. Nothing exceptional but acceptable.,2023-11-02,Website,Kawempe,neutral
3525,Very satisfied with my purchase. Great quality and fast delivery.,2023-12-14,Website,Nakawa,positive
3526,Okay service. Product meets basic requirements. Located in Kawempe.,2024-02-15,Website,Lubaga,neutral
3527,Poor value for money. Better options available elsewhere.,2024-09-10,Instagram,Central,negative
3528,Amazing quality products. Will definitely buy again from this shop.,2024-01-04,Website,Central,positive
3529,Very satisfied with my purchase. Great quality and fast delivery.,2023-08-12,Facebook,Bukoto,positive
3530,Product is fine. Meets expectations without exceeding them.,2023-01-26,Facebook,Kampala,neutral
3531,Standard delivery. Product works but quality is average. Great support!,2024-07-02,Website,Bukoto,neutral
3532,Overpriced products with low quality. Not good value for money.,2023-06-15,WhatsApp,Bukoto,negative
3533,Decent value. Product works as expected. Located in Kawempe.,2024-02-11,WhatsApp,Bukoto,neutral
3534,Overpriced products with low quality. Not good value for money.,2024-06-16,Twitter,Ntinda,negative
3535,"Fast delivery, good quality, fair prices. What more could you ask for?",2024-12-16,Instagram,Makindye,positive
3536,Excellent business! Highly professional and reliable.,2024-03-14,Twitter,Kampala,positive
3537,"Fast delivery, good quality, fair prices. What more could you ask for?",2024-03-02,WhatsApp,Bukoto,positive
3538,Delivery issues. Package arrived late and damaged. Located in Kawempe.,2024-10-06,Twitter,Makindye,negative
3539,Slow response time and poor communication from the business. Located in Nakawa.,2024-07-03,Facebook,Ntinda,negative
3540,Okay service. Nothing special but gets the job done. Located in Ntinda.,2024-03-02,Facebook,Nakawa,neutral
3541,Standard delivery. Product works but quality is average.,2023-11-05,Website,Kampala,neutral
3542,Great experience overall. Will be a returning customer. Located in Kawempe.,2024-05-01,WhatsApp,Ntinda,positive
3543,Great experience overall. Will be a returning customer. Located in Muyenga.,2024-10-29,WhatsApp,Central,positive
3544,Product is functional. Does what it's supposed to do.,2024-09-03,Twitter,Nakawa,neutral
3545,Great service! Very fast delivery in Kampala. Highly recommend!,2023-07-17,Google,Nakawa,positive
3546,Quick response time and excellent customer care. Highly recommended! Located in Makindye. Great experience!,2023-11-30,Facebook,Kampala,positive
3547,Very satisfied with my purchase. Great quality and fast delivery. Located in Ntinda.,2023-03-11,Website,Nakawa,positive
3548,Best prices in Nakawa area. Great value for money. Located in Bukoto.,2023-08-13,Facebook,Kawempe,positive
3549,Excellent communication and fast delivery. Highly satisfied!,2023-05-09,WhatsApp,Makindye,positive
3550,Amazing quality products. Will definitely buy again from this shop.,2024-04-27,WhatsApp,Kawempe,positive
3551,Best customer service I've experienced. Products are top quality. Located in Makindye.,2023-09-20,Google,Kawempe,positive
3552,Standard delivery time. Product quality is average. Located in Central.,2023-02-17,Instagram,Kampala,neutral
3553,Amazing service! The team went above and beyond to help me.,2023-07-17,Instagram,Kololo,positive
3554,Very satisfied with my purchase. Great quality and fast delivery. Located in Muyenga.,2024-09-06,Facebook,Bukoto,positive
3555,Fair experience overall. Nothing exceptional but acceptable. Located in Kololo. Great purchase!,2024-08-31,Website,Bukoto,neutral
3556,Excellent business! Highly professional and reliable. Located in Central.,2023-06-08,Google,Ntinda,positive
3557,Average experience. Product is functional and adequate.,2024-03-10,WhatsApp,Lubaga,neutral
3558,Terrible customer service. No help when I had an issue. Located in Central. Great shop!,2024-07-25,Website,Lubaga,negative
3559,Amazing service! The team went above and beyond to help me. Great restaurant!,2023-05-19,Facebook,Central,positive
3560,Fair experience overall. Nothing exceptional but acceptable. Located in Kawempe.,2023-12-25,Google,Nakawa,neutral
3561,"Fast shipping, good quality, and excellent customer support. Great restaurant!",2023-11-27,Instagram,Central,positive
3562,Excellent customer support. They responded quickly to my questions.,2024-07-20,Instagram,Kampala,positive
3563,Best shopping experience! Quality products and great prices.,2023-05-10,Twitter,Kawempe,positive
3564,Standard service. No complaints but nothing exceptional either. Located in Kawempe. Great service!,2024-08-11,WhatsApp,Bukoto,neutral
3565,Great service! Very fast delivery in Kampala. Highly recommend!,2024-04-03,WhatsApp,Central,positive
3566,Very satisfied with my purchase. Great quality and fast delivery. Great shop!,2023-05-27,Twitter,Ntinda,positive
3567,Best customer service I've experienced. Products are top quality. Located in Kawempe. Great shipping!,2023-05-10,Facebook,Muyenga,positive
3568,Not satisfied with the product. Quality is below expectations.,2024-06-08,Facebook,Kampala,negative
3569,Professional service and high-quality products. Very happy!,2023-12-28,Facebook,Central,positive
3570,"Fast shipping, good quality, and excellent customer support. Located in Ntinda. Great staff!",2023-01-15,WhatsApp,Nakawa,positive
3571,Outstanding quality and service. Will definitely shop here again. Located in Central.,2023-12-30,Google,Lubaga,positive
3572,Amazing quality products. Will definitely buy again from this shop. Great purchase!,2024-10-23,Website,Kawempe,positive
3573,Excellent business! Highly professional and reliable.,2024-02-29,Twitter,Nakawa,positive
3574,Excellent products and service. Best in the area! Great customer!,2024-02-10,Website,Bukoto,positive
3575,Poor customer service. Staff was rude and unhelpful. Located in Makindye.,2024-05-10,Website,Makindye,negative
3576,Top quality products at reasonable prices. Highly recommended! Located in Makindye.,2024-04-22,Instagram,Makindye,positive
3577,"Fast shipping, good quality, and excellent customer support.",2023-10-24,Twitter,Central,positive
3578,Okay product quality. Price matches the value received.,2024-12-29,Website,Kawempe,neutral
3579,Product is okay. Nothing special but serves its purpose. Located in Ntinda.,2023-11-17,Instagram,Bukoto,neutral
3580,Great experience from start to finish. Will shop here again! Located in Bukoto.,2024-05-20,WhatsApp,Muyenga,positive
3581,Outstanding quality and service. Will definitely shop here again. Great customer!,2024-07-16,Facebook,Kololo,positive
3582,Great experience from start to finish. Will shop here again! Located in Muyenga.,2024-12-30,WhatsApp,Bukoto,positive
3583,Product didn't work as expected. Waste of money. Located in Makindye. Great business!,2024-06-05,Google,Nakawa,negative
3584,Delivery issues. Package arrived late and damaged.,2024-10-12,Instagram,Kololo,negative
3585,Average product quality. Meets basic needs adequately.,2023-01-13,Facebook,Muyenga,neutral
3586,Great experience from start to finish. Will shop here again!,2023-03-22,Facebook,Kampala,positive
3587,Worst shopping experience. Poor quality and terrible service.,2024-09-13,Instagram,Makindye,negative
3588,Overpriced products with low quality. Not good value for money.,2024-11-01,Website,Ntinda,negative
3589,Standard service. No complaints but nothing exceptional either. Located in Ntinda.,2024-06-20,Instagram,Lubaga,neutral
3590,Overpriced compared to other shops in Nakawa area.,2024-04-17,Twitter,Lubaga,negative
3591,Great value for money. Fast delivery and excellent packaging. Located in Muyenga.,2023-11-24,Website,Kololo,positive
3592,Excellent communication and fast delivery. Highly satisfied!,2024-02-04,Twitter,Kampala,positive
3593,Fair value for money. Quality is acceptable but not premium.,2024-09-02,Facebook,Kawempe,neutral
3594,Best shop in Kawempe. Quality products and great service. Great delivery!,2023-10-11,Twitter,Central,positive
3595,Great prices and even better service. Highly recommend this business!,2023-08-12,Google,Nakawa,positive
3596,Very disappointed with the quality. Not worth the money paid.,2023-03-20,Twitter,Makindye,negative
3597,Best shopping experience! Quality products and great prices. Great service!,2023-03-22,Twitter,Bukoto,positive
3598,Product arrived damaged and customer service refused to help.,2023-02-24,Instagram,Kololo,negative
3599,Product was damaged on arrival. Poor packaging quality. Great experience!,2023-02-18,Twitter,Central,negative
3600,Best customer service I've experienced. Products are top quality.,2024-09-05,Website,Central,positive
3601,Outstanding quality and service. Will definitely shop here again. Located in Kawempe. Great packaging!,2023-12-06,Website,Nakawa,positive
3602,Best shop in Kawempe. Quality products and great service. Great order!,2023-08-04,Google,Kololo,positive
3603,Product is okay. Nothing special but serves its purpose. Located in Kampala.,2023-07-19,Google,Kololo,neutral
3604,Love the product quality. Fast shipping and good packaging.,2024-07-10,Google,Bukoto,positive
3605,Top-notch quality. Exceeded my expectations completely. Located in Kampala.,2023-11-23,Google,Muyenga,positive
3606,Top quality products at reasonable prices. Highly recommended! Great shipping!,2024-05-01,Google,Kampala,positive
3607,Best prices in Nakawa area. Great value for money. Located in Kawempe.,2024-04-20,Twitter,Ntinda,positive
3608,Best shopping experience! Quality products and great prices. Located in Lubaga.,2023-11-08,Instagram,Kawempe,positive
3609,Excellent customer support. They responded quickly to my questions. Located in Ntinda.,2024-08-24,Twitter,Nakawa,positive
3610,Outstanding service! The staff was very helpful and friendly.,2024-04-15,Website,Muyenga,positive
3611,Average product quality. Meets basic needs adequately.,2024-04-09,Instagram,Nakawa,neutral
3612,Excellent communication and fast delivery. Highly satisfied!,2024-12-07,Twitter,Bukoto,positive
3613,Poor quality products. Broke within days of purchase. Great restaurant!,2024-02-18,Twitter,Makindye,negative
3614,Great prices and even better service. Highly recommend this business! Located in Kawempe.,2024-07-09,WhatsApp,Kololo,positive
3615,Amazing experience! The product arrived on time and in perfect condition.,2024-02-20,Website,Lubaga,positive
3616,Product works fine. Decent quality for the price paid.,2024-03-03,Facebook,Bukoto,neutral
3617,Okay service. Nothing special but gets the job done. Great purchase!,2023-11-05,WhatsApp,Ntinda,neutral
3618,Average experience overall. Product is fine but not great.,2023-03-28,Facebook,Kololo,neutral
3619,Great business with excellent customer care. Very professional.,2023-10-13,Twitter,Kawempe,positive
3620,Love shopping here! Always get great deals and quality products.,2023-12-01,Google,Lubaga,positive
3621,Very satisfied with my purchase. Great quality and fast delivery.,2024-02-17,WhatsApp,Makindye,positive
3622,Product was different from what was advertised. Misleading description. Located in Nakawa.,2023-10-04,Website,Kawempe,negative
3623,Okay service. Nothing special but gets the job done.,2023-11-16,Google,Bukoto,neutral
3624,Best shopping experience! Quality products and great prices.,2023-11-16,Website,Central,positive
3625,Excellent communication and fast delivery. Highly satisfied!,2023-08-21,Facebook,Muyenga,positive
3626,Best customer service I've experienced. Products are top quality.,2023-05-07,Twitter,Central,positive
3627,Average quality. Price is reasonable for what you get. Great business!,2024-08-23,Twitter,Kololo,neutral
3628,Best customer service I've experienced. Products are top quality.,2023-04-18,Google,Kawempe,positive
3629,Excellent customer support. They responded quickly to my questions. Located in Muyenga.,2024-04-30,Instagram,Bukoto,positive
3630,Average quality. Price is reasonable for what you get.,2023-07-07,Twitter,Kololo,neutral
3631,Great business with excellent customer care. Very professional.,2023-11-16,Facebook,Kololo,positive
3632,Standard experience. Product does what it needs to do.,2023-08-30,Facebook,Lubaga,neutral
3633,Product is fine. Meets expectations without exceeding them. Located in Central.,2023-11-23,WhatsApp,Lubaga,neutral
3634,Excellent products and service. Best in the area!,2023-07-03,Twitter,Makindye,positive
3635,Standard business service. Acceptable but not exceptional.,2023-08-15,Facebook,Bukoto,neutral
3636,Product arrived damaged and customer service refused to help. Located in Muyenga.,2024-09-18,Facebook,Kawempe,negative
3637,Great experience from start to finish. Will shop here again!,2024-01-18,Google,Kampala,positive
3638,Fair experience overall. Nothing exceptional but acceptable.,2024-05-01,Instagram,Nakawa,neutral
3639,Top quality products at reasonable prices. Highly recommended!,2024-10-23,Instagram,Nakawa,positive
3640,Great prices and even better service. Highly recommend this business! Located in Bukoto.,2024-01-07,Facebook,Kololo,positive
3641,Excellent products and service. Best in the area! Located in Kololo.,2023-01-16,Facebook,Ntinda,positive
3642,Excellent business! Highly professional and reliable.,2024-08-23,Website,Muyenga,positive
3643,Best shopping experience! Quality products and great prices. Located in Lubaga.,2023-05-10,Instagram,Kawempe,positive
3644,Product is fine. Meets expectations without exceeding them.,2023-02-10,Facebook,Ntinda,neutral
3645,Love the product quality. Fast shipping and good packaging.,2024-07-03,WhatsApp,Kampala,positive
3646,Very slow delivery. Took over a week to arrive in Kampala.,2023-08-18,Facebook,Ntinda,negative
3647,Standard delivery time. Product quality is average. Located in Makindye.,2024-10-16,Instagram,Bukoto,neutral
3648,Best prices in Nakawa area. Great value for money.,2024-07-14,Website,Lubaga,positive
3649,Fair value for money. Quality is acceptable but not premium. Great quality!,2023-06-22,Website,Central,neutral
3650,Excellent business! Highly professional and reliable. Great packaging!,2023-12-03,Website,Makindye,positive
3651,Professional service and high-quality products. Very happy! Located in Central.,2024-11-12,WhatsApp,Kampala,positive
3652,Standard quality. Nothing to complain about or praise. Located in Makindye. Great purchase!,2024-06-20,Twitter,Ntinda,neutral
3653,Excellent communication and fast delivery. Highly satisfied!,2023-02-05,Facebook,Makindye,positive
3654,"Outstanding business! Professional, reliable, and customer-focused. Located in Central. Great price!",2024-04-26,Twitter,Kampala,positive
3655,Professional service and high-quality products. Very happy! Located in Kampala.,2024-04-22,WhatsApp,Kampala,positive
3656,Okay service. Product meets basic requirements.,2024-04-03,Instagram,Central,neutral
3657,Best prices in Nakawa area. Great value for money.,2024-05-03,Website,Kololo,positive
3658,Average quality. Nothing special but nothing wrong either.,2024-09-10,Facebook,Muyenga,neutral
3659,Best prices in Nakawa area. Great value for money. Great experience!,2024-06-04,Twitter,Bukoto,positive
3660,Great experience overall. Will be a returning customer.,2024-03-13,WhatsApp,Nakawa,positive
3661,Outstanding service! The staff was very helpful and friendly. Located in Kololo.,2023-10-31,Twitter,Kawempe,positive
3662,Great service! Very fast delivery in Kampala. Highly recommend! Great store!,2023-11-30,Twitter,Nakawa,positive
3663,Excellent communication and fast delivery. Highly satisfied!,2024-07-25,Google,Bukoto,positive
3664,Outstanding service! The staff was very helpful and friendly. Located in Central.,2024-10-01,Twitter,Muyenga,positive
3665,Great products at affordable prices. Very satisfied with my purchase. Located in Makindye.,2023-07-03,Website,Muyenga,positive
3666,Average experience. Product is functional and adequate. Located in Muyenga.,2023-11-23,WhatsApp,Makindye,neutral
3667,Terrible customer service. No help when I had an issue.,2023-11-07,Instagram,Lubaga,negative
3668,Okay delivery time. Product is functional and usable.,2024-12-01,Website,Kololo,neutral
3669,Outstanding quality and service. Will definitely shop here again.,2024-02-04,Facebook,Nakawa,positive
3670,Great experience overall. Will be a returning customer.,2023-02-28,Website,Makindye,positive
3671,Standard service. No complaints but nothing exceptional either. Located in Muyenga.,2023-03-25,Google,Lubaga,neutral
3672,Excellent business! Highly professional and reliable.,2023-07-23,Instagram,Lubaga,positive
3673,Great products at affordable prices. Very satisfied with my purchase.,2023-10-27,WhatsApp,Bukoto,positive
3674,Love the product quality. Fast shipping and good packaging. Great price!,2024-05-05,Facebook,Bukoto,positive
3675,Great products at affordable prices. Very satisfied with my purchase.,2024-05-08,Instagram,Bukoto,positive
3676,Standard delivery time. Product quality is average. Great quality!,2024-11-11,Google,Makindye,neutral
3677,Average product quality. Meets basic expectations.,2024-08-06,Instagram,Ntinda,neutral
3678,Overpriced compared to other shops in Nakawa area.,2023-09-30,Google,Nakawa,negative
3679,Best prices in Nakawa area. Great value for money.,2024-10-16,Google,Ntinda,positive
3680,Product works fine. Decent quality for the price paid.,2023-03-25,Twitter,Kololo,neutral
3681,Amazing experience! The product arrived on time and in perfect condition. Great shipping!,2024-04-07,Twitter,Makindye,positive
3682,Love the product quality. Fast shipping and good packaging.,2024-11-01,Twitter,Muyenga,positive
3683,Great service! Very fast delivery in Kampala. Highly recommend!,2023-12-08,Twitter,Ntinda,positive
3684,"Outstanding business! Professional, reliable, and customer-focused. Great service!",2023-03-26,Twitter,Kawempe,positive
3685,Okay product quality. Price matches the value received.,2024-07-14,Instagram,Muyenga,neutral
3686,Best shop in Kawempe. Quality products and great service. Located in Kampala.,2023-05-21,WhatsApp,Ntinda,positive
3687,Great experience from start to finish. Will shop here again!,2023-04-23,Website,Lubaga,positive
3688,"Fast delivery, good quality, fair prices. What more could you ask for?",2024-03-15,Facebook,Makindye,positive
3689,Amazing quality products. Will definitely buy again from this shop. Located in Muyenga.,2024-02-20,Instagram,Makindye,positive
3690,Overpriced products with low quality. Not good value for money.,2024-03-23,Website,Kampala,negative
3691,Product works as expected. No major issues or complaints.,2024-12-21,Facebook,Central,neutral
3692,Product is okay. Nothing special but serves its purpose.,2024-07-17,Google,Ntinda,neutral
3693,Excellent products and service. Best in the area!,2024-01-28,WhatsApp,Bukoto,positive
3694,Terrible experience. Would not recommend this business to anyone.,2023-06-21,Facebook,Kololo,negative
3695,Delivery issues. Package arrived late and damaged.,2024-08-21,Twitter,Central,negative
3696,Best shopping experience! Quality products and great prices.,2023-05-05,Twitter,Kololo,positive
3697,Very disappointed with the quality. Not worth the money paid.,2024-04-14,Google,Muyenga,negative
3698,Excellent business! Highly professional and reliable. Great packaging!,2024-12-31,WhatsApp,Nakawa,positive
3699,Excellent customer support. They responded quickly to my questions. Located in Bukoto. Great customer!,2024-11-14,Website,Kawempe,positive
3700,Poor quality products. Broke within days of purchase. Great restaurant!,2024-02-24,Google,Kampala,negative
3701,Top-notch quality. Exceeded my expectations completely.,2023-04-19,Google,Makindye,positive
3702,Best shop in Kawempe. Quality products and great service.,2024-11-03,Website,Nakawa,positive
3703,Product works fine. Decent quality for the price paid.,2024-12-31,Twitter,Makindye,neutral
3704,Outstanding quality and service. Will definitely shop here again.,2024-01-10,Instagram,Lubaga,positive
3705,Excellent communication and fast delivery. Highly satisfied!,2024-03-15,Website,Lubaga,positive
3706,Terrible experience. Would not recommend this business to anyone. Located in Kololo.,2023-09-28,Facebook,Kampala,negative
3707,Best prices in Nakawa area. Great value for money. Located in Makindye.,2024-11-22,Website,Ntinda,positive
3708,Average product quality. Meets basic expectations. Located in Makindye.,2024-07-23,Google,Central,neutral
3709,Delivery was on time. Product is as expected.,2023-05-01,Facebook,Ntinda,neutral
3710,Customer service needs major improvement. Very unprofessional. Located in Makindye.,2024-05-26,Facebook,Kawempe,negative
3711,"Fast delivery, good quality, fair prices. What more could you ask for?",2023-11-20,WhatsApp,Kololo,positive
3712,"Fast shipping, good quality, and excellent customer support.",2024-08-02,Twitter,Bukoto,positive
3713,Great value for money. Fast delivery and excellent packaging. Located in Kawempe. Great staff!,2023-05-17,Website,Central,positive
3714,Product is fine. Meets expectations without exceeding them.,2023-08-15,Website,Muyenga,neutral
3715,"Fast shipping, good quality, and excellent customer support. Located in Ntinda.",2023-10-20,Google,Lubaga,positive
3716,Product was damaged on arrival. Poor packaging quality.,2023-02-19,Instagram,Ntinda,negative
3717,Excellent customer support. They responded quickly to my questions.,2023-02-09,Website,Kampala,positive
3718,Professional service and high-quality products. Very happy!,2024-07-05,Facebook,Ntinda,positive
3719,Amazing experience! The product arrived on time and in perfect condition. Located in Kololo.,2023-11-03,WhatsApp,Central,positive
3720,Very disappointed. Product quality is poor and service is worse.,2024-11-25,Google,Lubaga,negative
3721,Overpriced compared to other shops in Nakawa area. Great store!,2023-04-18,Google,Kawempe,negative
3722,Product was defective but they refused to refund. Bad business.,2024-05-25,Facebook,Makindye,negative
3723,Great value for money. Fast delivery and excellent packaging.,2024-11-23,Google,Kawempe,positive
3724,Outstanding service! The staff was very helpful and friendly.,2023-07-14,Instagram,Lubaga,positive
3725,Standard service. No complaints but nothing exceptional either.,2024-09-15,Twitter,Kawempe,neutral
3726,Average quality. Price is reasonable for what you get. Great product!,2024-03-31,Instagram,Kawempe,neutral
3727,Great service! Very fast delivery in Kampala. Highly recommend!,2024-11-25,WhatsApp,Kololo,positive
3728,Excellent customer support. They responded quickly to my questions. Located in Kawempe.,2024-03-20,WhatsApp,Kawempe,positive
3729,"Fast delivery, good quality, fair prices. What more could you ask for?",2023-01-30,Google,Kawempe,positive
3730,Product is fine. Meets expectations without exceeding them.,2024-06-22,Website,Makindye,neutral
3731,Terrible experience. Would not recommend this business to anyone.,2023-03-25,Website,Ntinda,negative
3732,Product quality was disappointing. Not as described on the website. Located in Muyenga. Great restaurant!,2023-03-15,WhatsApp,Nakawa,negative
3733,Okay service. Nothing special but gets the job done.,2024-07-17,Google,Kawempe,neutral
3734,"Fast shipping, good quality, and excellent customer support.",2023-04-20,Website,Central,positive
3735,Best prices in Nakawa area. Great value for money. Located in Kampala. Great staff!,2023-09-16,Facebook,Muyenga,positive
3736,Product arrived damaged and customer service refused to help. Located in Kololo. Great business!,2023-10-02,Twitter,Kawempe,negative
3737,Okay service. Product meets basic requirements.,2023-12-13,Google,Lubaga,neutral
3738,Excellent customer support. They responded quickly to my questions.,2023-07-28,Google,Ntinda,positive
3739,Okay service. Nothing special but gets the job done.,2023-08-16,Website,Kampala,neutral
3740,Excellent business! Highly professional and reliable. Located in Kololo.,2024-12-28,WhatsApp,Central,positive
3741,Outstanding quality and service. Will definitely shop here again.,2023-02-10,WhatsApp,Kampala,positive
3742,Product broke after just one week of use. Very poor quality. Located in Lubaga.,2023-06-27,Website,Muyenga,negative
3743,Average product quality. Meets basic expectations. Great support!,2024-07-12,WhatsApp,Kololo,neutral
3744,Very satisfied with my purchase. Great quality and fast delivery.,2024-07-01,Twitter,Lubaga,positive
3745,Great experience overall. Will be a returning customer. Located in Makindye.,2024-04-26,Instagram,Kololo,positive
3746,Top quality products at reasonable prices. Highly recommended!,2024-02-03,Website,Bukoto,positive
3747,Love shopping here! Always get great deals and quality products.,2024-08-22,Facebook,Bukoto,positive
3748,Great business with excellent customer care. Very professional.,2023-12-20,Google,Central,positive
3749,Terrible customer service. No help when I had an issue. Great purchase!,2024-12-23,Facebook,Bukoto,negative
3750,Professional service and high-quality products. Very happy!,2024-10-31,Facebook,Kololo,positive
3751,"Outstanding business! Professional, reliable, and customer-focused.",2023-01-08,WhatsApp,Makindye,positive
3752,Very slow delivery. Took over a week to arrive in Kampala.,2023-04-22,Google,Kawempe,negative
3753,Standard delivery. Product works but quality is average.,2023-12-15,Instagram,Lubaga,neutral
3754,Product is okay. Nothing special but serves its purpose.,2024-09-21,Instagram,Kololo,neutral
3755,Great experience overall. Will be a returning customer. Located in Nakawa.,2024-10-06,Facebook,Nakawa,positive
3756,Amazing quality products. Will definitely buy again from this shop.,2024-07-17,Google,Muyenga,positive
3757,Top quality products at reasonable prices. Highly recommended!,2023-12-15,Google,Muyenga,positive
3758,Very satisfied with my purchase. Great quality and fast delivery. Great customer!,2023-02-14,Website,Ntinda,positive
3759,Average experience. Product is functional and adequate.,2023-12-20,Instagram,Kololo,neutral
3760,Professional service and high-quality products. Very happy!,2024-11-07,Website,Kawempe,positive
3761,Best shop in Kawempe. Quality products and great service. Located in Makindye. Great service!,2024-01-08,Facebook,Muyenga,positive
3762,Product is okay. Nothing special but serves its purpose.,2023-01-07,WhatsApp,Muyenga,neutral
3763,Very satisfied with my purchase. Great quality and fast delivery.,2024-11-14,Instagram,Ntinda,positive
3764,Delivery issues. Package arrived late and damaged. Located in Muyenga.,2024-10-09,Instagram,Muyenga,negative
3765,Great experience overall. Will be a returning customer.,2024-01-17,Facebook,Muyenga,positive
3766,Top quality products at reasonable prices. Highly recommended!,2023-04-09,Website,Bukoto,positive
3767,Standard experience. Product does what it needs to do.,2024-10-21,Website,Bukoto,neutral
3768,Average quality. Nothing special but nothing wrong either.,2023-07-16,Twitter,Makindye,neutral
3769,Delivery was on time. Product is as expected.,2023-03-04,Facebook,Lubaga,neutral
3770,Excellent business! Highly professional and reliable.,2024-09-18,Instagram,Nakawa,positive
3771,Great products at affordable prices. Very satisfied with my purchase. Located in Nakawa.,2023-01-22,Facebook,Ntinda,positive
3772,"Fast shipping, good quality, and excellent customer support. Located in Muyenga.",2024-03-28,Instagram,Central,positive
3773,Excellent communication and fast delivery. Highly satisfied!,2023-12-20,Twitter,Makindye,positive
3774,Average product quality. Meets basic expectations.,2024-08-31,Google,Ntinda,neutral
3775,Standard experience. Product does what it needs to do.,2023-02-28,Facebook,Central,neutral
3776,Overpriced products with low quality. Not good value for money. Located in Central.,2023-10-15,WhatsApp,Nakawa,negative
3777,Product didn't work as expected. Waste of money. Located in Kololo.,2024-03-04,Twitter,Makindye,negative
3778,Love the product quality. Fast shipping and good packaging. Located in Kololo. Great service!,2023-03-01,WhatsApp,Central,positive
3779,Fair prices and acceptable quality. Nothing outstanding. Great business!,2024-03-07,Google,Makindye,neutral
3780,"Outstanding business! Professional, reliable, and customer-focused.",2024-01-27,WhatsApp,Muyenga,positive
3781,Best shop in Kawempe. Quality products and great service.,2023-04-23,Google,Ntinda,positive
3782,Product is fine. Meets expectations without exceeding them. Great business!,2023-03-21,Google,Makindye,neutral
3783,Great experience overall. Will be a returning customer. Located in Kawempe.,2023-04-18,Instagram,Nakawa,positive
3784,Outstanding service! The staff was very helpful and friendly. Located in Nakawa.,2024-07-10,Google,Kampala,positive
3785,Standard quality. Nothing to complain about or praise.,2024-09-19,Facebook,Muyenga,neutral
3786,Professional service and high-quality products. Very happy!,2023-04-24,Google,Ntinda,positive
3787,Product quality was disappointing. Not as described on the website.,2024-04-23,Instagram,Kololo,negative
3788,Overpriced compared to other shops in Nakawa area. Great support!,2023-12-15,Facebook,Muyenga,negative
3789,Quick response time and excellent customer care. Highly recommended!,2023-11-30,Website,Central,positive
3790,Fair prices and acceptable quality. Nothing outstanding.,2024-03-31,WhatsApp,Muyenga,neutral
3791,Great service! Very fast delivery in Kampala. Highly recommend! Located in Central.,2023-08-17,Facebook,Lubaga,positive
3792,Product is fine. Meets expectations without exceeding them. Located in Muyenga.,2023-02-24,Website,Ntinda,neutral
3793,Outstanding service! The staff was very helpful and friendly. Located in Makindye.,2023-10-07,WhatsApp,Kampala,positive
3794,Okay service. Nothing special but gets the job done.,2024-01-05,Website,Makindye,neutral
3795,Product works fine. Decent quality for the price paid. Great delivery!,2023-07-01,Google,Makindye,neutral
3796,Standard quality. Nothing to complain about or praise.,2024-08-07,Google,Central,neutral
3797,Excellent customer support. They responded quickly to my questions.,2023-05-22,WhatsApp,Makindye,positive
3798,Quick response time and excellent customer care. Highly recommended!,2024-04-12,Twitter,Bukoto,positive
3799,Quick response time and excellent customer care. Highly recommended! Located in Nakawa.,2023-09-22,Instagram,Kololo,positive
3800,Great experience from start to finish. Will shop here again!,2024-11-09,Website,Kololo,positive
3801,Fair prices and acceptable quality. Nothing outstanding.,2023-02-06,Instagram,Muyenga,neutral
3802,Best shopping experience! Quality products and great prices. Great order!,2023-02-25,Instagram,Kampala,positive
3803,Product is functional. Does what it's supposed to do.,2024-06-22,Facebook,Ntinda,neutral
3804,Love shopping here! Always get great deals and quality products.,2023-06-09,Facebook,Kawempe,positive
3805,Delivery was on time. Product is as expected.,2024-02-07,Twitter,Kampala,neutral
3806,"Fast delivery, good quality, fair prices. What more could you ask for? Located in Muyenga.",2024-03-18,Facebook,Muyenga,positive
3807,Best customer service I've experienced. Products are top quality. Great packaging!,2023-09-29,Website,Makindye,positive
3808,Outstanding service! The staff was very helpful and friendly. Located in Lubaga.,2023-11-03,Twitter,Muyenga,positive
3809,Delivery issues. Package arrived late and damaged. Great customer!,2024-08-20,Google,Makindye,negative
3810,Outstanding quality and service. Will definitely shop here again. Located in Kololo.,2023-03-18,Google,Muyenga,positive
3811,Fair prices and acceptable quality. Nothing outstanding.,2023-02-22,Facebook,Kololo,neutral
3812,Love shopping here! Always get great deals and quality products. Great product!,2024-09-10,Instagram,Ntinda,positive
3813,Excellent products and service. Best in the area! Great customer!,2024-02-26,Website,Lubaga,positive
3814,Excellent communication and fast delivery. Highly satisfied! Great restaurant!,2023-02-10,Google,Kawempe,positive
3815,Quick response time and excellent customer care. Highly recommended!,2024-02-26,Instagram,Ntinda,positive
3816,Best prices in Nakawa area. Great value for money.,2024-04-16,Website,Lubaga,positive
3817,Fair prices and acceptable quality. Nothing outstanding.,2024-03-20,WhatsApp,Ntinda,neutral
3818,Quick response time and excellent customer care. Highly recommended!,2023-07-07,Instagram,Lubaga,positive
3819,Best shop in Kawempe. Quality products and great service. Located in Lubaga.,2023-12-27,WhatsApp,Central,positive
3820,Amazing service! The team went above and beyond to help me.,2024-03-18,Facebook,Makindye,positive
3821,"Outstanding business! Professional, reliable, and customer-focused.",2023-03-23,WhatsApp,Makindye,positive
3822,Excellent customer support. They responded quickly to my questions.,2023-09-16,Instagram,Nakawa,positive
3823,Excellent business! Highly professional and reliable.,2023-10-14,WhatsApp,Central,positive
3824,Okay service. Nothing special but gets the job done. Located in Central.,2024-04-09,Twitter,Lubaga,neutral
3825,Outstanding service! The staff was very helpful and friendly. Located in Central.,2024-07-27,Facebook,Ntinda,positive
3826,Great service! Very fast delivery in Kampala. Highly recommend! Located in Ntinda. Great experience!,2023-09-26,Instagram,Bukoto,positive
3827,Standard delivery time. Product quality is average.,2024-02-06,Website,Nakawa,neutral
3828,Quick response time and excellent customer care. Highly recommended!,2023-06-26,Facebook,Lubaga,positive
3829,Love shopping here! Always get great deals and quality products. Great restaurant!,2023-04-26,Facebook,Kawempe,positive
3830,Great business with excellent customer care. Very professional. Great shipping!,2023-11-21,Instagram,Ntinda,positive
3831,Standard quality. Nothing to complain about or praise.,2023-01-28,WhatsApp,Central,neutral
3832,Best shop in Kawempe. Quality products and great service.,2023-06-19,Instagram,Central,positive
3833,Great business with excellent customer care. Very professional.,2023-11-20,Google,Lubaga,positive
3834,Love shopping here! Always get great deals and quality products. Located in Central.,2024-03-02,Google,Kampala,positive
3835,Excellent customer support. They responded quickly to my questions. Located in Kololo.,2024-07-10,Twitter,Kawempe,positive
3836,Amazing quality products. Will definitely buy again from this shop.,2024-03-11,WhatsApp,Nakawa,positive
3837,Amazing quality products. Will definitely buy again from this shop. Located in Kampala.,2024-02-20,Google,Kololo,positive
3838,Best shop in Kawempe. Quality products and great service.,2024-11-03,Facebook,Muyenga,positive
3839,Amazing service! The team went above and beyond to help me. Great order!,2023-09-07,Facebook,Central,positive
3840,Amazing service! The team went above and beyond to help me.,2024-10-27,WhatsApp,Makindye,positive
3841,Okay service. Nothing special but gets the job done. Great staff!,2024-11-19,WhatsApp,Kawempe,neutral
3842,Would not buy from here again. Poor experience overall. Located in Lubaga.,2024-06-24,Website,Bukoto,negative
3843,Standard delivery. Product works but quality is average.,2024-10-19,Twitter,Ntinda,neutral
3844,Product was defective but they refused to refund. Bad business.,2023-11-23,Google,Nakawa,negative
3845,"Fast shipping, good quality, and excellent customer support.",2023-11-15,Instagram,Kololo,positive
3846,Best shopping experience! Quality products and great prices.,2023-06-21,Facebook,Bukoto,positive
3847,Okay delivery time. Product is functional and usable.,2023-08-10,Instagram,Central,neutral
3848,Delivery was on time. Product is as expected.,2023-08-28,Facebook,Kololo,neutral
3849,Product is fine. Meets expectations without exceeding them.,2023-04-24,Facebook,Muyenga,neutral
3850,Great business with excellent customer care. Very professional. Located in Central. Great customer!,2023-06-11,WhatsApp,Nakawa,positive
3851,Great business with excellent customer care. Very professional.,2023-05-30,Google,Makindye,positive
3852,Best shop in Kawempe. Quality products and great service.,2023-08-11,Twitter,Kampala,positive
3853,Amazing service! The team went above and beyond to help me. Great product!,2024-08-23,Instagram,Kampala,positive
3854,Outstanding service! The staff was very helpful and friendly. Located in Central.,2023-02-04,WhatsApp,Ntinda,positive
3855,"Outstanding business! Professional, reliable, and customer-focused. Located in Bukoto.",2024-09-15,Website,Kawempe,positive
3856,Disappointing experience. Would not recommend this shop.,2023-09-30,Instagram,Makindye,negative
3857,"Outstanding business! Professional, reliable, and customer-focused. Located in Ntinda.",2024-02-11,Google,Central,positive
3858,Best customer service I've experienced. Products are top quality. Located in Kampala.,2024-09-15,Facebook,Makindye,positive
3859,Average experience overall. Product is fine but not great.,2023-03-27,WhatsApp,Central,neutral
3860,Best prices in Nakawa area. Great value for money. Great business!,2023-10-15,WhatsApp,Kampala,positive
3861,Outstanding service! The staff was very helpful and friendly. Located in Central.,2023-05-09,Facebook,Bukoto,positive
3862,Average quality products. Functional but not impressive.,2024-03-31,Twitter,Makindye,neutral
3863,Product is okay. Nothing special but serves its purpose.,2024-05-23,WhatsApp,Central,neutral
3864,Great value for money. Fast delivery and excellent packaging.,2023-07-15,Instagram,Central,positive
3865,Great business with excellent customer care. Very professional.,2024-11-25,Instagram,Lubaga,positive
3866,Great experience from start to finish. Will shop here again!,2024-03-20,WhatsApp,Kampala,positive
3867,Customer service needs major improvement. Very unprofessional.,2024-06-08,Website,Kawempe,negative
3868,"Outstanding business! Professional, reliable, and customer-focused.",2024-02-14,Google,Muyenga,positive
3869,Great value for money. Fast delivery and excellent packaging.,2023-02-14,Twitter,Kampala,positive
3870,Excellent products and service. Best in the area!,2023-04-08,Twitter,Bukoto,positive
3871,Average experience. Product is functional and adequate. Located in Central.,2023-03-10,Website,Bukoto,neutral
3872,Fair prices and acceptable quality. Nothing outstanding.,2023-03-16,Twitter,Bukoto,neutral
3873,Excellent products and service. Best in the area!,2024-11-29,Twitter,Lubaga,positive
3874,Top-notch quality. Exceeded my expectations completely. Located in Bukoto.,2024-03-08,Twitter,Muyenga,positive
3875,Product quality was disappointing. Not as described on the website. Located in Makindye.,2023-02-01,Twitter,Muyenga,negative
3876,Product didn't work as expected. Waste of money. Located in Central.,2023-03-20,Google,Nakawa,negative
3877,Standard quality. Nothing to complain about or praise.,2023-05-03,Instagram,Ntinda,neutral
3878,Product quality was disappointing. Not as described on the website. Great business!,2024-03-16,Website,Makindye,negative
3879,Average quality. Nothing special but nothing wrong either.,2024-03-10,Instagram,Muyenga,neutral
3880,Professional service and high-quality products. Very happy!,2024-05-27,Instagram,Kololo,positive
3881,Excellent business! Highly professional and reliable.,2023-08-19,Instagram,Makindye,positive
3882,Average product quality. Meets basic needs adequately.,2023-06-14,Facebook,Makindye,neutral
3883,Quick response time and excellent customer care. Highly recommended! Great customer!,2023-04-15,Instagram,Ntinda,positive
3884,Delivery was on time. Product is as expected. Located in Ntinda.,2023-03-23,Twitter,Kampala,neutral
3885,Outstanding quality and service. Will definitely shop here again. Located in Bukoto.,2023-04-01,WhatsApp,Kololo,positive
3886,Outstanding service! The staff was very helpful and friendly. Located in Lubaga.,2024-08-07,WhatsApp,Makindye,positive
3887,Top quality products at reasonable prices. Highly recommended! Great packaging!,2023-02-07,Website,Muyenga,positive
3888,Average product quality. Meets basic expectations. Located in Bukoto. Great business!,2024-06-27,Twitter,Bukoto,neutral
3889,Great prices and even better service. Highly recommend this business! Located in Bukoto.,2023-09-20,WhatsApp,Nakawa,positive
3890,Excellent customer support. They responded quickly to my questions. Located in Makindye.,2024-01-19,Twitter,Kawempe,positive
3891,Professional service and high-quality products. Very happy!,2024-07-16,Instagram,Ntinda,positive
3892,Product works fine. Decent quality for the price paid. Located in Muyenga. Great customer!,2024-04-22,Website,Makindye,neutral
3893,Best shopping experience! Quality products and great prices.,2024-01-26,Google,Central,positive
3894,Great value for money. Fast delivery and excellent packaging. Located in Kampala.,2024-02-12,Facebook,Kawempe,positive
3895,Amazing quality products. Will definitely buy again from this shop.,2024-11-27,Facebook,Makindye,positive
3896,Poor value for money. Better options available elsewhere. Located in Bukoto.,2023-10-01,Instagram,Makindye,negative
3897,Product arrived damaged and customer service refused to help. Great staff!,2023-01-22,Website,Nakawa,negative
3898,Quick response time and excellent customer care. Highly recommended! Located in Lubaga.,2023-12-19,Instagram,Bukoto,positive
3899,Excellent business! Highly professional and reliable.,2023-04-25,Website,Kampala,positive
3900,Amazing service! The team went above and beyond to help me.,2023-05-27,Facebook,Ntinda,positive
3901,Love shopping here! Always get great deals and quality products. Located in Muyenga.,2023-04-06,Website,Kawempe,positive
3902,Love shopping here! Always get great deals and quality products. Great store!,2023-10-29,Google,Kampala,positive
3903,Okay service. Nothing special but gets the job done.,2023-12-12,WhatsApp,Bukoto,neutral
3904,Professional service and high-quality products. Very happy! Located in Makindye. Great delivery!,2023-03-24,WhatsApp,Bukoto,positive
3905,Fair prices and acceptable quality. Nothing outstanding. Located in Bukoto. Great staff!,2023-06-19,WhatsApp,Central,neutral
3906,Love shopping here! Always get great deals and quality products. Located in Central.,2024-03-16,Instagram,Central,positive
3907,Decent quality products. Price is fair for what you receive. Great restaurant!,2024-01-18,Google,Central,neutral
3908,Great experience overall. Will be a returning customer.,2024-02-03,WhatsApp,Muyenga,positive
3909,Excellent communication and fast delivery. Highly satisfied!,2023-06-29,Twitter,Lubaga,positive
3910,Average quality. Price is reasonable for what you get.,2023-11-06,Website,Bukoto,neutral
3911,Best shop in Kawempe. Quality products and great service. Great packaging!,2023-11-28,Website,Ntinda,positive
3912,Excellent business! Highly professional and reliable. Located in Nakawa.,2023-08-13,Website,Nakawa,positive
3913,Best shop in Kawempe. Quality products and great service.,2024-08-06,Facebook,Ntinda,positive
3914,Great prices and even better service. Highly recommend this business!,2023-02-06,Instagram,Makindye,positive
3915,Best prices in Nakawa area. Great value for money. Located in Makindye. Great delivery!,2023-01-19,Twitter,Nakawa,positive
3916,"Fast delivery, good quality, fair prices. What more could you ask for? Located in Bukoto. Great price!",2023-03-17,Twitter,Central,positive
3917,Quick response time and excellent customer care. Highly recommended! Located in Ntinda.,2023-11-02,Website,Kampala,positive
3918,Not satisfied with the product. Quality is below expectations.,2023-02-06,Instagram,Central,negative
3919,"Outstanding business! Professional, reliable, and customer-focused.",2023-10-16,Google,Muyenga,positive
3920,"Fast delivery, good quality, fair prices. What more could you ask for?",2023-01-05,Google,Ntinda,positive
3921,Standard delivery time. Product quality is average. Great support!,2023-10-25,Website,Kawempe,neutral
3922,Average quality. Nothing special but nothing wrong either.,2023-02-24,Google,Bukoto,neutral
3923,Quick response time and excellent customer care. Highly recommended!,2024-06-26,Instagram,Kololo,positive
3924,Terrible experience. Would not recommend this business to anyone.,2024-11-27,Facebook,Nakawa,negative
3925,Average experience. Product is functional and adequate. Located in Central. Great shop!,2024-11-22,Google,Lubaga,neutral
3926,Very slow delivery and unresponsive customer support.,2023-08-09,Google,Kololo,negative
3927,Excellent customer support. They responded quickly to my questions. Located in Muyenga.,2024-04-21,Website,Kawempe,positive
3928,Excellent communication and fast delivery. Highly satisfied! Located in Central.,2024-03-17,Instagram,Nakawa,positive
3929,Great experience overall. Will be a returning customer. Located in Nakawa.,2023-02-15,Google,Nakawa,positive
3930,Average product quality. Meets basic expectations.,2024-07-18,WhatsApp,Makindye,neutral
3931,Terrible experience. Would not recommend this business to anyone.,2023-09-13,Twitter,Makindye,negative
3932,Love the product quality. Fast shipping and good packaging.,2024-08-29,Google,Kawempe,positive
3933,Worst shopping experience. Poor quality and terrible service.,2023-01-09,Instagram,Ntinda,negative
3934,Standard experience. Product does what it needs to do.,2023-04-02,Google,Bukoto,neutral
3935,Amazing quality products. Will definitely buy again from this shop.,2024-01-13,Instagram,Kololo,positive
3936,Great business with excellent customer care. Very professional.,2024-06-29,Google,Makindye,positive
3937,Love shopping here! Always get great deals and quality products.,2024-04-22,WhatsApp,Muyenga,positive
3938,Best shopping experience! Quality products and great prices.,2024-05-24,Facebook,Central,positive
3939,Great experience overall. Will be a returning customer.,2024-03-27,WhatsApp,Ntinda,positive
3940,Standard experience. Product does what it needs to do. Located in Makindye. Great shop!,2023-03-15,WhatsApp,Kampala,neutral
3941,Excellent products and service. Best in the area!,2023-01-25,WhatsApp,Makindye,positive
3942,Best prices in Nakawa area. Great value for money.,2023-06-17,WhatsApp,Nakawa,positive
3943,Very disappointed. Product quality is poor and service is worse. Great service!,2024-07-26,Instagram,Bukoto,negative
3944,Amazing service! The team went above and beyond to help me. Great quality!,2024-10-28,Facebook,Makindye,positive
3945,Product is okay. Nothing special but serves its purpose.,2024-12-12,Facebook,Lubaga,neutral
3946,Excellent products and service. Best in the area!,2024-02-20,Google,Kololo,positive
3947,Average product quality. Meets basic needs adequately. Located in Central.,2024-01-16,WhatsApp,Makindye,neutral
3948,Would not buy from here again. Poor experience overall.,2024-02-25,Facebook,Nakawa,negative
3949,"Fast delivery, good quality, fair prices. What more could you ask for? Located in Kawempe.",2023-08-25,Facebook,Makindye,positive
3950,Professional service and high-quality products. Very happy!,2024-12-17,Website,Kololo,positive
3951,Slow response time and poor communication from the business.,2023-08-11,Google,Nakawa,negative
3952,Great experience from start to finish. Will shop here again!,2024-10-28,Google,Central,positive
3953,Outstanding service! The staff was very helpful and friendly. Great experience!,2024-12-03,Twitter,Muyenga,positive
3954,Overpriced products with low quality. Not good value for money. Great shipping!,2024-02-16,Google,Kololo,negative
3955,Average experience. Product is functional and adequate.,2023-02-10,Google,Central,neutral
3956,Best shopping experience! Quality products and great prices.,2023-04-01,Instagram,Lubaga,positive
3957,Excellent products and service. Best in the area!,2023-04-10,Google,Lubaga,positive
3958,Great value for money. Fast delivery and excellent packaging.,2023-01-27,Facebook,Nakawa,positive
3959,Okay service. Nothing special but gets the job done. Located in Central.,2023-10-25,Twitter,Ntinda,neutral
3960,Standard service. No complaints but nothing exceptional either.,2024-04-18,Website,Nakawa,neutral
3961,Fair experience overall. Nothing exceptional but acceptable.,2024-04-10,WhatsApp,Lubaga,neutral
3962,"Outstanding business! Professional, reliable, and customer-focused. Located in Kampala. Great quality!",2023-06-09,Facebook,Kawempe,positive
3963,Poor value for money. Better options available elsewhere.,2024-07-12,Facebook,Central,negative
3964,Excellent business! Highly professional and reliable.,2023-09-20,Twitter,Lubaga,positive
3965,Average experience overall. Product is fine but not great.,2023-02-17,Instagram,Nakawa,neutral
3966,Amazing service! The team went above and beyond to help me. Located in Kawempe.,2023-07-21,Google,Kawempe,positive
3967,Best customer service I've experienced. Products are top quality.,2023-03-20,Google,Kololo,positive
3968,Best customer service I've experienced. Products are top quality. Located in Kololo. Great purchase!,2024-08-27,Website,Nakawa,positive
3969,Amazing experience! The product arrived on time and in perfect condition. Great packaging!,2023-09-28,Instagram,Central,positive
3970,Okay delivery time. Product is functional and usable.,2024-03-09,WhatsApp,Kawempe,neutral
3971,Poor customer service. Staff was rude and unhelpful.,2024-06-19,Website,Kawempe,negative
3972,Great experience from start to finish. Will shop here again! Great restaurant!,2023-06-14,Instagram,Kololo,positive
3973,Product arrived damaged and customer service refused to help.,2024-03-17,Facebook,Nakawa,negative
3974,Poor packaging led to damaged goods. Very unprofessional. Located in Central.,2023-02-28,Website,Muyenga,negative
3975,Best prices in Nakawa area. Great value for money.,2023-02-15,Instagram,Muyenga,positive
3976,Product works as expected. No major issues or complaints.,2023-09-08,WhatsApp,Kololo,neutral
3977,Great prices and even better service. Highly recommend this business! Great experience!,2024-01-16,Facebook,Lubaga,positive
3978,Amazing quality products. Will definitely buy again from this shop. Located in Muyenga.,2024-04-21,WhatsApp,Kawempe,positive
3979,Best shopping experience! Quality products and great prices.,2024-12-25,Facebook,Nakawa,positive
3980,Amazing experience! The product arrived on time and in perfect condition.,2023-10-16,Facebook,Bukoto,positive
3981,Okay service. Product meets basic requirements.,2023-10-23,Google,Makindye,neutral
3982,Standard business service. Acceptable but not exceptional.,2023-07-07,WhatsApp,Muyenga,neutral
3983,Great experience from start to finish. Will shop here again!,2024-09-02,Facebook,Nakawa,positive
3984,Customer service needs major improvement. Very unprofessional. Located in Kawempe.,2023-08-26,Website,Muyenga,negative
3985,Customer service is terrible. No one responds to complaints. Great packaging!,2023-02-03,Website,Makindye,negative
3986,Great business with excellent customer care. Very professional.,2023-09-25,Google,Bukoto,positive
3987,"Fast delivery, good quality, fair prices. What more could you ask for? Located in Kololo.",2024-03-01,Google,Central,positive
3988,Customer service needs major improvement. Very unprofessional.,2024-09-03,WhatsApp,Kawempe,negative
3989,Very slow delivery. Took over a week to arrive in Kampala.,2024-12-06,Facebook,Kampala,negative
3990,Standard delivery time. Product quality is average.,2024-10-13,WhatsApp,Makindye,neutral
3991,Average experience. Product is functional and adequate. Great quality!,2024-04-19,WhatsApp,Muyenga,neutral
3992,Average product quality. Meets basic expectations.,2023-12-27,Facebook,Bukoto,neutral
3993,Poor value for money. Better options available elsewhere. Great order!,2024-10-08,Instagram,Muyenga,negative
3994,Great products at affordable prices. Very satisfied with my purchase. Located in Lubaga.,2024-08-30,Facebook,Makindye,positive
3995,Excellent products and service. Best in the area!,2024-08-11,WhatsApp,Lubaga,positive
3996,Best shop in Kawempe. Quality products and great service.,2024-04-18,Facebook,Makindye,positive
3997,Fair experience overall. Nothing exceptional but acceptable.,2023-03-16,WhatsApp,Kawempe,neutral
3998,Best prices in Nakawa area. Great value for money.,2023-02-26,Website,Central,positive
3999,Okay experience. Nothing to complain about but not impressed either. Great price!,2023-09-13,Website,Ntinda,neutral
4000,Great business with excellent customer care. Very professional. Located in Kampala. Great customer!,2023-05-11,Google,Nakawa,positive
4001,Great business with excellent customer care. Very professional. Great store!,2024-06-05,Website,Kololo,positive
4002,Product is fine. Meets expectations without exceeding them. Located in Kololo.,2024-01-05,Instagram,Makindye,neutral
4003,Great service! Very fast delivery in Kampala. Highly recommend! Located in Kampala. Great restaurant!,2023-03-14,Google,Kawempe,positive
4004,Average experience. Product is functional and adequate. Located in Lubaga.,2024-04-15,Facebook,Central,neutral
4005,Decent service. No major complaints but nothing impressive. Located in Ntinda.,2024-04-24,Instagram,Kololo,neutral
4006,Very slow delivery. Took over a week to arrive in Kampala.,2023-06-27,Instagram,Central,negative
4007,Okay service. Nothing special but gets the job done.,2024-03-22,WhatsApp,Kololo,neutral
4008,Slow response time and poor communication from the business.,2023-12-03,Twitter,Nakawa,negative
4009,"Fast shipping, good quality, and excellent customer support. Great service!",2023-07-01,Website,Nakawa,positive
4010,Product is fine. Meets expectations without exceeding them. Located in Bukoto.,2023-01-26,WhatsApp,Lubaga,neutral
4011,Quick response time and excellent customer care. Highly recommended! Located in Ntinda.,2024-06-26,Website,Makindye,positive
4012,Best prices in Nakawa area. Great value for money.,2024-03-16,Facebook,Muyenga,positive
4013,Product is fine. Meets expectations without exceeding them. Great shipping!,2024-06-18,WhatsApp,Bukoto,neutral
4014,Product quality was disappointing. Not as described on the website.,2023-04-12,Instagram,Central,negative
4015,Great products at affordable prices. Very satisfied with my purchase. Located in Makindye. Great packaging!,2023-01-01,Twitter,Central,positive
4016,Best customer service I've experienced. Products are top quality. Located in Nakawa. Great business!,2023-11-11,Website,Kawempe,positive
4017,Best customer service I've experienced. Products are top quality. Located in Kampala. Great experience!,2023-04-27,Google,Muyenga,positive
4018,Great service! Very fast delivery in Kampala. Highly recommend!,2023-01-02,Google,Lubaga,positive
4019,Top-notch quality. Exceeded my expectations completely.,2023-04-17,Google,Makindye,positive
4020,Average product quality. Meets basic needs adequately. Located in Lubaga.,2023-11-20,WhatsApp,Bukoto,neutral
4021,Great experience from start to finish. Will shop here again!,2023-07-06,Website,Kawempe,positive
4022,Worst shopping experience. Poor quality and terrible service.,2023-08-17,Website,Kampala,negative
4023,Amazing experience! The product arrived on time and in perfect condition. Located in Central.,2023-02-14,Facebook,Nakawa,positive
4024,Love the product quality. Fast shipping and good packaging. Great quality!,2023-05-13,Google,Muyenga,positive
4025,Average experience. Product is functional and adequate. Great shipping!,2024-11-08,WhatsApp,Bukoto,neutral
4026,Excellent customer support. They responded quickly to my questions.,2023-03-13,Instagram,Makindye,positive
4027,Great experience from start to finish. Will shop here again!,2024-11-05,Twitter,Central,positive
4028,"Fast shipping, good quality, and excellent customer support. Located in Kololo.",2023-12-01,Google,Muyenga,positive
4029,Poor packaging led to damaged goods. Very unprofessional. Located in Kololo.,2023-02-25,WhatsApp,Ntinda,negative
4030,Not satisfied at all. Product quality is below standard.,2023-03-20,WhatsApp,Makindye,negative
4031,Great service! Very fast delivery in Kampala. Highly recommend! Great purchase!,2023-09-16,Facebook,Muyenga,positive
4032,Professional service and high-quality products. Very happy!,2024-01-07,WhatsApp,Bukoto,positive
4033,Amazing quality products. Will definitely buy again from this shop. Great business!,2023-07-27,Website,Kawempe,positive
4034,"Fast shipping, good quality, and excellent customer support.",2023-08-07,Google,Muyenga,positive
4035,Average quality products. Functional but not impressive.,2023-08-13,Google,Kawempe,neutral
4036,Delivery was on time. Product is as expected. Great order!,2023-08-11,Facebook,Kampala,neutral
4037,Okay service. Product meets basic requirements.,2023-10-12,Twitter,Muyenga,neutral
4038,Amazing service! The team went above and beyond to help me. Great experience!,2024-10-17,Twitter,Nakawa,positive
4039,"Fast shipping, good quality, and excellent customer support.",2024-02-23,WhatsApp,Ntinda,positive
4040,Fair value for money. Quality is acceptable but not premium.,2024-03-23,WhatsApp,Central,neutral
4041,Outstanding service! The staff was very helpful and friendly. Located in Central.,2024-11-17,WhatsApp,Muyenga,positive
4042,Great business with excellent customer care. Very professional.,2024-06-12,Instagram,Bukoto,positive
4043,Very disappointed with the quality. Not worth the money paid. Located in Bukoto.,2024-08-27,Twitter,Muyenga,negative
4044,Outstanding quality and service. Will definitely shop here again.,2023-08-23,Facebook,Bukoto,positive
4045,Excellent communication and fast delivery. Highly satisfied!,2023-03-07,Twitter,Makindye,positive
4046,Product is functional. Does what it's supposed to do.,2023-09-29,Website,Kampala,neutral
4047,Great products at affordable prices. Very satisfied with my purchase.,2024-08-02,Facebook,Kololo,positive
4048,Amazing experience! The product arrived on time and in perfect condition. Great shipping!,2024-08-10,Website,Bukoto,positive
4049,Standard business service. Acceptable but not exceptional. Great packaging!,2024-09-18,Twitter,Makindye,neutral
4050,Outstanding quality and service. Will definitely shop here again. Great product!,2023-12-22,Facebook,Muyenga,positive
4051,Best customer service I've experienced. Products are top quality. Located in Muyenga.,2023-06-21,Google,Kampala,positive
4052,Amazing service! The team went above and beyond to help me.,2024-01-09,Website,Makindye,positive
4053,Great experience from start to finish. Will shop here again!,2023-06-18,Twitter,Lubaga,positive
4054,Great products at affordable prices. Very satisfied with my purchase.,2023-02-12,Google,Lubaga,positive
4055,Overpriced products with low quality. Not good value for money. Located in Lubaga.,2024-12-12,Instagram,Nakawa,negative
4056,Very satisfied with my purchase. Great quality and fast delivery.,2024-12-18,Google,Makindye,positive
4057,Best prices in Nakawa area. Great value for money.,2023-07-19,Instagram,Kampala,positive
4058,Outstanding quality and service. Will definitely shop here again.,2024-09-20,Twitter,Lubaga,positive
4059,Delivery was delayed multiple times. Very frustrating experience. Located in Lubaga. Great product!,2024-03-28,Twitter,Kawempe,negative
4060,Best prices in Nakawa area. Great value for money.,2024-07-18,Twitter,Muyenga,positive
4061,Excellent business! Highly professional and reliable. Located in Muyenga.,2023-03-31,Facebook,Kawempe,positive
4062,Great products at affordable prices. Very satisfied with my purchase.,2023-06-05,Instagram,Kampala,positive
4063,Standard delivery time. Product quality is average.,2023-12-15,WhatsApp,Kampala,neutral
4064,Love shopping here! Always get great deals and quality products.,2023-09-02,WhatsApp,Nakawa,positive
4065,Excellent products and service. Best in the area! Great shop!,2023-11-25,WhatsApp,Lubaga,positive
4066,Okay product quality. Price matches the value received.,2024-02-07,Google,Nakawa,neutral
4067,"Fast shipping, good quality, and excellent customer support.",2024-08-17,Website,Makindye,positive
4068,Okay service. Product meets basic requirements.,2023-05-10,WhatsApp,Kololo,neutral
4069,Best customer service I've experienced. Products are top quality. Great shipping!,2024-08-04,Twitter,Bukoto,positive
4070,Quick response time and excellent customer care. Highly recommended! Located in Kampala.,2023-07-14,Google,Muyenga,positive
4071,Best prices in Nakawa area. Great value for money.,2023-01-11,Facebook,Central,positive
4072,Great business with excellent customer care. Very professional.,2024-05-10,Instagram,Muyenga,positive
4073,Average experience. Product is functional and adequate.,2024-06-20,Instagram,Nakawa,neutral
4074,Very slow delivery. Took over a week to arrive in Kampala.,2024-03-21,Twitter,Kololo,negative
4075,Product was damaged on arrival. Poor packaging quality. Great quality!,2023-04-22,Facebook,Central,negative
4076,Great products at affordable prices. Very satisfied with my purchase. Located in Lubaga.,2023-12-15,Facebook,Kampala,positive
4077,"Outstanding business! Professional, reliable, and customer-focused. Great store!",2024-02-21,Facebook,Kampala,positive
4078,Very satisfied with my purchase. Great quality and fast delivery. Great delivery!,2024-09-01,WhatsApp,Makindye,positive
4079,Love shopping here! Always get great deals and quality products. Located in Central.,2023-12-10,Google,Bukoto,positive
4080,Average quality. Nothing special but nothing wrong either. Located in Makindye.,2023-12-30,Google,Kololo,neutral
4081,Great value for money. Fast delivery and excellent packaging.,2023-12-24,Twitter,Kawempe,positive
4082,"Fast delivery, good quality, fair prices. What more could you ask for? Great packaging!",2024-04-02,Instagram,Lubaga,positive
4083,Professional service and high-quality products. Very happy!,2023-04-21,Facebook,Ntinda,positive
4084,Okay service. Nothing special but gets the job done.,2024-04-03,Website,Ntinda,neutral
4085,Top-notch quality. Exceeded my expectations completely.,2023-04-10,Google,Central,positive
4086,Worst shopping experience. Poor quality and terrible service.,2023-03-03,Instagram,Central,negative
4087,Top-notch quality. Exceeded my expectations completely.,2023-03-08,Google,Central,positive
4088,Love the product quality. Fast shipping and good packaging.,2024-01-13,Twitter,Makindye,positive
4089,Okay experience. Nothing to complain about but not impressed either. Located in Bukoto.,2024-10-31,Website,Lubaga,neutral
4090,Standard delivery. Product works but quality is average. Located in Muyenga.,2024-06-17,WhatsApp,Lubaga,neutral
4091,Best shopping experience! Quality products and great prices.,2024-09-02,Instagram,Kampala,positive
4092,Customer service needs major improvement. Very unprofessional.,2023-02-12,Google,Makindye,negative
4093,Quick response time and excellent customer care. Highly recommended!,2023-08-18,Website,Lubaga,positive
4094,Average quality. Price is reasonable for what you get.,2023-12-09,Twitter,Kawempe,neutral
4095,Average quality products. Functional but not impressive.,2024-07-29,Facebook,Nakawa,neutral
4096,Very satisfied with my purchase. Great quality and fast delivery. Located in Nakawa. Great purchase!,2024-08-14,Website,Lubaga,positive
4097,Very satisfied with my purchase. Great quality and fast delivery. Located in Lubaga.,2023-05-05,Instagram,Kololo,positive
4098,Best prices in Nakawa area. Great value for money.,2023-08-04,Instagram,Ntinda,positive
4099,"Outstanding business! Professional, reliable, and customer-focused. Great price!",2024-07-07,Facebook,Kololo,positive
4100,Amazing service! The team went above and beyond to help me. Located in Makindye.,2024-01-03,Instagram,Lubaga,positive
4101,Amazing service! The team went above and beyond to help me. Located in Bukoto.,2023-02-28,Facebook,Nakawa,positive
4102,Standard business service. Acceptable but not exceptional. Located in Ntinda.,2023-07-13,Twitter,Central,neutral
4103,Excellent customer support. They responded quickly to my questions.,2023-07-12,Website,Kololo,positive
4104,Best shop in Kawempe. Quality products and great service.,2024-01-21,Instagram,Kawempe,positive
4105,Excellent products and service. Best in the area! Located in Bukoto.,2023-04-30,Instagram,Kampala,positive
4106,Not satisfied at all. Product quality is below standard.,2024-06-07,Twitter,Muyenga,negative
4107,Product is okay. Nothing special but serves its purpose. Located in Kololo.,2024-09-16,Facebook,Kampala,neutral
4108,Average quality. Nothing special but nothing wrong either.,2024-08-11,Instagram,Makindye,neutral
4109,Fair experience overall. Nothing exceptional but acceptable. Located in Lubaga.,2024-08-15,Google,Muyenga,neutral
4110,Top-notch quality. Exceeded my expectations completely.,2023-03-27,Instagram,Kampala,positive
4111,Great experience overall. Will be a returning customer. Located in Lubaga.,2023-06-07,Instagram,Muyenga,positive
4112,Great experience overall. Will be a returning customer.,2023-11-03,Instagram,Nakawa,positive
4113,Top-notch quality. Exceeded my expectations completely.,2024-08-02,WhatsApp,Kololo,positive
4114,Love the product quality. Fast shipping and good packaging.,2024-11-28,Google,Bukoto,positive
4115,Professional service and high-quality products. Very happy! Great purchase!,2023-05-23,Instagram,Muyenga,positive
4116,Great service! Very fast delivery in Kampala. Highly recommend! Great staff!,2023-02-08,Twitter,Nakawa,positive
4117,Very satisfied with my purchase. Great quality and fast delivery. Located in Nakawa.,2023-11-15,Website,Makindye,positive
4118,Delivery was on time. Product is as expected.,2024-12-31,Facebook,Nakawa,neutral
4119,Not satisfied at all. Product quality is below standard.,2024-12-09,Instagram,Kololo,negative
4120,"Outstanding business! Professional, reliable, and customer-focused.",2023-12-21,Instagram,Central,positive
4121,Great business with excellent customer care. Very professional. Great business!,2024-10-20,Twitter,Central,positive
4122,Worst shopping experience. Poor quality and terrible service. Located in Ntinda.,2024-06-22,WhatsApp,Central,negative
4123,Okay delivery time. Product is functional and usable. Great service!,2023-07-24,Facebook,Ntinda,neutral
4124,Great experience from start to finish. Will shop here again!,2023-09-24,Google,Kawempe,positive
4125,Outstanding service! The staff was very helpful and friendly. Great customer!,2023-05-17,WhatsApp,Muyenga,positive
4126,Okay service. Product meets basic requirements. Great restaurant!,2023-11-19,Facebook,Kololo,neutral
4127,Great experience from start to finish. Will shop here again!,2023-07-01,Google,Central,positive
4128,Best customer service I've experienced. Products are top quality. Great restaurant!,2024-08-17,Facebook,Nakawa,positive
4129,Best shop in Kawempe. Quality products and great service.,2024-09-27,Twitter,Nakawa,positive
4130,Professional service and high-quality products. Very happy!,2023-08-08,Twitter,Makindye,positive
4131,Fair value for money. Quality is acceptable but not premium. Great packaging!,2024-02-13,Google,Kawempe,neutral
4132,Terrible customer service. No help when I had an issue. Located in Muyenga.,2023-04-04,Twitter,Lubaga,negative
4133,Amazing quality products. Will definitely buy again from this shop.,2023-11-08,Website,Nakawa,positive
4134,Amazing quality products. Will definitely buy again from this shop.,2024-10-04,Facebook,Makindye,positive
4135,Average product quality. Meets basic needs adequately.,2023-07-13,Website,Makindye,neutral
4136,Very satisfied with my purchase. Great quality and fast delivery.,2024-04-17,WhatsApp,Central,positive
4137,Delivery issues. Package arrived late and damaged.,2024-04-25,Twitter,Kampala,negative
4138,Standard quality. Nothing to complain about or praise. Great service!,2024-10-10,Facebook,Kampala,neutral
4139,Best customer service I've experienced. Products are top quality.,2024-10-11,Google,Kawempe,positive
4140,Best shop in Kawempe. Quality products and great service. Great customer!,2023-07-21,WhatsApp,Kampala,positive
4141,Top quality products at reasonable prices. Highly recommended!,2023-07-18,Website,Central,positive
4142,Decent value. Product works as expected. Located in Kololo.,2023-11-30,WhatsApp,Kololo,neutral
4143,Excellent customer support. They responded quickly to my questions. Located in Kampala.,2023-04-11,Website,Ntinda,positive
4144,Standard delivery time. Product quality is average.,2024-12-09,Google,Ntinda,neutral
4145,Average quality. Nothing special but nothing wrong either. Located in Lubaga.,2023-08-05,Facebook,Kololo,neutral
4146,Great value for money. Fast delivery and excellent packaging. Located in Kawempe.,2024-03-02,WhatsApp,Makindye,positive
4147,Amazing experience! The product arrived on time and in perfect condition.,2024-05-30,Facebook,Lubaga,positive
4148,Excellent communication and fast delivery. Highly satisfied!,2023-10-08,Instagram,Kawempe,positive
4149,"Outstanding business! Professional, reliable, and customer-focused.",2024-06-04,Google,Kawempe,positive
4150,Great experience from start to finish. Will shop here again!,2023-12-25,WhatsApp,Bukoto,positive
4151,Great products at affordable prices. Very satisfied with my purchase. Located in Ntinda.,2023-04-05,Twitter,Makindye,positive
4152,Love shopping here! Always get great deals and quality products. Great purchase!,2023-09-27,Facebook,Kampala,positive
4153,Worst shopping experience. Poor quality and terrible service.,2024-04-01,Google,Muyenga,negative
4154,Quick response time and excellent customer care. Highly recommended!,2023-03-14,Website,Muyenga,positive
4155,Product works as expected. No major issues or complaints. Located in Kololo.,2023-09-11,Website,Kampala,neutral
4156,Standard business service. Acceptable but not exceptional. Located in Ntinda.,2023-01-19,Website,Kololo,neutral
4157,Excellent business! Highly professional and reliable.,2024-01-07,WhatsApp,Lubaga,positive
4158,Average product quality. Meets basic expectations.,2024-07-24,Website,Nakawa,neutral
4159,Amazing experience! The product arrived on time and in perfect condition. Located in Kawempe.,2024-08-06,Facebook,Makindye,positive
4160,Excellent products and service. Best in the area!,2024-09-14,Instagram,Lubaga,positive
4161,Excellent products and service. Best in the area! Located in Muyenga. Great delivery!,2024-05-14,Twitter,Muyenga,positive
4162,Amazing experience! The product arrived on time and in perfect condition.,2023-10-12,Facebook,Kawempe,positive
4163,Excellent communication and fast delivery. Highly satisfied!,2024-05-04,Google,Kawempe,positive
4164,Product quality was disappointing. Not as described on the website. Located in Kawempe. Great shop!,2023-05-30,Website,Makindye,negative
4165,Product is okay. Nothing special but serves its purpose. Great shop!,2024-02-20,WhatsApp,Bukoto,neutral
4166,Best shopping experience! Quality products and great prices. Located in Muyenga.,2023-12-03,Facebook,Ntinda,positive
4167,Professional service and high-quality products. Very happy! Located in Nakawa.,2023-06-25,Facebook,Nakawa,positive
4168,Great experience overall. Will be a returning customer. Located in Makindye.,2023-01-25,WhatsApp,Ntinda,positive
4169,Best prices in Nakawa area. Great value for money.,2024-03-27,Website,Kawempe,positive
4170,Average product quality. Meets basic expectations. Located in Lubaga. Great product!,2024-01-14,WhatsApp,Ntinda,neutral
4171,Product is okay. Nothing special but serves its purpose. Located in Makindye.,2023-09-13,Twitter,Ntinda,neutral
4172,Amazing quality products. Will definitely buy again from this shop. Located in Makindye. Great store!,2024-10-19,WhatsApp,Muyenga,positive
4173,Best shopping experience! Quality products and great prices.,2023-02-11,Twitter,Lubaga,positive
4174,Standard delivery time. Product quality is average. Great store!,2023-02-01,WhatsApp,Makindye,neutral
4175,Quick response time and excellent customer care. Highly recommended!,2024-12-06,WhatsApp,Makindye,positive
4176,Customer service was unresponsive. Had to wait days for a reply. Located in Muyenga.,2024-09-16,WhatsApp,Central,negative
4177,Great value for money. Fast delivery and excellent packaging.,2024-10-19,Facebook,Nakawa,positive
4178,"Fast shipping, good quality, and excellent customer support.",2023-03-09,Website,Nakawa,positive
4179,Best prices in Nakawa area. Great value for money.,2024-09-05,Twitter,Bukoto,positive
4180,"Fast shipping, good quality, and excellent customer support.",2023-11-01,Website,Kampala,positive
4181,"Fast delivery, good quality, fair prices. What more could you ask for?",2023-10-03,WhatsApp,Nakawa,positive
4182,Love shopping here! Always get great deals and quality products. Located in Kampala.,2024-12-27,Instagram,Ntinda,positive
4183,Outstanding service! The staff was very helpful and friendly. Great shop!,2024-08-30,Instagram,Kampala,positive
4184,Outstanding service! The staff was very helpful and friendly.,2023-07-26,Website,Nakawa,positive
4185,Great prices and even better service. Highly recommend this business!,2023-05-09,Instagram,Central,positive
4186,Love the product quality. Fast shipping and good packaging. Located in Kololo. Great shipping!,2024-05-08,Facebook,Bukoto,positive
4187,Standard delivery. Product works but quality is average.,2024-04-29,Twitter,Ntinda,neutral
4188,Customer service is terrible. No one responds to complaints.,2023-07-08,WhatsApp,Kawempe,negative
4189,Great service! Very fast delivery in Kampala. Highly recommend! Great price!,2024-07-25,Instagram,Bukoto,positive
4190,Best shop in Kawempe. Quality products and great service.,2024-05-29,WhatsApp,Kololo,positive
4191,Outstanding service! The staff was very helpful and friendly. Great purchase!,2023-03-16,Google,Kololo,positive
4192,Top quality products at reasonable prices. Highly recommended! Located in Kololo. Great price!,2023-10-28,Instagram,Central,positive
4193,Great business with excellent customer care. Very professional.,2024-11-05,Instagram,Central,positive
4194,Fair experience overall. Nothing exceptional but acceptable.,2024-03-23,WhatsApp,Muyenga,neutral
4195,Decent service. No major complaints but nothing impressive. Located in Kawempe.,2023-04-04,Facebook,Kololo,neutral
4196,Best prices in Nakawa area. Great value for money.,2023-10-20,WhatsApp,Central,positive
4197,Not satisfied with the product. Quality is below expectations.,2023-09-23,WhatsApp,Ntinda,negative
4198,Fair value for money. Quality is acceptable but not premium.,2024-12-17,Twitter,Lubaga,neutral
4199,Best shopping experience! Quality products and great prices.,2024-08-31,Facebook,Kololo,positive
4200,Outstanding quality and service. Will definitely shop here again. Located in Kololo.,2024-10-31,Twitter,Makindye,positive
4201,Slow response time and poor communication from the business. Located in Central.,2024-12-13,Instagram,Kololo,negative
4202,Product was damaged on arrival. Poor packaging quality.,2023-10-12,Website,Lubaga,negative
4203,Great service! Very fast delivery in Kampala. Highly recommend! Located in Lubaga.,2023-02-11,Twitter,Kololo,positive
4204,Okay delivery time. Product is functional and usable.,2024-04-26,Facebook,Kampala,neutral
4205,Great business with excellent customer care. Very professional.,2024-09-20,WhatsApp,Makindye,positive
4206,Product arrived damaged and customer service refused to help. Located in Nakawa.,2023-11-15,Google,Kololo,negative
4207,Amazing experience! The product arrived on time and in perfect condition.,2023-10-11,WhatsApp,Lubaga,positive
4208,Top quality products at reasonable prices. Highly recommended! Located in Lubaga.,2023-11-20,Google,Kampala,positive
4209,"Fast delivery, good quality, fair prices. What more could you ask for?",2023-06-21,WhatsApp,Kampala,positive
4210,Amazing service! The team went above and beyond to help me.,2023-06-14,Twitter,Nakawa,positive
4211,Amazing experience! The product arrived on time and in perfect condition. Great delivery!,2024-07-26,Website,Kawempe,positive
4212,Quick response time and excellent customer care. Highly recommended! Located in Central.,2024-05-24,Website,Lubaga,positive
4213,Best shop in Kawempe. Quality products and great service. Great quality!,2024-03-31,Website,Muyenga,positive
4214,Great business with excellent customer care. Very professional. Great shipping!,2023-04-28,Google,Muyenga,positive
4215,Outstanding quality and service. Will definitely shop here again. Located in Makindye.,2024-11-18,Instagram,Kampala,positive
4216,"Outstanding business! Professional, reliable, and customer-focused.",2024-07-21,Website,Kawempe,positive
4217,Love shopping here! Always get great deals and quality products.,2024-08-04,Google,Muyenga,positive
4218,Average product quality. Meets basic needs adequately.,2024-11-01,Website,Bukoto,neutral
4219,Amazing quality products. Will definitely buy again from this shop. Located in Kampala.,2024-05-13,Facebook,Kololo,positive
4220,Excellent business! Highly professional and reliable. Great shop!,2023-03-17,Website,Nakawa,positive
4221,Great products at affordable prices. Very satisfied with my purchase. Great service!,2023-09-16,Facebook,Kampala,positive
4222,Excellent products and service. Best in the area!,2024-06-22,Twitter,Central,positive
4223,Overpriced products with low quality. Not good value for money.,2023-04-26,Facebook,Kawempe,negative
4224,Delivery was on time. Product is as expected.,2024-10-21,Facebook,Kampala,neutral
4225,Average quality. Price is reasonable for what you get.,2024-11-11,Google,Kololo,neutral
4226,Great value for money. Fast delivery and excellent packaging.,2024-06-25,Instagram,Lubaga,positive
4227,Product works fine. Decent quality for the price paid.,2024-02-12,Twitter,Central,neutral
4228,Fair value for money. Quality is acceptable but not premium.,2024-08-29,Google,Lubaga,neutral
4229,Customer service was unresponsive. Had to wait days for a reply.,2023-01-04,Instagram,Muyenga,negative
4230,Average experience. Product is functional and adequate.,2023-04-01,Facebook,Central,neutral
4231,Best customer service I've experienced. Products are top quality. Located in Kololo.,2024-07-03,Facebook,Central,positive
4232,Overpriced compared to other shops in Nakawa area.,2023-12-26,WhatsApp,Kampala,negative
4233,Delivery was on time. Product is as expected. Located in Nakawa.,2024-01-07,Instagram,Makindye,neutral
4234,Average experience. Product is functional and adequate. Located in Kawempe.,2023-01-18,Facebook,Muyenga,neutral
4235,Love shopping here! Always get great deals and quality products. Located in Kawempe.,2023-02-17,Instagram,Kololo,positive
4236,Very slow delivery. Took over a week to arrive in Kampala. Located in Kawempe.,2024-08-04,Instagram,Bukoto,negative
4237,Standard experience. Product does what it needs to do.,2024-05-31,Facebook,Bukoto,neutral
4238,Poor customer service. Staff was rude and unhelpful.,2023-04-04,Facebook,Nakawa,negative
4239,Best customer service I've experienced. Products are top quality.,2024-04-05,WhatsApp,Bukoto,positive
4240,Professional service and high-quality products. Very happy!,2024-12-19,Website,Kololo,positive
4241,Great products at affordable prices. Very satisfied with my purchase. Located in Lubaga.,2023-06-25,Website,Kampala,positive
4242,Delivery issues. Package arrived late and damaged.,2024-01-25,Facebook,Central,negative
4243,Top quality products at reasonable prices. Highly recommended!,2024-06-16,Facebook,Bukoto,positive
4244,Standard delivery. Product works but quality is average. Great experience!,2023-04-08,Twitter,Kololo,neutral
4245,Average quality. Nothing special but nothing wrong either. Great customer!,2024-05-22,WhatsApp,Makindye,neutral
4246,Outstanding service! The staff was very helpful and friendly. Located in Lubaga.,2024-07-10,Instagram,Muyenga,positive
4247,Very satisfied with my purchase. Great quality and fast delivery.,2024-10-16,Twitter,Kawempe,positive
4248,Best shopping experience! Quality products and great prices.,2023-08-11,WhatsApp,Ntinda,positive
4249,Love the product quality. Fast shipping and good packaging. Great quality!,2023-10-16,Twitter,Muyenga,positive
4250,Product was damaged on arrival. Poor packaging quality.,2023-11-28,Website,Ntinda,negative
4251,Top quality products at reasonable prices. Highly recommended! Located in Central. Great packaging!,2023-04-15,Instagram,Nakawa,positive
4252,Top quality products at reasonable prices. Highly recommended!,2024-07-23,Twitter,Kololo,positive
4253,Fair prices and acceptable quality. Nothing outstanding. Located in Nakawa. Great restaurant!,2024-09-04,WhatsApp,Bukoto,neutral
4254,Decent quality products. Price is fair for what you receive.,2023-08-25,Instagram,Muyenga,neutral
4255,"Outstanding business! Professional, reliable, and customer-focused.",2024-12-02,Facebook,Lubaga,positive
4256,Standard service. No complaints but nothing exceptional either. Located in Muyenga.,2024-12-21,Google,Muyenga,neutral
4257,Excellent customer support. They responded quickly to my questions.,2023-08-15,Instagram,Central,positive
4258,Great experience from start to finish. Will shop here again! Great restaurant!,2023-10-28,Twitter,Makindye,positive
4259,Fair prices and acceptable quality. Nothing outstanding. Located in Nakawa.,2023-12-22,Google,Kololo,neutral
4260,Excellent customer support. They responded quickly to my questions. Located in Muyenga.,2024-06-05,WhatsApp,Nakawa,positive
4261,Amazing experience! The product arrived on time and in perfect condition.,2023-05-07,Twitter,Central,positive
4262,Great experience from start to finish. Will shop here again!,2023-03-28,Twitter,Makindye,positive
4263,Amazing quality products. Will definitely buy again from this shop.,2023-07-01,Instagram,Lubaga,positive
4264,Top-notch quality. Exceeded my expectations completely.,2024-07-28,WhatsApp,Kampala,positive
4265,"Fast shipping, good quality, and excellent customer support.",2024-06-19,Facebook,Makindye,positive
4266,Worst shopping experience. Poor quality and terrible service.,2023-04-29,Instagram,Kawempe,negative
4267,Amazing service! The team went above and beyond to help me. Great business!,2024-07-01,Website,Lubaga,positive
4268,Excellent business! Highly professional and reliable. Great shipping!,2024-08-17,Website,Makindye,positive
4269,Great products at affordable prices. Very satisfied with my purchase.,2023-12-08,Twitter,Lubaga,positive
4270,Best prices in Nakawa area. Great value for money.,2023-04-29,Facebook,Ntinda,positive
4271,Best customer service I've experienced. Products are top quality.,2024-09-10,Twitter,Makindye,positive
4272,Best prices in Nakawa area. Great value for money.,2023-03-03,Website,Kampala,positive
4273,Great business with excellent customer care. Very professional. Located in Makindye.,2024-10-10,WhatsApp,Lubaga,positive
4274,Great experience from start to finish. Will shop here again! Located in Kawempe.,2024-12-22,Website,Ntinda,positive
4275,Decent quality products. Price is fair for what you receive. Great staff!,2023-02-25,Facebook,Kololo,neutral
4276,Great business with excellent customer care. Very professional. Located in Kawempe. Great experience!,2023-08-06,Instagram,Nakawa,positive
4277,Great products at affordable prices. Very satisfied with my purchase. Located in Central. Great customer!,2023-01-12,Website,Kampala,positive
4278,Outstanding service! The staff was very helpful and friendly. Located in Makindye. Great store!,2024-06-13,Google,Kololo,positive
4279,Great value for money. Fast delivery and excellent packaging.,2023-06-28,Twitter,Nakawa,positive
4280,Very disappointed. Product quality is poor and service is worse.,2023-07-06,Instagram,Kampala,negative
4281,Average product quality. Meets basic needs adequately.,2023-11-14,Website,Kawempe,neutral
4282,Love shopping here! Always get great deals and quality products.,2023-09-02,Instagram,Ntinda,positive
4283,Product arrived damaged and customer service refused to help.,2023-08-08,Website,Ntinda,negative
4284,Okay service. Product meets basic requirements.,2023-03-07,Google,Nakawa,neutral
4285,Decent service. No major complaints but nothing impressive. Great shipping!,2024-07-20,WhatsApp,Makindye,neutral
4286,Great experience overall. Will be a returning customer. Located in Bukoto.,2023-07-24,Facebook,Kampala,positive
4287,Great experience from start to finish. Will shop here again!,2024-01-24,Website,Kampala,positive
4288,Excellent customer support. They responded quickly to my questions. Located in Muyenga.,2024-09-07,Instagram,Kololo,positive
4289,Amazing service! The team went above and beyond to help me.,2023-04-17,Google,Bukoto,positive
4290,"Fast shipping, good quality, and excellent customer support.",2023-01-03,Twitter,Kawempe,positive
4291,Best prices in Nakawa area. Great value for money. Located in Central.,2023-11-02,WhatsApp,Kawempe,positive
4292,Quick response time and excellent customer care. Highly recommended!,2024-03-26,Facebook,Bukoto,positive
4293,Excellent customer support. They responded quickly to my questions. Great service!,2024-10-05,Google,Bukoto,positive
4294,Amazing quality products. Will definitely buy again from this shop. Great service!,2023-05-31,Website,Lubaga,positive
4295,Best shopping experience! Quality products and great prices.,2023-06-19,Instagram,Central,positive
4296,Great service! Very fast delivery in Kampala. Highly recommend!,2023-03-17,Twitter,Nakawa,positive
4297,Okay delivery time. Product is functional and usable.,2024-04-29,Website,Kawempe,neutral
4298,Excellent business! Highly professional and reliable.,2024-05-20,WhatsApp,Lubaga,positive
4299,Best customer service I've experienced. Products are top quality.,2024-09-14,WhatsApp,Nakawa,positive
4300,Great products at affordable prices. Very satisfied with my purchase.,2024-04-01,Instagram,Kawempe,positive
4301,Excellent business! Highly professional and reliable.,2023-04-05,Instagram,Kawempe,positive
4302,Best shopping experience! Quality products and great prices. Great experience!,2024-10-15,Twitter,Kololo,positive
4303,Overpriced compared to other shops in Nakawa area.,2024-04-23,Website,Bukoto,negative
4304,Average experience. Product is functional and adequate.,2023-05-18,Instagram,Muyenga,neutral
4305,Great prices and even better service. Highly recommend this business!,2023-12-29,Instagram,Kololo,positive
4306,Disappointing experience. Would not recommend this shop.,2024-02-29,Website,Bukoto,negative
4307,Poor quality products. Broke within days of purchase.,2023-08-14,Instagram,Kololo,negative
4308,Delivery was on time. Product is as expected.,2023-07-29,Facebook,Makindye,neutral
4309,Great experience overall. Will be a returning customer.,2024-12-13,Twitter,Kampala,positive
4310,Average experience overall. Product is fine but not great.,2023-10-28,WhatsApp,Nakawa,neutral
4311,Decent service. No major complaints but nothing impressive.,2024-04-17,WhatsApp,Kampala,neutral
4312,Product was damaged on arrival. Poor packaging quality.,2024-05-05,WhatsApp,Bukoto,negative
4313,Okay delivery time. Product is functional and usable.,2024-03-04,Facebook,Nakawa,neutral
4314,Great value for money. Fast delivery and excellent packaging.,2024-03-14,Facebook,Kampala,positive
4315,Okay product quality. Price matches the value received.,2023-03-05,WhatsApp,Central,neutral
4316,Very satisfied with my purchase. Great quality and fast delivery.,2024-01-13,Website,Kawempe,positive
4317,"Outstanding business! Professional, reliable, and customer-focused.",2023-07-30,Facebook,Kawempe,positive
4318,Great experience overall. Will be a returning customer. Great purchase!,2024-06-04,Twitter,Muyenga,positive
4319,Product quality was disappointing. Not as described on the website.,2023-04-26,Google,Makindye,negative
4320,Product was defective but they refused to refund. Bad business.,2023-08-15,Twitter,Central,negative
4321,Overpriced compared to other shops in Nakawa area. Located in Kampala.,2024-06-08,Website,Lubaga,negative
4322,Great value for money. Fast delivery and excellent packaging.,2024-08-06,WhatsApp,Kololo,positive
4323,Amazing service! The team went above and beyond to help me. Great business!,2023-08-31,Twitter,Ntinda,positive
4324,Okay delivery time. Product is functional and usable.,2024-11-12,Facebook,Central,neutral
4325,Love the product quality. Fast shipping and good packaging.,2023-06-16,Website,Nakawa,positive
4326,Great prices and even better service. Highly recommend this business! Located in Lubaga.,2024-08-30,Website,Nakawa,positive
4327,Excellent business! Highly professional and reliable. Located in Lubaga.,2023-12-16,Facebook,Kampala,positive
4328,Product works as expected. No major issues or complaints.,2024-08-16,Google,Nakawa,neutral
4329,Product broke after just one week of use. Very poor quality.,2023-10-29,Facebook,Nakawa,negative
4330,Amazing quality products. Will definitely buy again from this shop.,2023-09-06,WhatsApp,Kawempe,positive
4331,Very satisfied with my purchase. Great quality and fast delivery. Located in Kawempe.,2024-02-01,Twitter,Kampala,positive
4332,Poor quality products. Broke within days of purchase. Located in Bukoto. Great shop!,2024-07-18,Google,Kawempe,negative
4333,Top-notch quality. Exceeded my expectations completely. Great staff!,2024-10-22,Twitter,Central,positive
4334,Best shopping experience! Quality products and great prices.,2024-11-24,Facebook,Kololo,positive
4335,Average product quality. Meets basic needs adequately. Great quality!,2023-03-08,Twitter,Central,neutral
4336,Great value for money. Fast delivery and excellent packaging. Located in Ntinda.,2024-11-17,Twitter,Ntinda,positive
4337,Fair experience overall. Nothing exceptional but acceptable.,2023-01-02,Google,Kawempe,neutral
4338,Great business with excellent customer care. Very professional. Located in Central. Great store!,2023-12-22,WhatsApp,Bukoto,positive
4339,"Outstanding business! Professional, reliable, and customer-focused. Located in Ntinda.",2023-12-20,Instagram,Kawempe,positive
4340,"Fast delivery, good quality, fair prices. What more could you ask for?",2023-04-22,Instagram,Nakawa,positive
4341,Great value for money. Fast delivery and excellent packaging.,2023-02-28,Instagram,Makindye,positive
4342,Amazing experience! The product arrived on time and in perfect condition. Great packaging!,2024-07-27,WhatsApp,Kololo,positive
4343,Average experience overall. Product is fine but not great.,2023-10-27,Twitter,Nakawa,neutral
4344,Delivery was on time. Product is as expected.,2024-07-18,Twitter,Bukoto,neutral
4345,Product is okay. Nothing special but serves its purpose.,2024-11-20,Instagram,Kampala,neutral
4346,Top quality products at reasonable prices. Highly recommended! Great order!,2024-02-02,WhatsApp,Bukoto,positive
4347,Decent service. No major complaints but nothing impressive.,2023-11-20,Facebook,Nakawa,neutral
4348,Top-notch quality. Exceeded my expectations completely. Located in Lubaga.,2024-08-10,Instagram,Central,positive
4349,Amazing quality products. Will definitely buy again from this shop. Great business!,2023-01-26,Google,Bukoto,positive
4350,Fair prices and acceptable quality. Nothing outstanding. Located in Central.,2023-06-13,Website,Makindye,neutral
4351,Great experience overall. Will be a returning customer.,2024-02-08,Twitter,Kololo,positive
4352,Product is functional. Does what it's supposed to do. Located in Lubaga. Great service!,2024-08-03,Google,Kololo,neutral
4353,Decent value. Product works as expected.,2023-01-27,WhatsApp,Kawempe,neutral
4354,Delivery was on time. Product is as expected.,2024-07-09,Google,Kampala,neutral
4355,Great products at affordable prices. Very satisfied with my purchase. Located in Nakawa.,2024-05-03,Twitter,Makindye,positive
4356,Best shop in Kawempe. Quality products and great service.,2024-08-07,Instagram,Lubaga,positive
4357,Excellent customer support. They responded quickly to my questions.,2024-08-17,Twitter,Muyenga,positive
4358,Best shopping experience! Quality products and great prices. Located in Central.,2024-01-20,WhatsApp,Kololo,positive
4359,Disappointing experience. Would not recommend this shop. Great shop!,2023-04-03,Instagram,Nakawa,negative
4360,Standard delivery. Product works but quality is average.,2023-12-29,WhatsApp,Muyenga,neutral
4361,Excellent communication and fast delivery. Highly satisfied!,2023-10-06,Facebook,Kawempe,positive
4362,Amazing experience! The product arrived on time and in perfect condition.,2023-01-01,Website,Central,positive
4363,Excellent communication and fast delivery. Highly satisfied!,2023-04-21,Google,Ntinda,positive
4364,Outstanding service! The staff was very helpful and friendly.,2024-07-20,Google,Central,positive
4365,Best customer service I've experienced. Products are top quality.,2023-03-14,Google,Kololo,positive
4366,Product works fine. Decent quality for the price paid.,2024-08-28,Google,Makindye,neutral
4367,Professional service and high-quality products. Very happy! Located in Muyenga.,2023-08-09,Website,Central,positive
4368,Professional service and high-quality products. Very happy!,2024-06-26,Google,Nakawa,positive
4369,Not satisfied at all. Product quality is below standard.,2024-05-06,Facebook,Nakawa,negative
4370,Standard delivery time. Product quality is average. Located in Muyenga.,2024-07-24,Website,Kololo,neutral
4371,Poor quality products. Broke within days of purchase.,2023-06-02,Twitter,Kampala,negative
4372,Standard delivery. Product works but quality is average. Located in Kampala.,2024-01-11,Instagram,Muyenga,neutral
4373,Best shopping experience! Quality products and great prices.,2024-03-20,Instagram,Lubaga,positive
4374,Very satisfied with my purchase. Great quality and fast delivery. Great experience!,2023-07-11,Facebook,Kololo,positive
4375,Top quality products at reasonable prices. Highly recommended!,2023-01-17,Twitter,Ntinda,positive
4376,Standard delivery. Product works but quality is average.,2024-05-28,Website,Lubaga,neutral
4377,Standard quality. Nothing to complain about or praise. Great product!,2023-08-09,WhatsApp,Bukoto,neutral
4378,"Fast shipping, good quality, and excellent customer support. Located in Kampala.",2023-10-30,Twitter,Ntinda,positive
4379,Great value for money. Fast delivery and excellent packaging.,2024-03-04,Google,Ntinda,positive
4380,Amazing experience! The product arrived on time and in perfect condition.,2024-10-17,Google,Ntinda,positive
4381,Very slow delivery and unresponsive customer support.,2024-12-31,WhatsApp,Bukoto,negative
4382,Great prices and even better service. Highly recommend this business! Located in Kampala. Great support!,2024-02-15,Instagram,Lubaga,positive
4383,"Fast shipping, good quality, and excellent customer support. Great quality!",2023-12-22,WhatsApp,Makindye,positive
4384,"Fast shipping, good quality, and excellent customer support.",2024-04-27,Google,Lubaga,positive
4385,Standard delivery time. Product quality is average. Great restaurant!,2024-04-02,Facebook,Central,neutral
4386,Outstanding quality and service. Will definitely shop here again. Located in Bukoto.,2024-01-04,Facebook,Kololo,positive
4387,Decent value. Product works as expected.,2024-08-13,Google,Bukoto,neutral
4388,Okay experience. Nothing to complain about but not impressed either. Located in Lubaga.,2024-01-14,Twitter,Nakawa,neutral
4389,Top quality products at reasonable prices. Highly recommended! Located in Kawempe. Great product!,2023-10-10,Facebook,Kampala,positive
4390,"Outstanding business! Professional, reliable, and customer-focused.",2023-06-27,WhatsApp,Makindye,positive
4391,Excellent customer support. They responded quickly to my questions.,2023-04-26,WhatsApp,Kololo,positive
4392,Best shopping experience! Quality products and great prices.,2024-10-17,Instagram,Bukoto,positive
4393,Best shop in Kawempe. Quality products and great service.,2024-05-23,WhatsApp,Nakawa,positive
4394,Great service! Very fast delivery in Kampala. Highly recommend! Located in Kololo.,2024-06-25,Google,Nakawa,positive
4395,"Fast delivery, good quality, fair prices. What more could you ask for?",2024-08-20,Google,Kampala,positive
4396,Great prices and even better service. Highly recommend this business! Located in Kampala.,2024-04-18,Google,Ntinda,positive
4397,Okay delivery time. Product is functional and usable.,2023-10-10,WhatsApp,Nakawa,neutral
4398,Outstanding quality and service. Will definitely shop here again.,2024-09-13,Website,Kololo,positive
4399,Great value for money. Fast delivery and excellent packaging. Located in Makindye.,2023-10-03,Twitter,Ntinda,positive
4400,Love shopping here! Always get great deals and quality products.,2024-03-16,Instagram,Muyenga,positive
4401,Standard business service. Acceptable but not exceptional.,2024-09-21,Google,Kawempe,neutral
4402,Standard delivery time. Product quality is average.,2023-02-10,Google,Muyenga,neutral
4403,Average experience. Product is functional and adequate.,2023-07-15,Google,Kololo,neutral
4404,"Outstanding business! Professional, reliable, and customer-focused.",2023-08-13,Google,Central,positive
4405,Very slow delivery and unresponsive customer support.,2024-10-18,Google,Ntinda,negative
4406,Great prices and even better service. Highly recommend this business! Great shipping!,2024-10-17,WhatsApp,Nakawa,positive
4407,Average quality products. Functional but not impressive. Located in Nakawa.,2023-05-21,Twitter,Lubaga,neutral
4408,Amazing service! The team went above and beyond to help me. Located in Kampala. Great store!,2023-07-16,Twitter,Kampala,positive
4409,Poor value for money. Better options available elsewhere.,2023-09-29,Twitter,Kololo,negative
4410,Product was damaged on arrival. Poor packaging quality. Located in Bukoto.,2024-05-09,Twitter,Nakawa,negative
4411,Product is okay. Nothing special but serves its purpose. Located in Muyenga. Great product!,2023-11-12,Twitter,Nakawa,neutral
4412,Top quality products at reasonable prices. Highly recommended!,2024-02-28,WhatsApp,Makindye,positive
4413,Average quality. Price is reasonable for what you get. Great product!,2023-02-28,Google,Ntinda,neutral
4414,Amazing quality products. Will definitely buy again from this shop. Located in Makindye.,2023-10-16,Google,Makindye,positive
4415,"Fast shipping, good quality, and excellent customer support.",2023-08-24,Google,Central,positive
4416,Top-notch quality. Exceeded my expectations completely. Located in Central.,2024-06-06,WhatsApp,Kololo,positive
4417,Excellent products and service. Best in the area! Located in Nakawa.,2023-08-27,Google,Ntinda,positive
4418,Top quality products at reasonable prices. Highly recommended!,2023-06-13,Website,Bukoto,positive
4419,Great value for money. Fast delivery and excellent packaging.,2023-03-29,Facebook,Muyenga,positive
4420,Love shopping here! Always get great deals and quality products. Located in Kololo.,2024-06-10,Instagram,Lubaga,positive
4421,Best shop in Kawempe. Quality products and great service.,2023-07-07,WhatsApp,Ntinda,positive
4422,Love the product quality. Fast shipping and good packaging. Great order!,2024-06-26,Instagram,Bukoto,positive
4423,Outstanding quality and service. Will definitely shop here again. Great price!,2024-10-16,Facebook,Makindye,positive
4424,Standard delivery. Product works but quality is average.,2024-03-04,Twitter,Kawempe,neutral
4425,Fair experience overall. Nothing exceptional but acceptable.,2024-08-18,Website,Ntinda,neutral
4426,Excellent business! Highly professional and reliable.,2024-06-19,Instagram,Nakawa,positive
4427,Excellent business! Highly professional and reliable. Located in Central.,2024-09-08,Twitter,Makindye,positive
4428,Outstanding service! The staff was very helpful and friendly.,2023-03-28,Instagram,Lubaga,positive
4429,Excellent business! Highly professional and reliable. Located in Kampala.,2024-09-16,Twitter,Kawempe,positive
4430,Very satisfied with my purchase. Great quality and fast delivery.,2024-07-24,Google,Nakawa,positive
4431,Terrible experience. Would not recommend this business to anyone.,2023-10-02,Facebook,Makindye,negative
4432,Okay service. Product meets basic requirements. Located in Kololo.,2024-07-17,WhatsApp,Nakawa,neutral
4433,Very disappointed. Product quality is poor and service is worse. Located in Kololo.,2024-04-17,Instagram,Central,negative
4434,Great business with excellent customer care. Very professional.,2024-04-09,WhatsApp,Lubaga,positive
4435,Great experience from start to finish. Will shop here again! Great shipping!,2024-01-18,Facebook,Kampala,positive
4436,Top-notch quality. Exceeded my expectations completely.,2024-09-14,Twitter,Kampala,positive
4437,Poor packaging led to damaged goods. Very unprofessional.,2023-10-07,Instagram,Bukoto,negative
4438,Great prices and even better service. Highly recommend this business! Located in Makindye.,2024-06-15,WhatsApp,Kololo,positive
4439,Average quality products. Functional but not impressive.,2024-05-30,Twitter,Kawempe,neutral
4440,Excellent customer support. They responded quickly to my questions.,2023-11-17,Instagram,Lubaga,positive
4441,Amazing quality products. Will definitely buy again from this shop.,2023-11-01,Instagram,Muyenga,positive
4442,Best customer service I've experienced. Products are top quality.,2024-12-12,Twitter,Lubaga,positive
4443,Decent quality products. Price is fair for what you receive. Located in Muyenga. Great service!,2024-12-07,Twitter,Kawempe,neutral
4444,Okay service. Product meets basic requirements.,2024-07-27,Twitter,Ntinda,neutral
4445,Average experience overall. Product is fine but not great. Located in Kololo.,2024-04-06,Google,Nakawa,neutral
4446,Poor customer service. Staff was rude and unhelpful. Located in Kampala.,2023-03-08,Instagram,Bukoto,negative
4447,Delivery was on time. Product is as expected.,2024-12-12,Google,Bukoto,neutral
4448,Amazing experience! The product arrived on time and in perfect condition.,2024-03-06,Twitter,Kololo,positive
4449,Very slow delivery. Took over a week to arrive in Kampala. Located in Kampala.,2023-02-27,Instagram,Kololo,negative
4450,Great business with excellent customer care. Very professional.,2023-03-05,Instagram,Kololo,positive
4451,Amazing quality products. Will definitely buy again from this shop. Located in Nakawa. Great staff!,2024-01-15,Google,Muyenga,positive
4452,Love the product quality. Fast shipping and good packaging.,2023-10-14,Facebook,Makindye,positive
4453,Product is functional. Does what it's supposed to do.,2023-07-24,Website,Lubaga,neutral
4454,Very satisfied with my purchase. Great quality and fast delivery.,2023-10-01,Twitter,Bukoto,positive
4455,Average quality products. Functional but not impressive.,2024-05-21,Instagram,Muyenga,neutral
4456,Customer service was unresponsive. Had to wait days for a reply.,2023-05-22,Facebook,Kampala,negative
4457,Product is fine. Meets expectations without exceeding them.,2024-12-28,WhatsApp,Central,neutral
4458,Excellent customer support. They responded quickly to my questions.,2024-03-26,Website,Bukoto,positive
4459,Product is okay. Nothing special but serves its purpose. Great restaurant!,2023-11-20,Google,Central,neutral
4460,Great experience from start to finish. Will shop here again!,2024-02-19,Website,Central,positive
4461,Product works as expected. No major issues or complaints. Located in Makindye.,2023-10-17,WhatsApp,Nakawa,neutral
4462,Best prices in Nakawa area. Great value for money.,2024-01-03,WhatsApp,Kampala,positive
4463,Standard delivery time. Product quality is average. Located in Muyenga.,2023-07-21,Google,Kampala,neutral
4464,Excellent customer support. They responded quickly to my questions.,2023-11-25,Twitter,Nakawa,positive
4465,Not satisfied with the product. Quality is below expectations.,2023-02-02,Instagram,Muyenga,negative
4466,Top quality products at reasonable prices. Highly recommended! Great purchase!,2023-09-27,Google,Kololo,positive
4467,Outstanding service! The staff was very helpful and friendly. Great shipping!,2023-12-02,Google,Central,positive
4468,Top-notch quality. Exceeded my expectations completely.,2024-05-27,Instagram,Kololo,positive
4469,Excellent business! Highly professional and reliable.,2023-08-29,Instagram,Central,positive
4470,Amazing experience! The product arrived on time and in perfect condition. Great delivery!,2024-05-01,WhatsApp,Lubaga,positive
4471,"Fast delivery, good quality, fair prices. What more could you ask for?",2024-02-29,Website,Kololo,positive
4472,Best shopping experience! Quality products and great prices.,2023-12-08,Website,Kampala,positive
4473,Love shopping here! Always get great deals and quality products.,2024-10-26,Website,Central,positive
4474,Fair value for money. Quality is acceptable but not premium.,2023-04-13,Instagram,Nakawa,neutral
4475,Fair value for money. Quality is acceptable but not premium.,2024-07-01,Facebook,Makindye,neutral
4476,"Outstanding business! Professional, reliable, and customer-focused. Located in Lubaga.",2024-06-02,WhatsApp,Lubaga,positive
4477,Okay delivery time. Product is functional and usable. Located in Kololo.,2024-04-19,Facebook,Ntinda,neutral
4478,Excellent communication and fast delivery. Highly satisfied! Located in Bukoto.,2023-10-15,Instagram,Makindye,positive
4479,Delivery was on time. Product is as expected. Located in Bukoto.,2024-08-11,WhatsApp,Bukoto,neutral
4480,Average quality products. Functional but not impressive.,2024-05-07,Twitter,Central,neutral
4481,Best shop in Kawempe. Quality products and great service. Located in Lubaga. Great shipping!,2024-04-04,WhatsApp,Bukoto,positive
4482,Delivery was delayed multiple times. Very frustrating experience.,2024-07-13,Facebook,Kololo,negative
4483,Product is okay. Nothing special but serves its purpose. Located in Nakawa.,2023-12-15,Facebook,Kawempe,neutral
4484,Very satisfied with my purchase. Great quality and fast delivery.,2024-03-10,Google,Muyenga,positive
4485,Very disappointed. Product quality is poor and service is worse.,2024-12-12,Facebook,Central,negative
4486,Product is fine. Meets expectations without exceeding them. Located in Central.,2024-05-25,Twitter,Makindye,neutral
4487,"Fast shipping, good quality, and excellent customer support. Located in Kololo.",2024-07-11,Instagram,Central,positive
4488,Product was damaged on arrival. Poor packaging quality. Located in Lubaga.,2023-09-10,Google,Kololo,negative
4489,Average product quality. Meets basic expectations. Located in Kololo.,2023-08-21,Facebook,Nakawa,neutral
4490,Poor packaging led to damaged goods. Very unprofessional. Located in Central.,2024-05-31,Google,Ntinda,negative
4491,Amazing experience! The product arrived on time and in perfect condition. Located in Nakawa.,2023-11-07,Twitter,Kawempe,positive
4492,Professional service and high-quality products. Very happy!,2023-01-27,Facebook,Kampala,positive
4493,Best customer service I've experienced. Products are top quality. Located in Nakawa. Great customer!,2024-07-24,Website,Kampala,positive
4494,Best shop in Kawempe. Quality products and great service.,2023-07-25,Twitter,Nakawa,positive
4495,Average product quality. Meets basic needs adequately.,2024-07-24,Twitter,Kampala,neutral
4496,Great products at affordable prices. Very satisfied with my purchase.,2024-05-23,WhatsApp,Kampala,positive
4497,Standard business service. Acceptable but not exceptional. Located in Lubaga.,2024-12-07,WhatsApp,Lubaga,neutral
4498,Customer service was unresponsive. Had to wait days for a reply.,2023-03-16,Instagram,Lubaga,negative
4499,Would not buy from here again. Poor experience overall. Located in Ntinda.,2024-06-28,Facebook,Makindye,negative
4500,Product didn't work as expected. Waste of money. Located in Kawempe.,2024-08-17,Instagram,Kampala,negative
4501,Very disappointed with the quality. Not worth the money paid. Located in Nakawa.,2023-12-14,Website,Nakawa,negative
4502,Okay product quality. Price matches the value received.,2023-10-15,Google,Nakawa,neutral
4503,Okay service. Nothing special but gets the job done.,2024-12-25,WhatsApp,Bukoto,neutral
4504,Okay experience. Nothing to complain about but not impressed either.,2023-04-15,Facebook,Muyenga,neutral
4505,"Fast delivery, good quality, fair prices. What more could you ask for?",2023-12-17,Instagram,Kawempe,positive
4506,Best shop in Kawempe. Quality products and great service.,2024-07-07,Website,Ntinda,positive
4507,Very disappointed. Product quality is poor and service is worse. Located in Kawempe.,2024-04-25,Instagram,Central,negative
4508,"Outstanding business! Professional, reliable, and customer-focused.",2023-02-15,Facebook,Bukoto,positive
4509,Excellent communication and fast delivery. Highly satisfied!,2024-03-20,WhatsApp,Bukoto,positive
4510,Professional service and high-quality products. Very happy! Great product!,2024-06-01,Instagram,Makindye,positive
4511,Amazing service! The team went above and beyond to help me.,2023-11-25,Google,Kololo,positive
4512,Fair experience overall. Nothing exceptional but acceptable. Located in Nakawa.,2024-07-07,Facebook,Kampala,neutral
4513,Great experience from start to finish. Will shop here again! Great delivery!,2023-09-22,Instagram,Kampala,positive
4514,Very satisfied with my purchase. Great quality and fast delivery.,2023-12-15,Twitter,Makindye,positive
4515,Standard service. No complaints but nothing exceptional either.,2023-11-18,Facebook,Ntinda,neutral
4516,Very slow delivery and unresponsive customer support. Located in Ntinda.,2024-06-25,Twitter,Kampala,negative
4517,Slow response time and poor communication from the business. Located in Kololo. Great support!,2024-09-17,Twitter,Central,negative
4518,Not satisfied at all. Product quality is below standard.,2023-09-15,WhatsApp,Bukoto,negative
4519,Excellent business! Highly professional and reliable. Located in Muyenga.,2024-06-21,Website,Makindye,positive
4520,Average product quality. Meets basic needs adequately. Great delivery!,2023-06-11,Instagram,Kololo,neutral
4521,Excellent business! Highly professional and reliable. Located in Kampala.,2024-11-17,Website,Lubaga,positive
4522,Outstanding quality and service. Will definitely shop here again.,2024-07-09,Website,Muyenga,positive
4523,Excellent customer support. They responded quickly to my questions. Located in Central.,2023-08-10,WhatsApp,Nakawa,positive
4524,Very satisfied with my purchase. Great quality and fast delivery. Located in Kampala.,2023-07-12,Google,Makindye,positive
4525,Love shopping here! Always get great deals and quality products.,2024-11-11,Google,Lubaga,positive
4526,Great experience from start to finish. Will shop here again! Great service!,2024-01-13,Twitter,Nakawa,positive
4527,Very satisfied with my purchase. Great quality and fast delivery. Great price!,2023-12-14,Instagram,Ntinda,positive
4528,Overpriced products with low quality. Not good value for money.,2024-06-14,Instagram,Makindye,negative
4529,Decent service. No major complaints but nothing impressive. Great delivery!,2023-10-02,Facebook,Makindye,neutral
4530,Product is okay. Nothing special but serves its purpose. Located in Bukoto.,2024-08-14,Google,Muyenga,neutral
4531,Great experience from start to finish. Will shop here again!,2023-03-30,Instagram,Muyenga,positive
4532,"Fast shipping, good quality, and excellent customer support. Located in Central.",2024-12-10,Instagram,Central,positive
4533,Top-notch quality. Exceeded my expectations completely. Located in Kawempe.,2024-05-17,Twitter,Bukoto,positive
4534,Great products at affordable prices. Very satisfied with my purchase.,2023-12-15,Website,Bukoto,positive
4535,Great service! Very fast delivery in Kampala. Highly recommend! Located in Muyenga.,2024-12-23,WhatsApp,Central,positive
4536,Okay service. Product meets basic requirements.,2024-11-16,Google,Nakawa,neutral
4537,Product is fine. Meets expectations without exceeding them. Located in Kololo.,2023-11-17,Instagram,Central,neutral
4538,Okay service. Product meets basic requirements.,2023-01-12,Facebook,Nakawa,neutral
4539,Best shop in Kawempe. Quality products and great service.,2024-10-30,Instagram,Bukoto,positive
4540,"Fast delivery, good quality, fair prices. What more could you ask for?",2023-08-04,Google,Ntinda,positive
4541,Poor value for money. Better options available elsewhere. Located in Muyenga.,2023-06-14,Twitter,Kololo,negative
4542,Quick response time and excellent customer care. Highly recommended!,2024-06-28,Instagram,Muyenga,positive
4543,Great experience overall. Will be a returning customer. Located in Kawempe. Great shipping!,2024-03-23,Facebook,Central,positive
4544,Product is functional. Does what it's supposed to do. Located in Nakawa.,2023-10-01,Instagram,Muyenga,neutral
4545,Customer service needs major improvement. Very unprofessional.,2023-08-23,Facebook,Ntinda,negative
4546,Average quality products. Functional but not impressive.,2024-01-16,Twitter,Central,neutral
4547,Customer service is terrible. No one responds to complaints. Located in Nakawa.,2024-08-03,Website,Makindye,negative
4548,Best shopping experience! Quality products and great prices. Located in Makindye.,2024-05-10,WhatsApp,Kawempe,positive
4549,Excellent products and service. Best in the area! Great shop!,2024-11-02,WhatsApp,Nakawa,positive
4550,Fair value for money. Quality is acceptable but not premium.,2024-05-26,Website,Central,neutral
4551,Standard business service. Acceptable but not exceptional.,2024-04-15,Twitter,Kololo,neutral
4552,Standard business service. Acceptable but not exceptional.,2023-09-24,WhatsApp,Ntinda,neutral
4553,Great prices and even better service. Highly recommend this business!,2023-05-28,Website,Nakawa,positive
4554,Poor value for money. Better options available elsewhere.,2024-09-26,WhatsApp,Central,negative
4555,Great prices and even better service. Highly recommend this business!,2024-08-18,Twitter,Kawempe,positive
4556,Decent service. No major complaints but nothing impressive.,2023-10-10,Instagram,Kampala,neutral
4557,Fair value for money. Quality is acceptable but not premium.,2024-06-11,WhatsApp,Lubaga,neutral
4558,Average quality products. Functional but not impressive.,2023-05-07,Facebook,Nakawa,neutral
4559,Professional service and high-quality products. Very happy!,2024-09-09,Instagram,Kawempe,positive
4560,Best shop in Kawempe. Quality products and great service.,2023-06-01,Instagram,Muyenga,positive
4561,Excellent business! Highly professional and reliable. Located in Bukoto.,2024-03-12,Website,Ntinda,positive
4562,"Outstanding business! Professional, reliable, and customer-focused.",2023-05-12,Google,Muyenga,positive
4563,Amazing quality products. Will definitely buy again from this shop. Great customer!,2024-12-14,Google,Kampala,positive
4564,Okay experience. Nothing to complain about but not impressed either.,2023-02-08,Facebook,Bukoto,neutral
4565,Amazing service! The team went above and beyond to help me. Located in Bukoto.,2024-02-28,Website,Kawempe,positive
4566,Amazing service! The team went above and beyond to help me.,2024-11-26,Twitter,Kampala,positive
4567,Excellent products and service. Best in the area!,2024-02-16,Instagram,Makindye,positive
4568,Standard delivery time. Product quality is average. Located in Bukoto.,2024-08-28,Facebook,Kololo,neutral
4569,Great experience overall. Will be a returning customer.,2024-08-30,Website,Muyenga,positive
4570,Best prices in Nakawa area. Great value for money.,2024-03-04,WhatsApp,Muyenga,positive
4571,Poor value for money. Better options available elsewhere. Located in Ntinda.,2023-02-22,Website,Bukoto,negative
4572,Outstanding service! The staff was very helpful and friendly. Located in Kololo.,2023-05-31,Twitter,Lubaga,positive
4573,Great experience from start to finish. Will shop here again!,2023-09-15,Google,Central,positive
4574,Outstanding quality and service. Will definitely shop here again. Great restaurant!,2024-04-22,Facebook,Nakawa,positive
4575,Top quality products at reasonable prices. Highly recommended!,2023-02-09,WhatsApp,Central,positive
4576,Overpriced compared to other shops in Nakawa area.,2023-06-11,Twitter,Ntinda,negative
4577,Excellent products and service. Best in the area!,2023-10-09,WhatsApp,Muyenga,positive
4578,Very slow delivery and unresponsive customer support. Great shop!,2023-11-21,Google,Central,negative
4579,Amazing quality products. Will definitely buy again from this shop.,2024-10-26,Google,Ntinda,positive
4580,Best prices in Nakawa area. Great value for money.,2023-01-31,Twitter,Kawempe,positive
4581,Outstanding quality and service. Will definitely shop here again.,2024-10-05,WhatsApp,Makindye,positive
4582,Quick response time and excellent customer care. Highly recommended! Great service!,2024-02-03,Instagram,Muyenga,positive
4583,Not satisfied with the product. Quality is below expectations.,2024-08-28,Facebook,Kawempe,negative
4584,Product is okay. Nothing special but serves its purpose.,2023-07-19,Google,Kampala,neutral
4585,Great experience overall. Will be a returning customer. Located in Kololo.,2023-11-09,Google,Muyenga,positive
4586,Amazing quality products. Will definitely buy again from this shop. Located in Kololo.,2023-01-17,Google,Bukoto,positive
4587,Average experience overall. Product is fine but not great.,2023-01-08,Twitter,Nakawa,neutral
4588,Excellent business! Highly professional and reliable.,2023-01-21,Instagram,Central,positive
4589,Great products at affordable prices. Very satisfied with my purchase. Located in Central.,2024-01-07,Facebook,Central,positive
4590,Love the product quality. Fast shipping and good packaging. Located in Nakawa. Great shipping!,2023-08-25,Facebook,Kololo,positive
4591,Best shopping experience! Quality products and great prices.,2023-03-21,Twitter,Kawempe,positive
4592,Very slow delivery. Took over a week to arrive in Kampala.,2023-05-21,Website,Bukoto,negative
4593,Great value for money. Fast delivery and excellent packaging.,2024-12-30,Google,Ntinda,positive
4594,Great value for money. Fast delivery and excellent packaging.,2023-08-20,Instagram,Kawempe,positive
4595,Customer service is terrible. No one responds to complaints.,2023-04-20,Facebook,Ntinda,negative
4596,Amazing service! The team went above and beyond to help me.,2023-11-17,Instagram,Nakawa,positive
4597,Average experience. Product is functional and adequate.,2023-07-14,Facebook,Lubaga,neutral
4598,Top quality products at reasonable prices. Highly recommended! Located in Kololo.,2024-04-06,Website,Kawempe,positive
4599,Great service! Very fast delivery in Kampala. Highly recommend!,2024-12-14,Facebook,Kawempe,positive
4600,Product didn't work as expected. Waste of money.,2023-07-26,Instagram,Ntinda,negative
4601,Great prices and even better service. Highly recommend this business!,2024-10-30,Google,Lubaga,positive
4602,Product works as expected. No major issues or complaints. Located in Muyenga.,2023-02-12,WhatsApp,Nakawa,neutral
4603,Great value for money. Fast delivery and excellent packaging. Great business!,2023-04-25,Website,Kampala,positive
4604,Product didn't work as expected. Waste of money. Located in Ntinda.,2023-06-18,Google,Bukoto,negative
4605,Product was damaged on arrival. Poor packaging quality.,2024-11-25,Website,Muyenga,negative
4606,Excellent communication and fast delivery. Highly satisfied!,2023-02-01,WhatsApp,Kololo,positive
4607,Excellent business! Highly professional and reliable. Located in Kawempe.,2023-06-25,Google,Nakawa,positive
4608,Best prices in Nakawa area. Great value for money.,2023-12-14,WhatsApp,Kampala,positive
4609,Average product quality. Meets basic needs adequately. Located in Nakawa.,2023-03-10,WhatsApp,Makindye,neutral
4610,Amazing service! The team went above and beyond to help me.,2023-03-18,Twitter,Makindye,positive
4611,Amazing service! The team went above and beyond to help me.,2023-09-29,Website,Kololo,positive
4612,Okay service. Product meets basic requirements.,2024-04-13,WhatsApp,Central,neutral
4613,Decent value. Product works as expected. Located in Kampala.,2024-01-31,Google,Nakawa,neutral
4614,Average quality. Nothing special but nothing wrong either.,2023-12-22,Facebook,Kawempe,neutral
4615,Love shopping here! Always get great deals and quality products. Great staff!,2024-06-26,Google,Kololo,positive
4616,Product arrived damaged and customer service refused to help. Great service!,2024-07-13,Facebook,Muyenga,negative
4617,Average quality products. Functional but not impressive. Located in Central.,2024-04-08,WhatsApp,Kololo,neutral
4618,Excellent customer support. They responded quickly to my questions.,2024-10-24,Twitter,Kampala,positive
4619,Delivery was on time. Product is as expected. Located in Lubaga.,2024-02-23,Instagram,Ntinda,neutral
4620,Excellent products and service. Best in the area! Located in Kololo.,2024-06-15,Instagram,Kololo,positive
4621,Love shopping here! Always get great deals and quality products.,2023-08-28,WhatsApp,Muyenga,positive
4622,Average product quality. Meets basic expectations. Great customer!,2023-10-03,Google,Central,neutral
4623,Best prices in Nakawa area. Great value for money.,2023-08-01,Instagram,Kawempe,positive
4624,"Fast delivery, good quality, fair prices. What more could you ask for?",2024-12-10,Twitter,Ntinda,positive
4625,Best shopping experience! Quality products and great prices.,2023-09-27,Google,Makindye,positive
4626,Top-notch quality. Exceeded my expectations completely. Great restaurant!,2023-02-22,WhatsApp,Nakawa,positive
4627,Best customer service I've experienced. Products are top quality.,2024-08-29,Facebook,Bukoto,positive
4628,"Fast delivery, good quality, fair prices. What more could you ask for? Located in Lubaga.",2023-02-02,Twitter,Bukoto,positive
4629,Product is okay. Nothing special but serves its purpose.,2024-03-25,Google,Muyenga,neutral
4630,Quick response time and excellent customer care. Highly recommended! Located in Lubaga.,2023-12-31,Instagram,Nakawa,positive
4631,Great business with excellent customer care. Very professional.,2024-10-19,Instagram,Bukoto,positive
4632,Standard business service. Acceptable but not exceptional. Located in Kawempe.,2024-03-30,Website,Bukoto,neutral
4633,Average product quality. Meets basic expectations. Located in Lubaga. Great experience!,2023-06-06,Instagram,Nakawa,neutral
4634,Product was damaged on arrival. Poor packaging quality. Great packaging!,2024-03-26,Twitter,Nakawa,negative
4635,Excellent business! Highly professional and reliable. Great customer!,2023-09-15,Google,Ntinda,positive
4636,Professional service and high-quality products. Very happy!,2023-05-15,WhatsApp,Bukoto,positive
4637,Top-notch quality. Exceeded my expectations completely.,2024-06-27,Facebook,Makindye,positive
4638,Best shopping experience! Quality products and great prices.,2024-06-26,Twitter,Nakawa,positive
4639,Great service! Very fast delivery in Kampala. Highly recommend!,2023-06-26,Google,Kawempe,positive
4640,Love shopping here! Always get great deals and quality products.,2024-02-13,Twitter,Kampala,positive
4641,"Fast delivery, good quality, fair prices. What more could you ask for?",2023-05-03,Instagram,Muyenga,positive
4642,Excellent communication and fast delivery. Highly satisfied!,2024-10-11,Facebook,Lubaga,positive
4643,Product quality was disappointing. Not as described on the website.,2023-04-18,WhatsApp,Central,negative
4644,Delivery was delayed multiple times. Very frustrating experience.,2023-05-13,Website,Bukoto,negative
4645,"Fast delivery, good quality, fair prices. What more could you ask for?",2024-04-04,Twitter,Kampala,positive
4646,Customer service needs major improvement. Very unprofessional.,2023-09-27,WhatsApp,Bukoto,negative
4647,Product works as expected. No major issues or complaints.,2023-04-13,Twitter,Nakawa,neutral
4648,Average quality. Price is reasonable for what you get. Great shipping!,2024-07-10,Website,Lubaga,neutral
4649,Professional service and high-quality products. Very happy!,2023-06-24,Instagram,Kampala,positive
4650,Okay experience. Nothing to complain about but not impressed either. Great store!,2023-01-09,Website,Ntinda,neutral
4651,Fair experience overall. Nothing exceptional but acceptable.,2024-09-23,Instagram,Bukoto,neutral
4652,Terrible experience. Would not recommend this business to anyone. Great service!,2024-08-15,Twitter,Makindye,negative
4653,Professional service and high-quality products. Very happy! Located in Makindye.,2024-12-06,WhatsApp,Kawempe,positive
4654,Great prices and even better service. Highly recommend this business! Great packaging!,2023-09-30,Facebook,Makindye,positive
4655,"Fast shipping, good quality, and excellent customer support. Great support!",2024-11-28,Twitter,Kawempe,positive
4656,Excellent products and service. Best in the area! Located in Kampala.,2024-09-11,WhatsApp,Makindye,positive
4657,Top-notch quality. Exceeded my expectations completely.,2024-05-25,Twitter,Kololo,positive
4658,Quick response time and excellent customer care. Highly recommended!,2023-11-27,Website,Muyenga,positive
4659,Best customer service I've experienced. Products are top quality.,2024-06-03,WhatsApp,Lubaga,positive
4660,Love the product quality. Fast shipping and good packaging.,2024-12-26,Facebook,Ntinda,positive
4661,Very slow delivery and unresponsive customer support. Located in Makindye.,2023-08-25,WhatsApp,Ntinda,negative
4662,Great experience from start to finish. Will shop here again! Located in Ntinda.,2024-07-18,Instagram,Lubaga,positive
4663,Best customer service I've experienced. Products are top quality.,2023-12-21,WhatsApp,Bukoto,positive
4664,Great experience from start to finish. Will shop here again! Located in Makindye.,2024-06-07,WhatsApp,Makindye,positive
4665,Product is okay. Nothing special but serves its purpose. Located in Muyenga.,2023-06-19,WhatsApp,Kampala,neutral
4666,Great experience overall. Will be a returning customer.,2023-12-29,Google,Ntinda,positive
4667,Great products at affordable prices. Very satisfied with my purchase. Located in Kololo.,2024-03-22,WhatsApp,Kawempe,positive
4668,Best customer service I've experienced. Products are top quality.,2024-01-22,Twitter,Kawempe,positive
4669,Love shopping here! Always get great deals and quality products.,2024-01-20,Facebook,Ntinda,positive
4670,"Fast shipping, good quality, and excellent customer support.",2024-03-18,Instagram,Nakawa,positive
4671,Product is functional. Does what it's supposed to do.,2023-04-05,Facebook,Kawempe,neutral
4672,Standard quality. Nothing to complain about or praise.,2024-08-29,Twitter,Kampala,neutral
4673,Standard service. No complaints but nothing exceptional either.,2023-05-16,Facebook,Makindye,neutral
4674,Decent quality products. Price is fair for what you receive. Located in Muyenga.,2024-10-15,Facebook,Lubaga,neutral
4675,Great value for money. Fast delivery and excellent packaging. Located in Nakawa.,2024-02-09,Website,Kawempe,positive
4676,Overpriced products with low quality. Not good value for money. Located in Kawempe.,2023-06-19,Instagram,Makindye,negative
4677,Great products at affordable prices. Very satisfied with my purchase.,2024-01-13,Instagram,Central,positive
4678,Quick response time and excellent customer care. Highly recommended!,2024-11-01,Google,Kawempe,positive
4679,"Fast delivery, good quality, fair prices. What more could you ask for? Great staff!",2024-07-29,WhatsApp,Central,positive
4680,Poor customer service. Staff was rude and unhelpful. Located in Makindye.,2023-05-06,Facebook,Ntinda,negative
4681,Quick response time and excellent customer care. Highly recommended!,2023-01-06,Website,Muyenga,positive
4682,Would not buy from here again. Poor experience overall. Located in Ntinda. Great store!,2023-01-21,WhatsApp,Makindye,negative
4683,Great business with excellent customer care. Very professional.,2024-02-03,Google,Nakawa,positive
4684,Great business with excellent customer care. Very professional.,2024-07-13,Twitter,Ntinda,positive
4685,Great experience overall. Will be a returning customer. Located in Makindye.,2024-05-29,Website,Kololo,positive
4686,Average quality. Price is reasonable for what you get. Located in Kawempe. Great store!,2023-04-25,Google,Ntinda,neutral
4687,Excellent products and service. Best in the area!,2024-11-28,Google,Lubaga,positive
4688,Fair value for money. Quality is acceptable but not premium. Located in Muyenga.,2023-09-06,Twitter,Central,neutral
4689,Standard experience. Product does what it needs to do.,2024-07-30,Instagram,Kololo,neutral
4690,Poor packaging led to damaged goods. Very unprofessional.,2023-03-12,Instagram,Nakawa,negative
4691,Best shopping experience! Quality products and great prices. Located in Kampala.,2023-11-28,Instagram,Central,positive
4692,Very satisfied with my purchase. Great quality and fast delivery.,2024-09-15,Website,Makindye,positive
4693,Love shopping here! Always get great deals and quality products. Great product!,2023-11-25,Twitter,Kawempe,positive
4694,Overpriced compared to other shops in Nakawa area. Located in Nakawa. Great store!,2024-02-12,Twitter,Muyenga,negative
4695,Average product quality. Meets basic needs adequately.,2023-12-25,Google,Muyenga,neutral
4696,Great experience overall. Will be a returning customer. Located in Ntinda.,2024-10-20,Facebook,Kololo,positive
4697,Best shopping experience! Quality products and great prices.,2023-07-21,Google,Central,positive
4698,Excellent customer support. They responded quickly to my questions.,2024-07-12,Facebook,Central,positive
4699,Outstanding quality and service. Will definitely shop here again. Located in Muyenga. Great business!,2023-01-03,Website,Nakawa,positive
4700,"Fast shipping, good quality, and excellent customer support.",2023-08-08,Google,Ntinda,positive
4701,Great experience from start to finish. Will shop here again! Located in Ntinda. Great order!,2024-02-26,Twitter,Kololo,positive
4702,"Fast shipping, good quality, and excellent customer support.",2024-09-24,Instagram,Lubaga,positive
4703,Average quality. Price is reasonable for what you get.,2024-05-23,Facebook,Kawempe,neutral
4704,Standard business service. Acceptable but not exceptional.,2023-12-07,Google,Central,neutral
4705,Outstanding quality and service. Will definitely shop here again. Great packaging!,2024-12-28,Twitter,Ntinda,positive
4706,Excellent customer support. They responded quickly to my questions. Located in Muyenga.,2024-05-13,Twitter,Lubaga,positive
4707,Fair experience overall. Nothing exceptional but acceptable.,2023-07-03,Google,Muyenga,neutral
4708,Great value for money. Fast delivery and excellent packaging. Great restaurant!,2023-10-01,Website,Central,positive
4709,Great products at affordable prices. Very satisfied with my purchase.,2024-11-20,Twitter,Muyenga,positive
4710,Standard quality. Nothing to complain about or praise. Located in Central.,2023-07-01,Website,Central,neutral
4711,Professional service and high-quality products. Very happy!,2024-04-18,Google,Lubaga,positive
4712,Average experience. Product is functional and adequate. Great store!,2023-06-22,Website,Muyenga,neutral
4713,Love the product quality. Fast shipping and good packaging. Located in Makindye.,2023-11-14,Website,Kololo,positive
4714,Average quality. Price is reasonable for what you get.,2023-12-08,Twitter,Nakawa,neutral
4715,Very slow delivery. Took over a week to arrive in Kampala. Located in Muyenga. Great packaging!,2024-10-15,WhatsApp,Makindye,negative
4716,Poor packaging led to damaged goods. Very unprofessional.,2023-04-24,WhatsApp,Kololo,negative
4717,Standard service. No complaints but nothing exceptional either.,2024-09-21,Instagram,Kololo,neutral
4718,Outstanding quality and service. Will definitely shop here again. Located in Makindye.,2024-07-13,Instagram,Central,positive
4719,Outstanding service! The staff was very helpful and friendly.,2023-04-10,Twitter,Central,positive
4720,Okay service. Nothing special but gets the job done. Located in Nakawa.,2023-04-11,Instagram,Bukoto,neutral
4721,Great business with excellent customer care. Very professional.,2023-02-01,Twitter,Bukoto,positive
4722,Excellent business! Highly professional and reliable. Located in Lubaga. Great shop!,2023-11-21,Website,Bukoto,positive
4723,Great prices and even better service. Highly recommend this business!,2024-11-30,Instagram,Ntinda,positive
4724,Best prices in Nakawa area. Great value for money.,2023-04-24,Google,Kawempe,positive
4725,Best prices in Nakawa area. Great value for money. Located in Muyenga.,2024-08-09,Instagram,Ntinda,positive
4726,Average quality products. Functional but not impressive. Located in Central. Great shipping!,2024-06-09,Twitter,Bukoto,neutral
4727,"Fast delivery, good quality, fair prices. What more could you ask for? Located in Nakawa.",2024-08-08,Website,Kololo,positive
4728,Excellent business! Highly professional and reliable.,2023-05-09,Google,Muyenga,positive
4729,Quick response time and excellent customer care. Highly recommended!,2023-08-18,Twitter,Makindye,positive
4730,Excellent business! Highly professional and reliable. Located in Muyenga.,2024-08-18,Twitter,Central,positive
4731,Great prices and even better service. Highly recommend this business! Located in Kawempe.,2023-12-29,Website,Muyenga,positive
4732,Best prices in Nakawa area. Great value for money. Great support!,2023-02-28,Google,Nakawa,positive
4733,Excellent customer support. They responded quickly to my questions. Located in Kampala.,2023-12-29,Twitter,Ntinda,positive
4734,Outstanding quality and service. Will definitely shop here again.,2024-01-01,Facebook,Nakawa,positive
4735,Excellent business! Highly professional and reliable. Great purchase!,2024-09-22,Website,Kawempe,positive
4736,Very satisfied with my purchase. Great quality and fast delivery.,2024-06-12,Twitter,Makindye,positive
4737,Delivery was on time. Product is as expected. Located in Ntinda.,2023-03-19,Google,Bukoto,neutral
4738,Amazing quality products. Will definitely buy again from this shop. Great packaging!,2023-07-27,Website,Central,positive
4739,Great experience overall. Will be a returning customer.,2024-12-23,Twitter,Muyenga,positive
4740,Product is fine. Meets expectations without exceeding them. Located in Ntinda.,2024-02-15,WhatsApp,Muyenga,neutral
4741,Great service! Very fast delivery in Kampala. Highly recommend!,2024-01-20,Google,Ntinda,positive
4742,Quick response time and excellent customer care. Highly recommended! Located in Bukoto. Great restaurant!,2024-07-13,Facebook,Nakawa,positive
4743,Standard experience. Product does what it needs to do. Located in Ntinda.,2023-04-25,Twitter,Lubaga,neutral
4744,Average product quality. Meets basic needs adequately. Located in Kololo. Great support!,2024-07-30,Twitter,Nakawa,neutral
4745,Best customer service I've experienced. Products are top quality.,2023-05-18,Website,Nakawa,positive
4746,Great business with excellent customer care. Very professional.,2024-06-21,Instagram,Kampala,positive
4747,Top quality products at reasonable prices. Highly recommended!,2023-11-05,Google,Makindye,positive
4748,Love the product quality. Fast shipping and good packaging.,2023-12-23,Instagram,Bukoto,positive
4749,Best prices in Nakawa area. Great value for money. Located in Nakawa.,2024-08-07,Twitter,Ntinda,positive
4750,Great products at affordable prices. Very satisfied with my purchase.,2023-02-23,Instagram,Kololo,positive
4751,Outstanding service! The staff was very helpful and friendly. Great quality!,2023-09-11,Google,Muyenga,positive
4752,"Fast shipping, good quality, and excellent customer support. Great business!",2024-09-27,Website,Makindye,positive
4753,Okay service. Nothing special but gets the job done.,2024-02-15,Instagram,Makindye,neutral
4754,Amazing quality products. Will definitely buy again from this shop. Great order!,2024-05-09,WhatsApp,Lubaga,positive
4755,Decent quality products. Price is fair for what you receive.,2024-09-19,WhatsApp,Kololo,neutral
4756,Amazing service! The team went above and beyond to help me. Located in Nakawa.,2023-11-08,Website,Nakawa,positive
4757,Outstanding service! The staff was very helpful and friendly.,2024-06-01,WhatsApp,Kawempe,positive
4758,Average product quality. Meets basic needs adequately. Located in Makindye.,2023-11-22,Twitter,Muyenga,neutral
4759,Great service! Very fast delivery in Kampala. Highly recommend! Located in Ntinda. Great staff!,2024-01-30,Twitter,Kawempe,positive
4760,Product works as expected. No major issues or complaints.,2023-08-14,Website,Makindye,neutral
4761,Product works as expected. No major issues or complaints.,2023-06-27,Twitter,Ntinda,neutral
4762,Excellent customer support. They responded quickly to my questions.,2024-04-05,Google,Nakawa,positive
4763,Very satisfied with my purchase. Great quality and fast delivery.,2024-08-14,Facebook,Muyenga,positive
4764,Best customer service I've experienced. Products are top quality.,2023-04-15,Facebook,Kawempe,positive
4765,Amazing experience! The product arrived on time and in perfect condition. Located in Central.,2023-06-29,Instagram,Kampala,positive
4766,Okay service. Product meets basic requirements. Great quality!,2023-07-10,Twitter,Makindye,neutral
4767,Top quality products at reasonable prices. Highly recommended!,2024-03-18,Twitter,Nakawa,positive
4768,Okay delivery time. Product is functional and usable.,2023-01-21,Website,Kawempe,neutral
4769,Great service! Very fast delivery in Kampala. Highly recommend! Great customer!,2024-01-24,Twitter,Kampala,positive
4770,Fair prices and acceptable quality. Nothing outstanding. Great shipping!,2024-12-10,Facebook,Makindye,neutral
4771,Average experience overall. Product is fine but not great.,2024-12-26,Twitter,Lubaga,neutral
4772,"Fast delivery, good quality, fair prices. What more could you ask for?",2024-05-02,Website,Nakawa,positive
4773,Best shopping experience! Quality products and great prices.,2023-11-11,Website,Ntinda,positive
4774,Great value for money. Fast delivery and excellent packaging.,2023-12-05,Instagram,Kawempe,positive
4775,Amazing quality products. Will definitely buy again from this shop.,2024-08-18,Google,Kawempe,positive
4776,Best prices in Nakawa area. Great value for money. Located in Central.,2023-07-26,Instagram,Central,positive
4777,Professional service and high-quality products. Very happy!,2024-05-13,Facebook,Makindye,positive
4778,Poor packaging led to damaged goods. Very unprofessional. Located in Makindye. Great purchase!,2023-06-10,Google,Muyenga,negative
4779,Great experience overall. Will be a returning customer.,2024-04-02,WhatsApp,Muyenga,positive
4780,Product works fine. Decent quality for the price paid. Located in Nakawa.,2024-07-01,Website,Nakawa,neutral
4781,Standard experience. Product does what it needs to do.,2023-03-13,Facebook,Central,neutral
4782,Standard delivery time. Product quality is average. Great restaurant!,2024-07-31,Facebook,Ntinda,neutral
4783,Average experience. Product is functional and adequate.,2023-01-22,Google,Nakawa,neutral
4784,Great business with excellent customer care. Very professional. Located in Nakawa. Great support!,2023-03-10,Google,Nakawa,positive
4785,Average quality products. Functional but not impressive. Located in Central.,2024-07-31,WhatsApp,Muyenga,neutral
4786,Great prices and even better service. Highly recommend this business! Located in Kololo.,2024-11-03,WhatsApp,Kawempe,positive
4787,Love the product quality. Fast shipping and good packaging. Located in Kololo.,2023-12-19,WhatsApp,Lubaga,positive
4788,Okay service. Nothing special but gets the job done. Great store!,2023-09-30,Facebook,Makindye,neutral
4789,Top quality products at reasonable prices. Highly recommended!,2023-03-21,WhatsApp,Ntinda,positive
4790,Top quality products at reasonable prices. Highly recommended!,2024-08-12,WhatsApp,Nakawa,positive
4791,Fair experience overall. Nothing exceptional but acceptable. Located in Ntinda.,2024-10-29,Google,Kololo,neutral
4792,Great experience from start to finish. Will shop here again!,2023-09-03,Twitter,Kololo,positive
4793,Okay delivery time. Product is functional and usable.,2023-02-22,WhatsApp,Ntinda,neutral
4794,Slow response time and poor communication from the business.,2024-11-30,Website,Kawempe,negative
4795,Okay product quality. Price matches the value received. Located in Kampala.,2023-10-07,Facebook,Kololo,neutral
4796,Delivery was on time. Product is as expected. Located in Nakawa.,2023-02-08,Website,Ntinda,neutral
4797,Outstanding quality and service. Will definitely shop here again.,2023-11-23,Instagram,Ntinda,positive
4798,Outstanding service! The staff was very helpful and friendly.,2023-03-29,Instagram,Makindye,positive
4799,Excellent customer support. They responded quickly to my questions. Great product!,2023-05-04,Google,Makindye,positive
4800,Average experience. Product is functional and adequate.,2023-02-12,WhatsApp,Ntinda,neutral
4801,"Outstanding business! Professional, reliable, and customer-focused. Great packaging!",2024-09-13,WhatsApp,Makindye,positive
4802,Product is fine. Meets expectations without exceeding them. Located in Nakawa.,2024-05-10,Instagram,Makindye,neutral
4803,Customer service was unresponsive. Had to wait days for a reply.,2024-03-06,Instagram,Kololo,negative
4804,Fair prices and acceptable quality. Nothing outstanding. Located in Lubaga.,2023-02-05,Twitter,Makindye,neutral
4805,Excellent products and service. Best in the area!,2024-07-25,Facebook,Bukoto,positive
4806,Excellent products and service. Best in the area! Located in Kampala.,2024-12-01,Instagram,Kawempe,positive
4807,Amazing quality products. Will definitely buy again from this shop. Great business!,2024-11-10,Website,Lubaga,positive
4808,Great products at affordable prices. Very satisfied with my purchase. Located in Central.,2023-06-20,Twitter,Ntinda,positive
4809,Decent service. No major complaints but nothing impressive.,2023-06-07,Facebook,Central,neutral
4810,Okay service. Nothing special but gets the job done. Located in Kampala.,2024-06-06,Website,Nakawa,neutral
4811,Decent value. Product works as expected. Great service!,2023-02-02,Google,Central,neutral
4812,Excellent business! Highly professional and reliable. Located in Central.,2024-09-21,Instagram,Bukoto,positive
4813,Average quality products. Functional but not impressive. Located in Central.,2024-09-04,Website,Muyenga,neutral
4814,Great business with excellent customer care. Very professional.,2024-10-08,Instagram,Ntinda,positive
4815,Best customer service I've experienced. Products are top quality. Located in Muyenga.,2024-11-17,Website,Nakawa,positive
4816,Top-notch quality. Exceeded my expectations completely. Located in Ntinda.,2023-08-17,WhatsApp,Muyenga,positive
4817,Average experience overall. Product is fine but not great.,2023-01-15,Instagram,Nakawa,neutral
4818,Amazing quality products. Will definitely buy again from this shop.,2024-04-07,Instagram,Nakawa,positive
4819,Average product quality. Meets basic expectations. Great shipping!,2024-06-27,Twitter,Central,neutral
4820,Quick response time and excellent customer care. Highly recommended! Great delivery!,2024-11-23,Website,Nakawa,positive
4821,Amazing experience! The product arrived on time and in perfect condition. Located in Muyenga.,2024-09-16,Instagram,Kololo,positive
4822,Great service! Very fast delivery in Kampala. Highly recommend! Located in Lubaga. Great support!,2024-12-27,Website,Bukoto,positive
4823,Delivery issues. Package arrived late and damaged.,2024-12-31,Twitter,Makindye,negative
4824,Okay delivery time. Product is functional and usable.,2023-09-20,Facebook,Kawempe,neutral
4825,Great experience overall. Will be a returning customer. Great product!,2023-06-14,Facebook,Makindye,positive
4826,Disappointing experience. Would not recommend this shop. Located in Makindye.,2024-06-30,Instagram,Kawempe,negative
4827,Standard service. No complaints but nothing exceptional either.,2024-10-21,Google,Central,neutral
4828,Poor customer service. Staff was rude and unhelpful.,2024-10-22,Facebook,Kawempe,negative
4829,Amazing experience! The product arrived on time and in perfect condition. Located in Muyenga.,2023-07-23,Twitter,Lubaga,positive
4830,Great service! Very fast delivery in Kampala. Highly recommend!,2024-07-04,Twitter,Muyenga,positive
4831,Decent value. Product works as expected.,2023-03-30,Facebook,Kawempe,neutral
4832,Great service! Very fast delivery in Kampala. Highly recommend!,2024-06-05,Website,Ntinda,positive
4833,Great products at affordable prices. Very satisfied with my purchase.,2024-10-25,Twitter,Muyenga,positive
4834,Product was damaged on arrival. Poor packaging quality. Located in Nakawa.,2023-09-10,WhatsApp,Central,negative
4835,Would not buy from here again. Poor experience overall. Located in Makindye. Great customer!,2024-05-28,Facebook,Makindye,negative
4836,Fair value for money. Quality is acceptable but not premium.,2023-05-19,Twitter,Lubaga,neutral
4837,Outstanding service! The staff was very helpful and friendly.,2024-02-18,Facebook,Kawempe,positive
4838,Fair value for money. Quality is acceptable but not premium. Located in Central.,2024-03-10,Facebook,Bukoto,neutral
4839,Average experience overall. Product is fine but not great.,2024-01-10,WhatsApp,Kawempe,neutral
4840,Great products at affordable prices. Very satisfied with my purchase.,2024-11-14,WhatsApp,Ntinda,positive
4841,Great experience from start to finish. Will shop here again!,2024-03-13,Website,Central,positive
4842,Delivery was delayed multiple times. Very frustrating experience.,2024-12-04,Google,Central,negative
4843,Okay delivery time. Product is functional and usable.,2024-07-13,WhatsApp,Makindye,neutral
4844,Excellent products and service. Best in the area! Located in Muyenga.,2023-11-20,Twitter,Kololo,positive
4845,Delivery was on time. Product is as expected.,2023-01-02,WhatsApp,Kawempe,neutral
4846,Poor customer service. Staff was rude and unhelpful. Located in Ntinda. Great shop!,2023-12-14,Google,Bukoto,negative
4847,Outstanding quality and service. Will definitely shop here again. Located in Bukoto.,2023-01-23,Google,Lubaga,positive
4848,Very slow delivery. Took over a week to arrive in Kampala. Great shipping!,2023-09-17,WhatsApp,Makindye,negative
4849,Excellent products and service. Best in the area!,2024-02-21,Google,Nakawa,positive
4850,Excellent products and service. Best in the area!,2024-12-28,Instagram,Kampala,positive
4851,Okay service. Product meets basic requirements.,2024-03-31,WhatsApp,Kololo,neutral
4852,"Fast delivery, good quality, fair prices. What more could you ask for?",2024-03-16,WhatsApp,Nakawa,positive
4853,Excellent communication and fast delivery. Highly satisfied!,2023-12-30,Facebook,Lubaga,positive
4854,Best shopping experience! Quality products and great prices. Located in Muyenga.,2024-12-10,Twitter,Kawempe,positive
4855,Best shopping experience! Quality products and great prices.,2023-04-07,Instagram,Lubaga,positive
4856,Product broke after just one week of use. Very poor quality. Located in Central.,2023-06-07,Facebook,Kololo,negative
4857,Best customer service I've experienced. Products are top quality.,2024-08-03,Facebook,Lubaga,positive
4858,Poor quality products. Broke within days of purchase.,2023-01-23,Twitter,Kampala,negative
4859,Very slow delivery and unresponsive customer support.,2023-07-25,Twitter,Makindye,negative
4860,Excellent business! Highly professional and reliable. Located in Central.,2023-11-13,Twitter,Muyenga,positive
4861,Okay service. Nothing special but gets the job done.,2023-11-27,Twitter,Nakawa,neutral
4862,Excellent business! Highly professional and reliable.,2024-07-09,Instagram,Kampala,positive
4863,Average quality. Nothing special but nothing wrong either.,2024-09-07,Facebook,Muyenga,neutral
4864,Best prices in Nakawa area. Great value for money.,2024-08-11,WhatsApp,Kawempe,positive
4865,Top-notch quality. Exceeded my expectations completely. Great service!,2024-06-15,Google,Muyenga,positive
4866,Amazing quality products. Will definitely buy again from this shop. Located in Muyenga.,2023-06-25,Instagram,Kampala,positive
4867,Excellent customer support. They responded quickly to my questions. Great support!,2023-01-20,Google,Ntinda,positive
4868,Love shopping here! Always get great deals and quality products. Located in Kampala.,2023-06-25,Website,Ntinda,positive
4869,Excellent business! Highly professional and reliable. Great price!,2023-07-20,Facebook,Kololo,positive
4870,Best prices in Nakawa area. Great value for money. Located in Makindye. Great price!,2024-12-28,Facebook,Ntinda,positive
4871,"Fast shipping, good quality, and excellent customer support.",2023-06-25,Website,Kampala,positive
4872,Great experience from start to finish. Will shop here again!,2023-07-15,WhatsApp,Muyenga,positive
4873,Excellent products and service. Best in the area!,2024-02-15,Website,Muyenga,positive
4874,Outstanding quality and service. Will definitely shop here again. Great shop!,2024-03-16,Website,Lubaga,positive
4875,Amazing experience! The product arrived on time and in perfect condition.,2024-07-26,Instagram,Ntinda,positive
4876,Professional service and high-quality products. Very happy!,2024-03-02,Google,Kampala,positive
4877,Product arrived damaged and customer service refused to help.,2023-11-21,Twitter,Makindye,negative
4878,Standard service. No complaints but nothing exceptional either. Located in Kampala.,2023-02-16,Google,Muyenga,neutral
4879,Product broke after just one week of use. Very poor quality.,2024-06-09,Facebook,Kawempe,negative
4880,Average quality. Price is reasonable for what you get. Great customer!,2024-01-30,Facebook,Lubaga,neutral
4881,Average product quality. Meets basic expectations. Located in Central.,2023-03-12,Twitter,Ntinda,neutral
4882,Best prices in Nakawa area. Great value for money.,2024-01-12,Google,Nakawa,positive
4883,Best shopping experience! Quality products and great prices.,2024-12-06,Website,Nakawa,positive
4884,Excellent communication and fast delivery. Highly satisfied!,2024-02-12,Google,Nakawa,positive
4885,Very satisfied with my purchase. Great quality and fast delivery.,2024-03-11,Facebook,Kampala,positive
4886,Very satisfied with my purchase. Great quality and fast delivery.,2023-07-14,Google,Kololo,positive
4887,Great business with excellent customer care. Very professional.,2024-11-16,Facebook,Ntinda,positive
4888,Quick response time and excellent customer care. Highly recommended!,2023-01-18,WhatsApp,Kololo,positive
4889,Product is okay. Nothing special but serves its purpose.,2023-03-24,Twitter,Kawempe,neutral
4890,Quick response time and excellent customer care. Highly recommended!,2023-04-17,Google,Kawempe,positive
4891,Okay experience. Nothing to complain about but not impressed either.,2024-04-15,WhatsApp,Muyenga,neutral
4892,Best shopping experience! Quality products and great prices.,2024-11-14,Google,Lubaga,positive
4893,Very disappointed. Product quality is poor and service is worse. Located in Kampala.,2024-02-12,WhatsApp,Kawempe,negative
4894,Delivery was on time. Product is as expected.,2023-08-12,Google,Kololo,neutral
4895,Amazing quality products. Will definitely buy again from this shop. Located in Lubaga.,2024-10-22,Facebook,Kampala,positive
4896,Excellent customer support. They responded quickly to my questions. Located in Nakawa.,2024-10-22,WhatsApp,Ntinda,positive
4897,Decent quality products. Price is fair for what you receive.,2023-04-04,Website,Kampala,neutral
4898,Delivery issues. Package arrived late and damaged.,2024-11-30,Website,Makindye,negative
4899,Great experience overall. Will be a returning customer. Great experience!,2024-06-05,Twitter,Kawempe,positive
4900,Very satisfied with my purchase. Great quality and fast delivery.,2024-12-08,Facebook,Muyenga,positive
4901,Product is okay. Nothing special but serves its purpose.,2023-10-04,Google,Kampala,neutral
4902,Great business with excellent customer care. Very professional. Great shipping!,2024-04-24,WhatsApp,Kololo,positive
4903,Average quality products. Functional but not impressive. Located in Central.,2024-12-31,Instagram,Kampala,neutral
4904,Great experience from start to finish. Will shop here again!,2024-09-22,Twitter,Central,positive
4905,Professional service and high-quality products. Very happy!,2023-01-18,Instagram,Kampala,positive
4906,Would not buy from here again. Poor experience overall.,2023-03-29,Facebook,Ntinda,negative
4907,Outstanding service! The staff was very helpful and friendly.,2023-02-14,Instagram,Nakawa,positive
4908,Poor quality products. Broke within days of purchase.,2023-04-08,Twitter,Ntinda,negative
4909,Best customer service I've experienced. Products are top quality.,2023-05-01,Twitter,Bukoto,positive
4910,Product works fine. Decent quality for the price paid.,2023-08-04,Twitter,Kololo,neutral
4911,"Outstanding business! Professional, reliable, and customer-focused.",2023-04-12,Twitter,Nakawa,positive
4912,Poor quality products. Broke within days of purchase. Located in Kawempe.,2023-08-15,Facebook,Kololo,negative
4913,Great products at affordable prices. Very satisfied with my purchase.,2024-12-03,Website,Kololo,positive
4914,Top-notch quality. Exceeded my expectations completely.,2023-08-09,Google,Bukoto,positive
4915,Amazing service! The team went above and beyond to help me. Great purchase!,2023-11-11,Website,Central,positive
4916,Top-notch quality. Exceeded my expectations completely.,2023-11-11,Google,Lubaga,positive
4917,Great value for money. Fast delivery and excellent packaging. Great price!,2023-02-09,Facebook,Central,positive
4918,Product is functional. Does what it's supposed to do.,2024-01-20,Google,Kampala,neutral
4919,Great experience overall. Will be a returning customer. Located in Ntinda.,2023-08-23,Google,Muyenga,positive
4920,Very satisfied with my purchase. Great quality and fast delivery. Located in Lubaga.,2024-12-20,Twitter,Muyenga,positive
4921,Fair prices and acceptable quality. Nothing outstanding.,2024-02-17,Google,Muyenga,neutral
4922,Great products at affordable prices. Very satisfied with my purchase.,2024-06-23,Instagram,Makindye,positive
4923,Product works fine. Decent quality for the price paid.,2023-11-24,Twitter,Kawempe,neutral
4924,Top quality products at reasonable prices. Highly recommended!,2024-01-24,Facebook,Kampala,positive
4925,Outstanding service! The staff was very helpful and friendly.,2024-06-05,Website,Makindye,positive
4926,Outstanding service! The staff was very helpful and friendly. Located in Central. Great packaging!,2023-09-11,Twitter,Kololo,positive
4927,"Fast shipping, good quality, and excellent customer support.",2023-03-11,WhatsApp,Makindye,positive
4928,Standard delivery. Product works but quality is average.,2024-09-27,Website,Nakawa,neutral
4929,Excellent products and service. Best in the area! Located in Kawempe. Great service!,2024-05-11,Website,Kawempe,positive
4930,Outstanding service! The staff was very helpful and friendly.,2024-10-05,Google,Kololo,positive
4931,Delivery was on time. Product is as expected.,2024-10-15,Google,Bukoto,neutral
4932,Great experience from start to finish. Will shop here again!,2024-01-26,Facebook,Kawempe,positive
4933,Best customer service I've experienced. Products are top quality.,2023-06-01,Website,Lubaga,positive
4934,Overpriced compared to other shops in Nakawa area.,2023-01-20,Instagram,Makindye,negative
4935,Excellent products and service. Best in the area!,2024-12-09,Twitter,Central,positive
4936,Product is fine. Meets expectations without exceeding them.,2023-05-30,Instagram,Lubaga,neutral
4937,Excellent communication and fast delivery. Highly satisfied!,2023-09-27,Google,Kololo,positive
4938,Excellent business! Highly professional and reliable.,2024-10-19,Website,Makindye,positive
4939,Great business with excellent customer care. Very professional. Great packaging!,2023-10-07,Instagram,Central,positive
4940,Decent quality products. Price is fair for what you receive.,2024-01-13,Google,Muyenga,neutral
4941,Standard service. No complaints but nothing exceptional either. Located in Makindye.,2023-04-19,Website,Makindye,neutral
4942,Delivery was delayed multiple times. Very frustrating experience.,2023-03-16,Facebook,Makindye,negative
4943,"Fast delivery, good quality, fair prices. What more could you ask for?",2023-06-26,Twitter,Central,positive
4944,Best shop in Kawempe. Quality products and great service.,2024-03-12,Twitter,Lubaga,positive
4945,Average product quality. Meets basic expectations. Located in Central.,2023-05-10,WhatsApp,Kololo,neutral
4946,Best shopping experience! Quality products and great prices.,2023-02-18,Website,Bukoto,positive
4947,Love shopping here! Always get great deals and quality products.,2023-12-04,Facebook,Muyenga,positive
4948,Quick response time and excellent customer care. Highly recommended! Located in Muyenga.,2023-11-10,Twitter,Kawempe,positive
4949,Amazing quality products. Will definitely buy again from this shop.,2024-06-25,WhatsApp,Bukoto,positive
4950,Product was damaged on arrival. Poor packaging quality.,2024-08-16,WhatsApp,Bukoto,negative
4951,Excellent communication and fast delivery. Highly satisfied! Located in Ntinda.,2023-09-19,Website,Central,positive
4952,Standard delivery time. Product quality is average.,2023-11-29,Instagram,Muyenga,neutral
4953,Outstanding service! The staff was very helpful and friendly.,2024-06-11,Twitter,Muyenga,positive
4954,Product was different from what was advertised. Misleading description. Located in Kawempe.,2023-03-13,Website,Kampala,negative
4955,Best prices in Nakawa area. Great value for money.,2023-11-15,Twitter,Nakawa,positive
4956,Excellent customer support. They responded quickly to my questions. Located in Central.,2023-01-23,Twitter,Kampala,positive
4957,Okay service. Product meets basic requirements. Located in Muyenga.,2024-02-24,Google,Lubaga,neutral
4958,Amazing quality products. Will definitely buy again from this shop.,2024-03-11,WhatsApp,Kololo,positive
4959,Standard delivery time. Product quality is average. Located in Kololo.,2024-07-06,Website,Ntinda,neutral
4960,Great service! Very fast delivery in Kampala. Highly recommend!,2023-05-30,Google,Kampala,positive
4961,Product was damaged on arrival. Poor packaging quality. Located in Bukoto.,2023-02-08,WhatsApp,Nakawa,negative
4962,Excellent products and service. Best in the area!,2023-03-01,Instagram,Bukoto,positive
4963,Delivery was on time. Product is as expected.,2024-06-18,Instagram,Makindye,neutral
4964,Poor quality products. Broke within days of purchase.,2023-10-02,Google,Kampala,negative
4965,Poor packaging led to damaged goods. Very unprofessional.,2023-02-16,WhatsApp,Kampala,negative
4966,Amazing service! The team went above and beyond to help me.,2024-10-03,Instagram,Kololo,positive
4967,Best customer service I've experienced. Products are top quality. Located in Nakawa.,2024-09-15,Instagram,Lubaga,positive
4968,Best customer service I've experienced. Products are top quality. Great store!,2023-11-19,Website,Bukoto,positive
4969,Overpriced products with low quality. Not good value for money.,2023-06-12,Twitter,Kololo,negative
4970,Outstanding service! The staff was very helpful and friendly.,2023-07-03,WhatsApp,Muyenga,positive
4971,Amazing experience! The product arrived on time and in perfect condition.,2024-02-09,Facebook,Lubaga,positive
4972,Love shopping here! Always get great deals and quality products.,2024-10-05,WhatsApp,Kololo,positive
4973,Great value for money. Fast delivery and excellent packaging. Located in Central. Great purchase!,2023-09-12,Google,Central,positive
4974,Okay service. Nothing special but gets the job done. Located in Lubaga. Great store!,2024-12-24,WhatsApp,Kawempe,neutral
4975,Excellent business! Highly professional and reliable.,2024-09-06,Facebook,Central,positive
4976,Great experience from start to finish. Will shop here again!,2024-01-13,Website,Kawempe,positive
4977,Average quality. Nothing special but nothing wrong either.,2023-02-27,Twitter,Ntinda,neutral
4978,Product quality was disappointing. Not as described on the website. Located in Makindye.,2023-11-26,Instagram,Kampala,negative
4979,Love the product quality. Fast shipping and good packaging. Great price!,2023-04-09,Instagram,Ntinda,positive
4980,Top-notch quality. Exceeded my expectations completely. Located in Makindye.,2023-09-26,Facebook,Kololo,positive
4981,"Outstanding business! Professional, reliable, and customer-focused. Great order!",2024-01-02,Google,Bukoto,positive
4982,Love shopping here! Always get great deals and quality products.,2024-08-04,Google,Ntinda,positive
4983,Very disappointed with the quality. Not worth the money paid. Great delivery!,2024-05-09,WhatsApp,Makindye,negative
4984,Poor packaging led to damaged goods. Very unprofessional. Located in Muyenga.,2024-08-23,WhatsApp,Kawempe,negative
4985,Top-notch quality. Exceeded my expectations completely. Located in Ntinda.,2024-05-12,Facebook,Nakawa,positive
4986,Excellent customer support. They responded quickly to my questions.,2023-10-28,Google,Bukoto,positive
4987,Amazing quality products. Will definitely buy again from this shop. Located in Ntinda.,2024-08-23,Google,Kawempe,positive
4988,Best prices in Nakawa area. Great value for money. Located in Kawempe.,2023-04-14,Facebook,Kawempe,positive
4989,Product didn't work as expected. Waste of money. Great staff!,2023-01-16,WhatsApp,Muyenga,negative
4990,Product works as expected. No major issues or complaints. Great business!,2023-04-07,Website,Lubaga,neutral
4991,Outstanding service! The staff was very helpful and friendly. Great restaurant!,2023-05-24,Twitter,Nakawa,positive
4992,Standard experience. Product does what it needs to do.,2023-03-29,WhatsApp,Makindye,neutral
4993,Amazing service! The team went above and beyond to help me. Located in Nakawa.,2023-07-07,Facebook,Nakawa,positive
4994,Love the product quality. Fast shipping and good packaging.,2024-02-24,WhatsApp,Kololo,positive
4995,Outstanding quality and service. Will definitely shop here again.,2024-07-04,Website,Nakawa,positive
4996,Excellent business! Highly professional and reliable.,2024-07-21,Website,Kololo,positive
4997,Delivery was delayed multiple times. Very frustrating experience. Located in Lubaga.,2024-07-10,Google,Kawempe,negative
4998,Very satisfied with my purchase. Great quality and fast delivery.,2023-12-12,Instagram,Nakawa,positive
4999,Delivery issues. Package arrived late and damaged. Located in Bukoto.,2023-06-06,WhatsApp,Kawempe,negative
5000,Very satisfied with my purchase. Great quality and fast delivery. Located in Kololo.,2024-04-20,Instagram,Nakawa,positive
5001,"📢 Important Announcement: New Community Rules! We're excited to see our community grow, and with that in mind, we're implementing some new rules to ensure a positive and engaging environment for everyone. Please take a moment to familiarize yourself with the following guidelines:

# 1. No Spamming: 🚫

We value quality over quantity. Avoid excessive self-promotion, repetitive content, or any form of spam. Let's keep our community clutter-free and focused on meaningful discussions.

# 2. No Low Effort Posts: 📉

We encourage thoughtful contributions that add value to discussions. Please refrain from low effort, one-word, or nonsensical posts. Let's maintain a standard of quality that enriches our community experience.

# 3. No Affiliate Links Spamming: 🚷

To foster genuine interactions, we discourage the indiscriminate sharing of affiliate links. If you have a relevant link to share, please ensure it adds value to the community and adheres to our guidelines.
These rules are designed to create a vibrant and respectful community where everyone feels welcome. We appreciate your cooperation in making this community a fantastic place for all members.

Thank you for being a part of our growing community!",2024-01-17,Reddit,Online,unknown
5002,"Unauthorized Payment — Fraudulent Subscription Charge I’m extremely disappointed with PDFe.com. They deducted a subscription payment from my account **without my consent**. I never approved or signed up for any paid plan, yet money was taken from my bank account.

Their practices feel deceptive and misleading. I contacted them for support, but the experience has been frustrating and unhelpful.

I strongly advise others to be cautious when using this website. Always check your bank statements if you’ve ever interacted with [PDFe.com](http://PDFe.com), as unauthorized charges seem to be a common issue.",2025-12-06,Reddit,Online,unknown
5003,"Review of Duolingo After 10 Years Duolingo’s mission statement was once “To develop the best education in the world and make it universally available” Their Tagline? ""Learn a language for free. Forever”. It saddens me to write that in 2025, these are blatant lies and a disrespectful middle finger to anyone who has any passion for language learning. Now? It's a bloated, AI-infested husk, squeezing every last monetary drop from users while punishing those who dare learn without a premium subscription. 

This once-revolutionary app has become a masterclass in corporate betrayal, just short of the owl reaching his own wicked claws into your wallet and helping himself. 

I've watched this app devolve since 2015. I’ve been a loyal user for 10 years. A **decade**. After achieving my longest and most successful run in 2025, I willingly threw my 1600-day streak away due to their latest atrocities. I'm done. This company is no longer revolutionizing language learning. It's showcasing corporate gluttony disguised as innovation. If you're considering downloading Duolingo, don't. You're just fattening the wallets of executives who've long abandoned any passion for education. 

Here's a litany of the app's most egregious sins, each a nail in the coffin of what was once a joyful tool:

**Gem overhaul &amp; aggressive monetization (2018–2019):** What started as a fun reward system morphed into a paywall. Gems (lingots), once freely earned for practice, now demand your credit card for once basic features like extra practice sessions, timed challenges, reviewing mistakes, and word matching are now locked behind the subscription.

**Removal of In-App Forums and Discussion Sections (2021):** They axed the vibrant community hubs where learners swapped insights and clarified grammar. Every lesson used to have its own comment section where learners asked questions, shared mnemonics, explained grammar, and helped each other. Duolingo deleted all of them. Overnight, millions of useful explanations vanished, and learners were left completely alone with no place to ask “why is it said this way?). Now, if you need help understanding, you’re forced to pay for half-baked AI ""help."" It's like ripping the soul out of a classroom. It’s dehumanizing and utterly ineffective.

**Removal of Friend Leaderboards (2021):** Let's not forget the 2021 removal of friend leaderboards, which stripped away that spark of rivalry competition with your close friends. Now there are only public leagues with complete strangers. 

**Frequent Course Restructurings and Learning Path 2.0 Debacle (2021–2023):** Endless ""updates"" that reset your progress, loop you into redundant lessons, and strip away any semblance of user choice.The 2022 switch to the linear Path removed the ability to somewhat choose what topics you’d like to study. No more flexibility, the Linear Path 2.0 is one-size-fits-none. 

**Mass Layoffs of Real Linguists for Soulless, Incompetent AI (2024–2025):** In a cold-blooded purge, Duolingo laid off a huge portion of real, talented language experts who crafted nuanced courses and replaced them by handing the reins over to AI. The result? Unnatural phrasing, creepy sounding robotic stories, mangled pronunciations, grammar mistakes, wrong translations, and bizarre cultural references that no human would ever write. Content quality plummeted, mistakes go unfixed despite reports, and the once-charming character voices are now cold and monotoned. They massacred passion for penny-pinching automation.

**Defunding of Less Popular/Endangered Languages (2024:** While Duolingo once claimed (and even advertised) to care about endangered languages, we’ve learned that this was all virtue signaling and performative theatre as they've since starved niche courses, halted updates and ceased the volunteer contributors, which built out the most niche courses. As a Portuguese learner, it didn't hit me personally, but it's a slap in the face to our beautifully diverse cultures and our learners/contributors dedicated to keeping our most fragile and vulnerable languages alive. Instead, they are prioritizing stinginess over preserving endangered tongues. Disrespect knows no borders. 

**Removal of Post-Correct Answer Translations (Mid-2025):** You used to get an instant English translation right after a correct answer so you could confirm your answer. No more. Did you just get lucky… who knows? Now, you're left guessing if you truly understood, unless you shell out for premium perks. It's a petty barrier that erodes confidence and can turn triumphs into tedious hunts for clarity.

**Apocalyptic Descent from Free Learning to Hearts to Energy System Hell (Introduction of Hearts 2019, Replaced by Energy October 2025):** This is the final insult that made me kill my marathon streak. Hearts were bad enough, limiting sessions by mistakes, but at least perfection still let you binge-learn until you got 5 answers wrong. Energy? A tyrannical timer that drains regardless of accuracy. Perfection is punished the same as mistakes. This system caps you at maybe two short lessons if you’re lucky before demanding cash to ""refill."" It's a predatory weaponization against eager minds. Who punishes success? Duolingo, apparently, in their quest to force-feed subscriptions.

**Aggressive Ads and Notifications (Worsened 2023–2025):** Intrusive pop-ups, long video ads post-lesson, and the relentless buzz of push notifications guilt-tripping you about lost streaks, league demotions, and limited-time offers like a swarm of angry bees. It's psychological warfare, designed to wear you down. Subtle? Hardly. Annoying? Absolutely.

Duolingo’s goal is not education anymore, it's exploitation. Their new mission statement? “**To extract the maximum revenue while delivering minimum viable education one soul-crushing paywall at a time**”.

Their tagline? “**Learn a language for free... until the energy runs out. Forever… as long as your wallet is open**”. Because hey, greed speaks every language.

The AI takeover betrayed the humans behind it, laying off real talent for soulless robots. These changes scream one truth: the app's soul is sold. You deserve better. Respect yourself, your education, your morals, and your wallet by abandoning this vile dumpster fire while your love for languages is still intact.

Do yourself a favor and choose real alternatives that still respect learners (2025 edition):

* Anki (free, spaced repetition done right).
* Clozemaster (gamified sentence practice, no artificial limits).
* Language Transfer (free audio courses by a human who actually cares).
* Migaku (browser extension for immersive learning with Netflix/Youtube).
* italki or Preply (affordable 1-on-1 lessons with actual teachers).
* Pimsleur: (30 minute audio lessons with real human voices, worth every cent).
* Good old fashioned textbooks, note taking, movies, vlogs, and music in your target language.

I’m not mad about paying. Good projects deserve funding and I pay and have paid for good language content. What guts me is watching a company that once swore to keep language learning accessible and free forever deliberately cripple the free experience with energy cages, AI slop, vanished communities, etc. until learning feels like punishment. I gladly support real value. **This betrayal of their original vision hurts far more than any price tag ever could.**

I once wrote a glowing review of Duolingo. Now? One star, and that's generous. Delete Duolingo and never look back. Tchau.",2025-12-05,Reddit,Online,unknown
5004,Freestyle vinyl. Shocking We ordered two double albums of music for our two daughters. We were so excited to get great tunes from the 70s. Well when the albums arrived we were horrified by what only can be described as shocking horrible level of recording. It sounded like some kid recorded the music in a tin can with a sewing needle. We have tried for a week now to talk to David and get this matter sorted in time for Christmas and no one has responded to our calls emails or text. They seem to have disappeared. We are not a wealthy family and these albums we thought would be worth spending so much money to make our daughters Christmas so special but that’s not going to happen. Listening to all these responses I’m sure if we did hear from them they would quickly blame the customer or the customers equipment. Because this seems to be their pattern of behaviour. We have contacted  the insurance company and our credit card company with hopes that we will retrieve some or all of the $780 we have been robbed of. Clearly the people at freestyle vinyl are emotionally disconnected from human norms and how to treat people. I hope they don’t sleep well because I know I’ve lost sleep worrying about this and how I’m going to afford gifts for my two girls,2025-12-05,Reddit,Online,unknown
5005,This company is terrible to deal with I was so excited to be able to get our two daughters two albums of great music from the 70s. When our albums arrived we couldn’t wait to play them. What a shock when we heard what was sent to us. Absolutely the worst recording I’ve ever heard. It sounded like it was recorded in a tin can with a sewing needle. We have tried to get a hold of them for over a week now and no one has replied to our messages. At least some on here got some replys but we have had nothing. Reading the reviews on here would suggest that if they did get back to us it would be to blame the customer in some way. Seems to be their pattern of behaviour. We have lost $780 and we are not a wealthy family so this has taken a big financial hit for us and our daughters won’t get that special Christmas gift. David I wonder how you sleep at night robbing people like this. Clearly you are emotionally disconnected from basic human norms. I have put in a complaint to the insurance company with hopes of recovering our money but I won’t hold my breath. Yet they continue to rob people,2025-12-05,Reddit,Online,unknown
5006,"86 kilos WFH Worker's New Fitness Start with an Indoor Spin Bike I’m a WFH software engineer, basically living at my desk. I'm 31M. I used to do almost zero exercise and had a super unhealthy diet, which led to me being overweight at 85 kilos and dealing with high blood pressure. I desperately need a workout, but I'm a bit shy to the gym, so I decided to start with home fitness.

I saw lots of people recommending Peloton bike, but the mandatory subscription fee and the price tag were over my budget. After checking out a few brands, I chose Yesoul G1M Plus. I’ve been using it for 1 mo. now, and I’m loving the experience. It’s tbf not Peloton-level pro, you get what you pay for, imo, but it's totally solid for daily use.

The Yesoul only cost me under $500, and subscribe to the Peloton with lower fee. For my height and weight, the bike feels very stable while riding. My favorite feature is the open screen. I can mirror YT or Netflix shows while I ride. I feel a lot more enthusiastic about exercising now. However, If you need more professional training, stick to the gym.

Now I cycle at home 3 times a week, plus some occasional walking. While controlling my diet, I’ve lost 2.4kg this month! I’m really happy with my current state; I feel so much more energetic.I want to try more ways to exercise now, preferably something beginne friendly. Could anyone give me more advice? Thanks! Hit me up with some advice! TIA!",2025-12-04,Reddit,Online,unknown
5007,"Spiderhead (2022, American science fiction psychological thriller film) I've recently come across this **movie**, while my memories are fresh I would like to make a review of this one.

([**trailer**](https://youtu.be/i-0W6xmArQA))

**Imagine**, there's the prison, where each inmate has their own room with comfortable bet, coffee machine, different knick-knocks to play. They can listen to music, they are served food on the tray as if they were officials at the party. They can walk around this prison without any restrictions. Couches, tv, games - it's all there.

You might ask me, **what's the catch ???** The catch is in order to get to this prison, you have to agree to be **a guinea pig** by taking different medicine (as vaccine or something like that) and be observed how you will behave.

There is the dose which makes you laugh even though the discussion might be serious, or you can fall in love in totally a stranger right off the bat.

**Everything has a price**, in this movie, those people will face with that and more.",2025-12-04,Reddit,Online,unknown
5008,"Ultrahuman ring air Ultrahuman Ring Air has been a game-changer for my health tracking. It’s insanely light, looks like a normal ring, and is comfortable enough to forget it’s on, even while sleeping.The sleep and recovery insights feel genuinely useful, with clear scores and trends that pushed me to fix my bedtime, caffeine, and movement habits. Battery easily lasts several days, there’s no subscription paywall, and the app keeps things simple but detailed enough to trust. For anyone who wants serious wellness data without wearing a bulky watch, this ring is an easy 5/5.",2025-12-03,Reddit,Online,unknown
5009,Trademarkfiling USA I was charged $1600. They were supposed to handle everything with their attorneys. Something was needed and I was not notified by them and the trademark was cancelled. They claim they tried to contact me but that’s not true. No emails and no calls or messages. I asked for proof they tried to call me and they won’t answer that question. Now they want to charge me all over again and this time they claim they will contact me for anything needed which was supposed to happen the first time. No attempt to make anything right. Almost like they did this on purpose so they can charge me again. This company is a scam. Run away from this untrustworthy company.,2025-12-03,Reddit,Online,unknown
5010,"Recommendations for Electronic Accessories Bag? Hey fellas,

I've been thinking to buy an Accessories Bag for travel. Does anyone have any recommendations?

I've been thinking to get anyone from these:

https://amzn.in/d/hVQhPg5
https://amzn.in/d/gmfS8SV  

This should also give an idea what I'm looking in a bag.",2025-12-02,Reddit,Online,unknown
5011,"Galaxy.ai Review I’ve been having a blast using Galaxy.ai/tools! Their video and image generators are always up-to-date, which makes experimenting with new ideas really exciting. I love how intuitive the platform is, so I can jump right in and create without any hassle. The results are consistently impressive, and it’s amazing to see my concepts come to life so quickly. Overall, its great, its not really credit hungry, i can use nano banana Pro a lot with very low credits. Highly recommend!",2025-12-01,Reddit,Online,unknown
5012,"Warning about Ikon Pass: No refunds even for unused digital passes purchased by mistake I want to share my recent experience with Ikon Pass so others don’t get caught off-guard. I accidentally purchased the wrong Ikon pass type, a 4-day Session Pass, after being led to believe it included certain mountains that are heavily featured in their marketing. Only after buying it did I discover the pass excludes the destination I needed.

The pass was completely unused, the season hasn’t started, and it’s a purely digital product that requires no shipping, no activation, and no cost for Ikon to reverse. I contacted customer service and even spoke with a supervisor, but they still refused any refund or one-time courtesy cancellation under any circumstances.

I understand having policies, but refusing refunds for an unused digital service purchased by mistake feels unnecessarily rigid and customer-unfriendly. If you’re considering buying an Ikon Pass, be very careful during checkout, their different pass tiers aren’t as clear as they should be, and a simple mistake can cost hundreds of dollars with no recourse.

Hope this helps someone avoid the same issue.",2025-11-29,Reddit,Online,unknown
5013,"Fansfei.com a scam? *** BEWARE *** Bought 2 toys from this site, i was given the tracking number, it come to my country (apparently) then said delivered on a Saturday at 5:15 (weird). I checked my camera's, and nothing was delivered. They did initially respond to my emails but have since gone silent. SCAM! All i can do is give you my true experience on my purchase.😔 I thought the price was too good to be true, turns out it was....",2025-11-29,Reddit,Online,unknown
5014,"Do most businesses really need AI analysis of reviews? I've had the idea for the creation of a system which sucks in reviews from various platforms on a weekly basis and emails you each week with a summary of its findings along with a list of positives and negatives, so as to give you a quick yet accurate idea of what is going on and what people say. Is there such a need though in the market? Take your own business as an example. Is this something you would actually value and pay for?

Naturally it makes more sense for those who have many reviews, scattered actross difference platforms. Someone with 5 reviews here and 6 reviews there can quickly understand what is going on. So it would be those with many reviews who would find it the most useful I think. But then again, how many of those businesses are there?",2025-11-29,Reddit,Online,unknown
5015,"Instant funding I’ve been very disappointed with Instant Funding lately. I’ve contacted support several times regarding two serious issues — one trade was closed even though *it never hit my stop loss*, and another experienced *over $50 in slippage*. Despite multiple messages, I haven’t received any clear proof, proper explanation, or resolution.

On top of that, *95% of the trades I’ve taken have had unusually large slippage and wide spreads*, which makes it extremely difficult to manage risk effectively. I understand some slippage is normal, especially during volatile periods, but this has become a consistent problem.

Traders need to trust that their executions are fair — and right now, that trust is missing. I hope Instant Funding takes these complaints seriously and improves both support and trade execution. Until then, I would advise others to be cautious.not been a nice experience so far",2025-11-28,Reddit,Online,unknown
5016,"Adanola Scamming Customers Adanola are scamming customers

Note to never buy from this company! I’m one of many that have returned items and they have said they’ve not received it and refunded for only 1! Be aware!!! 

#adanola",2025-11-27,Reddit,Online,unknown
5017,"AMORPHIS-Borderland [https://stbasbas.blogspot.com/2025/11/amorphis-borderland.html](https://stbasbas.blogspot.com/2025/11/amorphis-borderland.html)

  
they came through the fog",2025-11-27,Reddit,Online,unknown
5018,"Is Wakie actually a good anonymous voice chat app to talk to strangers? My honest review after 2 years Have some thoughts built up after 2 years and over a thousand calls, so figured I'd share what's good and what sucks.
I'm an average looking guy and didn't have a real relationship until 25, had some virtual thing on Discord before but that doesn't really count. I tried tinder and hinge, got nowhere, I wasn't really into hookup culture but not gonna lie- my ego was bruised. I thought I was at least somewhat above average. Apparently not lol

I was fine with people I already knew but had trouble talking to strangers, covid made my phone anxiety worse, I'd ask people to text instead of call. When I started looking for work I realized how f*ed my social skills were.
Remembered Omegle and chatroulette, looked for alternatives without video, found some voice chats but too many horny old dudes and trolls, kept searching and found wakie where at least people had some rating system, downloaded it.

Around that time I was playing Genshin Impact and practicing voice acting, got decent at it, figured I'd test it on random calls. I was a bit nervous before my first call on the app but got used to it fast, I didnt try hard, just acted normal, people gave me positive ratings. Started trying voice stuff with girls and suprisingly it worked, lot of them added me to favorites, even dated one - didn't last but it was my first real relationship. She said I don't act the same as on the app, so I guess don't create a completely new personality if you're planning to meet someone irl, you can't keep up the character in real life unless you're some kind of actor.

Some annoying stuff- people expect you to entertain them, sometimes when I stop asking questions they don't talk and we just sit in awkward silence. Also you feel pressured to be nice for ratings. 

If you’re rebuilding social skills after lockdown or need practice before interviews- try wakie. Idk if it works for everyone but it worked for me, my social skills got better, I got a decent job where I don’t stress too much but show up on calls.",2025-11-26,Reddit,Online,unknown
5019,"Edibles Arrangements I ordered 1 for my friend it was 76.00. They Charged my card twice. I called them but was told by who answered phone that she couldn't understand me and I certainly could not understand her.  So I have sent 3 emails but they still haven't even bothered to return my call, text, or email. So beware of their business practices as they have no customer service and don't even care enough to return corresponds.",2025-11-26,Reddit,Online,unknown
5020,"The one thing that finally got us real customer reviews I used to waste so much time on those automatic review texts that nobody ever answers. You know the ones. We had plenty of happy customers, but our Google reviews were barely ticking up. What finally changed things was a super simple shift: we stopped texting and started talking. Instead of sending another robotic link, we had a real person just give some of our past customers a quick, friendly call to ask about their exprience. It sounds almost too simple, but it worked. People were surprised to be asked, and they actually seemed happy to help us out by leaving a review. We found a small team in Provo, UT called StarBrite that handles this kind of personal review and referral gathering. Having them make those genuine calls for us was the fix we needed. The reviews they got felt real because they were real. If you're stuck in the same automated review loop, looking into a human approach like that mght be your answer. It was for us.",2025-11-26,Reddit,Online,unknown
5021,"☕ Stop Guessing: Seeking 2+ Year Ownership Stories for High-End Coffee Gear (Let's build a real durability archive) Fellow enthusiasts, are you tired of one-week reviews? I am building a dedicated, high-trust archive of **2+ year ownership stories** for expensive gear like espresso machines, grinders, and kettles.

We are tracking **maintenance costs, flaws, and long-term durability**—not just initial purchase scores.

If you own high-end **coffee gear** and have a story to share (15-min survey):

👉 [**https://forms.gle/j5fFpTQtDtuGShrBA**](https://forms.gle/j5fFpTQtDtuGShrBA)

Help us build the resource we all wish existed!",2025-11-26,Reddit,Online,unknown
5022,"Weil Cornell reproductive center **I’m very disappointed with my experience at Weill Cornell Reproductive Medicine, and I think people deserve to know what to expect.**



**My doctor, Hey Joo Kang, saw me in person during my first IVF cycle, but during my second cycle I’ve only seen her through Zoom. My case is more complex — fibroids, a tilted uterus, and ovaries that are hard to visualize — so consistent, hands-on care actually matters. Instead, every appointment feels unpredictable. I constantly have to re-explain my situation to new physicians, and many appointments felt rushed or disconnected.**



**There were a few times I went in for monitoring and was supposed to receive a call with medication instructions — instructions that are time-sensitive and crucial for success. Instead, no one contacted me, and I had to call the emergency line just to get basic guidance. That should never happen at a fertility clinic of this size.**



**Communication after my second egg retrieval was just as poor. I waited over a week with no update on my embryos. When they finally called, all they said was that five were frozen — no details. I had to email out of frustration to get the information I should have been told upfront. I constantly had to advocate for myself.**



**The billing department has been the worst part of this entire experience. No one explained that a frozen transfer is much more expensive than a fresh one. No one told me that Weill Cornell is significantly more expensive than most clinics. They also never warned me that I was nearing my yearly insurance max. Instead, they let me go through an entire stimulation cycle and egg retrieval, and now — just a week before transfer — they suddenly tell me I owe $4,993 out of pocket.**



**To make matters worse, they billed my insurance in a way that used my IVF benefit limit for services that should NOT have been billed under my IVF limit, draining my $25k IVF coverage much faster than necessary. There was no transparency or accountability.**



**And what really shocked me: they refused to move forward with my transfer until the $4,993 was paid in full.**

**Most fertility clinics offer payment plans or financial flexibility, especially during active treatment — but Weill Cornell doesn’t. They offered nothing. No plan, no options, no compassion.**



**Overall, the communication is inconsistent, the care feels impersonal, and the billing department has zero empathy or transparency. After everything, I’m transferring myself — and my frozen embryos — to another clinic that is more affordable, more supportive, and truly patient-centered.**",2025-11-26,Reddit,Online,unknown
5023,"FM-Brotherhood [https://stbasbas.blogspot.com/2025/11/fm-brotherhood.html](https://stbasbas.blogspot.com/2025/11/fm-brotherhood.html)

  
Superb British FM/Soul infused meloic rock",2025-11-24,Reddit,Online,unknown
5024,"Request for Parkfield Supplies reviews, or info on ANY waterproof phone case that isn't a scam I've been desperately trying to get a waterproof phone case now that LifeProof switched to only iPhones.

I've tried Ghosteck and they were terrible, read that both Punckcase and Casebus are scams.

Just discovered Parkfield Supplies and don't see any obvious red flags, has anyone used them?

Any other recommendations?

For reference, I'm about to leave for a month long rafting expedition. Last time I did this I had my phone in my lifejacket pocket the whole time so that I could take photos. It swam rapids with me pretty much daily and came out fine, this was with the LifeProof case. I even took my phone scuba diving with me at one point to take photos.

I'm looking for something equivalent, not ""oh if some rain gets on it or you drop it on a puddle for a sec it will probably be fine"" which seems to be the new standard for waterproofing.

Thank you!",2025-11-22,Reddit,Online,unknown
5025,"Tired of 1-week reviews? I'm building a database of authentic, 2+ year ownership stories for high-end coffee grinders. * Hello r/Reviews community,

I'm a fellow enthusiast, and like many of you, I'm frustrated by how hard it is to find real, long-term advice on expensive gear. We see plenty of reviews written one week after purchase, but those tell you nothing about bearing failures, burr replacement costs, or long-term workflow hassles at the 3-year mark.

I’m working on a community research project to fix this. The goal is to create the internet's most honest, in-depth archive of long-term ownership stories, pain points, and specific DIY fixes for the gear we invest in.

# I Need Your Story!

I am currently collecting data from owners of high-commitment coffee grinders who have used their gear for at least 2 years.

Specifically, I am targeting the following models (among others):

* Flat Burrs: \[Specific Flat Burr Model, e.g., Fellow Ode Gen 1/2\]
* Conical Burrs: \[Specific Conical Burr Model, e.g., Niche Zero\]
* Professional/High-Volume: \[Specific High-End Model, e.g., Mahlkönig EK43\]

If you own one of these (or a similar high-end machine) and have been using it for a while, your story is incredibly valuable.

# Why Share Your Story?

1. Help the next buyer: Your detailed account will save the next enthusiast serious time and money.
2. Get your pain points heard: We are structuring the data to highlight the most common failures across different brands.
3. It’s quick: I've created a short, structured Google Form that takes about 10-15 minutes to complete. It focuses on costs, maintenance, and the single biggest piece of advice you would give your past self.

# Ready to share your long-term review?

Please fill out the simple form below. I will personally review and curate every response into our initial archive.

👉 \[[https://forms.gle/ufUj98x6zBJVYJgq8\]](https://forms.gle/ufUj98x6zBJVYJgq8]) 👈",2025-11-22,Reddit,Online,unknown
5026,"Sports fan merch - AVOID Ordered a game day buffalo helmet from them on October 3rd, then a day or two later received an email claiming it takes 4-6 weeks to fulfill the order because it’s on back order. Sent an email to them inquiring about the order at the beginning of November and they said it takes 4-6 weeks. Today, (nov 21) I sent an email requesting a refund, and they said they issued the refund and to not attempt to order from their website again.

Avoid this scam company.",2025-11-22,Reddit,Online,unknown
5027,"DONT use Petco Groomers in East Windsor I will never use Petco Grooming at East Windsor again. I find them to always be rude and judgmental but today - after making my appt a month ago and confirming it three times AND taking the day off of work to get my dog there, they told me they couldn’t take me because I was 11 minu I will never use Petco Grooming at East Windsor again. I find them to always be rude and judgmental but today - after confirming my appointment three times and taking the day off of work to get my dog there, they told me they couldn’t take me because I was 11 minutes late. They told me the reason was because that they were triple booked. I said well maybe you shouldn’t be triple booking in the first place to allow for some variability in peoples time. I asked them nicely a few times to try to accommodate me even if it meant coming back another day or time before Thanksgiving  and they repeatedly told me that it was not going to happen and then I shouldn’t have been late. This was after me being courteous enough to reschedule for them when they called me a few weeks ago and said that they were overbooked on my original date i was scheduled for - so I was nice enough to reschedule for them  and change my day off for them. Then because I showed up 11 minutes late ( to  allow my dog to poop outside the store rather than inside the store) they turned me away in a VERY rude and  nasty manner - because THEY are overbooked. Sounds like a time management problem on their end, not mine. They were disgraceful. The girl at the computer JENNIFER was awful  and the groomer ANNA  was disgusting. They told me that they would not see my dog ever again because I was arguing my point.  To be honest, I’m never impressed by their grooming anyway, it always looks half assed and rushed.  I guess that explains the triple booking, they’re always in too much of a rush to do a good job . The last time I took my dog home and realized that they only cut one side nails and totally forgot to do the other side. I had to bring him back and wait for them to complete the job… And they had the nerve to charge me an extra fee for extra brushing!! 
  * I will say, though, that my experiences with Grace, Hannah, and Alyssa have been positive. **",2025-11-22,Reddit,Online,unknown
5028,"My honest experience using a Welzo Home Blood Test last month I wanted to share a genuine review because I was really unsure about home blood tests before I tried one. Last month I’d been dealing with low energy, random headaches, and just feeling “off.” I couldn’t get a GP appointment for weeks, so out of frustration I decided to try one of the **Welzo Home Blood Tests** 

I picked the general health panel since I didn’t know what exactly I was looking for.

Here’s my honest experience:

• The kit arrived in about 2–3 days  
• The instructions were clear, and collecting the sample wasn’t as scary as I expected  
• It took me two tries to get enough blood (this part was slightly annoying but manageable)  
• I posted it back the same day  
• Results came in around 48 hours and were surprisingly easy to understand  
• It actually highlighted low Vitamin D and borderline B12 — which I didn’t even suspect

I took the results to my GP afterwards, and he agreed the numbers made sense considering my symptoms. He recommended supplementation, and after starting it, I do feel a bit better.

This isn’t some miracle solution, but for me it was useful — especially because getting a GP appointment takes forever where I live.

If anyone else has used home blood tests, did your results match your symptoms?  
Curious to hear how others’ experiences compare.",2025-11-22,Reddit,Online,unknown
5029,"7 Kings honest review 5 Stars!!! I have never written a Reddit review but I need to get the word out! I just received my second order from 7 Kings 7oh &amp; OMG I’m impressed. They ship fast, their products are potent &amp; their prices are the most reasonable I have found for such quality products.",2025-11-22,Reddit,Online,unknown
5030,"Do NOT buy from Doletics! worst experience with online buying ever! I bought leggings from Doletics that were advertised as 100% opaque, helps reduce cellulite but they are completely sheer! You can see my skin and underwear as if I wasn’t wearing leggings. when I went to return them I wasn’t informed until the very  last step of the return process that returns are international to Germany! I had checked their site before purchasing to see their return policy and checked reviews, all of which were great. And their return policy  does not indicate that returns are international. So I purchased them. what a mistake! I asked Doletics for a prepaid return label to the Germany return address OR to provide a United States return address so I could pay for them to be returned, but they refused to do either. what a colossal waste of money and time. Don’t buy from them, they’re dishonest and their customer service is horrible. They take days, in my case, almost a whole week to get back to me about my inquiry. then they were completely unapologetic about not having  any transparency in their return policy or willingness to help with the return. The best leggings I’ve found online so far are from Fanka. those are actually opaque and help with cellulite reduction  and are without friendly/compatible.",2025-11-21,Reddit,Online,unknown
5031,"My experience using a red-light cap after years of bleaching  here’s what actually changed I wanted to share a genuine review because I spent months wondering if red-light therapy could help with scalp health after years of bleaching. My hair story is basically the same as a lot of people who bleach: I loved the look, but over time the top of my head started feeling weaker. My new growth felt softer and almost “thin,” not in a medical way, just noticeably different in texture and strength.

Conditioners fixed the dry ends, but nothing I tried really changed the way my *roots* felt. I didn’t want to overload my scalp with too many products, so I started looking into tools people use for basic scalp support. That’s how I ended up trying the [Welzo Red Light Cap](https://welzo.com/products/red-light-infrared-cap).

I didn’t go into it expecting miracles. I used it just because it seemed like a simple, non-chemical way to maybe encourage healthier new growth.

Here’s what actually happened over a few weeks:

**• Week 1–2:**  
Honestly, nothing dramatic. I used it while watching TV. The warmth felt relaxing, but I didn’t notice changes in my scalp or hair texture yet.

**• Week 3–4:**  
This is when I started noticing tiny differences. My roots didn’t feel as “fragile” when I touched them. When I brushed my hair, it felt like the new growth had a bit more grip instead of that overly soft, processed feel. Not thicker — just slightly stronger.

**• Week 5–6:**  
I noticed that the areas near my part line felt less delicate. My scalp also felt calmer overall. Again, nothing overnight or dramatic, but I could feel my new growth wasn’t as flimsy as before.

**• Current verdict:**  
It didn’t magically fix years of bleaching (and I didn’t expect it to), but it genuinely did something for the *texture* and *strength* of new growth. The biggest change was that the fresh hair coming in didn’t feel as fragile. It just felt “healthier,” like the scalp was happier.

Red-light therapy won’t replace good haircare routines, but as a supportive tool, I actually think it helped me in a gradual, subtle way.

**So overall:**  
If you’re expecting dramatic thickening  no.  
If you’re hoping your new growth feels stronger and your scalp feels supported  it might be worth trying.

That was my experience with the Welzo Red Light Cap, and hopefully it helps someone who’s wondering the same things I was Googling at 2AM.",2025-11-21,Reddit,Online,unknown
5032,"The Borz Store Hey everyone!
I’m new to Reddit and made this account just for this.
Christmas is coming up and my boyfriend is a huge Khamzat Chimaev fan. I’m from Europe and it’s really hard to find any of his merch here. I came across The Borz Store, which seems to be his official merch site, but I can’t find any real reviews.
Has anyone bought a hoodie or T-shirt from there? How’s the quality?
I’d love some help choosing the perfect gift for my boyfriend!",2025-11-21,Reddit,Online,unknown
5033,"turn podpak and podpen I wanted to leave a great review for turn as a company. Their customer service dept. was really wonderful with the help I needed for a strange occurrence with one of their products. I am in business myself, and want to applaud them for their immediate and careful assistant to a customer. I will definitely recommend their superb products to my friends. I am very happy with their help.",2025-11-20,Reddit,Online,unknown
5034,"SwellAI.com review - NOT recommended I have been using [Swellai.com](http://Swellai.com) since the start of the year. It's a decent program to help make podcast notes, emails, social media worlds, transcripts etc.  I had to remind them to renew my minutes every month, which was annoying, but whatever, the program was good for what I needed. All of a sudden, they stopped responding to all my messages and have not topped up my minutes in a couple months. I have emailed, I have used their chat box, I have called the phone number, all to no avail. I paid for a year worth of services but they stopped providing their services and now I'm out the money and need to find a new way to do this.   
I'm frustrated, and my bank can't do anything as it's past their dispute window. 

Find a different company to help write show notes, as this one is unreliable.",2025-11-20,Reddit,Online,unknown
5035,"Five Towns College (five clowns) is the worst college ever, do not EVER think of going, a waste of money, a waste of time, and something you WILL regret. I attended Five Towns for about two weeks before dropping out because of how bad it was. I felt like I got demoted from where I was when I graduated high school. I graduated with a 4.0 GPA, received a pretty scholarship (20k a year) from the desperate, money hungry people at five towns, and accidentally put myself in a horrible situation that I do not wish on any student with a passion for art, music, or anything else for that matter. 

My tuition for the semester was about 4k, and I only received back $1,900. It was supposed to be a 60 percent refund. The president of the college refuses to refund anymore of the money. I only attended classes for two weeks. It was not worth that much money, and I feel absolutely robbed. The happier part to my story is that I got out of five towns before it was too late. I took what I could get back and ran. Please do not put yourself in this situation, it is so disheartening. Even the women who worked in the advising office at told me that my best option was to drop out, that my full potential could not be met at five towns. 

I was so unsure about attending this college that I made myself sick about it so many times. The day that I went to register for classes and got my ID card, I got sick with some sort of stomach bug (I think it was a sign from somewhere warning me not to go.) If that sounds crazy to you, just continue reading!! I also had multiple nightmares where I was screaming that I did not want to go to five towns, and I would wake up feeling absolutely sick mentally and also throwing up from the stress. This was over the summer after I had already committed to the college, and all of my friends had big plans for themselves at great colleges. I just knew something was wrong. I did not want to go, I was absolutely killing myself over it. I couldn't do anything to change it because it was too late. My parents told me to just try it out for a semester and if I did not like it, I could transfer out. If you are considering this college, and this is what your parents are saying to you, tell them of my experience and I assure you, they will change their minds. 

To start off, the people are pushy, they do not stop calling you once you apply. Not even just emailing you. They call, text, and email like a desperate ex trying to get you back. It is so pathetic. They also push all of their programs on you and barely give you any time to think about what it is that YOU want. I felt as if I got roped into the business and audio concentration program just because it was the easiest thing for them to do for me. So many of the students there feel the same way, there is just this feeling of hopelessness that plagues everyone there. No one can have a conversation without hating on the college or saying that they want to leave.

To add about the business program, it is such a joke; unfortunately, it really is sad because the teachers are all very sweet and I honestly feel bad for them. The business program consists of mostly male athletes who are there on a scholarship, or kids who have no idea what they want to do with their lives. Do not fall for this program or the audio concentration that they make so enticing. You can get a much better education at one of the amazing SUNY schools nearby, even SUNY Farmingdale if business or even communications is what you want to go for. They also have visual arts programs that five towns offers, and they have even more variety. SUNY Stony Brook also offers music and SO MANY arts majors, it is outstanding and so wonderful. It is also MUCH cheaper than five towns, you will have an actual college experience, and the college that YOU are paying will actually invest in you instead of investing in themselves. Out of all of the friends I made there, they all also want to transfer out because they know they deserve better. One of my friends dropped out just as I did, and another one of my friends is also transferring out at the end of the semester. 

What was extremely alarming to me at my time there was how small the college was and how there are not even 1,000 students, maybe 500. I'm not really sure how the college is still running. The accreditation should be taken away. I attended a department mixer for business, and each year (freshman-senior) stood before the rest of the department year by year. The freshman class was the biggest one and as you got down to the seniors, two people stood. I felt so sick. I knew I had to get myself out of there. They explained that they ""lost"" a couple of students over the years, and of course when you put it together, these are the students that got out and realized there were better opportunities for them. Those are the lucky ones, and I am one of them. 

If you are looking for an exciting college experience with student life funded and supported, do not choose five clowns. Choose any other college, I guarantee you it will be much better. I almost wish high schools could exclude five towns from their college fairs. This should not even be an option for passionate and talented high school students getting ready to face the real world. They lie to you, they manipulate you, and they only want your money. Not to mention, five towns credits barely transfer to other colleges, so if you are thinking of just ""trying it out"" for a semester, don't. If you are at all unsure of what you want to do with your life or career, do not choose this school, you are putting yourself in a prison. You will waste your time, money, and your passion might even feel like it is dissipating. It definitely drained the life out of me.

It is a FOR PROFIT institution, read that loud and clear. All private colleges are, but what makes five clowns different is the fact that it quite literally is just money hungry people feeding on profit, not giving enough funding to the arts, and honestly not even understanding how to run a college whatsoever. They sell you on the audio program, which is a load of crap. The access students have to the studios is so limited and also nothing is ever taken seriously. The audio part also does not go on your degree. They do the bare minimum. Everything is the bare minimum. The food, the dorms, the curriculum, the student life. 

When I say that the food is BAD, I mean it. The cafeteria was smaller than the one at my high school, and the limited options were insane. I felt so bad for the kids who chose to dorm and that is their only option. If you choose to dorm at this college and have no car, you are quite literally putting yourself in a prison. Long Island is so wonderful and full of things to do, but this college is in the middle of a suburban neighborhood on LI. You cannot walk anywhere, it will take forever. 

I also know many people who are upperclassman at five towns who regret their choice to stay. They feel that they also could have gotten better educations and more opportunities elsewhere. They only stay now because they have dug themselves a hole. They put so much money into the school of credits that will barely transfer anywhere else, so they have no choice but to finish it.

At the end of the day, do not EVER choose this college. I don't care if you're confused, stuck on the money end of things, or looking for an easy way out. You deserve better. Money is not the most important thing in life, it comes and goes. Experience stays with you, the environment you are putting yourself in will mold you into who you are. Choose a good one. Choose a place that makes you feel like you can do anything, that you can reach for the stars, have opportunities, and dream. Do not put yourself in a situation where you think about what could have been. If you are not happy with your environment during such formative years, you will have trouble in the future. Life is short. Go somewhere that you can change your mind. One day you may be a STEM major and decide that you hate science and want to be immersed in the arts or humanities instead. Five Towns is not the college you can change your mind at or customize your education. Go somewhere that really supports your dream, and you will never regret that decision. I promise.",2025-11-19,Reddit,Online,unknown
5036,"SameSidewalk Review I saw someone asking about SameSidewalk and wanted to weigh in.  It's a company that is able to apply the best promo deals and rates to your monthly bills ....like your electric bill, gas, internet, streaming services, etc.  (they can even find deals that are hard to score). There is no cost - it's free to use.  I had no idea there were companies who did something like this.  Glad I found them. It's a pretty great way to save money.  Just go to samesidewalk.com.",2025-11-19,Reddit,Online,unknown
5037,"Review of Empire Today - San Diego, CA WARNING! DO NOT USE THIS COMPANY! I wish I would have read the reviews before choosing Empire! It has not even been 2 years and the laminate planks are already coming up from the edges. I have lived in my home for 20 years and the rest of my laminate flooring (not from Empire) still remains perfect. They told me it would be $500 to fix their subpar product.",2025-11-18,Reddit,Online,unknown
5038,"FEICE WATCHES - Unless you know you will definitely keep the watch, avoid ordering from this company ! I ordered a Feice Midnight Reserve FM202 watch online on 27 September 2025 and paid £148 GBP as I loved the look of it.  It was shipped form Shenzhen (China) and it arrived on 10 October. When I opened it I immediately did not like it and decided to return it for a refund.  I emailed Feice and they explained the return procedure - I had to pay the shipping cost to China and any Customs duties.  I returned the watch on 18 October and paid £23.50 GBP for shipping. Nothing happened for 10 days or so I checked the courier's tracking information and found that the watch was being held by the Customs at Shenzhen for approximately two weeks. Eventually when the watch was released by Customs Feice sent me a refund of £128 GBP on 14 November, saying that there were Customs duties to pay.   

So I had to pay £23.50 GBP shipping and £20 GBP in Customs duties.  

I emailed Feice to complain about this but, as expected, they did not come back to me.

So, unless you know you will definitely keep the watch, avoid this company !",2025-11-18,Reddit,Online,unknown
5039,"Is Ace Working Holidays a Scam? I’m heavily debating going to Zante in 2026 with Ace. I’m just curious if anyone has any experiences (good or bad) to share? 


I’ve noticed that a lot of there posts have 0 comments which I find odd. 


I also want to know is there any hidden costs involved with ace? Most of the reviews are really good but I’m just nervous to pay 
£700 and be scammed.",2025-11-18,Reddit,Online,unknown
5040,Lenovo or Asus or Acer ?,2025-11-18,Reddit,Online,unknown
5041,"Afternic Review-Slowpay Overall, the experience was pretty good (3/5 Stars) — especially upfront, where everything felt smooth and professional. The problem comes when it’s time to get paid. It seems like they make a lot of money off float, meaning they hold onto people’s money longer than necessary.

First, they didn’t have a 1099 from me. After a week with no payment, I reached out, and only then did they say they never received my information and that I needed to fill it out. I did so immediately. Now it’s been another week, and the latest excuse is that they “need to verify” the information on my 1099.

As far as I understand it, the IRS requires the issuer to obtain a completed 1099 from the recipient — signed and dated. That’s it. The issuer isn’t responsible for validating the information; verification is the payee’s responsibility.",2025-11-17,Reddit,Online,unknown
5042,"Search for live reviews has finnaly came true! No bots, real people with real reviews! Personaly Shillworks is the gem thats been missing online. First time that i got what i paid for. I did wait a couple of days for reviews unlike the bot reviews that came instantly, but man was it worth it, we skyrocketed finally with our app, thank you Shillworks! I got in early access also and they just made partnership with Unigox so def hanging on to this one. No fees on unigox,zero, like man i really got in within the golden time! And the best think of all od that i literaly paid less the i paid for bots, double! So shout out to all of us out there fighting with simmilar problem! Your welcome!",2025-11-17,Reddit,Online,unknown
5043,"Hongyu Apparel is a SCAM At first, I truly believed that Hongyu Apparel would be able to execute the designer jacket I’ve been developing for my fashion line. I provided them with detailed tech packages, material information, and very clear instructions — including the fact that my garment requires attached gloves, which are a signature part of my brand identity.

After they accepted my payment and confirmed they understood the design, they suddenly told me they could not make the gloves that were clearly included in the tech pack. Since my entire line is based on garments with integrated gloves, this was extremely disappointing. I tried to give them the benefit of the doubt, thinking maybe the material choice was too difficult, so we moved forward with a second material.

Second attempt:
We selected a new fabric, and once again they failed to properly produce the gloves. I reminded them how essential the gloves are to my collection. After some back-and-forth, they told me they would try again with a simpler glove design. They attempted it — and the result was extremely poor-quality and not wearable. It looked nothing like the design I submitted.

Third attempt:
Despite the ongoing issues, they quoted me another $40, raising the cost to $180 (after already paying $140 twice), bringing my total to $420. Even after paying the additional amount, they still could not execute the gloves. I also asked for the skirt in the back to be more flowing — I sent illustrations and reference images — and they still sent me the same flat, non-flowing skirt as before.

Again, they admitted they were unable to make the gloves.
This is after multiple payments and after repeatedly promising they could.

What makes this even more frustrating is that they kept pushing me toward a bulk order — of a design they couldn’t even produce correctly.

My tech pack was detailed. My instructions were clear. I paid for the work. They repeatedly told me they could do it — and repeatedly failed to deliver the core elements of the design.

I am extremely dissatisfied with the lack of skill, inconsistency, price changes, and the misleading assurances.

⚠️ I strongly recommend avoiding Hongyu Apparel.

They take on projects they cannot complete, produce weak and inaccurate results, and continue to request payment even when they fail to execute the design.
Proceed with caution — or better yet, stay away.",2025-11-17,Reddit,Online,unknown
5044,shitty website trash asf,2025-11-17,Reddit,Online,unknown
5045,Moomoo Review Moomoo Is a great trading platform. The cash sweep is nice! The savings Yield is excellent! This is my first experience with moomoo! And so far I am very impressed! And I have not been hit with any surprise fees like some of the other trading apps! I hate hidden fees!!!,2025-11-16,Reddit,Online,unknown
5046,"Is Moulinex good for exhausted people who don't like cooking? Hi. I'm trying to understand if the Moulinex machine (TM7 I think it's the name) will be a good match for me.

I don't like cooking. I have lunch included at work and at dinner and weekends I either skip, eat a yogurt or eat an instant ramen during the last 20 years.

Many people have told me that once you start to learn how to cook you just get better and start to like cooking, or at least stop disliking it. Well... I tried hard during 20 years (because I've always wanted to eat better) and I always eventually come back to packed instant food because I just can't keep up with it, I'm **always exhausted** and it takes too much effort and time. 


I would be interested in hearing opinions about the Moulinex TM7 from:


* People who likes cooking and has energy left at the end of the day
* People who likes cooking but is exhausted
* People who doesn't like cooking and has energy left at the end of the day
* People who doesn't like cooking and is exhausted at the end of the day (this would be my bucket) 

I want to understand if this product can help me or not.

Please leave a comment with a review and specify which category from the ones above you belong to.",2025-11-16,Reddit,Online,unknown
5047,"Much Better Adventures - Ultimate Adventure in British Columbia and Vancouver Island I participated on the September 2025 trip. This is a new MBA trip and had only run once before in June 2025. My experience of this trip and MBA was disappointing. 

The trip itself was unenjoyable and overpriced given the experience. At times, the 'adventure'  felt more like a school trip with a treadmill of activities than a holiday. It felt like the trip had not been properly tested before being released to paying customers. 

There were numerous issues throughout the trip including rigid scheduling and an overpacked itinerary, incorrect information on MBA's website (e.g length of time and difficulty rating for hikes), an inexperienced guide, poor campsite facilities and little time to enjoy being in any place due to the tight schedule. Not to mention, being required to dry out the tents and clean out the trailer and van at the end of the trip albeit MBA did acknowledge that this had crossed the line. 

If you decide to book this trip, be aware that unless the itinerary has been changed, you are likely to spend a lot of your time putting tents up and down, packing and unpacking the trailer, packing and unpacking day packs and own luggage for each day, eating and washing up and bear prevention rather than enjoying being in each location in the present moment. It was such a shame because Canada is stunning but the cumulative negative points of this trip overshadowed what otherwise should have been a once in a lifetime holiday. 

I gave detailed feedback to MBA and eventually settled on an agreed level of compensation payment but this did take time and the 'host' supplier/MBA tried to settle at a low level initially. 

Anyone booking through MBA needs to be aware that MBA is a booking agent only which means they are responsible for the booking but not the trip.  The 'host' supplier is responsible for delivering the trip. This is set out in the t&amp;cs but not apparent on the face of MBA's website.",2025-11-15,Reddit,Online,unknown
5048,How good is this phone? [https://www.mercadolibre.com.mx/tecno-pova-7-pro-5g-ai-gaming-phone-256gb-rom-1212gb-ram-dual-sim-mediatek-dimensity-7300-ultimate-6000mah-carga-inalambrica-de-30w-pantalla-678-amoled-144hz-nfc-64mp-motor-de-juegos-hyper-negro/p/MLM55889861?pdp\_filters=item\_id:MLM2454370737#highlighted-specs](https://www.mercadolibre.com.mx/tecno-pova-7-pro-5g-ai-gaming-phone-256gb-rom-1212gb-ram-dual-sim-mediatek-dimensity-7300-ultimate-6000mah-carga-inalambrica-de-30w-pantalla-678-amoled-144hz-nfc-64mp-motor-de-juegos-hyper-negro/p/MLM55889861?pdp_filters=item_id:MLM2454370737#highlighted-specs),2025-11-15,Reddit,Online,unknown
5049,"Needed some new clothes for work and ended up browsing online again So I recently started going out more for work stuff, and I realized most of my clothes are either too casual or just old. I wanted something simple but decent enough to wear outside without spending too much.

While scrolling online, I found a site that had some really nice pieces clean shirts, light jackets, and comfy shoes that looked perfect for everyday wear. The prices were fair, but since it’s my first time seeing the brand, I’m still a bit unsure about the quality.

Has anyone here tried shopping from Voghion before? I’d love to know if their stuff is actually as good as it looks online.",2025-11-14,Reddit,Online,unknown
5050,"Seacoast Renovation Systems * I have lived on Galway Lane in Columbia SC for the last 22 years. I write this to strongly recommend Seacoast Renovation Systems (owned by Chris Pressley). His team did a superb job with my renovations. He and his team built me a new metal gate on the side of my house, are repairing window sills for 9 of my windows, (Lowes tried to get me to purchase entire windows for $12,000) gutted and replaced the cabinet and plumbing under my kitchen sink, and repaired my garage door. About 5 years ago, this team built an entire fence in my backyard and side yard with vinyl fencing (much better than wood). These guys are not only honest, but loyal, and they explain exactly what they are gonna do. The price was so very reasonable and not sky high. I just can't speak enough about how happy I am with the service of Scott Pressley and his team. PS, I am not paid to send reviews, and this review is completely unbiased.",2025-11-13,Reddit,Online,unknown
5051,Korean mineral foundation I bought the Korean Skin Care mineral foundation that claims to blend with your natural skin color. But all I get is the white foundation on my face not blending with my skin color. My face looks like a clow’s face! Anyone else having the same experience?,2025-11-12,Reddit,Online,unknown
5052,"Bloom Flower Delievery is a JOKE!!!! Please don't order from this business. They'll never deliver your order &amp; they don't have the flowers to do any arrangements. Again, DON'T ORDER FROM THIS PLACE!!   -100 rating",2025-11-11,Reddit,Online,unknown
5053,"Sharing quick reviews of gear I’ve actually used outdoors Hey everyone!

I’ve been working on a page called Quality Tested Gear where I post quick, practical reviews of outdoor equipment I’ve actually used. My goal is to show how gear really performs after getting beat up, dropped, soaked, and used the way it’s meant to be used.

You can check it out here:
👉 tiktok.com/@quality.tested.gear￼

From there you can find my other socials, including YouTube. I’m not sponsored or selling anything, I just enjoy sharing honest feedback on gear that’s built to last. Whether it’s backpacks, tools, or outdoor accessories, I try to keep my videos short and real so people can get the info fast.

I’m mainly just trying to get a little traffic on the page and would really appreciate it if a few people here checked it out or shared some feedback. I’d love to hear what gear has held up best for you too.

Thanks for taking a minute to read this. If you’re into durable, no-nonsense outdoor gear that’s actually used and tested, I think you’ll like what I’m doing.",2025-11-11,Reddit,Online,unknown
5054,"Do not buy tickets from Get Your Guide 
Get Your Guide completely RUINED our visit to the Frida Kahlo Museum. They sent the WRONG TICKETS — tickets that the museum couldn't even scan because they had a QR code instead of the proper BARCODE. The museum told us they NO LONGER WORK with Get Your Guide, so what exactly did we pay for?!

We were denied entry and spent OVER AN HOUR in chat with customer support, only for them to say the best they could do was a refund. WHICH IS NOT FAIR because by then, FRIDA KAHLO MUSEUM TICKETS WERE SOLD OUT FOR THE DAY. So we missed out completely.

Get Your Guide had NO idea what was going on, offered ZERO real help, and wasted our time, money, and the entire experience. They even promised to refund my Uber ride to the museum after 1 provided a screenshot of the receipt — only to message me a week later asking for ""proof"" AGAIN after I had ALREADY SENT IT.

Absolutely unacceptable. WORST service ever. If I could give 0 stars, I would. DO NOT RECOMMEND.
I will NEVER use Get Your Guide again.",2025-11-11,Reddit,Online,unknown
5055,"Rob Leins blood ,sweat and beers [https://stbasbas.blogspot.com/2021/05/rob-leins-blood-sweat-and-beers.html](https://stbasbas.blogspot.com/2021/05/rob-leins-blood-sweat-and-beers.html)

  
country rock with a twist",2025-11-11,Reddit,Online,unknown
5056,"TEMCO LOGISTICS UPDATE: 2 weeks later after trying to reach management, and they’re still arriving. Today they stayed at my job for an hour… we don’t have Temco work orders here. Home Depot &amp; Temco hasn’t done anything about this.

Drivers are disorderly in other businesses locations. Management doesn't answer or reach out. I've been dealing with 4 drivers giving me a hard time every single morning at my job location.

Truck numbers ( 409074 &amp; 8306137 ). I really want these guys to stop coming to my place of employment. 

As a (gay) woman dealing with 4 men getting a kick out of harassing me by forcing interactions and contact with me.... I hate this company. I've also taken back my support for Home Depot due to not taking this situation seriously enough to stop these drivers.

I've tried being polite &amp; was greeted with hostility and sarcasm. In a ""What are you gonna do about it"" demeanor and undertone.

These men won't stop coming to my place of work in a disorderly fashion.",2025-11-10,Reddit,Online,unknown
5057,"Salt and Stone, Neroli and Basil Scent Purchased Salt and Stone deodorant, body wash, and body mist, in the Neroli &amp; Basil scent, totaling $94. Scent is so weak, there's literally, nothing there at all. I had high hopes, but received disappointment instead.

I'm also very skeptical of their return process. I went through the return steps, as instructed on their site, and received the following email stating:

""Your return has been submitted.
Good news—you don’t need to ship anything 🍃
In an effort to reduce waste and carbon footprint, you don’t need to return the item(s) to us. We hope that you donate or find a good home for them. We’ll issue your refund, gift card, or exchange once we process your return.

We hope that you donate or find a good home for them.""

Body Wash
Neroli &amp; Basil / 15.2 FL OZ / 450 ML
$36.00
Signature Scent Duo
Neroli &amp; Basil / 3.4 FL OZ / 100 ML
$59.00

I've never heard of such a thing. Is this real? Or am I setting myself up for a painful refund experience?",2025-11-10,Reddit,Online,unknown
5058,"Another bad UberEats experience I was a regular UberEats user. Most recent deliverer Viktor dumped my order on someone else’s patio apparently or just kept it. He pinged me to say he had arrived, I immediately went to the door, nothing there. Clearly he didn’t ring the doorbell as requested. Called deliverer and no answer. Uber response was that this was my problem, not theirs and that he delivered the food. Fortunately my bank has a fraud department (go Chase). $150 later, no dinner and had to order elsewhere. Buyer beware!",2025-11-09,Reddit,Online,unknown
5059,"Love letter to the movie Frankenstein 2025 As a huge fan of the book, when I saw the trailer, seeing Frankenstein's monster with features much closer to the book's description and clothing, I was excited that it would be a faithful adaptation. And for that very reason, I became increasingly disappointed as I watched it, a feeling that quickly changed when I realized that, unlike versions that simply take a book, strip it of its depth, and leave it empty, this is truly a coherent alternate version with a new vision of the story. It starts with the most obvious point: this work adds humanity to the ""monster"" and further dehumanizes the humans, not only within themselves but also in their surroundings, in how they interact with them from the very beginning. One of the reasons I loved this story is precisely because of how painful it was to see Victor so loved and the ""monster"" so utterly alone and despised, and here things are balanced.

Victor's past as the beloved son of a couple who adored each other and took him traveling the world, encouraging him to learn whatever he wanted, even if it was the damned science of alchemy, is erased. Now he is the son of a mother who, just like in the novel, loves him dearly, but a father who treats him with contempt and demands (it's not explicitly stated, but it's possible Victor isn't actually his son, and his parents married after he was born, judging by his treatment of him and the comment, ""You bear my name and represent me,"" as if it were something bestowed upon him and not rather than by birth), along with a toxic relationship marked by domestic violence with his mother. From the very beginning, Victor's surroundings become less human. He grows up shouting in everyone's face that he is a genius, the complete opposite of the Victor who worked in absolute secrecy and was humiliated by his teachers for his outdated ""scientific"" beliefs. Instead of Clerval, his dreamy and vibrant friend. You have an arms dealer. He causes the deaths of innocents and blames the monster. He refuses to create a companion so the monster won't be alone and will have a friend by his side, feeling not a trace of empathy for him. He directs cold phrases at him, like a narcissistic scientist proud of his genius despite everything, even though, unlike in the novel, he hadn't killed anything Victor knew, and that Victor did feel a minimum of empathy for the monster. Everything about Victor and his surroundings is much more dehumanized, including him.

Instead, the Monster receives a certain lesson at his birth: the acceptance of the blind old man, even after learning his story; the affection and empathy of Elizabeth; the acceptance and final apology—something beautiful to see for those who have the injustice of the novel etched in their memory. His life is still awful, traumatic, but he receives much more appreciation than in the novel, and his purity is even more evident.

Speaking of Elizabeth, she's no longer that sickly, cheerful character who loves Victor almost out of obligation, but also with immense attachment. She's become a much freer thinker, much stronger, a protagonist, with a profound appreciation for all things life (something that was already present, but her interaction with the monster adds much more meaning to that quality of hers). And with a significant ending, where she manages to see the purity of the ""monster"" as no one else was able to. She rejects Victor, rejects his pathetic attempt to beg for forgiveness while he was obviously drowning in his hatred and delusions of God.

I also noticed something that might bother many: sometimes the makeup, the reactions at certain moments. Like Victor's brother throwing the moral lesson in his face quite directly before dying, how everyone moved aside when he was carrying Elizabeth. How he reached, Victor on the ship and no one seemed to have died on that occasion, the crew waiting outside for her to finish her story and then giving her space to leave without asking questions. But it didn't really bother me; I see it more as a play than a film, and in many scenes I get the feeling that was precisely the intention. To eliminate a certain semblance of realism, of logical reactions, to obtain instead a scene linked solely to art and not to coherence. Furthermore, the detail of Frankenstein's immortality and super strength initially seemed incoherent to me, but the way they lighten the burden of immortality later becomes something with great significance. Since the ""monster"" wasn't always alone, he received affection, but the burden was no longer just loneliness, but also eternity. The option of burning at the stake to ashes no longer exists; eternity is part of the condemnation that continues to make his life a hell, lacking the raw and pervasive loneliness of his namesake.

In conclusion, I'm pleasantly surprised by this true reinterpretation of a story I've always loved, but which has always caused me a lot of suffering. If I had to say something negative, it's that I might have liked to see a lot more expressiveness from the ""monster"" in some scenes, but since it's a face made up of different parts, and generally doesn't know how to physically react to feelings, I can accept it as it is.",2025-11-09,Reddit,Online,unknown
5060,"Juan &amp; Only Plumber Not Trustworthy I normally do not write negative reviews as I know that people, companies can have a bad day. My experience is one that I feel needs to be shared as it showed very untrustworthy practices. I selected Juan &amp; Only Plumber to look at our hot water heated based on reviews and posts on Reddit. While searching, I found that people experience “zip code” pricing by some companies. I have never experienced this and did not believe it until working with Juan &amp; Only Plumber in Austin. The tech was supposed to arrive between 1-4pm. I called at 4:30 to see if we needed to reschedule. I was told I would get an update ASAP. Finally at 6:20p, I got a text saying a different tech would arrive in 15min. My husband met w/ the technicians, they decided it best to replace the hot water heater. We were given a verbal quote of $3250 for replacement of the propane heater. I received a quote later that evening for $2650 that stated in 3 areas replacement of a propane heater, propane lines &amp; propane set up. I accepted the quote. In the morning, the tech texted, said he quoted incorrectly as it was not for a propane heater and would send one for the $3250 he told us. I then got the same exact quote from the night before with the only change being the price which was now $3750. I pointed this out via text to the tech. Someone from the company then texted &amp; emailed saying that I should accept or deny. No explanation of why my price jumped overnight by $1100. DO NOT TRUST THIS COMPANY.",2025-11-08,Reddit,Online,unknown
5061,"Mr. Tire, Edgewater MD: Criminal Negligence! Appallingly bad service at Mr. Tire's Edgewater, MD shop.  Took daughter's car in for a routine oil change and the tech found an oil leak we had not known about (no yellow light, no oil puddles), ignored it, put new oil in, managed to strip the threads of the drain plug so it couldn't close, and told their internal manager, who ignored it as well and let us take the car as if nothing was wrong.  Disaster was averted when she unexpectedly came home early from her nursing shift in Baltimore, driving back before all of the new oil had drained, but with the RED oil light on and the car actually beeping at her during the last few miles.  By then the sun was up and we found the overnight oil puddle in the driveway.  Criminal negligence!  We will never use Mr. Tire or their parent company Monro ever again, and neither should you!",2025-11-08,Reddit,Online,unknown
5062,"Review of EyeCandys Colored Contacts For Astigmatism  I ordered my contacts from Eye Candy's in order to enhance my already green eyes as my regular contacts had a slight blue tint. I have astigmatism and myopia (nearsightedness). I thought that Desire in green would be a touch brighter, but, as it turns out, they are tinted slightly olive green. Although I was hoping that they'd be a bit more “electric green” just for fun. Although I was initially a bit disappointed, it turns out that, after I put them on, the Desire contacts in green offset my olive green eyes perfectly.  They had the added advantage that I didn't have to try to pop any vials open because they came in a box in regular contact lens sealed “solution blister packs”. I was pleased with the quality overall, although the right contact did seem a bit more flimsy, so I handle these contacts carefully. I do plan to order again. Maybe some more fun colors next time!
https://eyecandys.com",2025-11-08,Reddit,Online,unknown
5063,"Arjen Lucassen Songs no one will hear [https://stbasbas.blogspot.com/2025/11/arjen-lucassen-songs-no-one-will-hear.html](https://stbasbas.blogspot.com/2025/11/arjen-lucassen-songs-no-one-will-hear.html)

  
70s prog rock inspired concept album by Dutch master",2025-11-07,Reddit,Online,unknown
5064,Here’s my pick of the WTF films- let me know if you’ve enjoyed them.,2025-11-06,Reddit,Online,unknown
5065,"Has anyone tried the SpyraThree electric water gun? Worth the hype? 
I'm looking at getting the SpyraThree and trying to figure out if it's actually worth the price or just overhyped. The price is pretty steep - like $180-200 depending on where you buy it. I've seen some cheaper alternatives on Alibaba that look similar for under $50, but I'm skeptical about quality and whether they actually work the same way.

I'm considering it because my nephew won't stop talking about it and his birthday is coming up soon, but I need to know if it's actually worth dropping that much on a water gun.

What I want to know from anyone who's actually used the SpyraThree:

Does it actually perform as advertised or is it gimmicky?

How's the durability? Will it last or break after a few uses?

Is the self-refill feature actually useful or just a novelty?

What's the water pressure/shooting speed like compared to regular water guns?

Battery life - how long does it actually last in real use?

Worth the premium over cheaper electric water guns?

I'm willing to spend the money if it's genuinely better, but I don't want to drop $200 on something that's basically the same as a $30 knockoff with better marketing.

If you've used both the SpyraThree and cheaper alternatives, I'd especially love to hear comparisons.",2025-11-05,Reddit,Online,unknown
5066,"Stokke clikk high chair Has anyone bought this high chair?

Pros and cons? I’ve heard it’s easy to clean :)",2025-11-05,Reddit,Online,unknown
5067,"Farmers Dog Food I’ve been ordering farmers dog food products for about half a year for my dog he’s a bit older , the food was amazing quality not to mention their packaging is top tier . Included in your package is dry ice that keep your food cold for days in case any back . Well i recently lost my dog after 14 years 😔, farmers dog customer support was amazing . They Helped me cancel my subscription and sent me their condolences, I was texting a real person , I had a order that had already shipped out and they gave me the option to donate it to a shelter nearby, and refunded my money . What a great company they are a true family organization. I will be a customer for life when i decide to get another dog 😔",2025-11-05,Reddit,Online,unknown
5068,"Internship review I am currently doing an online internship at *Mindenious* as a *Marketing Intern*. Every week, I am given new tasks and I have completed all of them successfully. This internship has provided me with the opportunity to learn and understand online marketing strategies, campaigns, and promotions. I am grateful for this experience and the practical knowledge I have gained.",2025-11-04,Reddit,Online,unknown
5069,"Doskoch Lawn Care Services, Cleveland Ohio area I wrote an excellent review a few years ago. A lot has changed since then. Doskoch failed to show up multiple times and when they did, their work was shoddy. They over sprayed my front brick walkway and killed over a foot of grass on each side. Never came to fix this and even apologized. Doskoch was contracted to weed and feed my front yard. It looks the worst it has ever looked with dead patches everywhere They also failed to show up to trim bushes repeatedly. I had to trim a couple times myself. When they finally showed up, the bushes ended up being a wild variety of shapes and sizes. VERY poor work. They never acknowledged this or came to fix it. The bushes in the back were trimmed so severely that I thought they were going to die. They have finally started coming back. They charged $3600 to weed and mulch. Dozens of weeds starting growing up in the mulch within 3 days. They also never finished the job. I finally cancelled their service in writing (twice). However, they came and mowed three times after being cancelled. I finally was able to catch them unloading and sent them away. Nick has promised four times to refund for the mowing, but never has after several weeks. I have given up and do not believe he ever intended to refund anything. Very poor communication, very poor quality work. I recommended this company when Nick first started his business, but I have found my experience with Doskoch Landscaping to be completely unprofessional this year.",2025-11-03,Reddit,Online,unknown
5070,"BUYER BEWARE I got the Ray-Ban Med glasses, and they came in total with six black air bubbles and the tint wasn’t cut correctly. When I tried to return them with the manufacturer, they said it would take 4 to 6 weeks to evaluate the glasses and then after the evaluation, it will take another two more weeks for me to receive my glasses that they sent me damaged. Meta told me just to get a refund and re-order it, but just a heads up, be careful with the Ray-Ban glasses or you will wait two months to get it back.",2025-11-03,Reddit,Online,unknown
5071,"Andy Timmons Recovery [https://stbasbas.blogspot.com/2025/10/andy-timmons-recovery.html](https://stbasbas.blogspot.com/2025/10/andy-timmons-recovery.html)

  
Fusion,rock guitar heaven by Andy Timmons",2025-11-03,Reddit,Online,unknown
5072,"How to upload a CSV file to Trustpilot without SKUs? I’m working with a website and starts using Trustpilot for collecting reviews. They have a feature where you can upload a CSV of your customers (within a 90-day window) to send review invitation emails via Trustpilot. 

But I have a problem — my CSV **doesn’t have SKUs** (product identifiers) and I’m not sure how to best format the file so that Trustpilot will accept it.

Here’s what I know so far:

* The CSV upload is done via Trustpilot’s portal (via the “upload customer list / invitation” feature) and you are supposed to provide certain columns (email, name, maybe order reference).
* My company doesn’t use distinct product SKUs for every customer transaction (we may just use generic order or “package” references).
* Trustpilot says you need “order details” or “product identifiers” in some formats, but I’m not sure whether SKUs are **mandatory** or what the minimum requirement is.
* The 90-day window is specifically for the invitation upload, so I want to do this correctly the first time.

So my questions for anyone who’s done this:

1. Has anyone uploaded a CSV to Trustpilot **without** a SKU field? If yes — what did your CSV look like (what columns did you include and what did you leave blank)?
2. Do you know if Trustpilot reject any rows because “missing SKU” or “missing product ID” — and if so, how did you fix it?",2025-11-02,Reddit,Online,unknown
5073,"Feedback request: I have built a solution for helping companies hire quicker HI Everyone,

Me and my friend built this solution in our free time to . called Vertex Find: an AI-powered recruiting assistant that helps companies and startups handle resume screening and candidate calls faster. 

Right now, it does three things really well:

1. Analyzes resumes with AI to find the best-fit candidates.

2.Calls candidates, asks short personalized screening questions, and

3.Notes their preferred time(s) for the interview.

And it can do all this at scale, handling hundreds of resumes and calls effortlessly.

If you’re running a team or hiring for clients or in general, I’d love for you to try it out and share honest feedback what works, what doesn’t, and what you’d love to see next?

URL: [https://vertexfind.com](https://vertexfind.com)",2025-11-02,Reddit,Online,unknown
5074,Pointless I make the bots that leave your comments and just bought our 3rd house in 5 years. Get wrecked,2025-11-01,Reddit,Online,unknown
5075,"Scammed by “Earnstock LTD” (earnstock.uk) — fake investment platform using Coinbase + fake UK tax letters I want to warn others about **Earnstock LTD (earnstock.uk)**.

I saw their ad on Facebook, filled their form, and was contacted by *Anthony Lorenzo*. He convinced me to invest in their platform. I sent **$15,000 via Coinbase (wire transfer)** and **$270 by credit card.**

My account showed “profits,” but when I tried to withdraw, they said I had to pay “commissions” and “taxes"" before letting me withdraw. They even sent **fake letters from Coinbase and HM Revenue &amp; Customs (UK)** to look real.

Once I refused, they stopped answering calls or emails — my money is gone.

I’m in **Puerto Rico** and already reported this to Coinbase and my bank. If anyone knows **where else to report** or has dealt with Earnstock before, please comment.

\#ScamAlert #Earnstock #InvestmentScam #CryptoScam #FraudAlert #FakeInvestment #ScamWarning",2025-11-01,Reddit,Online,unknown
5076,"Gave Apliiq a Shot for a Custom Jacket, Here’s What I Think just wanted to share my experience with Apliiq after I decided to customize a jacket through their platform. I’ve always wanted something a little more unique in my wardrobe, and I thought their service might be the perfect way to create a one-of-a-kind piece.

I went with a bomber jacket as my base and chose a mix of fabrics, denim for the sleeves and a wool blend for the body. It was pretty simple to design, and the website lets you see a preview of your jacket before ordering, which was really helpful to make sure everything looked right.

When it arrived, I was really impressed with the materials. The denim feels solid and adds a bit of an edge to the jacket, while the wool blend gives it a cozy feel that’s perfect for colder months. The weight of the jacket is definitely noticeable, but it’s still comfortable to wear.

I went with a medium, and the fit was just right, no issues there. The custom fabrics didn’t affect the fit much, which was a relief. It still feels like a jacket I could wear regularly, not something too bulky or stiff.

All in all, I’m really happy with how it turned out. It wasn’t the cheapest, but if you’re looking for something personalized and different, I think Apliiq is a solid choice. Shipping took a little longer than I expected (about 10 days), but it was definitely worth the wait for the final product.

Has anyone else tried out Apliiq for custom jackets or other pieces? Would love to hear how your experience went and if you have any tips for making the most of custom designs!",2025-10-30,Reddit,Online,unknown
5077,The worst dentist place ever Is dental dreams on upland St in chester . They bait they bait n switched my teeth and I am gonna sue . Somebody tell me a lawyer that I can sue for malpractice thanks,2025-10-31,Reddit,Online,unknown
5078,"Truepouch.ca Seems like a scam says 24/7 support but no one has responded to my emails, the payment went to wangyahaizi@gmail.com. I don’t typically fall for scams but the website seemed legit. Had PayPal as payment method which I thought would be legit. Just want to inform people before purchasing as they don’t have any reviews surprisingly.",2025-10-30,Reddit,Online,unknown
5079,"How do you decide if an online store is trustworthy before buying? I’ve been online shopping for years, but lately it feels harder to know what’s legit. Some websites look professional, have hundreds of products, and even reviews, but then you find out later it’s all fake or poorly managed.

I was checking out one site the other night because I liked their prices and designs. It’s called V*oghion*, and on first look, it seems okay. Still, before I take a chance, I wanted to see if anyone else has tried ordering from there or similar stores. 

What do you usually look for before trusting a new site?",2025-10-30,Reddit,Online,unknown
5080,"Phil Vincent Backstabber [https://stbasbas.blogspot.com/2025/10/phil-vincent-backstabber.html](https://stbasbas.blogspot.com/2025/10/phil-vincent-backstabber.html)

  
Us Hard rock with modern edge",2025-10-30,Reddit,Online,unknown
5081,"I really love reddit This month i really used this application all the time comment and posting and like the post and serching many questions that i want to know and do some stupid things and asking stupid questions form many people and asking questions about many things and i don't thought anything and doing this thing because nobody knows me and don't have damm clue about me and really like this thing 

Thank you reddit 🫡 
You are my best friend",2025-10-30,Reddit,Online,unknown
5082,Britt box What streaming apps will access this for free. I am trying to find Law and order UK.,2025-10-29,Reddit,Online,unknown
5083,"Hair dryer recommendations Hey guys, I'm looking to buy a new hair dryer. There are wayyy too many options so I'm hoping to narrow down to 1-2 and select from them. My criteria:

1. Fast drying time: I wash my hair every alternate day (I live in Singapore and its very humid here) so prefer a hair dryer than can dry my hair in &lt; 5 mins. My hair is medium length and relatively thick.

2. Lightweight &amp; not heavy to carry. 

3. Budget: &lt; $200

I've come across T3, Shark, GHD Helios, Ella Bella. All seem great! Can anyone please help recommend their top choices based on experience and suitability with my requirements?

P.S. I've tried Dyson and hate it. Took 15 mins to dry my hair!",2025-10-29,Reddit,Online,unknown
5084,"Has anyone bought this before? I adore this bedding from FunnyFuzzy. However (thanks to the review page on reddit) everyone is saying not to shop there. Has anyone ordered it from an amazon or Aliexpress page?? I'm having trouble finding a trustworthy vendor but the photos have to come from SOMEWHERE. It's this pink fuzzy zebra comforter and bed set.

 [https://funnyfuzzy.com/products/zebra-thickened-fluffy-fur-bed-sheet-set?cjdata=MXxOfDB8WXww&amp;srsltid=AfmBOorQ1Plff2mktUeQpDHzIs6hYCcPYKnbiT\_UMgbhCgjwcuagBSJr&amp;variant=45432465031395&amp;cjevent=374f36ceb2ea11f083f502200a82b839&amp;utm\_source=cj&amp;utm\_content=101145680&amp;utm\_medium=affiliate&amp;utm\_term=15584218](https://funnyfuzzy.com/products/zebra-thickened-fluffy-fur-bed-sheet-set?cjdata=MXxOfDB8WXww&amp;srsltid=AfmBOorQ1Plff2mktUeQpDHzIs6hYCcPYKnbiT_UMgbhCgjwcuagBSJr&amp;variant=45432465031395&amp;cjevent=374f36ceb2ea11f083f502200a82b839&amp;utm_source=cj&amp;utm_content=101145680&amp;utm_medium=affiliate&amp;utm_term=15584218)

Thanks!!!",2025-10-28,Reddit,Online,unknown
5085,"Honest feedback Hey there! I would really appreciate some brutally honest opinions on this - I have created a tool that helps parents get a notification once their kids have asked something they should've have not to Chat GPT and the GPT gave the response. The kid gets an alert to make him/her aware he/she should not be having this convos with GPT but instead talk about it to his/her parents. And the parents receive the alert with the topic only, not what the kid prompted or received as an answer. This is a privacy-first tool, no data collection, no screen-recordings, no monitoring, only alarms for cases where teens are vulnerable.",2025-10-28,Reddit,Online,unknown
5086,"SIXT Rental Car Experience Whatever you do, do not rent from SIXT! Our bad experience got even worse when we were asked to pay nearly $1,000 for damage to the front right passenger door. When we returned the vehicle on October 10th, we were told that there we no additional charges and no problems. Later, I received an email indicating there was a scratch on the front right passenger door, something neither I or the airport agent observed. Add that to the fact that the engine oil light came on during our trip (for which we had to purchase oil), the navigation system did not work, and the rear hatch door did not work in automatic mode, and you have an overall bad experience. I have rented cars from many different companies all over the world and this is the first time I ever had a problem.",2025-10-27,Reddit,Online,unknown
5087,"Sleep number bed Hi all! We’re thinking about the sleep number bed, with the tops that levitate. Maybe the one that does temp control. (Cause hormones are a B!). Pros/cons?? Any tips or anything is helpful!! Thank you!!",2025-10-27,Reddit,Online,unknown
5088,"VRBO Coles Properties ATL Made a reservation thru VRBO 
After the reservation was confirmed the property owner emailed a renter’s agreement which included a $300 deposit for possible damages….this was never mentioned during reservation process
Renter confronted and said she would waive the fee
2 days later she fraudulently charges me Amex $300
VRBO won’t let us out of the reservation despite this illegal activity",2025-10-27,Reddit,Online,unknown
5089,"Has anyone here actually taken a hands-on Shopify or dropshipping training program? I’ve been trying to learn Shopify and dropshipping for a while, but I keep hitting the same wall — too much theory, not enough action.

Most of what’s online is either recycled info or “gurus” showing results without real teaching. I’m starting to wonder if there are any workshop-style programs out there that focus on building a real store during the course, not just watching slides.

Recently came across Ecomhandler Academy, which seems to focus on practical, hands-on Shopify and e-commerce training. They claim students set up an actual store and learn ad management within 5 days.

Has anyone here tried something like this (or this one specifically)?
Did it actually help you launch your store, or was it just another surface-level program?

Would love to hear honest feedback or suggestions for other practical learning options too.",2025-10-27,Reddit,Online,unknown
5090,"My Rhinoplasty Experience with Dr. Yash Avashia in Dallas, TX I had rhinoplasty done a couple of years ago, but I wasn’t thrilled with the results. I thought my nose looked a bit L-shaped with a deviated bulge. I wanted to straighten it and narrow the base. I chose Dr. Yash because of his impressive accomplishments, as detailed in D Magazine.

On the day of surgery, the surgical team was exceptional. They had top-notch bedside manner, answered all my questions, and made me feel confident in their abilities. I was quite nervous, but the staff was incredibly accommodating. My daughter had to drive me and pick me up, and they were patient and polite throughout the process.

The surgery itself went very smoothly, and I have no complaints from start to finish. I was a bit concerned because Dr. Yash had to fix someone else’s work, but he exceeded my expectations. I’m thoroughly satisfied with my rhinoplasty results.",2025-10-25,Reddit,Online,unknown
5091,My Benelli M1 20 gage is not cycling properly.  The second shell is getting hung up.  Has anyone else experienced this problem?,2025-10-23,Reddit,Online,unknown
5092,"Tool to organize supplement routines. Tell me whats horrible! Hi everyone,  
I’ve been experimenting with building a small web tool to organize supplement routines. It’s still super rough and has no ads, no signup wall, nothing commercial. I made it because I was tired of forgetting when and how to take certain supplements, and I wanted to see if it could organize a simple daily plan.

I know projects like this can be hit or miss, so I’d love some **honest feedback from people who actually like to take supplements**. Specifically:

* Does the structure of the plan make sense?
* What is inaccurate or dangerous?
* What would make this more useful for serious supplement users?
* Does anything about the idea rub you the wrong way?

You can try it here: [supplementmother.com](http://supplementmother.com)

This is not a company or a business. It’s just me testing an idea. I’ll take all criticism seriously, so please be honest.

Thanks for your time and for helping me learn.



#",2025-10-23,Reddit,Online,unknown
5093,"Awful Approach Tours! Absolutely horrible experience with Approach in Portugal!  The vast majority of dinners were buffet &amp; the buffet was lukewarm at best (not good food safety).  A lot of the group found that 3 meals at restaurants were inedible.  Time after time we watched lovely looking trays of food coming out of kitchens to other tables, but we got terrible food.  They must have been saving costs on the food.  The group guru Isabell was short tempered with several of us, not to mention completely unprofessional (to put it mildly).  I e-mailed Approach with a long list of complaints, including safety concerns &amp; requested a refund of an upcoming trip we had booked before we had this abysmal experience with them but they flatly refused &amp; offered absolutely no resolution whatsoever.",2025-10-23,Reddit,Online,unknown
5094,"Tried Eczema Conquerors for My Child - Here’s What Happened I recently completed a program with Eczema Conquerors for my 4-year-old daughter, who has been struggling with eczema since birth. As a parent, it was heartbreaking to see her in discomfort and feel so helpless. I knew I had to try something different from what her pediatrician had been constantly recommending.

After doing some research, I booked a discovery call with the Eczema Conquerors team and spoke with Stephany. To be honest, I was skeptical at first and wasn’t sure what to expect. But from start to finish, the experience completely exceeded my expectations.

The program was incredibly comprehensive and supportive. My daughter worked with Ben, who created a personalized, detailed plan just for her. He took the time to explain every step and helped me understand the “why” behind it all, which gave me so much peace of mind. On top of our 1-on-1 sessions, I also received weekly support through Ben’s Office Hours, which gave me the chance to address any new symptoms or concerns as they came up. That ongoing guidance made such a difference and helped us stay on track throughout the healing process.

Beyond that, the admin team was so kind and patient, helping me source supplements and answering countless questions along the way. The group coaching calls with Abby and her coaches were also invaluable - offering emotional support, education, and encouragement during the tougher moments. It truly felt like we had an entire community walking alongside us.

By the end of the program, my daughter’s skin had improved drastically, far beyond what I ever thought possible.

I would wholeheartedly recommend Eczema Conquerors to any parent (or anyone) struggling with eczema. This isn’t just a program, it’s a team of people who genuinely care, guide you with compassion, and celebrate your wins as if they were their own.",2025-10-22,Reddit,Online,unknown
5095,"RCO Finance # ⚠️ Beware of RCO Finance – Possible Scam &amp; Shady Ownership Reports ⚠️

I wanted to warn others about a company called **RCO Finance** that claims to offer quick business funding. Their marketing promises “guaranteed approvals” and “instant credit through your EIN,” but my experience and what I’ve read online suggest it might not be legitimate.

After researching, I found several complaints about people paying fees and never getting the funding they were promised. Some users have mentioned that **a person using the name Justin Moore** may be involved, though there’s no verified proof of ownership or registration details.

In my own case, the company stopped communicating after I submitted my documents. No contract follow-up, no refund, nothing.

If you’ve been contacted by anyone representing RCO Finance, be cautious. Check state business registrations, the BBB, and any financing licenses before sending money or personal info.

Always do your due diligence when dealing with online funding offers — especially ones that sound too good to be true.



That phrasing keeps it safe for Reddit and protects you from moderation flags or legal issues while still warning others clearly.  
Would you like me to format it so it looks like a real Reddit post (title + body + tags + comment prompt)?  may be involved, though there’s no verified proof of ownership or registration details.

In my own case, the company stopped communicating after I submitted my documents. No contract follow-up, no refund, nothing.

If you’ve been contacted by anyone representing RCO Finance, be cautious. Check state business registrations, the BBB, and any financing licenses before sending money or personal info.

Always do your due diligence when dealing with online funding offers — especially ones that sound too good to be true.



That phrasing keeps it safe for Reddit and protects you from moderation flags or legal issues while still warning others clearly.  
Would you like me to format it so it looks like a real Reddit post (title + body + tags + comment prompt)?",2025-10-20,Reddit,Online,unknown
5096,"SOULFULL RAGI BITES Worst ever don’t buy 
The quantity is barely minimum and the taste is so bad wasted my money",2025-10-19,Reddit,Online,unknown
5097,"Looking for new interior doors! Passion Home remodeling of Berlin Nj just installed a new solid wood interior door to our basement. Paul arrived on time, took measurements, within 24 hours provided us with a quote. Door arrived within 2 weeks. The installation took approximately 1-2 hours. Paul arrived on time, was quick, efficient &amp; cleaned up after, little to no mess, left behind. Took the old door away. He is pleasant, professional, and does quality work. He also does windows. If you support small local businesses like we do. I highly recommend you give them a call 
609-470-0345",2025-10-18,Reddit,Online,unknown
5098,"Pokémon: Legends ZA (A quick surface review) Okay, so I’ll start with a few positives:

- I love the continuation of the story. I personally never got to play X and(/or) Y, but I like that the story continues 5 years in the future. It’s good to see where these stories have gone from many years ago!
- I like that you get to basically keep the integrity of the Legends series as main line games, but this feels like something fun.
- Real Time battles are super challenging, but are very exciting to play. The battling system is super fun.

In the middle reviews:
- Although exploring a city as big as Lumios is amazing (that includes climbing on the roofs and going into the catacombs), it feels a little monotoned. I would’ve loved to step out in at least 2 outer cities or forest areas to find more Pokémon, or get a different view than gray and brow buildings.
- I’m happy they brought back Mega Evolutions and Alpha Pokémon… what I *wish* they would’ve brought back were regional variants. Yes, we get an Alolan Raichu (it’s great), but I would’ve love some new Lumios regional Pokémon. I would’ve enjoyed a new Eeveelution as well. (That’s me being knit picky, I apologize).

In the low/bad reviews:
- I low-key wish Professor Sycamore was back instead of Mable. Yes, Mable is fun and looks as though she could be voiced by Grey Delisle, but I personally like Sycamore a bit more, not because he’s a man, but to continue the story of where he is…
- (SPOILER) I didn’t care for how they made the final boss be the tower. Like, yes, it’s different and it’s neat to see, but it’s also very… idk… Trope-ish? They put a lot of focus on the tower. I get it - it’s the main focal point. Yet, I - personally - wanted something different… (again that’s just me).

Overall review:
- It’s nice. I am having fun with the game and that’s all that matters. I’m ready to find my Shiny Eevee and more secrets!",2025-10-18,Reddit,Online,unknown
5099,"Cupid's Fragrances They are the reason a negative rating should be introduced. The company's phone number doesn't work, it's just there to say they have a phone number. They don't even know what 24/7 live chat is. Their support is like automated messages on dating sites. I tried to cancel an order before it was shipped and nothing worked on purpose to buy them time. The order was shipped two days after the cancellation attempt and after a week it's still in China but it can't be canceled. The guys are just ridiculous, as are their products apparently. Simply because when someone has a reputation and is sure of their product, they don't hide or try to force an order. And they definitely pay a call center or a customer service representative. Keep your distance...",2025-10-17,Reddit,Online,unknown
5100,"looking for honest feedback for a content creation SaaS Hey everyone,

I recently launched a side project called VerbalTide that converts videos (YouTube, local files, or cloud-hosted) into blog posts and social media content.

I'm looking for people willing to try it out and give me brutally honest feedback. What works? What's broken? What would make it actually useful?

If it helps you, great – I'd appreciate a testimonial if it doesn't, even better – tell me why so I can improve it.🙏

Link: [https://verbaltide.lumenharbor.co.uk](https://verbaltide.lumenharbor.co.uk)

Happy to answer any questions. Thanks for checking it out!",2025-10-17,Reddit,Online,unknown
